     shots,    errors,  discards, seconds,decoder,strong_id,json_metadata,custom_counts
         1,         0,         0,   0.017,bposd,1d42788997c955656e1579c9a1cc0f31acae501b320f438e36e23d7b8de7dc11,"{""A"":""x3y0+x0y1+x0y2"",""B"":""x0y3+x1y0+x2y0"",""b"":""X"",""d"":12,""excl_opp_detectors"":""True"",""k"":12,""l"":12,""leak_heralds"":""False"",""leak_repump"":""False"",""leakage"":""False"",""loss"":""False"",""m"":6,""n"":144,""p"":0.001,""prllel_1q"":Infinity,""prllel_2q"":6,""r"":20,""repump_cycles"":3,""seq_meas"":""False"",""seq_ops"":""True"",""swapLRC"":""False""}",
         1,         0,         0,   0.016,bposd,1d42788997c955656e1579c9a1cc0f31acae501b320f438e36e23d7b8de7dc11,"{""A"":""x3y0+x0y1+x0y2"",""B"":""x0y3+x1y0+x2y0"",""b"":""X"",""d"":12,""excl_opp_detectors"":""True"",""k"":12,""l"":12,""leak_heralds"":""False"",""leak_repump"":""False"",""leakage"":""False"",""loss"":""False"",""m"":6,""n"":144,""p"":0.001,""prllel_1q"":Infinity,""prllel_2q"":6,""r"":20,""repump_cycles"":3,""seq_meas"":""False"",""seq_ops"":""True"",""swapLRC"":""False""}",
         1,         0,         0,   0.019,bposd,1d42788997c955656e1579c9a1cc0f31acae501b320f438e36e23d7b8de7dc11,"{""A"":""x3y0+x0y1+x0y2"",""B"":""x0y3+x1y0+x2y0"",""b"":""X"",""d"":12,""excl_opp_detectors"":""True"",""k"":12,""l"":12,""leak_heralds"":""False"",""leak_repump"":""False"",""leakage"":""False"",""loss"":""False"",""m"":6,""n"":144,""p"":0.001,""prllel_1q"":Infinity,""prllel_2q"":6,""r"":20,""repump_cycles"":3,""seq_meas"":""False"",""seq_ops"":""True"",""swapLRC"":""False""}",
         1,         0,         0,   0.017,bposd,1d42788997c955656e1579c9a1cc0f31acae501b320f438e36e23d7b8de7dc11,"{""A"":""x3y0+x0y1+x0y2"",""B"":""x0y3+x1y0+x2y0"",""b"":""X"",""d"":12,""excl_opp_detectors"":""True"",""k"":12,""l"":12,""leak_heralds"":""False"",""leak_repump"":""False"",""leakage"":""False"",""loss"":""False"",""m"":6,""n"":144,""p"":0.001,""prllel_1q"":Infinity,""prllel_2q"":6,""r"":20,""repump_cycles"":3,""seq_meas"":""False"",""seq_ops"":""True"",""swapLRC"":""False""}",
         1,         0,         0,   0.018,bposd,1d42788997c955656e1579c9a1cc0f31acae501b320f438e36e23d7b8de7dc11,"{""A"":""x3y0+x0y1+x0y2"",""B"":""x0y3+x1y0+x2y0"",""b"":""X"",""d"":12,""excl_opp_detectors"":""True"",""k"":12,""l"":12,""leak_heralds"":""False"",""leak_repump"":""False"",""leakage"":""False"",""loss"":""False"",""m"":6,""n"":144,""p"":0.001,""prllel_1q"":Infinity,""prllel_2q"":6,""r"":20,""repump_cycles"":3,""seq_meas"":""False"",""seq_ops"":""True"",""swapLRC"":""False""}",
         1,         0,         0,   0.017,bposd,1d42788997c955656e1579c9a1cc0f31acae501b320f438e36e23d7b8de7dc11,"{""A"":""x3y0+x0y1+x0y2"",""B"":""x0y3+x1y0+x2y0"",""b"":""X"",""d"":12,""excl_opp_detectors"":""True"",""k"":12,""l"":12,""leak_heralds"":""False"",""leak_repump"":""False"",""leakage"":""False"",""loss"":""False"",""m"":6,""n"":144,""p"":0.001,""prllel_1q"":Infinity,""prllel_2q"":6,""r"":20,""repump_cycles"":3,""seq_meas"":""False"",""seq_ops"":""True"",""swapLRC"":""False""}",
         1,         0,         0,   0.017,bposd,1d42788997c955656e1579c9a1cc0f31acae501b320f438e36e23d7b8de7dc11,"{""A"":""x3y0+x0y1+x0y2"",""B"":""x0y3+x1y0+x2y0"",""b"":""X"",""d"":12,""excl_opp_detectors"":""True"",""k"":12,""l"":12,""leak_heralds"":""False"",""leak_repump"":""False"",""leakage"":""False"",""loss"":""False"",""m"":6,""n"":144,""p"":0.001,""prllel_1q"":Infinity,""prllel_2q"":6,""r"":20,""repump_cycles"":3,""seq_meas"":""False"",""seq_ops"":""True"",""swapLRC"":""False""}",
         1,         0,         0,   0.019,bposd,1d42788997c955656e1579c9a1cc0f31acae501b320f438e36e23d7b8de7dc11,"{""A"":""x3y0+x0y1+x0y2"",""B"":""x0y3+x1y0+x2y0"",""b"":""X"",""d"":12,""excl_opp_detectors"":""True"",""k"":12,""l"":12,""leak_heralds"":""False"",""leak_repump"":""False"",""leakage"":""False"",""loss"":""False"",""m"":6,""n"":144,""p"":0.001,""prllel_1q"":Infinity,""prllel_2q"":6,""r"":20,""repump_cycles"":3,""seq_meas"":""False"",""seq_ops"":""True"",""swapLRC"":""False""}",
         1,         0,         0,   0.016,bposd,1d42788997c955656e1579c9a1cc0f31acae501b320f438e36e23d7b8de7dc11,"{""A"":""x3y0+x0y1+x0y2"",""B"":""x0y3+x1y0+x2y0"",""b"":""X"",""d"":12,""excl_opp_detectors"":""True"",""k"":12,""l"":12,""leak_heralds"":""False"",""leak_repump"":""False"",""leakage"":""False"",""loss"":""False"",""m"":6,""n"":144,""p"":0.001,""prllel_1q"":Infinity,""prllel_2q"":6,""r"":20,""repump_cycles"":3,""seq_meas"":""False"",""seq_ops"":""True"",""swapLRC"":""False""}",
         1,         0,         0,   0.018,bposd,1d42788997c955656e1579c9a1cc0f31acae501b320f438e36e23d7b8de7dc11,"{""A"":""x3y0+x0y1+x0y2"",""B"":""x0y3+x1y0+x2y0"",""b"":""X"",""d"":12,""excl_opp_detectors"":""True"",""k"":12,""l"":12,""leak_heralds"":""False"",""leak_repump"":""False"",""leakage"":""False"",""loss"":""False"",""m"":6,""n"":144,""p"":0.001,""prllel_1q"":Infinity,""prllel_2q"":6,""r"":20,""repump_cycles"":3,""seq_meas"":""False"",""seq_ops"":""True"",""swapLRC"":""False""}",
         1,         0,         0,   0.016,bposd,1d42788997c955656e1579c9a1cc0f31acae501b320f438e36e23d7b8de7dc11,"{""A"":""x3y0+x0y1+x0y2"",""B"":""x0y3+x1y0+x2y0"",""b"":""X"",""d"":12,""excl_opp_detectors"":""True"",""k"":12,""l"":12,""leak_heralds"":""False"",""leak_repump"":""False"",""leakage"":""False"",""loss"":""False"",""m"":6,""n"":144,""p"":0.001,""prllel_1q"":Infinity,""prllel_2q"":6,""r"":20,""repump_cycles"":3,""seq_meas"":""False"",""seq_ops"":""True"",""swapLRC"":""False""}",
         1,         0,         0,   0.018,bposd,1d42788997c955656e1579c9a1cc0f31acae501b320f438e36e23d7b8de7dc11,"{""A"":""x3y0+x0y1+x0y2"",""B"":""x0y3+x1y0+x2y0"",""b"":""X"",""d"":12,""excl_opp_detectors"":""True"",""k"":12,""l"":12,""leak_heralds"":""False"",""leak_repump"":""False"",""leakage"":""False"",""loss"":""False"",""m"":6,""n"":144,""p"":0.001,""prllel_1q"":Infinity,""prllel_2q"":6,""r"":20,""repump_cycles"":3,""seq_meas"":""False"",""seq_ops"":""True"",""swapLRC"":""False""}",
         1,         0,         0,   0.018,bposd,1d42788997c955656e1579c9a1cc0f31acae501b320f438e36e23d7b8de7dc11,"{""A"":""x3y0+x0y1+x0y2"",""B"":""x0y3+x1y0+x2y0"",""b"":""X"",""d"":12,""excl_opp_detectors"":""True"",""k"":12,""l"":12,""leak_heralds"":""False"",""leak_repump"":""False"",""leakage"":""False"",""loss"":""False"",""m"":6,""n"":144,""p"":0.001,""prllel_1q"":Infinity,""prllel_2q"":6,""r"":20,""repump_cycles"":3,""seq_meas"":""False"",""seq_ops"":""True"",""swapLRC"":""False""}",
         1,         0,         0,   0.019,bposd,1d42788997c955656e1579c9a1cc0f31acae501b320f438e36e23d7b8de7dc11,"{""A"":""x3y0+x0y1+x0y2"",""B"":""x0y3+x1y0+x2y0"",""b"":""X"",""d"":12,""excl_opp_detectors"":""True"",""k"":12,""l"":12,""leak_heralds"":""False"",""leak_repump"":""False"",""leakage"":""False"",""loss"":""False"",""m"":6,""n"":144,""p"":0.001,""prllel_1q"":Infinity,""prllel_2q"":6,""r"":20,""repump_cycles"":3,""seq_meas"":""False"",""seq_ops"":""True"",""swapLRC"":""False""}",
         1,         0,         0,   0.017,bposd,1d42788997c955656e1579c9a1cc0f31acae501b320f438e36e23d7b8de7dc11,"{""A"":""x3y0+x0y1+x0y2"",""B"":""x0y3+x1y0+x2y0"",""b"":""X"",""d"":12,""excl_opp_detectors"":""True"",""k"":12,""l"":12,""leak_heralds"":""False"",""leak_repump"":""False"",""leakage"":""False"",""loss"":""False"",""m"":6,""n"":144,""p"":0.001,""prllel_1q"":Infinity,""prllel_2q"":6,""r"":20,""repump_cycles"":3,""seq_meas"":""False"",""seq_ops"":""True"",""swapLRC"":""False""}",
         1,         0,         0,   0.016,bposd,1d42788997c955656e1579c9a1cc0f31acae501b320f438e36e23d7b8de7dc11,"{""A"":""x3y0+x0y1+x0y2"",""B"":""x0y3+x1y0+x2y0"",""b"":""X"",""d"":12,""excl_opp_detectors"":""True"",""k"":12,""l"":12,""leak_heralds"":""False"",""leak_repump"":""False"",""leakage"":""False"",""loss"":""False"",""m"":6,""n"":144,""p"":0.001,""prllel_1q"":Infinity,""prllel_2q"":6,""r"":20,""repump_cycles"":3,""seq_meas"":""False"",""seq_ops"":""True"",""swapLRC"":""False""}",
         1,         0,         0,   0.017,bposd,1d42788997c955656e1579c9a1cc0f31acae501b320f438e36e23d7b8de7dc11,"{""A"":""x3y0+x0y1+x0y2"",""B"":""x0y3+x1y0+x2y0"",""b"":""X"",""d"":12,""excl_opp_detectors"":""True"",""k"":12,""l"":12,""leak_heralds"":""False"",""leak_repump"":""False"",""leakage"":""False"",""loss"":""False"",""m"":6,""n"":144,""p"":0.001,""prllel_1q"":Infinity,""prllel_2q"":6,""r"":20,""repump_cycles"":3,""seq_meas"":""False"",""seq_ops"":""True"",""swapLRC"":""False""}",
         1,         0,         0,   0.019,bposd,1d42788997c955656e1579c9a1cc0f31acae501b320f438e36e23d7b8de7dc11,"{""A"":""x3y0+x0y1+x0y2"",""B"":""x0y3+x1y0+x2y0"",""b"":""X"",""d"":12,""excl_opp_detectors"":""True"",""k"":12,""l"":12,""leak_heralds"":""False"",""leak_repump"":""False"",""leakage"":""False"",""loss"":""False"",""m"":6,""n"":144,""p"":0.001,""prllel_1q"":Infinity,""prllel_2q"":6,""r"":20,""repump_cycles"":3,""seq_meas"":""False"",""seq_ops"":""True"",""swapLRC"":""False""}",
         1,         0,         0,   0.019,bposd,1d42788997c955656e1579c9a1cc0f31acae501b320f438e36e23d7b8de7dc11,"{""A"":""x3y0+x0y1+x0y2"",""B"":""x0y3+x1y0+x2y0"",""b"":""X"",""d"":12,""excl_opp_detectors"":""True"",""k"":12,""l"":12,""leak_heralds"":""False"",""leak_repump"":""False"",""leakage"":""False"",""loss"":""False"",""m"":6,""n"":144,""p"":0.001,""prllel_1q"":Infinity,""prllel_2q"":6,""r"":20,""repump_cycles"":3,""seq_meas"":""False"",""seq_ops"":""True"",""swapLRC"":""False""}",
         1,         0,         0,   0.018,bposd,1d42788997c955656e1579c9a1cc0f31acae501b320f438e36e23d7b8de7dc11,"{""A"":""x3y0+x0y1+x0y2"",""B"":""x0y3+x1y0+x2y0"",""b"":""X"",""d"":12,""excl_opp_detectors"":""True"",""k"":12,""l"":12,""leak_heralds"":""False"",""leak_repump"":""False"",""leakage"":""False"",""loss"":""False"",""m"":6,""n"":144,""p"":0.001,""prllel_1q"":Infinity,""prllel_2q"":6,""r"":20,""repump_cycles"":3,""seq_meas"":""False"",""seq_ops"":""True"",""swapLRC"":""False""}",
         1,         0,         0,   0.016,bposd,1d42788997c955656e1579c9a1cc0f31acae501b320f438e36e23d7b8de7dc11,"{""A"":""x3y0+x0y1+x0y2"",""B"":""x0y3+x1y0+x2y0"",""b"":""X"",""d"":12,""excl_opp_detectors"":""True"",""k"":12,""l"":12,""leak_heralds"":""False"",""leak_repump"":""False"",""leakage"":""False"",""loss"":""False"",""m"":6,""n"":144,""p"":0.001,""prllel_1q"":Infinity,""prllel_2q"":6,""r"":20,""repump_cycles"":3,""seq_meas"":""False"",""seq_ops"":""True"",""swapLRC"":""False""}",
         1,         0,         0,   0.017,bposd,1d42788997c955656e1579c9a1cc0f31acae501b320f438e36e23d7b8de7dc11,"{""A"":""x3y0+x0y1+x0y2"",""B"":""x0y3+x1y0+x2y0"",""b"":""X"",""d"":12,""excl_opp_detectors"":""True"",""k"":12,""l"":12,""leak_heralds"":""False"",""leak_repump"":""False"",""leakage"":""False"",""loss"":""False"",""m"":6,""n"":144,""p"":0.001,""prllel_1q"":Infinity,""prllel_2q"":6,""r"":20,""repump_cycles"":3,""seq_meas"":""False"",""seq_ops"":""True"",""swapLRC"":""False""}",
         1,         0,         0,   0.016,bposd,1d42788997c955656e1579c9a1cc0f31acae501b320f438e36e23d7b8de7dc11,"{""A"":""x3y0+x0y1+x0y2"",""B"":""x0y3+x1y0+x2y0"",""b"":""X"",""d"":12,""excl_opp_detectors"":""True"",""k"":12,""l"":12,""leak_heralds"":""False"",""leak_repump"":""False"",""leakage"":""False"",""loss"":""False"",""m"":6,""n"":144,""p"":0.001,""prllel_1q"":Infinity,""prllel_2q"":6,""r"":20,""repump_cycles"":3,""seq_meas"":""False"",""seq_ops"":""True"",""swapLRC"":""False""}",
         1,         0,         0,   0.017,bposd,1d42788997c955656e1579c9a1cc0f31acae501b320f438e36e23d7b8de7dc11,"{""A"":""x3y0+x0y1+x0y2"",""B"":""x0y3+x1y0+x2y0"",""b"":""X"",""d"":12,""excl_opp_detectors"":""True"",""k"":12,""l"":12,""leak_heralds"":""False"",""leak_repump"":""False"",""leakage"":""False"",""loss"":""False"",""m"":6,""n"":144,""p"":0.001,""prllel_1q"":Infinity,""prllel_2q"":6,""r"":20,""repump_cycles"":3,""seq_meas"":""False"",""seq_ops"":""True"",""swapLRC"":""False""}",
         1,         0,         0,   0.017,bposd,1d42788997c955656e1579c9a1cc0f31acae501b320f438e36e23d7b8de7dc11,"{""A"":""x3y0+x0y1+x0y2"",""B"":""x0y3+x1y0+x2y0"",""b"":""X"",""d"":12,""excl_opp_detectors"":""True"",""k"":12,""l"":12,""leak_heralds"":""False"",""leak_repump"":""False"",""leakage"":""False"",""loss"":""False"",""m"":6,""n"":144,""p"":0.001,""prllel_1q"":Infinity,""prllel_2q"":6,""r"":20,""repump_cycles"":3,""seq_meas"":""False"",""seq_ops"":""True"",""swapLRC"":""False""}",
         1,         0,         0,   0.017,bposd,1d42788997c955656e1579c9a1cc0f31acae501b320f438e36e23d7b8de7dc11,"{""A"":""x3y0+x0y1+x0y2"",""B"":""x0y3+x1y0+x2y0"",""b"":""X"",""d"":12,""excl_opp_detectors"":""True"",""k"":12,""l"":12,""leak_heralds"":""False"",""leak_repump"":""False"",""leakage"":""False"",""loss"":""False"",""m"":6,""n"":144,""p"":0.001,""prllel_1q"":Infinity,""prllel_2q"":6,""r"":20,""repump_cycles"":3,""seq_meas"":""False"",""seq_ops"":""True"",""swapLRC"":""False""}",
         1,         0,         0,   0.018,bposd,1d42788997c955656e1579c9a1cc0f31acae501b320f438e36e23d7b8de7dc11,"{""A"":""x3y0+x0y1+x0y2"",""B"":""x0y3+x1y0+x2y0"",""b"":""X"",""d"":12,""excl_opp_detectors"":""True"",""k"":12,""l"":12,""leak_heralds"":""False"",""leak_repump"":""False"",""leakage"":""False"",""loss"":""False"",""m"":6,""n"":144,""p"":0.001,""prllel_1q"":Infinity,""prllel_2q"":6,""r"":20,""repump_cycles"":3,""seq_meas"":""False"",""seq_ops"":""True"",""swapLRC"":""False""}",
         1,         0,         0,   0.016,bposd,1d42788997c955656e1579c9a1cc0f31acae501b320f438e36e23d7b8de7dc11,"{""A"":""x3y0+x0y1+x0y2"",""B"":""x0y3+x1y0+x2y0"",""b"":""X"",""d"":12,""excl_opp_detectors"":""True"",""k"":12,""l"":12,""leak_heralds"":""False"",""leak_repump"":""False"",""leakage"":""False"",""loss"":""False"",""m"":6,""n"":144,""p"":0.001,""prllel_1q"":Infinity,""prllel_2q"":6,""r"":20,""repump_cycles"":3,""seq_meas"":""False"",""seq_ops"":""True"",""swapLRC"":""False""}",
         1,         0,         0,   0.019,bposd,1d42788997c955656e1579c9a1cc0f31acae501b320f438e36e23d7b8de7dc11,"{""A"":""x3y0+x0y1+x0y2"",""B"":""x0y3+x1y0+x2y0"",""b"":""X"",""d"":12,""excl_opp_detectors"":""True"",""k"":12,""l"":12,""leak_heralds"":""False"",""leak_repump"":""False"",""leakage"":""False"",""loss"":""False"",""m"":6,""n"":144,""p"":0.001,""prllel_1q"":Infinity,""prllel_2q"":6,""r"":20,""repump_cycles"":3,""seq_meas"":""False"",""seq_ops"":""True"",""swapLRC"":""False""}",
        16,         0,         0,   0.053,bposd,1d42788997c955656e1579c9a1cc0f31acae501b320f438e36e23d7b8de7dc11,"{""A"":""x3y0+x0y1+x0y2"",""B"":""x0y3+x1y0+x2y0"",""b"":""X"",""d"":12,""excl_opp_detectors"":""True"",""k"":12,""l"":12,""leak_heralds"":""False"",""leak_repump"":""False"",""leakage"":""False"",""loss"":""False"",""m"":6,""n"":144,""p"":0.001,""prllel_1q"":Infinity,""prllel_2q"":6,""r"":20,""repump_cycles"":3,""seq_meas"":""False"",""seq_ops"":""True"",""swapLRC"":""False""}",
        16,         0,         0,   0.062,bposd,1d42788997c955656e1579c9a1cc0f31acae501b320f438e36e23d7b8de7dc11,"{""A"":""x3y0+x0y1+x0y2"",""B"":""x0y3+x1y0+x2y0"",""b"":""X"",""d"":12,""excl_opp_detectors"":""True"",""k"":12,""l"":12,""leak_heralds"":""False"",""leak_repump"":""False"",""leakage"":""False"",""loss"":""False"",""m"":6,""n"":144,""p"":0.001,""prllel_1q"":Infinity,""prllel_2q"":6,""r"":20,""repump_cycles"":3,""seq_meas"":""False"",""seq_ops"":""True"",""swapLRC"":""False""}",
        16,         0,         0,   0.056,bposd,1d42788997c955656e1579c9a1cc0f31acae501b320f438e36e23d7b8de7dc11,"{""A"":""x3y0+x0y1+x0y2"",""B"":""x0y3+x1y0+x2y0"",""b"":""X"",""d"":12,""excl_opp_detectors"":""True"",""k"":12,""l"":12,""leak_heralds"":""False"",""leak_repump"":""False"",""leakage"":""False"",""loss"":""False"",""m"":6,""n"":144,""p"":0.001,""prllel_1q"":Infinity,""prllel_2q"":6,""r"":20,""repump_cycles"":3,""seq_meas"":""False"",""seq_ops"":""True"",""swapLRC"":""False""}",
        16,         0,         0,   0.068,bposd,1d42788997c955656e1579c9a1cc0f31acae501b320f438e36e23d7b8de7dc11,"{""A"":""x3y0+x0y1+x0y2"",""B"":""x0y3+x1y0+x2y0"",""b"":""X"",""d"":12,""excl_opp_detectors"":""True"",""k"":12,""l"":12,""leak_heralds"":""False"",""leak_repump"":""False"",""leakage"":""False"",""loss"":""False"",""m"":6,""n"":144,""p"":0.001,""prllel_1q"":Infinity,""prllel_2q"":6,""r"":20,""repump_cycles"":3,""seq_meas"":""False"",""seq_ops"":""True"",""swapLRC"":""False""}",
         1,         0,         0,   0.018,bposd,1d42788997c955656e1579c9a1cc0f31acae501b320f438e36e23d7b8de7dc11,"{""A"":""x3y0+x0y1+x0y2"",""B"":""x0y3+x1y0+x2y0"",""b"":""X"",""d"":12,""excl_opp_detectors"":""True"",""k"":12,""l"":12,""leak_heralds"":""False"",""leak_repump"":""False"",""leakage"":""False"",""loss"":""False"",""m"":6,""n"":144,""p"":0.001,""prllel_1q"":Infinity,""prllel_2q"":6,""r"":20,""repump_cycles"":3,""seq_meas"":""False"",""seq_ops"":""True"",""swapLRC"":""False""}",
        16,         0,         0,   0.053,bposd,1d42788997c955656e1579c9a1cc0f31acae501b320f438e36e23d7b8de7dc11,"{""A"":""x3y0+x0y1+x0y2"",""B"":""x0y3+x1y0+x2y0"",""b"":""X"",""d"":12,""excl_opp_detectors"":""True"",""k"":12,""l"":12,""leak_heralds"":""False"",""leak_repump"":""False"",""leakage"":""False"",""loss"":""False"",""m"":6,""n"":144,""p"":0.001,""prllel_1q"":Infinity,""prllel_2q"":6,""r"":20,""repump_cycles"":3,""seq_meas"":""False"",""seq_ops"":""True"",""swapLRC"":""False""}",
        16,         0,         0,   0.074,bposd,1d42788997c955656e1579c9a1cc0f31acae501b320f438e36e23d7b8de7dc11,"{""A"":""x3y0+x0y1+x0y2"",""B"":""x0y3+x1y0+x2y0"",""b"":""X"",""d"":12,""excl_opp_detectors"":""True"",""k"":12,""l"":12,""leak_heralds"":""False"",""leak_repump"":""False"",""leakage"":""False"",""loss"":""False"",""m"":6,""n"":144,""p"":0.001,""prllel_1q"":Infinity,""prllel_2q"":6,""r"":20,""repump_cycles"":3,""seq_meas"":""False"",""seq_ops"":""True"",""swapLRC"":""False""}",
         1,         0,         0,   0.018,bposd,1d42788997c955656e1579c9a1cc0f31acae501b320f438e36e23d7b8de7dc11,"{""A"":""x3y0+x0y1+x0y2"",""B"":""x0y3+x1y0+x2y0"",""b"":""X"",""d"":12,""excl_opp_detectors"":""True"",""k"":12,""l"":12,""leak_heralds"":""False"",""leak_repump"":""False"",""leakage"":""False"",""loss"":""False"",""m"":6,""n"":144,""p"":0.001,""prllel_1q"":Infinity,""prllel_2q"":6,""r"":20,""repump_cycles"":3,""seq_meas"":""False"",""seq_ops"":""True"",""swapLRC"":""False""}",
        16,         0,         0,   0.058,bposd,1d42788997c955656e1579c9a1cc0f31acae501b320f438e36e23d7b8de7dc11,"{""A"":""x3y0+x0y1+x0y2"",""B"":""x0y3+x1y0+x2y0"",""b"":""X"",""d"":12,""excl_opp_detectors"":""True"",""k"":12,""l"":12,""leak_heralds"":""False"",""leak_repump"":""False"",""leakage"":""False"",""loss"":""False"",""m"":6,""n"":144,""p"":0.001,""prllel_1q"":Infinity,""prllel_2q"":6,""r"":20,""repump_cycles"":3,""seq_meas"":""False"",""seq_ops"":""True"",""swapLRC"":""False""}",
        16,         0,         0,   0.060,bposd,1d42788997c955656e1579c9a1cc0f31acae501b320f438e36e23d7b8de7dc11,"{""A"":""x3y0+x0y1+x0y2"",""B"":""x0y3+x1y0+x2y0"",""b"":""X"",""d"":12,""excl_opp_detectors"":""True"",""k"":12,""l"":12,""leak_heralds"":""False"",""leak_repump"":""False"",""leakage"":""False"",""loss"":""False"",""m"":6,""n"":144,""p"":0.001,""prllel_1q"":Infinity,""prllel_2q"":6,""r"":20,""repump_cycles"":3,""seq_meas"":""False"",""seq_ops"":""True"",""swapLRC"":""False""}",
        16,         0,         0,   0.055,bposd,1d42788997c955656e1579c9a1cc0f31acae501b320f438e36e23d7b8de7dc11,"{""A"":""x3y0+x0y1+x0y2"",""B"":""x0y3+x1y0+x2y0"",""b"":""X"",""d"":12,""excl_opp_detectors"":""True"",""k"":12,""l"":12,""leak_heralds"":""False"",""leak_repump"":""False"",""leakage"":""False"",""loss"":""False"",""m"":6,""n"":144,""p"":0.001,""prllel_1q"":Infinity,""prllel_2q"":6,""r"":20,""repump_cycles"":3,""seq_meas"":""False"",""seq_ops"":""True"",""swapLRC"":""False""}",
        16,         0,         0,   0.062,bposd,1d42788997c955656e1579c9a1cc0f31acae501b320f438e36e23d7b8de7dc11,"{""A"":""x3y0+x0y1+x0y2"",""B"":""x0y3+x1y0+x2y0"",""b"":""X"",""d"":12,""excl_opp_detectors"":""True"",""k"":12,""l"":12,""leak_heralds"":""False"",""leak_repump"":""False"",""leakage"":""False"",""loss"":""False"",""m"":6,""n"":144,""p"":0.001,""prllel_1q"":Infinity,""prllel_2q"":6,""r"":20,""repump_cycles"":3,""seq_meas"":""False"",""seq_ops"":""True"",""swapLRC"":""False""}",
        16,         0,         0,   0.056,bposd,1d42788997c955656e1579c9a1cc0f31acae501b320f438e36e23d7b8de7dc11,"{""A"":""x3y0+x0y1+x0y2"",""B"":""x0y3+x1y0+x2y0"",""b"":""X"",""d"":12,""excl_opp_detectors"":""True"",""k"":12,""l"":12,""leak_heralds"":""False"",""leak_repump"":""False"",""leakage"":""False"",""loss"":""False"",""m"":6,""n"":144,""p"":0.001,""prllel_1q"":Infinity,""prllel_2q"":6,""r"":20,""repump_cycles"":3,""seq_meas"":""False"",""seq_ops"":""True"",""swapLRC"":""False""}",
        16,         0,         0,   0.055,bposd,1d42788997c955656e1579c9a1cc0f31acae501b320f438e36e23d7b8de7dc11,"{""A"":""x3y0+x0y1+x0y2"",""B"":""x0y3+x1y0+x2y0"",""b"":""X"",""d"":12,""excl_opp_detectors"":""True"",""k"":12,""l"":12,""leak_heralds"":""False"",""leak_repump"":""False"",""leakage"":""False"",""loss"":""False"",""m"":6,""n"":144,""p"":0.001,""prllel_1q"":Infinity,""prllel_2q"":6,""r"":20,""repump_cycles"":3,""seq_meas"":""False"",""seq_ops"":""True"",""swapLRC"":""False""}",
        16,         0,         0,   0.055,bposd,1d42788997c955656e1579c9a1cc0f31acae501b320f438e36e23d7b8de7dc11,"{""A"":""x3y0+x0y1+x0y2"",""B"":""x0y3+x1y0+x2y0"",""b"":""X"",""d"":12,""excl_opp_detectors"":""True"",""k"":12,""l"":12,""leak_heralds"":""False"",""leak_repump"":""False"",""leakage"":""False"",""loss"":""False"",""m"":6,""n"":144,""p"":0.001,""prllel_1q"":Infinity,""prllel_2q"":6,""r"":20,""repump_cycles"":3,""seq_meas"":""False"",""seq_ops"":""True"",""swapLRC"":""False""}",
        16,         0,         0,   0.063,bposd,1d42788997c955656e1579c9a1cc0f31acae501b320f438e36e23d7b8de7dc11,"{""A"":""x3y0+x0y1+x0y2"",""B"":""x0y3+x1y0+x2y0"",""b"":""X"",""d"":12,""excl_opp_detectors"":""True"",""k"":12,""l"":12,""leak_heralds"":""False"",""leak_repump"":""False"",""leakage"":""False"",""loss"":""False"",""m"":6,""n"":144,""p"":0.001,""prllel_1q"":Infinity,""prllel_2q"":6,""r"":20,""repump_cycles"":3,""seq_meas"":""False"",""seq_ops"":""True"",""swapLRC"":""False""}",
        16,         0,         0,   0.057,bposd,1d42788997c955656e1579c9a1cc0f31acae501b320f438e36e23d7b8de7dc11,"{""A"":""x3y0+x0y1+x0y2"",""B"":""x0y3+x1y0+x2y0"",""b"":""X"",""d"":12,""excl_opp_detectors"":""True"",""k"":12,""l"":12,""leak_heralds"":""False"",""leak_repump"":""False"",""leakage"":""False"",""loss"":""False"",""m"":6,""n"":144,""p"":0.001,""prllel_1q"":Infinity,""prllel_2q"":6,""r"":20,""repump_cycles"":3,""seq_meas"":""False"",""seq_ops"":""True"",""swapLRC"":""False""}",
        16,         0,         0,   0.082,bposd,1d42788997c955656e1579c9a1cc0f31acae501b320f438e36e23d7b8de7dc11,"{""A"":""x3y0+x0y1+x0y2"",""B"":""x0y3+x1y0+x2y0"",""b"":""X"",""d"":12,""excl_opp_detectors"":""True"",""k"":12,""l"":12,""leak_heralds"":""False"",""leak_repump"":""False"",""leakage"":""False"",""loss"":""False"",""m"":6,""n"":144,""p"":0.001,""prllel_1q"":Infinity,""prllel_2q"":6,""r"":20,""repump_cycles"":3,""seq_meas"":""False"",""seq_ops"":""True"",""swapLRC"":""False""}",
         1,         0,         0,   0.018,bposd,1d42788997c955656e1579c9a1cc0f31acae501b320f438e36e23d7b8de7dc11,"{""A"":""x3y0+x0y1+x0y2"",""B"":""x0y3+x1y0+x2y0"",""b"":""X"",""d"":12,""excl_opp_detectors"":""True"",""k"":12,""l"":12,""leak_heralds"":""False"",""leak_repump"":""False"",""leakage"":""False"",""loss"":""False"",""m"":6,""n"":144,""p"":0.001,""prllel_1q"":Infinity,""prllel_2q"":6,""r"":20,""repump_cycles"":3,""seq_meas"":""False"",""seq_ops"":""True"",""swapLRC"":""False""}",
        16,         0,         0,   0.072,bposd,1d42788997c955656e1579c9a1cc0f31acae501b320f438e36e23d7b8de7dc11,"{""A"":""x3y0+x0y1+x0y2"",""B"":""x0y3+x1y0+x2y0"",""b"":""X"",""d"":12,""excl_opp_detectors"":""True"",""k"":12,""l"":12,""leak_heralds"":""False"",""leak_repump"":""False"",""leakage"":""False"",""loss"":""False"",""m"":6,""n"":144,""p"":0.001,""prllel_1q"":Infinity,""prllel_2q"":6,""r"":20,""repump_cycles"":3,""seq_meas"":""False"",""seq_ops"":""True"",""swapLRC"":""False""}",
        16,         0,         0,   0.069,bposd,1d42788997c955656e1579c9a1cc0f31acae501b320f438e36e23d7b8de7dc11,"{""A"":""x3y0+x0y1+x0y2"",""B"":""x0y3+x1y0+x2y0"",""b"":""X"",""d"":12,""excl_opp_detectors"":""True"",""k"":12,""l"":12,""leak_heralds"":""False"",""leak_repump"":""False"",""leakage"":""False"",""loss"":""False"",""m"":6,""n"":144,""p"":0.001,""prllel_1q"":Infinity,""prllel_2q"":6,""r"":20,""repump_cycles"":3,""seq_meas"":""False"",""seq_ops"":""True"",""swapLRC"":""False""}",
        16,         0,         0,   0.052,bposd,1d42788997c955656e1579c9a1cc0f31acae501b320f438e36e23d7b8de7dc11,"{""A"":""x3y0+x0y1+x0y2"",""B"":""x0y3+x1y0+x2y0"",""b"":""X"",""d"":12,""excl_opp_detectors"":""True"",""k"":12,""l"":12,""leak_heralds"":""False"",""leak_repump"":""False"",""leakage"":""False"",""loss"":""False"",""m"":6,""n"":144,""p"":0.001,""prllel_1q"":Infinity,""prllel_2q"":6,""r"":20,""repump_cycles"":3,""seq_meas"":""False"",""seq_ops"":""True"",""swapLRC"":""False""}",
        16,         0,         0,   0.077,bposd,1d42788997c955656e1579c9a1cc0f31acae501b320f438e36e23d7b8de7dc11,"{""A"":""x3y0+x0y1+x0y2"",""B"":""x0y3+x1y0+x2y0"",""b"":""X"",""d"":12,""excl_opp_detectors"":""True"",""k"":12,""l"":12,""leak_heralds"":""False"",""leak_repump"":""False"",""leakage"":""False"",""loss"":""False"",""m"":6,""n"":144,""p"":0.001,""prllel_1q"":Infinity,""prllel_2q"":6,""r"":20,""repump_cycles"":3,""seq_meas"":""False"",""seq_ops"":""True"",""swapLRC"":""False""}",
        16,         0,         0,   0.074,bposd,1d42788997c955656e1579c9a1cc0f31acae501b320f438e36e23d7b8de7dc11,"{""A"":""x3y0+x0y1+x0y2"",""B"":""x0y3+x1y0+x2y0"",""b"":""X"",""d"":12,""excl_opp_detectors"":""True"",""k"":12,""l"":12,""leak_heralds"":""False"",""leak_repump"":""False"",""leakage"":""False"",""loss"":""False"",""m"":6,""n"":144,""p"":0.001,""prllel_1q"":Infinity,""prllel_2q"":6,""r"":20,""repump_cycles"":3,""seq_meas"":""False"",""seq_ops"":""True"",""swapLRC"":""False""}",
        16,         0,         0,   0.082,bposd,1d42788997c955656e1579c9a1cc0f31acae501b320f438e36e23d7b8de7dc11,"{""A"":""x3y0+x0y1+x0y2"",""B"":""x0y3+x1y0+x2y0"",""b"":""X"",""d"":12,""excl_opp_detectors"":""True"",""k"":12,""l"":12,""leak_heralds"":""False"",""leak_repump"":""False"",""leakage"":""False"",""loss"":""False"",""m"":6,""n"":144,""p"":0.001,""prllel_1q"":Infinity,""prllel_2q"":6,""r"":20,""repump_cycles"":3,""seq_meas"":""False"",""seq_ops"":""True"",""swapLRC"":""False""}",
        16,         0,         0,   0.057,bposd,1d42788997c955656e1579c9a1cc0f31acae501b320f438e36e23d7b8de7dc11,"{""A"":""x3y0+x0y1+x0y2"",""B"":""x0y3+x1y0+x2y0"",""b"":""X"",""d"":12,""excl_opp_detectors"":""True"",""k"":12,""l"":12,""leak_heralds"":""False"",""leak_repump"":""False"",""leakage"":""False"",""loss"":""False"",""m"":6,""n"":144,""p"":0.001,""prllel_1q"":Infinity,""prllel_2q"":6,""r"":20,""repump_cycles"":3,""seq_meas"":""False"",""seq_ops"":""True"",""swapLRC"":""False""}",
        16,         0,         0,   0.096,bposd,1d42788997c955656e1579c9a1cc0f31acae501b320f438e36e23d7b8de7dc11,"{""A"":""x3y0+x0y1+x0y2"",""B"":""x0y3+x1y0+x2y0"",""b"":""X"",""d"":12,""excl_opp_detectors"":""True"",""k"":12,""l"":12,""leak_heralds"":""False"",""leak_repump"":""False"",""leakage"":""False"",""loss"":""False"",""m"":6,""n"":144,""p"":0.001,""prllel_1q"":Infinity,""prllel_2q"":6,""r"":20,""repump_cycles"":3,""seq_meas"":""False"",""seq_ops"":""True"",""swapLRC"":""False""}",
         1,         0,         0,   0.020,bposd,1d42788997c955656e1579c9a1cc0f31acae501b320f438e36e23d7b8de7dc11,"{""A"":""x3y0+x0y1+x0y2"",""B"":""x0y3+x1y0+x2y0"",""b"":""X"",""d"":12,""excl_opp_detectors"":""True"",""k"":12,""l"":12,""leak_heralds"":""False"",""leak_repump"":""False"",""leakage"":""False"",""loss"":""False"",""m"":6,""n"":144,""p"":0.001,""prllel_1q"":Infinity,""prllel_2q"":6,""r"":20,""repump_cycles"":3,""seq_meas"":""False"",""seq_ops"":""True"",""swapLRC"":""False""}",
         1,         0,         0,   0.017,bposd,1d42788997c955656e1579c9a1cc0f31acae501b320f438e36e23d7b8de7dc11,"{""A"":""x3y0+x0y1+x0y2"",""B"":""x0y3+x1y0+x2y0"",""b"":""X"",""d"":12,""excl_opp_detectors"":""True"",""k"":12,""l"":12,""leak_heralds"":""False"",""leak_repump"":""False"",""leakage"":""False"",""loss"":""False"",""m"":6,""n"":144,""p"":0.001,""prllel_1q"":Infinity,""prllel_2q"":6,""r"":20,""repump_cycles"":3,""seq_meas"":""False"",""seq_ops"":""True"",""swapLRC"":""False""}",
        16,         0,         0,   0.063,bposd,1d42788997c955656e1579c9a1cc0f31acae501b320f438e36e23d7b8de7dc11,"{""A"":""x3y0+x0y1+x0y2"",""B"":""x0y3+x1y0+x2y0"",""b"":""X"",""d"":12,""excl_opp_detectors"":""True"",""k"":12,""l"":12,""leak_heralds"":""False"",""leak_repump"":""False"",""leakage"":""False"",""loss"":""False"",""m"":6,""n"":144,""p"":0.001,""prllel_1q"":Infinity,""prllel_2q"":6,""r"":20,""repump_cycles"":3,""seq_meas"":""False"",""seq_ops"":""True"",""swapLRC"":""False""}",
        16,         0,         0,   0.087,bposd,1d42788997c955656e1579c9a1cc0f31acae501b320f438e36e23d7b8de7dc11,"{""A"":""x3y0+x0y1+x0y2"",""B"":""x0y3+x1y0+x2y0"",""b"":""X"",""d"":12,""excl_opp_detectors"":""True"",""k"":12,""l"":12,""leak_heralds"":""False"",""leak_repump"":""False"",""leakage"":""False"",""loss"":""False"",""m"":6,""n"":144,""p"":0.001,""prllel_1q"":Infinity,""prllel_2q"":6,""r"":20,""repump_cycles"":3,""seq_meas"":""False"",""seq_ops"":""True"",""swapLRC"":""False""}",
         1,         0,         0,   0.019,bposd,1d42788997c955656e1579c9a1cc0f31acae501b320f438e36e23d7b8de7dc11,"{""A"":""x3y0+x0y1+x0y2"",""B"":""x0y3+x1y0+x2y0"",""b"":""X"",""d"":12,""excl_opp_detectors"":""True"",""k"":12,""l"":12,""leak_heralds"":""False"",""leak_repump"":""False"",""leakage"":""False"",""loss"":""False"",""m"":6,""n"":144,""p"":0.001,""prllel_1q"":Infinity,""prllel_2q"":6,""r"":20,""repump_cycles"":3,""seq_meas"":""False"",""seq_ops"":""True"",""swapLRC"":""False""}",
         1,         0,         0,   0.017,bposd,1d42788997c955656e1579c9a1cc0f31acae501b320f438e36e23d7b8de7dc11,"{""A"":""x3y0+x0y1+x0y2"",""B"":""x0y3+x1y0+x2y0"",""b"":""X"",""d"":12,""excl_opp_detectors"":""True"",""k"":12,""l"":12,""leak_heralds"":""False"",""leak_repump"":""False"",""leakage"":""False"",""loss"":""False"",""m"":6,""n"":144,""p"":0.001,""prllel_1q"":Infinity,""prllel_2q"":6,""r"":20,""repump_cycles"":3,""seq_meas"":""False"",""seq_ops"":""True"",""swapLRC"":""False""}",
         1,         0,         0,   0.016,bposd,1d42788997c955656e1579c9a1cc0f31acae501b320f438e36e23d7b8de7dc11,"{""A"":""x3y0+x0y1+x0y2"",""B"":""x0y3+x1y0+x2y0"",""b"":""X"",""d"":12,""excl_opp_detectors"":""True"",""k"":12,""l"":12,""leak_heralds"":""False"",""leak_repump"":""False"",""leakage"":""False"",""loss"":""False"",""m"":6,""n"":144,""p"":0.001,""prllel_1q"":Infinity,""prllel_2q"":6,""r"":20,""repump_cycles"":3,""seq_meas"":""False"",""seq_ops"":""True"",""swapLRC"":""False""}",
        16,         0,         0,   0.062,bposd,1d42788997c955656e1579c9a1cc0f31acae501b320f438e36e23d7b8de7dc11,"{""A"":""x3y0+x0y1+x0y2"",""B"":""x0y3+x1y0+x2y0"",""b"":""X"",""d"":12,""excl_opp_detectors"":""True"",""k"":12,""l"":12,""leak_heralds"":""False"",""leak_repump"":""False"",""leakage"":""False"",""loss"":""False"",""m"":6,""n"":144,""p"":0.001,""prllel_1q"":Infinity,""prllel_2q"":6,""r"":20,""repump_cycles"":3,""seq_meas"":""False"",""seq_ops"":""True"",""swapLRC"":""False""}",
        16,         0,         0,   0.064,bposd,1d42788997c955656e1579c9a1cc0f31acae501b320f438e36e23d7b8de7dc11,"{""A"":""x3y0+x0y1+x0y2"",""B"":""x0y3+x1y0+x2y0"",""b"":""X"",""d"":12,""excl_opp_detectors"":""True"",""k"":12,""l"":12,""leak_heralds"":""False"",""leak_repump"":""False"",""leakage"":""False"",""loss"":""False"",""m"":6,""n"":144,""p"":0.001,""prllel_1q"":Infinity,""prllel_2q"":6,""r"":20,""repump_cycles"":3,""seq_meas"":""False"",""seq_ops"":""True"",""swapLRC"":""False""}",
        16,         0,         0,   0.080,bposd,1d42788997c955656e1579c9a1cc0f31acae501b320f438e36e23d7b8de7dc11,"{""A"":""x3y0+x0y1+x0y2"",""B"":""x0y3+x1y0+x2y0"",""b"":""X"",""d"":12,""excl_opp_detectors"":""True"",""k"":12,""l"":12,""leak_heralds"":""False"",""leak_repump"":""False"",""leakage"":""False"",""loss"":""False"",""m"":6,""n"":144,""p"":0.001,""prllel_1q"":Infinity,""prllel_2q"":6,""r"":20,""repump_cycles"":3,""seq_meas"":""False"",""seq_ops"":""True"",""swapLRC"":""False""}",
        16,         0,         0,   0.052,bposd,1d42788997c955656e1579c9a1cc0f31acae501b320f438e36e23d7b8de7dc11,"{""A"":""x3y0+x0y1+x0y2"",""B"":""x0y3+x1y0+x2y0"",""b"":""X"",""d"":12,""excl_opp_detectors"":""True"",""k"":12,""l"":12,""leak_heralds"":""False"",""leak_repump"":""False"",""leakage"":""False"",""loss"":""False"",""m"":6,""n"":144,""p"":0.001,""prllel_1q"":Infinity,""prllel_2q"":6,""r"":20,""repump_cycles"":3,""seq_meas"":""False"",""seq_ops"":""True"",""swapLRC"":""False""}",
         1,         0,         0,   0.018,bposd,1d42788997c955656e1579c9a1cc0f31acae501b320f438e36e23d7b8de7dc11,"{""A"":""x3y0+x0y1+x0y2"",""B"":""x0y3+x1y0+x2y0"",""b"":""X"",""d"":12,""excl_opp_detectors"":""True"",""k"":12,""l"":12,""leak_heralds"":""False"",""leak_repump"":""False"",""leakage"":""False"",""loss"":""False"",""m"":6,""n"":144,""p"":0.001,""prllel_1q"":Infinity,""prllel_2q"":6,""r"":20,""repump_cycles"":3,""seq_meas"":""False"",""seq_ops"":""True"",""swapLRC"":""False""}",
         1,         0,         0,   0.018,bposd,1d42788997c955656e1579c9a1cc0f31acae501b320f438e36e23d7b8de7dc11,"{""A"":""x3y0+x0y1+x0y2"",""B"":""x0y3+x1y0+x2y0"",""b"":""X"",""d"":12,""excl_opp_detectors"":""True"",""k"":12,""l"":12,""leak_heralds"":""False"",""leak_repump"":""False"",""leakage"":""False"",""loss"":""False"",""m"":6,""n"":144,""p"":0.001,""prllel_1q"":Infinity,""prllel_2q"":6,""r"":20,""repump_cycles"":3,""seq_meas"":""False"",""seq_ops"":""True"",""swapLRC"":""False""}",
        16,         0,         0,   0.129,bposd,1d42788997c955656e1579c9a1cc0f31acae501b320f438e36e23d7b8de7dc11,"{""A"":""x3y0+x0y1+x0y2"",""B"":""x0y3+x1y0+x2y0"",""b"":""X"",""d"":12,""excl_opp_detectors"":""True"",""k"":12,""l"":12,""leak_heralds"":""False"",""leak_repump"":""False"",""leakage"":""False"",""loss"":""False"",""m"":6,""n"":144,""p"":0.001,""prllel_1q"":Infinity,""prllel_2q"":6,""r"":20,""repump_cycles"":3,""seq_meas"":""False"",""seq_ops"":""True"",""swapLRC"":""False""}",
         1,         0,         0,   0.018,bposd,1d42788997c955656e1579c9a1cc0f31acae501b320f438e36e23d7b8de7dc11,"{""A"":""x3y0+x0y1+x0y2"",""B"":""x0y3+x1y0+x2y0"",""b"":""X"",""d"":12,""excl_opp_detectors"":""True"",""k"":12,""l"":12,""leak_heralds"":""False"",""leak_repump"":""False"",""leakage"":""False"",""loss"":""False"",""m"":6,""n"":144,""p"":0.001,""prllel_1q"":Infinity,""prllel_2q"":6,""r"":20,""repump_cycles"":3,""seq_meas"":""False"",""seq_ops"":""True"",""swapLRC"":""False""}",
         1,         0,         0,   0.113,bposd,1d42788997c955656e1579c9a1cc0f31acae501b320f438e36e23d7b8de7dc11,"{""A"":""x3y0+x0y1+x0y2"",""B"":""x0y3+x1y0+x2y0"",""b"":""X"",""d"":12,""excl_opp_detectors"":""True"",""k"":12,""l"":12,""leak_heralds"":""False"",""leak_repump"":""False"",""leakage"":""False"",""loss"":""False"",""m"":6,""n"":144,""p"":0.001,""prllel_1q"":Infinity,""prllel_2q"":6,""r"":20,""repump_cycles"":3,""seq_meas"":""False"",""seq_ops"":""True"",""swapLRC"":""False""}",
        16,         0,         0,   0.056,bposd,1d42788997c955656e1579c9a1cc0f31acae501b320f438e36e23d7b8de7dc11,"{""A"":""x3y0+x0y1+x0y2"",""B"":""x0y3+x1y0+x2y0"",""b"":""X"",""d"":12,""excl_opp_detectors"":""True"",""k"":12,""l"":12,""leak_heralds"":""False"",""leak_repump"":""False"",""leakage"":""False"",""loss"":""False"",""m"":6,""n"":144,""p"":0.001,""prllel_1q"":Infinity,""prllel_2q"":6,""r"":20,""repump_cycles"":3,""seq_meas"":""False"",""seq_ops"":""True"",""swapLRC"":""False""}",
        16,         0,         0,   0.060,bposd,1d42788997c955656e1579c9a1cc0f31acae501b320f438e36e23d7b8de7dc11,"{""A"":""x3y0+x0y1+x0y2"",""B"":""x0y3+x1y0+x2y0"",""b"":""X"",""d"":12,""excl_opp_detectors"":""True"",""k"":12,""l"":12,""leak_heralds"":""False"",""leak_repump"":""False"",""leakage"":""False"",""loss"":""False"",""m"":6,""n"":144,""p"":0.001,""prllel_1q"":Infinity,""prllel_2q"":6,""r"":20,""repump_cycles"":3,""seq_meas"":""False"",""seq_ops"":""True"",""swapLRC"":""False""}",
         1,         0,         0,   0.020,bposd,1d42788997c955656e1579c9a1cc0f31acae501b320f438e36e23d7b8de7dc11,"{""A"":""x3y0+x0y1+x0y2"",""B"":""x0y3+x1y0+x2y0"",""b"":""X"",""d"":12,""excl_opp_detectors"":""True"",""k"":12,""l"":12,""leak_heralds"":""False"",""leak_repump"":""False"",""leakage"":""False"",""loss"":""False"",""m"":6,""n"":144,""p"":0.001,""prllel_1q"":Infinity,""prllel_2q"":6,""r"":20,""repump_cycles"":3,""seq_meas"":""False"",""seq_ops"":""True"",""swapLRC"":""False""}",
         1,         0,         0,   0.027,bposd,1d42788997c955656e1579c9a1cc0f31acae501b320f438e36e23d7b8de7dc11,"{""A"":""x3y0+x0y1+x0y2"",""B"":""x0y3+x1y0+x2y0"",""b"":""X"",""d"":12,""excl_opp_detectors"":""True"",""k"":12,""l"":12,""leak_heralds"":""False"",""leak_repump"":""False"",""leakage"":""False"",""loss"":""False"",""m"":6,""n"":144,""p"":0.001,""prllel_1q"":Infinity,""prllel_2q"":6,""r"":20,""repump_cycles"":3,""seq_meas"":""False"",""seq_ops"":""True"",""swapLRC"":""False""}",
         1,         0,         0,   0.018,bposd,1d42788997c955656e1579c9a1cc0f31acae501b320f438e36e23d7b8de7dc11,"{""A"":""x3y0+x0y1+x0y2"",""B"":""x0y3+x1y0+x2y0"",""b"":""X"",""d"":12,""excl_opp_detectors"":""True"",""k"":12,""l"":12,""leak_heralds"":""False"",""leak_repump"":""False"",""leakage"":""False"",""loss"":""False"",""m"":6,""n"":144,""p"":0.001,""prllel_1q"":Infinity,""prllel_2q"":6,""r"":20,""repump_cycles"":3,""seq_meas"":""False"",""seq_ops"":""True"",""swapLRC"":""False""}",
         1,         0,         0,   0.018,bposd,1d42788997c955656e1579c9a1cc0f31acae501b320f438e36e23d7b8de7dc11,"{""A"":""x3y0+x0y1+x0y2"",""B"":""x0y3+x1y0+x2y0"",""b"":""X"",""d"":12,""excl_opp_detectors"":""True"",""k"":12,""l"":12,""leak_heralds"":""False"",""leak_repump"":""False"",""leakage"":""False"",""loss"":""False"",""m"":6,""n"":144,""p"":0.001,""prllel_1q"":Infinity,""prllel_2q"":6,""r"":20,""repump_cycles"":3,""seq_meas"":""False"",""seq_ops"":""True"",""swapLRC"":""False""}",
        16,         0,         0,   0.057,bposd,1d42788997c955656e1579c9a1cc0f31acae501b320f438e36e23d7b8de7dc11,"{""A"":""x3y0+x0y1+x0y2"",""B"":""x0y3+x1y0+x2y0"",""b"":""X"",""d"":12,""excl_opp_detectors"":""True"",""k"":12,""l"":12,""leak_heralds"":""False"",""leak_repump"":""False"",""leakage"":""False"",""loss"":""False"",""m"":6,""n"":144,""p"":0.001,""prllel_1q"":Infinity,""prllel_2q"":6,""r"":20,""repump_cycles"":3,""seq_meas"":""False"",""seq_ops"":""True"",""swapLRC"":""False""}",
        16,         0,         0,   0.057,bposd,1d42788997c955656e1579c9a1cc0f31acae501b320f438e36e23d7b8de7dc11,"{""A"":""x3y0+x0y1+x0y2"",""B"":""x0y3+x1y0+x2y0"",""b"":""X"",""d"":12,""excl_opp_detectors"":""True"",""k"":12,""l"":12,""leak_heralds"":""False"",""leak_repump"":""False"",""leakage"":""False"",""loss"":""False"",""m"":6,""n"":144,""p"":0.001,""prllel_1q"":Infinity,""prllel_2q"":6,""r"":20,""repump_cycles"":3,""seq_meas"":""False"",""seq_ops"":""True"",""swapLRC"":""False""}",
         4,         0,         0,   0.025,bposd,1d42788997c955656e1579c9a1cc0f31acae501b320f438e36e23d7b8de7dc11,"{""A"":""x3y0+x0y1+x0y2"",""B"":""x0y3+x1y0+x2y0"",""b"":""X"",""d"":12,""excl_opp_detectors"":""True"",""k"":12,""l"":12,""leak_heralds"":""False"",""leak_repump"":""False"",""leakage"":""False"",""loss"":""False"",""m"":6,""n"":144,""p"":0.001,""prllel_1q"":Infinity,""prllel_2q"":6,""r"":20,""repump_cycles"":3,""seq_meas"":""False"",""seq_ops"":""True"",""swapLRC"":""False""}",
         1,         0,         0,   0.017,bposd,1d42788997c955656e1579c9a1cc0f31acae501b320f438e36e23d7b8de7dc11,"{""A"":""x3y0+x0y1+x0y2"",""B"":""x0y3+x1y0+x2y0"",""b"":""X"",""d"":12,""excl_opp_detectors"":""True"",""k"":12,""l"":12,""leak_heralds"":""False"",""leak_repump"":""False"",""leakage"":""False"",""loss"":""False"",""m"":6,""n"":144,""p"":0.001,""prllel_1q"":Infinity,""prllel_2q"":6,""r"":20,""repump_cycles"":3,""seq_meas"":""False"",""seq_ops"":""True"",""swapLRC"":""False""}",
         1,         0,         0,   0.017,bposd,1d42788997c955656e1579c9a1cc0f31acae501b320f438e36e23d7b8de7dc11,"{""A"":""x3y0+x0y1+x0y2"",""B"":""x0y3+x1y0+x2y0"",""b"":""X"",""d"":12,""excl_opp_detectors"":""True"",""k"":12,""l"":12,""leak_heralds"":""False"",""leak_repump"":""False"",""leakage"":""False"",""loss"":""False"",""m"":6,""n"":144,""p"":0.001,""prllel_1q"":Infinity,""prllel_2q"":6,""r"":20,""repump_cycles"":3,""seq_meas"":""False"",""seq_ops"":""True"",""swapLRC"":""False""}",
        16,         0,         0,   0.063,bposd,1d42788997c955656e1579c9a1cc0f31acae501b320f438e36e23d7b8de7dc11,"{""A"":""x3y0+x0y1+x0y2"",""B"":""x0y3+x1y0+x2y0"",""b"":""X"",""d"":12,""excl_opp_detectors"":""True"",""k"":12,""l"":12,""leak_heralds"":""False"",""leak_repump"":""False"",""leakage"":""False"",""loss"":""False"",""m"":6,""n"":144,""p"":0.001,""prllel_1q"":Infinity,""prllel_2q"":6,""r"":20,""repump_cycles"":3,""seq_meas"":""False"",""seq_ops"":""True"",""swapLRC"":""False""}",
         1,         0,         0,   0.018,bposd,1d42788997c955656e1579c9a1cc0f31acae501b320f438e36e23d7b8de7dc11,"{""A"":""x3y0+x0y1+x0y2"",""B"":""x0y3+x1y0+x2y0"",""b"":""X"",""d"":12,""excl_opp_detectors"":""True"",""k"":12,""l"":12,""leak_heralds"":""False"",""leak_repump"":""False"",""leakage"":""False"",""loss"":""False"",""m"":6,""n"":144,""p"":0.001,""prllel_1q"":Infinity,""prllel_2q"":6,""r"":20,""repump_cycles"":3,""seq_meas"":""False"",""seq_ops"":""True"",""swapLRC"":""False""}",
         1,         0,         0,   0.017,bposd,1d42788997c955656e1579c9a1cc0f31acae501b320f438e36e23d7b8de7dc11,"{""A"":""x3y0+x0y1+x0y2"",""B"":""x0y3+x1y0+x2y0"",""b"":""X"",""d"":12,""excl_opp_detectors"":""True"",""k"":12,""l"":12,""leak_heralds"":""False"",""leak_repump"":""False"",""leakage"":""False"",""loss"":""False"",""m"":6,""n"":144,""p"":0.001,""prllel_1q"":Infinity,""prllel_2q"":6,""r"":20,""repump_cycles"":3,""seq_meas"":""False"",""seq_ops"":""True"",""swapLRC"":""False""}",
        16,         0,         0,   0.059,bposd,1d42788997c955656e1579c9a1cc0f31acae501b320f438e36e23d7b8de7dc11,"{""A"":""x3y0+x0y1+x0y2"",""B"":""x0y3+x1y0+x2y0"",""b"":""X"",""d"":12,""excl_opp_detectors"":""True"",""k"":12,""l"":12,""leak_heralds"":""False"",""leak_repump"":""False"",""leakage"":""False"",""loss"":""False"",""m"":6,""n"":144,""p"":0.001,""prllel_1q"":Infinity,""prllel_2q"":6,""r"":20,""repump_cycles"":3,""seq_meas"":""False"",""seq_ops"":""True"",""swapLRC"":""False""}",
         1,         0,         0,   0.020,bposd,1d42788997c955656e1579c9a1cc0f31acae501b320f438e36e23d7b8de7dc11,"{""A"":""x3y0+x0y1+x0y2"",""B"":""x0y3+x1y0+x2y0"",""b"":""X"",""d"":12,""excl_opp_detectors"":""True"",""k"":12,""l"":12,""leak_heralds"":""False"",""leak_repump"":""False"",""leakage"":""False"",""loss"":""False"",""m"":6,""n"":144,""p"":0.001,""prllel_1q"":Infinity,""prllel_2q"":6,""r"":20,""repump_cycles"":3,""seq_meas"":""False"",""seq_ops"":""True"",""swapLRC"":""False""}",
        16,         0,         0,   0.187,bposd,1d42788997c955656e1579c9a1cc0f31acae501b320f438e36e23d7b8de7dc11,"{""A"":""x3y0+x0y1+x0y2"",""B"":""x0y3+x1y0+x2y0"",""b"":""X"",""d"":12,""excl_opp_detectors"":""True"",""k"":12,""l"":12,""leak_heralds"":""False"",""leak_repump"":""False"",""leakage"":""False"",""loss"":""False"",""m"":6,""n"":144,""p"":0.001,""prllel_1q"":Infinity,""prllel_2q"":6,""r"":20,""repump_cycles"":3,""seq_meas"":""False"",""seq_ops"":""True"",""swapLRC"":""False""}",
        16,         0,         0,   0.063,bposd,1d42788997c955656e1579c9a1cc0f31acae501b320f438e36e23d7b8de7dc11,"{""A"":""x3y0+x0y1+x0y2"",""B"":""x0y3+x1y0+x2y0"",""b"":""X"",""d"":12,""excl_opp_detectors"":""True"",""k"":12,""l"":12,""leak_heralds"":""False"",""leak_repump"":""False"",""leakage"":""False"",""loss"":""False"",""m"":6,""n"":144,""p"":0.001,""prllel_1q"":Infinity,""prllel_2q"":6,""r"":20,""repump_cycles"":3,""seq_meas"":""False"",""seq_ops"":""True"",""swapLRC"":""False""}",
         1,         0,         0,   0.018,bposd,1d42788997c955656e1579c9a1cc0f31acae501b320f438e36e23d7b8de7dc11,"{""A"":""x3y0+x0y1+x0y2"",""B"":""x0y3+x1y0+x2y0"",""b"":""X"",""d"":12,""excl_opp_detectors"":""True"",""k"":12,""l"":12,""leak_heralds"":""False"",""leak_repump"":""False"",""leakage"":""False"",""loss"":""False"",""m"":6,""n"":144,""p"":0.001,""prllel_1q"":Infinity,""prllel_2q"":6,""r"":20,""repump_cycles"":3,""seq_meas"":""False"",""seq_ops"":""True"",""swapLRC"":""False""}",
        16,         0,         0,   0.073,bposd,1d42788997c955656e1579c9a1cc0f31acae501b320f438e36e23d7b8de7dc11,"{""A"":""x3y0+x0y1+x0y2"",""B"":""x0y3+x1y0+x2y0"",""b"":""X"",""d"":12,""excl_opp_detectors"":""True"",""k"":12,""l"":12,""leak_heralds"":""False"",""leak_repump"":""False"",""leakage"":""False"",""loss"":""False"",""m"":6,""n"":144,""p"":0.001,""prllel_1q"":Infinity,""prllel_2q"":6,""r"":20,""repump_cycles"":3,""seq_meas"":""False"",""seq_ops"":""True"",""swapLRC"":""False""}",
        16,         0,         0,   0.058,bposd,1d42788997c955656e1579c9a1cc0f31acae501b320f438e36e23d7b8de7dc11,"{""A"":""x3y0+x0y1+x0y2"",""B"":""x0y3+x1y0+x2y0"",""b"":""X"",""d"":12,""excl_opp_detectors"":""True"",""k"":12,""l"":12,""leak_heralds"":""False"",""leak_repump"":""False"",""leakage"":""False"",""loss"":""False"",""m"":6,""n"":144,""p"":0.001,""prllel_1q"":Infinity,""prllel_2q"":6,""r"":20,""repump_cycles"":3,""seq_meas"":""False"",""seq_ops"":""True"",""swapLRC"":""False""}",
        16,         0,         0,   0.063,bposd,1d42788997c955656e1579c9a1cc0f31acae501b320f438e36e23d7b8de7dc11,"{""A"":""x3y0+x0y1+x0y2"",""B"":""x0y3+x1y0+x2y0"",""b"":""X"",""d"":12,""excl_opp_detectors"":""True"",""k"":12,""l"":12,""leak_heralds"":""False"",""leak_repump"":""False"",""leakage"":""False"",""loss"":""False"",""m"":6,""n"":144,""p"":0.001,""prllel_1q"":Infinity,""prllel_2q"":6,""r"":20,""repump_cycles"":3,""seq_meas"":""False"",""seq_ops"":""True"",""swapLRC"":""False""}",
        16,         0,         0,   0.062,bposd,1d42788997c955656e1579c9a1cc0f31acae501b320f438e36e23d7b8de7dc11,"{""A"":""x3y0+x0y1+x0y2"",""B"":""x0y3+x1y0+x2y0"",""b"":""X"",""d"":12,""excl_opp_detectors"":""True"",""k"":12,""l"":12,""leak_heralds"":""False"",""leak_repump"":""False"",""leakage"":""False"",""loss"":""False"",""m"":6,""n"":144,""p"":0.001,""prllel_1q"":Infinity,""prllel_2q"":6,""r"":20,""repump_cycles"":3,""seq_meas"":""False"",""seq_ops"":""True"",""swapLRC"":""False""}",
         1,         0,         0,   0.016,bposd,1d42788997c955656e1579c9a1cc0f31acae501b320f438e36e23d7b8de7dc11,"{""A"":""x3y0+x0y1+x0y2"",""B"":""x0y3+x1y0+x2y0"",""b"":""X"",""d"":12,""excl_opp_detectors"":""True"",""k"":12,""l"":12,""leak_heralds"":""False"",""leak_repump"":""False"",""leakage"":""False"",""loss"":""False"",""m"":6,""n"":144,""p"":0.001,""prllel_1q"":Infinity,""prllel_2q"":6,""r"":20,""repump_cycles"":3,""seq_meas"":""False"",""seq_ops"":""True"",""swapLRC"":""False""}",
         1,         0,         0,   0.019,bposd,1d42788997c955656e1579c9a1cc0f31acae501b320f438e36e23d7b8de7dc11,"{""A"":""x3y0+x0y1+x0y2"",""B"":""x0y3+x1y0+x2y0"",""b"":""X"",""d"":12,""excl_opp_detectors"":""True"",""k"":12,""l"":12,""leak_heralds"":""False"",""leak_repump"":""False"",""leakage"":""False"",""loss"":""False"",""m"":6,""n"":144,""p"":0.001,""prllel_1q"":Infinity,""prllel_2q"":6,""r"":20,""repump_cycles"":3,""seq_meas"":""False"",""seq_ops"":""True"",""swapLRC"":""False""}",
        16,         0,         0,   0.051,bposd,1d42788997c955656e1579c9a1cc0f31acae501b320f438e36e23d7b8de7dc11,"{""A"":""x3y0+x0y1+x0y2"",""B"":""x0y3+x1y0+x2y0"",""b"":""X"",""d"":12,""excl_opp_detectors"":""True"",""k"":12,""l"":12,""leak_heralds"":""False"",""leak_repump"":""False"",""leakage"":""False"",""loss"":""False"",""m"":6,""n"":144,""p"":0.001,""prllel_1q"":Infinity,""prllel_2q"":6,""r"":20,""repump_cycles"":3,""seq_meas"":""False"",""seq_ops"":""True"",""swapLRC"":""False""}",
        16,         0,         0,   0.060,bposd,1d42788997c955656e1579c9a1cc0f31acae501b320f438e36e23d7b8de7dc11,"{""A"":""x3y0+x0y1+x0y2"",""B"":""x0y3+x1y0+x2y0"",""b"":""X"",""d"":12,""excl_opp_detectors"":""True"",""k"":12,""l"":12,""leak_heralds"":""False"",""leak_repump"":""False"",""leakage"":""False"",""loss"":""False"",""m"":6,""n"":144,""p"":0.001,""prllel_1q"":Infinity,""prllel_2q"":6,""r"":20,""repump_cycles"":3,""seq_meas"":""False"",""seq_ops"":""True"",""swapLRC"":""False""}",
         1,         0,         0,   0.017,bposd,1d42788997c955656e1579c9a1cc0f31acae501b320f438e36e23d7b8de7dc11,"{""A"":""x3y0+x0y1+x0y2"",""B"":""x0y3+x1y0+x2y0"",""b"":""X"",""d"":12,""excl_opp_detectors"":""True"",""k"":12,""l"":12,""leak_heralds"":""False"",""leak_repump"":""False"",""leakage"":""False"",""loss"":""False"",""m"":6,""n"":144,""p"":0.001,""prllel_1q"":Infinity,""prllel_2q"":6,""r"":20,""repump_cycles"":3,""seq_meas"":""False"",""seq_ops"":""True"",""swapLRC"":""False""}",
         1,         0,         0,   0.018,bposd,1d42788997c955656e1579c9a1cc0f31acae501b320f438e36e23d7b8de7dc11,"{""A"":""x3y0+x0y1+x0y2"",""B"":""x0y3+x1y0+x2y0"",""b"":""X"",""d"":12,""excl_opp_detectors"":""True"",""k"":12,""l"":12,""leak_heralds"":""False"",""leak_repump"":""False"",""leakage"":""False"",""loss"":""False"",""m"":6,""n"":144,""p"":0.001,""prllel_1q"":Infinity,""prllel_2q"":6,""r"":20,""repump_cycles"":3,""seq_meas"":""False"",""seq_ops"":""True"",""swapLRC"":""False""}",
        16,         0,         0,   0.060,bposd,1d42788997c955656e1579c9a1cc0f31acae501b320f438e36e23d7b8de7dc11,"{""A"":""x3y0+x0y1+x0y2"",""B"":""x0y3+x1y0+x2y0"",""b"":""X"",""d"":12,""excl_opp_detectors"":""True"",""k"":12,""l"":12,""leak_heralds"":""False"",""leak_repump"":""False"",""leakage"":""False"",""loss"":""False"",""m"":6,""n"":144,""p"":0.001,""prllel_1q"":Infinity,""prllel_2q"":6,""r"":20,""repump_cycles"":3,""seq_meas"":""False"",""seq_ops"":""True"",""swapLRC"":""False""}",
         1,         0,         0,   0.018,bposd,1d42788997c955656e1579c9a1cc0f31acae501b320f438e36e23d7b8de7dc11,"{""A"":""x3y0+x0y1+x0y2"",""B"":""x0y3+x1y0+x2y0"",""b"":""X"",""d"":12,""excl_opp_detectors"":""True"",""k"":12,""l"":12,""leak_heralds"":""False"",""leak_repump"":""False"",""leakage"":""False"",""loss"":""False"",""m"":6,""n"":144,""p"":0.001,""prllel_1q"":Infinity,""prllel_2q"":6,""r"":20,""repump_cycles"":3,""seq_meas"":""False"",""seq_ops"":""True"",""swapLRC"":""False""}",
        16,         0,         0,   0.063,bposd,1d42788997c955656e1579c9a1cc0f31acae501b320f438e36e23d7b8de7dc11,"{""A"":""x3y0+x0y1+x0y2"",""B"":""x0y3+x1y0+x2y0"",""b"":""X"",""d"":12,""excl_opp_detectors"":""True"",""k"":12,""l"":12,""leak_heralds"":""False"",""leak_repump"":""False"",""leakage"":""False"",""loss"":""False"",""m"":6,""n"":144,""p"":0.001,""prllel_1q"":Infinity,""prllel_2q"":6,""r"":20,""repump_cycles"":3,""seq_meas"":""False"",""seq_ops"":""True"",""swapLRC"":""False""}",
         1,         0,         0,   0.018,bposd,1d42788997c955656e1579c9a1cc0f31acae501b320f438e36e23d7b8de7dc11,"{""A"":""x3y0+x0y1+x0y2"",""B"":""x0y3+x1y0+x2y0"",""b"":""X"",""d"":12,""excl_opp_detectors"":""True"",""k"":12,""l"":12,""leak_heralds"":""False"",""leak_repump"":""False"",""leakage"":""False"",""loss"":""False"",""m"":6,""n"":144,""p"":0.001,""prllel_1q"":Infinity,""prllel_2q"":6,""r"":20,""repump_cycles"":3,""seq_meas"":""False"",""seq_ops"":""True"",""swapLRC"":""False""}",
         1,         0,         0,   0.018,bposd,1d42788997c955656e1579c9a1cc0f31acae501b320f438e36e23d7b8de7dc11,"{""A"":""x3y0+x0y1+x0y2"",""B"":""x0y3+x1y0+x2y0"",""b"":""X"",""d"":12,""excl_opp_detectors"":""True"",""k"":12,""l"":12,""leak_heralds"":""False"",""leak_repump"":""False"",""leakage"":""False"",""loss"":""False"",""m"":6,""n"":144,""p"":0.001,""prllel_1q"":Infinity,""prllel_2q"":6,""r"":20,""repump_cycles"":3,""seq_meas"":""False"",""seq_ops"":""True"",""swapLRC"":""False""}",
        16,         0,         0,   0.061,bposd,1d42788997c955656e1579c9a1cc0f31acae501b320f438e36e23d7b8de7dc11,"{""A"":""x3y0+x0y1+x0y2"",""B"":""x0y3+x1y0+x2y0"",""b"":""X"",""d"":12,""excl_opp_detectors"":""True"",""k"":12,""l"":12,""leak_heralds"":""False"",""leak_repump"":""False"",""leakage"":""False"",""loss"":""False"",""m"":6,""n"":144,""p"":0.001,""prllel_1q"":Infinity,""prllel_2q"":6,""r"":20,""repump_cycles"":3,""seq_meas"":""False"",""seq_ops"":""True"",""swapLRC"":""False""}",
         1,         0,         0,   0.018,bposd,1d42788997c955656e1579c9a1cc0f31acae501b320f438e36e23d7b8de7dc11,"{""A"":""x3y0+x0y1+x0y2"",""B"":""x0y3+x1y0+x2y0"",""b"":""X"",""d"":12,""excl_opp_detectors"":""True"",""k"":12,""l"":12,""leak_heralds"":""False"",""leak_repump"":""False"",""leakage"":""False"",""loss"":""False"",""m"":6,""n"":144,""p"":0.001,""prllel_1q"":Infinity,""prllel_2q"":6,""r"":20,""repump_cycles"":3,""seq_meas"":""False"",""seq_ops"":""True"",""swapLRC"":""False""}",
        64,         0,         0,   0.188,bposd,1d42788997c955656e1579c9a1cc0f31acae501b320f438e36e23d7b8de7dc11,"{""A"":""x3y0+x0y1+x0y2"",""B"":""x0y3+x1y0+x2y0"",""b"":""X"",""d"":12,""excl_opp_detectors"":""True"",""k"":12,""l"":12,""leak_heralds"":""False"",""leak_repump"":""False"",""leakage"":""False"",""loss"":""False"",""m"":6,""n"":144,""p"":0.001,""prllel_1q"":Infinity,""prllel_2q"":6,""r"":20,""repump_cycles"":3,""seq_meas"":""False"",""seq_ops"":""True"",""swapLRC"":""False""}",
         1,         0,         0,   0.017,bposd,1d42788997c955656e1579c9a1cc0f31acae501b320f438e36e23d7b8de7dc11,"{""A"":""x3y0+x0y1+x0y2"",""B"":""x0y3+x1y0+x2y0"",""b"":""X"",""d"":12,""excl_opp_detectors"":""True"",""k"":12,""l"":12,""leak_heralds"":""False"",""leak_repump"":""False"",""leakage"":""False"",""loss"":""False"",""m"":6,""n"":144,""p"":0.001,""prllel_1q"":Infinity,""prllel_2q"":6,""r"":20,""repump_cycles"":3,""seq_meas"":""False"",""seq_ops"":""True"",""swapLRC"":""False""}",
         1,         0,         0,   0.017,bposd,1d42788997c955656e1579c9a1cc0f31acae501b320f438e36e23d7b8de7dc11,"{""A"":""x3y0+x0y1+x0y2"",""B"":""x0y3+x1y0+x2y0"",""b"":""X"",""d"":12,""excl_opp_detectors"":""True"",""k"":12,""l"":12,""leak_heralds"":""False"",""leak_repump"":""False"",""leakage"":""False"",""loss"":""False"",""m"":6,""n"":144,""p"":0.001,""prllel_1q"":Infinity,""prllel_2q"":6,""r"":20,""repump_cycles"":3,""seq_meas"":""False"",""seq_ops"":""True"",""swapLRC"":""False""}",
        16,         0,         0,   0.052,bposd,1d42788997c955656e1579c9a1cc0f31acae501b320f438e36e23d7b8de7dc11,"{""A"":""x3y0+x0y1+x0y2"",""B"":""x0y3+x1y0+x2y0"",""b"":""X"",""d"":12,""excl_opp_detectors"":""True"",""k"":12,""l"":12,""leak_heralds"":""False"",""leak_repump"":""False"",""leakage"":""False"",""loss"":""False"",""m"":6,""n"":144,""p"":0.001,""prllel_1q"":Infinity,""prllel_2q"":6,""r"":20,""repump_cycles"":3,""seq_meas"":""False"",""seq_ops"":""True"",""swapLRC"":""False""}",
         1,         0,         0,   0.019,bposd,1d42788997c955656e1579c9a1cc0f31acae501b320f438e36e23d7b8de7dc11,"{""A"":""x3y0+x0y1+x0y2"",""B"":""x0y3+x1y0+x2y0"",""b"":""X"",""d"":12,""excl_opp_detectors"":""True"",""k"":12,""l"":12,""leak_heralds"":""False"",""leak_repump"":""False"",""leakage"":""False"",""loss"":""False"",""m"":6,""n"":144,""p"":0.001,""prllel_1q"":Infinity,""prllel_2q"":6,""r"":20,""repump_cycles"":3,""seq_meas"":""False"",""seq_ops"":""True"",""swapLRC"":""False""}",
        16,         0,         0,   0.116,bposd,1d42788997c955656e1579c9a1cc0f31acae501b320f438e36e23d7b8de7dc11,"{""A"":""x3y0+x0y1+x0y2"",""B"":""x0y3+x1y0+x2y0"",""b"":""X"",""d"":12,""excl_opp_detectors"":""True"",""k"":12,""l"":12,""leak_heralds"":""False"",""leak_repump"":""False"",""leakage"":""False"",""loss"":""False"",""m"":6,""n"":144,""p"":0.001,""prllel_1q"":Infinity,""prllel_2q"":6,""r"":20,""repump_cycles"":3,""seq_meas"":""False"",""seq_ops"":""True"",""swapLRC"":""False""}",
        16,         0,         0,   0.056,bposd,1d42788997c955656e1579c9a1cc0f31acae501b320f438e36e23d7b8de7dc11,"{""A"":""x3y0+x0y1+x0y2"",""B"":""x0y3+x1y0+x2y0"",""b"":""X"",""d"":12,""excl_opp_detectors"":""True"",""k"":12,""l"":12,""leak_heralds"":""False"",""leak_repump"":""False"",""leakage"":""False"",""loss"":""False"",""m"":6,""n"":144,""p"":0.001,""prllel_1q"":Infinity,""prllel_2q"":6,""r"":20,""repump_cycles"":3,""seq_meas"":""False"",""seq_ops"":""True"",""swapLRC"":""False""}",
         1,         0,         0,   0.017,bposd,1d42788997c955656e1579c9a1cc0f31acae501b320f438e36e23d7b8de7dc11,"{""A"":""x3y0+x0y1+x0y2"",""B"":""x0y3+x1y0+x2y0"",""b"":""X"",""d"":12,""excl_opp_detectors"":""True"",""k"":12,""l"":12,""leak_heralds"":""False"",""leak_repump"":""False"",""leakage"":""False"",""loss"":""False"",""m"":6,""n"":144,""p"":0.001,""prllel_1q"":Infinity,""prllel_2q"":6,""r"":20,""repump_cycles"":3,""seq_meas"":""False"",""seq_ops"":""True"",""swapLRC"":""False""}",
        16,         0,         0,   0.073,bposd,1d42788997c955656e1579c9a1cc0f31acae501b320f438e36e23d7b8de7dc11,"{""A"":""x3y0+x0y1+x0y2"",""B"":""x0y3+x1y0+x2y0"",""b"":""X"",""d"":12,""excl_opp_detectors"":""True"",""k"":12,""l"":12,""leak_heralds"":""False"",""leak_repump"":""False"",""leakage"":""False"",""loss"":""False"",""m"":6,""n"":144,""p"":0.001,""prllel_1q"":Infinity,""prllel_2q"":6,""r"":20,""repump_cycles"":3,""seq_meas"":""False"",""seq_ops"":""True"",""swapLRC"":""False""}",
        64,         0,         0,   0.181,bposd,1d42788997c955656e1579c9a1cc0f31acae501b320f438e36e23d7b8de7dc11,"{""A"":""x3y0+x0y1+x0y2"",""B"":""x0y3+x1y0+x2y0"",""b"":""X"",""d"":12,""excl_opp_detectors"":""True"",""k"":12,""l"":12,""leak_heralds"":""False"",""leak_repump"":""False"",""leakage"":""False"",""loss"":""False"",""m"":6,""n"":144,""p"":0.001,""prllel_1q"":Infinity,""prllel_2q"":6,""r"":20,""repump_cycles"":3,""seq_meas"":""False"",""seq_ops"":""True"",""swapLRC"":""False""}",
        16,         0,         0,   0.065,bposd,1d42788997c955656e1579c9a1cc0f31acae501b320f438e36e23d7b8de7dc11,"{""A"":""x3y0+x0y1+x0y2"",""B"":""x0y3+x1y0+x2y0"",""b"":""X"",""d"":12,""excl_opp_detectors"":""True"",""k"":12,""l"":12,""leak_heralds"":""False"",""leak_repump"":""False"",""leakage"":""False"",""loss"":""False"",""m"":6,""n"":144,""p"":0.001,""prllel_1q"":Infinity,""prllel_2q"":6,""r"":20,""repump_cycles"":3,""seq_meas"":""False"",""seq_ops"":""True"",""swapLRC"":""False""}",
        16,         0,         0,   0.066,bposd,1d42788997c955656e1579c9a1cc0f31acae501b320f438e36e23d7b8de7dc11,"{""A"":""x3y0+x0y1+x0y2"",""B"":""x0y3+x1y0+x2y0"",""b"":""X"",""d"":12,""excl_opp_detectors"":""True"",""k"":12,""l"":12,""leak_heralds"":""False"",""leak_repump"":""False"",""leakage"":""False"",""loss"":""False"",""m"":6,""n"":144,""p"":0.001,""prllel_1q"":Infinity,""prllel_2q"":6,""r"":20,""repump_cycles"":3,""seq_meas"":""False"",""seq_ops"":""True"",""swapLRC"":""False""}",
        16,         0,         0,   0.147,bposd,1d42788997c955656e1579c9a1cc0f31acae501b320f438e36e23d7b8de7dc11,"{""A"":""x3y0+x0y1+x0y2"",""B"":""x0y3+x1y0+x2y0"",""b"":""X"",""d"":12,""excl_opp_detectors"":""True"",""k"":12,""l"":12,""leak_heralds"":""False"",""leak_repump"":""False"",""leakage"":""False"",""loss"":""False"",""m"":6,""n"":144,""p"":0.001,""prllel_1q"":Infinity,""prllel_2q"":6,""r"":20,""repump_cycles"":3,""seq_meas"":""False"",""seq_ops"":""True"",""swapLRC"":""False""}",
        16,         0,         0,   0.065,bposd,1d42788997c955656e1579c9a1cc0f31acae501b320f438e36e23d7b8de7dc11,"{""A"":""x3y0+x0y1+x0y2"",""B"":""x0y3+x1y0+x2y0"",""b"":""X"",""d"":12,""excl_opp_detectors"":""True"",""k"":12,""l"":12,""leak_heralds"":""False"",""leak_repump"":""False"",""leakage"":""False"",""loss"":""False"",""m"":6,""n"":144,""p"":0.001,""prllel_1q"":Infinity,""prllel_2q"":6,""r"":20,""repump_cycles"":3,""seq_meas"":""False"",""seq_ops"":""True"",""swapLRC"":""False""}",
        32,         0,         0,   0.138,bposd,1d42788997c955656e1579c9a1cc0f31acae501b320f438e36e23d7b8de7dc11,"{""A"":""x3y0+x0y1+x0y2"",""B"":""x0y3+x1y0+x2y0"",""b"":""X"",""d"":12,""excl_opp_detectors"":""True"",""k"":12,""l"":12,""leak_heralds"":""False"",""leak_repump"":""False"",""leakage"":""False"",""loss"":""False"",""m"":6,""n"":144,""p"":0.001,""prllel_1q"":Infinity,""prllel_2q"":6,""r"":20,""repump_cycles"":3,""seq_meas"":""False"",""seq_ops"":""True"",""swapLRC"":""False""}",
        16,         0,         0,   0.059,bposd,1d42788997c955656e1579c9a1cc0f31acae501b320f438e36e23d7b8de7dc11,"{""A"":""x3y0+x0y1+x0y2"",""B"":""x0y3+x1y0+x2y0"",""b"":""X"",""d"":12,""excl_opp_detectors"":""True"",""k"":12,""l"":12,""leak_heralds"":""False"",""leak_repump"":""False"",""leakage"":""False"",""loss"":""False"",""m"":6,""n"":144,""p"":0.001,""prllel_1q"":Infinity,""prllel_2q"":6,""r"":20,""repump_cycles"":3,""seq_meas"":""False"",""seq_ops"":""True"",""swapLRC"":""False""}",
        64,         0,         0,   0.240,bposd,1d42788997c955656e1579c9a1cc0f31acae501b320f438e36e23d7b8de7dc11,"{""A"":""x3y0+x0y1+x0y2"",""B"":""x0y3+x1y0+x2y0"",""b"":""X"",""d"":12,""excl_opp_detectors"":""True"",""k"":12,""l"":12,""leak_heralds"":""False"",""leak_repump"":""False"",""leakage"":""False"",""loss"":""False"",""m"":6,""n"":144,""p"":0.001,""prllel_1q"":Infinity,""prllel_2q"":6,""r"":20,""repump_cycles"":3,""seq_meas"":""False"",""seq_ops"":""True"",""swapLRC"":""False""}",
        16,         0,         0,   0.053,bposd,1d42788997c955656e1579c9a1cc0f31acae501b320f438e36e23d7b8de7dc11,"{""A"":""x3y0+x0y1+x0y2"",""B"":""x0y3+x1y0+x2y0"",""b"":""X"",""d"":12,""excl_opp_detectors"":""True"",""k"":12,""l"":12,""leak_heralds"":""False"",""leak_repump"":""False"",""leakage"":""False"",""loss"":""False"",""m"":6,""n"":144,""p"":0.001,""prllel_1q"":Infinity,""prllel_2q"":6,""r"":20,""repump_cycles"":3,""seq_meas"":""False"",""seq_ops"":""True"",""swapLRC"":""False""}",
        64,         0,         0,   0.226,bposd,1d42788997c955656e1579c9a1cc0f31acae501b320f438e36e23d7b8de7dc11,"{""A"":""x3y0+x0y1+x0y2"",""B"":""x0y3+x1y0+x2y0"",""b"":""X"",""d"":12,""excl_opp_detectors"":""True"",""k"":12,""l"":12,""leak_heralds"":""False"",""leak_repump"":""False"",""leakage"":""False"",""loss"":""False"",""m"":6,""n"":144,""p"":0.001,""prllel_1q"":Infinity,""prllel_2q"":6,""r"":20,""repump_cycles"":3,""seq_meas"":""False"",""seq_ops"":""True"",""swapLRC"":""False""}",
        16,         0,         0,   0.066,bposd,1d42788997c955656e1579c9a1cc0f31acae501b320f438e36e23d7b8de7dc11,"{""A"":""x3y0+x0y1+x0y2"",""B"":""x0y3+x1y0+x2y0"",""b"":""X"",""d"":12,""excl_opp_detectors"":""True"",""k"":12,""l"":12,""leak_heralds"":""False"",""leak_repump"":""False"",""leakage"":""False"",""loss"":""False"",""m"":6,""n"":144,""p"":0.001,""prllel_1q"":Infinity,""prllel_2q"":6,""r"":20,""repump_cycles"":3,""seq_meas"":""False"",""seq_ops"":""True"",""swapLRC"":""False""}",
        64,         0,         0,   0.209,bposd,1d42788997c955656e1579c9a1cc0f31acae501b320f438e36e23d7b8de7dc11,"{""A"":""x3y0+x0y1+x0y2"",""B"":""x0y3+x1y0+x2y0"",""b"":""X"",""d"":12,""excl_opp_detectors"":""True"",""k"":12,""l"":12,""leak_heralds"":""False"",""leak_repump"":""False"",""leakage"":""False"",""loss"":""False"",""m"":6,""n"":144,""p"":0.001,""prllel_1q"":Infinity,""prllel_2q"":6,""r"":20,""repump_cycles"":3,""seq_meas"":""False"",""seq_ops"":""True"",""swapLRC"":""False""}",
        16,         0,         0,   0.072,bposd,1d42788997c955656e1579c9a1cc0f31acae501b320f438e36e23d7b8de7dc11,"{""A"":""x3y0+x0y1+x0y2"",""B"":""x0y3+x1y0+x2y0"",""b"":""X"",""d"":12,""excl_opp_detectors"":""True"",""k"":12,""l"":12,""leak_heralds"":""False"",""leak_repump"":""False"",""leakage"":""False"",""loss"":""False"",""m"":6,""n"":144,""p"":0.001,""prllel_1q"":Infinity,""prllel_2q"":6,""r"":20,""repump_cycles"":3,""seq_meas"":""False"",""seq_ops"":""True"",""swapLRC"":""False""}",
        16,         0,         0,   0.101,bposd,1d42788997c955656e1579c9a1cc0f31acae501b320f438e36e23d7b8de7dc11,"{""A"":""x3y0+x0y1+x0y2"",""B"":""x0y3+x1y0+x2y0"",""b"":""X"",""d"":12,""excl_opp_detectors"":""True"",""k"":12,""l"":12,""leak_heralds"":""False"",""leak_repump"":""False"",""leakage"":""False"",""loss"":""False"",""m"":6,""n"":144,""p"":0.001,""prllel_1q"":Infinity,""prllel_2q"":6,""r"":20,""repump_cycles"":3,""seq_meas"":""False"",""seq_ops"":""True"",""swapLRC"":""False""}",
        64,         0,         0,   0.196,bposd,1d42788997c955656e1579c9a1cc0f31acae501b320f438e36e23d7b8de7dc11,"{""A"":""x3y0+x0y1+x0y2"",""B"":""x0y3+x1y0+x2y0"",""b"":""X"",""d"":12,""excl_opp_detectors"":""True"",""k"":12,""l"":12,""leak_heralds"":""False"",""leak_repump"":""False"",""leakage"":""False"",""loss"":""False"",""m"":6,""n"":144,""p"":0.001,""prllel_1q"":Infinity,""prllel_2q"":6,""r"":20,""repump_cycles"":3,""seq_meas"":""False"",""seq_ops"":""True"",""swapLRC"":""False""}",
         1,         0,         0,   0.018,bposd,1d42788997c955656e1579c9a1cc0f31acae501b320f438e36e23d7b8de7dc11,"{""A"":""x3y0+x0y1+x0y2"",""B"":""x0y3+x1y0+x2y0"",""b"":""X"",""d"":12,""excl_opp_detectors"":""True"",""k"":12,""l"":12,""leak_heralds"":""False"",""leak_repump"":""False"",""leakage"":""False"",""loss"":""False"",""m"":6,""n"":144,""p"":0.001,""prllel_1q"":Infinity,""prllel_2q"":6,""r"":20,""repump_cycles"":3,""seq_meas"":""False"",""seq_ops"":""True"",""swapLRC"":""False""}",
       128,         0,         0,   0.353,bposd,1d42788997c955656e1579c9a1cc0f31acae501b320f438e36e23d7b8de7dc11,"{""A"":""x3y0+x0y1+x0y2"",""B"":""x0y3+x1y0+x2y0"",""b"":""X"",""d"":12,""excl_opp_detectors"":""True"",""k"":12,""l"":12,""leak_heralds"":""False"",""leak_repump"":""False"",""leakage"":""False"",""loss"":""False"",""m"":6,""n"":144,""p"":0.001,""prllel_1q"":Infinity,""prllel_2q"":6,""r"":20,""repump_cycles"":3,""seq_meas"":""False"",""seq_ops"":""True"",""swapLRC"":""False""}",
       128,         0,         0,   0.380,bposd,1d42788997c955656e1579c9a1cc0f31acae501b320f438e36e23d7b8de7dc11,"{""A"":""x3y0+x0y1+x0y2"",""B"":""x0y3+x1y0+x2y0"",""b"":""X"",""d"":12,""excl_opp_detectors"":""True"",""k"":12,""l"":12,""leak_heralds"":""False"",""leak_repump"":""False"",""leakage"":""False"",""loss"":""False"",""m"":6,""n"":144,""p"":0.001,""prllel_1q"":Infinity,""prllel_2q"":6,""r"":20,""repump_cycles"":3,""seq_meas"":""False"",""seq_ops"":""True"",""swapLRC"":""False""}",
        64,         0,         0,   0.380,bposd,1d42788997c955656e1579c9a1cc0f31acae501b320f438e36e23d7b8de7dc11,"{""A"":""x3y0+x0y1+x0y2"",""B"":""x0y3+x1y0+x2y0"",""b"":""X"",""d"":12,""excl_opp_detectors"":""True"",""k"":12,""l"":12,""leak_heralds"":""False"",""leak_repump"":""False"",""leakage"":""False"",""loss"":""False"",""m"":6,""n"":144,""p"":0.001,""prllel_1q"":Infinity,""prllel_2q"":6,""r"":20,""repump_cycles"":3,""seq_meas"":""False"",""seq_ops"":""True"",""swapLRC"":""False""}",
       128,         0,         0,   0.383,bposd,1d42788997c955656e1579c9a1cc0f31acae501b320f438e36e23d7b8de7dc11,"{""A"":""x3y0+x0y1+x0y2"",""B"":""x0y3+x1y0+x2y0"",""b"":""X"",""d"":12,""excl_opp_detectors"":""True"",""k"":12,""l"":12,""leak_heralds"":""False"",""leak_repump"":""False"",""leakage"":""False"",""loss"":""False"",""m"":6,""n"":144,""p"":0.001,""prllel_1q"":Infinity,""prllel_2q"":6,""r"":20,""repump_cycles"":3,""seq_meas"":""False"",""seq_ops"":""True"",""swapLRC"":""False""}",
       128,         0,         0,   0.407,bposd,1d42788997c955656e1579c9a1cc0f31acae501b320f438e36e23d7b8de7dc11,"{""A"":""x3y0+x0y1+x0y2"",""B"":""x0y3+x1y0+x2y0"",""b"":""X"",""d"":12,""excl_opp_detectors"":""True"",""k"":12,""l"":12,""leak_heralds"":""False"",""leak_repump"":""False"",""leakage"":""False"",""loss"":""False"",""m"":6,""n"":144,""p"":0.001,""prllel_1q"":Infinity,""prllel_2q"":6,""r"":20,""repump_cycles"":3,""seq_meas"":""False"",""seq_ops"":""True"",""swapLRC"":""False""}",
       128,         0,         0,   0.387,bposd,1d42788997c955656e1579c9a1cc0f31acae501b320f438e36e23d7b8de7dc11,"{""A"":""x3y0+x0y1+x0y2"",""B"":""x0y3+x1y0+x2y0"",""b"":""X"",""d"":12,""excl_opp_detectors"":""True"",""k"":12,""l"":12,""leak_heralds"":""False"",""leak_repump"":""False"",""leakage"":""False"",""loss"":""False"",""m"":6,""n"":144,""p"":0.001,""prllel_1q"":Infinity,""prllel_2q"":6,""r"":20,""repump_cycles"":3,""seq_meas"":""False"",""seq_ops"":""True"",""swapLRC"":""False""}",
       128,         0,         0,   0.412,bposd,1d42788997c955656e1579c9a1cc0f31acae501b320f438e36e23d7b8de7dc11,"{""A"":""x3y0+x0y1+x0y2"",""B"":""x0y3+x1y0+x2y0"",""b"":""X"",""d"":12,""excl_opp_detectors"":""True"",""k"":12,""l"":12,""leak_heralds"":""False"",""leak_repump"":""False"",""leakage"":""False"",""loss"":""False"",""m"":6,""n"":144,""p"":0.001,""prllel_1q"":Infinity,""prllel_2q"":6,""r"":20,""repump_cycles"":3,""seq_meas"":""False"",""seq_ops"":""True"",""swapLRC"":""False""}",
       128,         0,         0,   0.397,bposd,1d42788997c955656e1579c9a1cc0f31acae501b320f438e36e23d7b8de7dc11,"{""A"":""x3y0+x0y1+x0y2"",""B"":""x0y3+x1y0+x2y0"",""b"":""X"",""d"":12,""excl_opp_detectors"":""True"",""k"":12,""l"":12,""leak_heralds"":""False"",""leak_repump"":""False"",""leakage"":""False"",""loss"":""False"",""m"":6,""n"":144,""p"":0.001,""prllel_1q"":Infinity,""prllel_2q"":6,""r"":20,""repump_cycles"":3,""seq_meas"":""False"",""seq_ops"":""True"",""swapLRC"":""False""}",
       128,         0,         0,   0.415,bposd,1d42788997c955656e1579c9a1cc0f31acae501b320f438e36e23d7b8de7dc11,"{""A"":""x3y0+x0y1+x0y2"",""B"":""x0y3+x1y0+x2y0"",""b"":""X"",""d"":12,""excl_opp_detectors"":""True"",""k"":12,""l"":12,""leak_heralds"":""False"",""leak_repump"":""False"",""leakage"":""False"",""loss"":""False"",""m"":6,""n"":144,""p"":0.001,""prllel_1q"":Infinity,""prllel_2q"":6,""r"":20,""repump_cycles"":3,""seq_meas"":""False"",""seq_ops"":""True"",""swapLRC"":""False""}",
       128,         0,         0,   0.388,bposd,1d42788997c955656e1579c9a1cc0f31acae501b320f438e36e23d7b8de7dc11,"{""A"":""x3y0+x0y1+x0y2"",""B"":""x0y3+x1y0+x2y0"",""b"":""X"",""d"":12,""excl_opp_detectors"":""True"",""k"":12,""l"":12,""leak_heralds"":""False"",""leak_repump"":""False"",""leakage"":""False"",""loss"":""False"",""m"":6,""n"":144,""p"":0.001,""prllel_1q"":Infinity,""prllel_2q"":6,""r"":20,""repump_cycles"":3,""seq_meas"":""False"",""seq_ops"":""True"",""swapLRC"":""False""}",
       128,         0,         0,   0.429,bposd,1d42788997c955656e1579c9a1cc0f31acae501b320f438e36e23d7b8de7dc11,"{""A"":""x3y0+x0y1+x0y2"",""B"":""x0y3+x1y0+x2y0"",""b"":""X"",""d"":12,""excl_opp_detectors"":""True"",""k"":12,""l"":12,""leak_heralds"":""False"",""leak_repump"":""False"",""leakage"":""False"",""loss"":""False"",""m"":6,""n"":144,""p"":0.001,""prllel_1q"":Infinity,""prllel_2q"":6,""r"":20,""repump_cycles"":3,""seq_meas"":""False"",""seq_ops"":""True"",""swapLRC"":""False""}",
       128,         0,         0,   0.428,bposd,1d42788997c955656e1579c9a1cc0f31acae501b320f438e36e23d7b8de7dc11,"{""A"":""x3y0+x0y1+x0y2"",""B"":""x0y3+x1y0+x2y0"",""b"":""X"",""d"":12,""excl_opp_detectors"":""True"",""k"":12,""l"":12,""leak_heralds"":""False"",""leak_repump"":""False"",""leakage"":""False"",""loss"":""False"",""m"":6,""n"":144,""p"":0.001,""prllel_1q"":Infinity,""prllel_2q"":6,""r"":20,""repump_cycles"":3,""seq_meas"":""False"",""seq_ops"":""True"",""swapLRC"":""False""}",
       128,         0,         0,   0.436,bposd,1d42788997c955656e1579c9a1cc0f31acae501b320f438e36e23d7b8de7dc11,"{""A"":""x3y0+x0y1+x0y2"",""B"":""x0y3+x1y0+x2y0"",""b"":""X"",""d"":12,""excl_opp_detectors"":""True"",""k"":12,""l"":12,""leak_heralds"":""False"",""leak_repump"":""False"",""leakage"":""False"",""loss"":""False"",""m"":6,""n"":144,""p"":0.001,""prllel_1q"":Infinity,""prllel_2q"":6,""r"":20,""repump_cycles"":3,""seq_meas"":""False"",""seq_ops"":""True"",""swapLRC"":""False""}",
       128,         0,         0,   0.420,bposd,1d42788997c955656e1579c9a1cc0f31acae501b320f438e36e23d7b8de7dc11,"{""A"":""x3y0+x0y1+x0y2"",""B"":""x0y3+x1y0+x2y0"",""b"":""X"",""d"":12,""excl_opp_detectors"":""True"",""k"":12,""l"":12,""leak_heralds"":""False"",""leak_repump"":""False"",""leakage"":""False"",""loss"":""False"",""m"":6,""n"":144,""p"":0.001,""prllel_1q"":Infinity,""prllel_2q"":6,""r"":20,""repump_cycles"":3,""seq_meas"":""False"",""seq_ops"":""True"",""swapLRC"":""False""}",
        16,         0,         0,   0.112,bposd,1d42788997c955656e1579c9a1cc0f31acae501b320f438e36e23d7b8de7dc11,"{""A"":""x3y0+x0y1+x0y2"",""B"":""x0y3+x1y0+x2y0"",""b"":""X"",""d"":12,""excl_opp_detectors"":""True"",""k"":12,""l"":12,""leak_heralds"":""False"",""leak_repump"":""False"",""leakage"":""False"",""loss"":""False"",""m"":6,""n"":144,""p"":0.001,""prllel_1q"":Infinity,""prllel_2q"":6,""r"":20,""repump_cycles"":3,""seq_meas"":""False"",""seq_ops"":""True"",""swapLRC"":""False""}",
        64,         0,         0,   0.214,bposd,1d42788997c955656e1579c9a1cc0f31acae501b320f438e36e23d7b8de7dc11,"{""A"":""x3y0+x0y1+x0y2"",""B"":""x0y3+x1y0+x2y0"",""b"":""X"",""d"":12,""excl_opp_detectors"":""True"",""k"":12,""l"":12,""leak_heralds"":""False"",""leak_repump"":""False"",""leakage"":""False"",""loss"":""False"",""m"":6,""n"":144,""p"":0.001,""prllel_1q"":Infinity,""prllel_2q"":6,""r"":20,""repump_cycles"":3,""seq_meas"":""False"",""seq_ops"":""True"",""swapLRC"":""False""}",
        64,         0,         0,   0.197,bposd,1d42788997c955656e1579c9a1cc0f31acae501b320f438e36e23d7b8de7dc11,"{""A"":""x3y0+x0y1+x0y2"",""B"":""x0y3+x1y0+x2y0"",""b"":""X"",""d"":12,""excl_opp_detectors"":""True"",""k"":12,""l"":12,""leak_heralds"":""False"",""leak_repump"":""False"",""leakage"":""False"",""loss"":""False"",""m"":6,""n"":144,""p"":0.001,""prllel_1q"":Infinity,""prllel_2q"":6,""r"":20,""repump_cycles"":3,""seq_meas"":""False"",""seq_ops"":""True"",""swapLRC"":""False""}",
        64,         0,         0,   0.432,bposd,1d42788997c955656e1579c9a1cc0f31acae501b320f438e36e23d7b8de7dc11,"{""A"":""x3y0+x0y1+x0y2"",""B"":""x0y3+x1y0+x2y0"",""b"":""X"",""d"":12,""excl_opp_detectors"":""True"",""k"":12,""l"":12,""leak_heralds"":""False"",""leak_repump"":""False"",""leakage"":""False"",""loss"":""False"",""m"":6,""n"":144,""p"":0.001,""prllel_1q"":Infinity,""prllel_2q"":6,""r"":20,""repump_cycles"":3,""seq_meas"":""False"",""seq_ops"":""True"",""swapLRC"":""False""}",
       128,         0,         0,   0.395,bposd,1d42788997c955656e1579c9a1cc0f31acae501b320f438e36e23d7b8de7dc11,"{""A"":""x3y0+x0y1+x0y2"",""B"":""x0y3+x1y0+x2y0"",""b"":""X"",""d"":12,""excl_opp_detectors"":""True"",""k"":12,""l"":12,""leak_heralds"":""False"",""leak_repump"":""False"",""leakage"":""False"",""loss"":""False"",""m"":6,""n"":144,""p"":0.001,""prllel_1q"":Infinity,""prllel_2q"":6,""r"":20,""repump_cycles"":3,""seq_meas"":""False"",""seq_ops"":""True"",""swapLRC"":""False""}",
       128,         0,         0,   0.465,bposd,1d42788997c955656e1579c9a1cc0f31acae501b320f438e36e23d7b8de7dc11,"{""A"":""x3y0+x0y1+x0y2"",""B"":""x0y3+x1y0+x2y0"",""b"":""X"",""d"":12,""excl_opp_detectors"":""True"",""k"":12,""l"":12,""leak_heralds"":""False"",""leak_repump"":""False"",""leakage"":""False"",""loss"":""False"",""m"":6,""n"":144,""p"":0.001,""prllel_1q"":Infinity,""prllel_2q"":6,""r"":20,""repump_cycles"":3,""seq_meas"":""False"",""seq_ops"":""True"",""swapLRC"":""False""}",
       128,         0,         0,   0.439,bposd,1d42788997c955656e1579c9a1cc0f31acae501b320f438e36e23d7b8de7dc11,"{""A"":""x3y0+x0y1+x0y2"",""B"":""x0y3+x1y0+x2y0"",""b"":""X"",""d"":12,""excl_opp_detectors"":""True"",""k"":12,""l"":12,""leak_heralds"":""False"",""leak_repump"":""False"",""leakage"":""False"",""loss"":""False"",""m"":6,""n"":144,""p"":0.001,""prllel_1q"":Infinity,""prllel_2q"":6,""r"":20,""repump_cycles"":3,""seq_meas"":""False"",""seq_ops"":""True"",""swapLRC"":""False""}",
       128,         0,         0,   0.385,bposd,1d42788997c955656e1579c9a1cc0f31acae501b320f438e36e23d7b8de7dc11,"{""A"":""x3y0+x0y1+x0y2"",""B"":""x0y3+x1y0+x2y0"",""b"":""X"",""d"":12,""excl_opp_detectors"":""True"",""k"":12,""l"":12,""leak_heralds"":""False"",""leak_repump"":""False"",""leakage"":""False"",""loss"":""False"",""m"":6,""n"":144,""p"":0.001,""prllel_1q"":Infinity,""prllel_2q"":6,""r"":20,""repump_cycles"":3,""seq_meas"":""False"",""seq_ops"":""True"",""swapLRC"":""False""}",
        64,         0,         0,   0.177,bposd,1d42788997c955656e1579c9a1cc0f31acae501b320f438e36e23d7b8de7dc11,"{""A"":""x3y0+x0y1+x0y2"",""B"":""x0y3+x1y0+x2y0"",""b"":""X"",""d"":12,""excl_opp_detectors"":""True"",""k"":12,""l"":12,""leak_heralds"":""False"",""leak_repump"":""False"",""leakage"":""False"",""loss"":""False"",""m"":6,""n"":144,""p"":0.001,""prllel_1q"":Infinity,""prllel_2q"":6,""r"":20,""repump_cycles"":3,""seq_meas"":""False"",""seq_ops"":""True"",""swapLRC"":""False""}",
       128,         0,         0,   0.389,bposd,1d42788997c955656e1579c9a1cc0f31acae501b320f438e36e23d7b8de7dc11,"{""A"":""x3y0+x0y1+x0y2"",""B"":""x0y3+x1y0+x2y0"",""b"":""X"",""d"":12,""excl_opp_detectors"":""True"",""k"":12,""l"":12,""leak_heralds"":""False"",""leak_repump"":""False"",""leakage"":""False"",""loss"":""False"",""m"":6,""n"":144,""p"":0.001,""prllel_1q"":Infinity,""prllel_2q"":6,""r"":20,""repump_cycles"":3,""seq_meas"":""False"",""seq_ops"":""True"",""swapLRC"":""False""}",
       128,         0,         0,   0.423,bposd,1d42788997c955656e1579c9a1cc0f31acae501b320f438e36e23d7b8de7dc11,"{""A"":""x3y0+x0y1+x0y2"",""B"":""x0y3+x1y0+x2y0"",""b"":""X"",""d"":12,""excl_opp_detectors"":""True"",""k"":12,""l"":12,""leak_heralds"":""False"",""leak_repump"":""False"",""leakage"":""False"",""loss"":""False"",""m"":6,""n"":144,""p"":0.001,""prllel_1q"":Infinity,""prllel_2q"":6,""r"":20,""repump_cycles"":3,""seq_meas"":""False"",""seq_ops"":""True"",""swapLRC"":""False""}",
       128,         0,         0,   0.485,bposd,1d42788997c955656e1579c9a1cc0f31acae501b320f438e36e23d7b8de7dc11,"{""A"":""x3y0+x0y1+x0y2"",""B"":""x0y3+x1y0+x2y0"",""b"":""X"",""d"":12,""excl_opp_detectors"":""True"",""k"":12,""l"":12,""leak_heralds"":""False"",""leak_repump"":""False"",""leakage"":""False"",""loss"":""False"",""m"":6,""n"":144,""p"":0.001,""prllel_1q"":Infinity,""prllel_2q"":6,""r"":20,""repump_cycles"":3,""seq_meas"":""False"",""seq_ops"":""True"",""swapLRC"":""False""}",
       128,         0,         0,   0.427,bposd,1d42788997c955656e1579c9a1cc0f31acae501b320f438e36e23d7b8de7dc11,"{""A"":""x3y0+x0y1+x0y2"",""B"":""x0y3+x1y0+x2y0"",""b"":""X"",""d"":12,""excl_opp_detectors"":""True"",""k"":12,""l"":12,""leak_heralds"":""False"",""leak_repump"":""False"",""leakage"":""False"",""loss"":""False"",""m"":6,""n"":144,""p"":0.001,""prllel_1q"":Infinity,""prllel_2q"":6,""r"":20,""repump_cycles"":3,""seq_meas"":""False"",""seq_ops"":""True"",""swapLRC"":""False""}",
       128,         0,         0,   0.508,bposd,1d42788997c955656e1579c9a1cc0f31acae501b320f438e36e23d7b8de7dc11,"{""A"":""x3y0+x0y1+x0y2"",""B"":""x0y3+x1y0+x2y0"",""b"":""X"",""d"":12,""excl_opp_detectors"":""True"",""k"":12,""l"":12,""leak_heralds"":""False"",""leak_repump"":""False"",""leakage"":""False"",""loss"":""False"",""m"":6,""n"":144,""p"":0.001,""prllel_1q"":Infinity,""prllel_2q"":6,""r"":20,""repump_cycles"":3,""seq_meas"":""False"",""seq_ops"":""True"",""swapLRC"":""False""}",
       128,         0,         0,   0.484,bposd,1d42788997c955656e1579c9a1cc0f31acae501b320f438e36e23d7b8de7dc11,"{""A"":""x3y0+x0y1+x0y2"",""B"":""x0y3+x1y0+x2y0"",""b"":""X"",""d"":12,""excl_opp_detectors"":""True"",""k"":12,""l"":12,""leak_heralds"":""False"",""leak_repump"":""False"",""leakage"":""False"",""loss"":""False"",""m"":6,""n"":144,""p"":0.001,""prllel_1q"":Infinity,""prllel_2q"":6,""r"":20,""repump_cycles"":3,""seq_meas"":""False"",""seq_ops"":""True"",""swapLRC"":""False""}",
       128,         0,         0,   0.481,bposd,1d42788997c955656e1579c9a1cc0f31acae501b320f438e36e23d7b8de7dc11,"{""A"":""x3y0+x0y1+x0y2"",""B"":""x0y3+x1y0+x2y0"",""b"":""X"",""d"":12,""excl_opp_detectors"":""True"",""k"":12,""l"":12,""leak_heralds"":""False"",""leak_repump"":""False"",""leakage"":""False"",""loss"":""False"",""m"":6,""n"":144,""p"":0.001,""prllel_1q"":Infinity,""prllel_2q"":6,""r"":20,""repump_cycles"":3,""seq_meas"":""False"",""seq_ops"":""True"",""swapLRC"":""False""}",
       128,         0,         0,   0.402,bposd,1d42788997c955656e1579c9a1cc0f31acae501b320f438e36e23d7b8de7dc11,"{""A"":""x3y0+x0y1+x0y2"",""B"":""x0y3+x1y0+x2y0"",""b"":""X"",""d"":12,""excl_opp_detectors"":""True"",""k"":12,""l"":12,""leak_heralds"":""False"",""leak_repump"":""False"",""leakage"":""False"",""loss"":""False"",""m"":6,""n"":144,""p"":0.001,""prllel_1q"":Infinity,""prllel_2q"":6,""r"":20,""repump_cycles"":3,""seq_meas"":""False"",""seq_ops"":""True"",""swapLRC"":""False""}",
       128,         0,         0,   0.413,bposd,1d42788997c955656e1579c9a1cc0f31acae501b320f438e36e23d7b8de7dc11,"{""A"":""x3y0+x0y1+x0y2"",""B"":""x0y3+x1y0+x2y0"",""b"":""X"",""d"":12,""excl_opp_detectors"":""True"",""k"":12,""l"":12,""leak_heralds"":""False"",""leak_repump"":""False"",""leakage"":""False"",""loss"":""False"",""m"":6,""n"":144,""p"":0.001,""prllel_1q"":Infinity,""prllel_2q"":6,""r"":20,""repump_cycles"":3,""seq_meas"":""False"",""seq_ops"":""True"",""swapLRC"":""False""}",
       128,         0,         0,   0.386,bposd,1d42788997c955656e1579c9a1cc0f31acae501b320f438e36e23d7b8de7dc11,"{""A"":""x3y0+x0y1+x0y2"",""B"":""x0y3+x1y0+x2y0"",""b"":""X"",""d"":12,""excl_opp_detectors"":""True"",""k"":12,""l"":12,""leak_heralds"":""False"",""leak_repump"":""False"",""leakage"":""False"",""loss"":""False"",""m"":6,""n"":144,""p"":0.001,""prllel_1q"":Infinity,""prllel_2q"":6,""r"":20,""repump_cycles"":3,""seq_meas"":""False"",""seq_ops"":""True"",""swapLRC"":""False""}",
       128,         0,         0,   0.545,bposd,1d42788997c955656e1579c9a1cc0f31acae501b320f438e36e23d7b8de7dc11,"{""A"":""x3y0+x0y1+x0y2"",""B"":""x0y3+x1y0+x2y0"",""b"":""X"",""d"":12,""excl_opp_detectors"":""True"",""k"":12,""l"":12,""leak_heralds"":""False"",""leak_repump"":""False"",""leakage"":""False"",""loss"":""False"",""m"":6,""n"":144,""p"":0.001,""prllel_1q"":Infinity,""prllel_2q"":6,""r"":20,""repump_cycles"":3,""seq_meas"":""False"",""seq_ops"":""True"",""swapLRC"":""False""}",
       128,         0,         0,   0.393,bposd,1d42788997c955656e1579c9a1cc0f31acae501b320f438e36e23d7b8de7dc11,"{""A"":""x3y0+x0y1+x0y2"",""B"":""x0y3+x1y0+x2y0"",""b"":""X"",""d"":12,""excl_opp_detectors"":""True"",""k"":12,""l"":12,""leak_heralds"":""False"",""leak_repump"":""False"",""leakage"":""False"",""loss"":""False"",""m"":6,""n"":144,""p"":0.001,""prllel_1q"":Infinity,""prllel_2q"":6,""r"":20,""repump_cycles"":3,""seq_meas"":""False"",""seq_ops"":""True"",""swapLRC"":""False""}",
       128,         0,         0,   0.356,bposd,1d42788997c955656e1579c9a1cc0f31acae501b320f438e36e23d7b8de7dc11,"{""A"":""x3y0+x0y1+x0y2"",""B"":""x0y3+x1y0+x2y0"",""b"":""X"",""d"":12,""excl_opp_detectors"":""True"",""k"":12,""l"":12,""leak_heralds"":""False"",""leak_repump"":""False"",""leakage"":""False"",""loss"":""False"",""m"":6,""n"":144,""p"":0.001,""prllel_1q"":Infinity,""prllel_2q"":6,""r"":20,""repump_cycles"":3,""seq_meas"":""False"",""seq_ops"":""True"",""swapLRC"":""False""}",
       128,         0,         0,   0.461,bposd,1d42788997c955656e1579c9a1cc0f31acae501b320f438e36e23d7b8de7dc11,"{""A"":""x3y0+x0y1+x0y2"",""B"":""x0y3+x1y0+x2y0"",""b"":""X"",""d"":12,""excl_opp_detectors"":""True"",""k"":12,""l"":12,""leak_heralds"":""False"",""leak_repump"":""False"",""leakage"":""False"",""loss"":""False"",""m"":6,""n"":144,""p"":0.001,""prllel_1q"":Infinity,""prllel_2q"":6,""r"":20,""repump_cycles"":3,""seq_meas"":""False"",""seq_ops"":""True"",""swapLRC"":""False""}",
       128,         0,         0,   0.433,bposd,1d42788997c955656e1579c9a1cc0f31acae501b320f438e36e23d7b8de7dc11,"{""A"":""x3y0+x0y1+x0y2"",""B"":""x0y3+x1y0+x2y0"",""b"":""X"",""d"":12,""excl_opp_detectors"":""True"",""k"":12,""l"":12,""leak_heralds"":""False"",""leak_repump"":""False"",""leakage"":""False"",""loss"":""False"",""m"":6,""n"":144,""p"":0.001,""prllel_1q"":Infinity,""prllel_2q"":6,""r"":20,""repump_cycles"":3,""seq_meas"":""False"",""seq_ops"":""True"",""swapLRC"":""False""}",
       128,         0,         0,   0.434,bposd,1d42788997c955656e1579c9a1cc0f31acae501b320f438e36e23d7b8de7dc11,"{""A"":""x3y0+x0y1+x0y2"",""B"":""x0y3+x1y0+x2y0"",""b"":""X"",""d"":12,""excl_opp_detectors"":""True"",""k"":12,""l"":12,""leak_heralds"":""False"",""leak_repump"":""False"",""leakage"":""False"",""loss"":""False"",""m"":6,""n"":144,""p"":0.001,""prllel_1q"":Infinity,""prllel_2q"":6,""r"":20,""repump_cycles"":3,""seq_meas"":""False"",""seq_ops"":""True"",""swapLRC"":""False""}",
       128,         0,         0,   0.384,bposd,1d42788997c955656e1579c9a1cc0f31acae501b320f438e36e23d7b8de7dc11,"{""A"":""x3y0+x0y1+x0y2"",""B"":""x0y3+x1y0+x2y0"",""b"":""X"",""d"":12,""excl_opp_detectors"":""True"",""k"":12,""l"":12,""leak_heralds"":""False"",""leak_repump"":""False"",""leakage"":""False"",""loss"":""False"",""m"":6,""n"":144,""p"":0.001,""prllel_1q"":Infinity,""prllel_2q"":6,""r"":20,""repump_cycles"":3,""seq_meas"":""False"",""seq_ops"":""True"",""swapLRC"":""False""}",
       128,         0,         0,   0.415,bposd,1d42788997c955656e1579c9a1cc0f31acae501b320f438e36e23d7b8de7dc11,"{""A"":""x3y0+x0y1+x0y2"",""B"":""x0y3+x1y0+x2y0"",""b"":""X"",""d"":12,""excl_opp_detectors"":""True"",""k"":12,""l"":12,""leak_heralds"":""False"",""leak_repump"":""False"",""leakage"":""False"",""loss"":""False"",""m"":6,""n"":144,""p"":0.001,""prllel_1q"":Infinity,""prllel_2q"":6,""r"":20,""repump_cycles"":3,""seq_meas"":""False"",""seq_ops"":""True"",""swapLRC"":""False""}",
       128,         0,         0,   0.395,bposd,1d42788997c955656e1579c9a1cc0f31acae501b320f438e36e23d7b8de7dc11,"{""A"":""x3y0+x0y1+x0y2"",""B"":""x0y3+x1y0+x2y0"",""b"":""X"",""d"":12,""excl_opp_detectors"":""True"",""k"":12,""l"":12,""leak_heralds"":""False"",""leak_repump"":""False"",""leakage"":""False"",""loss"":""False"",""m"":6,""n"":144,""p"":0.001,""prllel_1q"":Infinity,""prllel_2q"":6,""r"":20,""repump_cycles"":3,""seq_meas"":""False"",""seq_ops"":""True"",""swapLRC"":""False""}",
       128,         0,         0,   0.448,bposd,1d42788997c955656e1579c9a1cc0f31acae501b320f438e36e23d7b8de7dc11,"{""A"":""x3y0+x0y1+x0y2"",""B"":""x0y3+x1y0+x2y0"",""b"":""X"",""d"":12,""excl_opp_detectors"":""True"",""k"":12,""l"":12,""leak_heralds"":""False"",""leak_repump"":""False"",""leakage"":""False"",""loss"":""False"",""m"":6,""n"":144,""p"":0.001,""prllel_1q"":Infinity,""prllel_2q"":6,""r"":20,""repump_cycles"":3,""seq_meas"":""False"",""seq_ops"":""True"",""swapLRC"":""False""}",
        64,         0,         0,   0.229,bposd,1d42788997c955656e1579c9a1cc0f31acae501b320f438e36e23d7b8de7dc11,"{""A"":""x3y0+x0y1+x0y2"",""B"":""x0y3+x1y0+x2y0"",""b"":""X"",""d"":12,""excl_opp_detectors"":""True"",""k"":12,""l"":12,""leak_heralds"":""False"",""leak_repump"":""False"",""leakage"":""False"",""loss"":""False"",""m"":6,""n"":144,""p"":0.001,""prllel_1q"":Infinity,""prllel_2q"":6,""r"":20,""repump_cycles"":3,""seq_meas"":""False"",""seq_ops"":""True"",""swapLRC"":""False""}",
       128,         0,         0,   0.528,bposd,1d42788997c955656e1579c9a1cc0f31acae501b320f438e36e23d7b8de7dc11,"{""A"":""x3y0+x0y1+x0y2"",""B"":""x0y3+x1y0+x2y0"",""b"":""X"",""d"":12,""excl_opp_detectors"":""True"",""k"":12,""l"":12,""leak_heralds"":""False"",""leak_repump"":""False"",""leakage"":""False"",""loss"":""False"",""m"":6,""n"":144,""p"":0.001,""prllel_1q"":Infinity,""prllel_2q"":6,""r"":20,""repump_cycles"":3,""seq_meas"":""False"",""seq_ops"":""True"",""swapLRC"":""False""}",
       128,         0,         0,   0.463,bposd,1d42788997c955656e1579c9a1cc0f31acae501b320f438e36e23d7b8de7dc11,"{""A"":""x3y0+x0y1+x0y2"",""B"":""x0y3+x1y0+x2y0"",""b"":""X"",""d"":12,""excl_opp_detectors"":""True"",""k"":12,""l"":12,""leak_heralds"":""False"",""leak_repump"":""False"",""leakage"":""False"",""loss"":""False"",""m"":6,""n"":144,""p"":0.001,""prllel_1q"":Infinity,""prllel_2q"":6,""r"":20,""repump_cycles"":3,""seq_meas"":""False"",""seq_ops"":""True"",""swapLRC"":""False""}",
       128,         0,         0,   0.372,bposd,1d42788997c955656e1579c9a1cc0f31acae501b320f438e36e23d7b8de7dc11,"{""A"":""x3y0+x0y1+x0y2"",""B"":""x0y3+x1y0+x2y0"",""b"":""X"",""d"":12,""excl_opp_detectors"":""True"",""k"":12,""l"":12,""leak_heralds"":""False"",""leak_repump"":""False"",""leakage"":""False"",""loss"":""False"",""m"":6,""n"":144,""p"":0.001,""prllel_1q"":Infinity,""prllel_2q"":6,""r"":20,""repump_cycles"":3,""seq_meas"":""False"",""seq_ops"":""True"",""swapLRC"":""False""}",
       128,         0,         0,   0.394,bposd,1d42788997c955656e1579c9a1cc0f31acae501b320f438e36e23d7b8de7dc11,"{""A"":""x3y0+x0y1+x0y2"",""B"":""x0y3+x1y0+x2y0"",""b"":""X"",""d"":12,""excl_opp_detectors"":""True"",""k"":12,""l"":12,""leak_heralds"":""False"",""leak_repump"":""False"",""leakage"":""False"",""loss"":""False"",""m"":6,""n"":144,""p"":0.001,""prllel_1q"":Infinity,""prllel_2q"":6,""r"":20,""repump_cycles"":3,""seq_meas"":""False"",""seq_ops"":""True"",""swapLRC"":""False""}",
       128,         0,         0,   0.396,bposd,1d42788997c955656e1579c9a1cc0f31acae501b320f438e36e23d7b8de7dc11,"{""A"":""x3y0+x0y1+x0y2"",""B"":""x0y3+x1y0+x2y0"",""b"":""X"",""d"":12,""excl_opp_detectors"":""True"",""k"":12,""l"":12,""leak_heralds"":""False"",""leak_repump"":""False"",""leakage"":""False"",""loss"":""False"",""m"":6,""n"":144,""p"":0.001,""prllel_1q"":Infinity,""prllel_2q"":6,""r"":20,""repump_cycles"":3,""seq_meas"":""False"",""seq_ops"":""True"",""swapLRC"":""False""}",
       128,         0,         0,   0.419,bposd,1d42788997c955656e1579c9a1cc0f31acae501b320f438e36e23d7b8de7dc11,"{""A"":""x3y0+x0y1+x0y2"",""B"":""x0y3+x1y0+x2y0"",""b"":""X"",""d"":12,""excl_opp_detectors"":""True"",""k"":12,""l"":12,""leak_heralds"":""False"",""leak_repump"":""False"",""leakage"":""False"",""loss"":""False"",""m"":6,""n"":144,""p"":0.001,""prllel_1q"":Infinity,""prllel_2q"":6,""r"":20,""repump_cycles"":3,""seq_meas"":""False"",""seq_ops"":""True"",""swapLRC"":""False""}",
        64,         0,         0,   0.226,bposd,1d42788997c955656e1579c9a1cc0f31acae501b320f438e36e23d7b8de7dc11,"{""A"":""x3y0+x0y1+x0y2"",""B"":""x0y3+x1y0+x2y0"",""b"":""X"",""d"":12,""excl_opp_detectors"":""True"",""k"":12,""l"":12,""leak_heralds"":""False"",""leak_repump"":""False"",""leakage"":""False"",""loss"":""False"",""m"":6,""n"":144,""p"":0.001,""prllel_1q"":Infinity,""prllel_2q"":6,""r"":20,""repump_cycles"":3,""seq_meas"":""False"",""seq_ops"":""True"",""swapLRC"":""False""}",
       128,         0,         0,   0.425,bposd,1d42788997c955656e1579c9a1cc0f31acae501b320f438e36e23d7b8de7dc11,"{""A"":""x3y0+x0y1+x0y2"",""B"":""x0y3+x1y0+x2y0"",""b"":""X"",""d"":12,""excl_opp_detectors"":""True"",""k"":12,""l"":12,""leak_heralds"":""False"",""leak_repump"":""False"",""leakage"":""False"",""loss"":""False"",""m"":6,""n"":144,""p"":0.001,""prllel_1q"":Infinity,""prllel_2q"":6,""r"":20,""repump_cycles"":3,""seq_meas"":""False"",""seq_ops"":""True"",""swapLRC"":""False""}",
       128,         0,         0,   0.424,bposd,1d42788997c955656e1579c9a1cc0f31acae501b320f438e36e23d7b8de7dc11,"{""A"":""x3y0+x0y1+x0y2"",""B"":""x0y3+x1y0+x2y0"",""b"":""X"",""d"":12,""excl_opp_detectors"":""True"",""k"":12,""l"":12,""leak_heralds"":""False"",""leak_repump"":""False"",""leakage"":""False"",""loss"":""False"",""m"":6,""n"":144,""p"":0.001,""prllel_1q"":Infinity,""prllel_2q"":6,""r"":20,""repump_cycles"":3,""seq_meas"":""False"",""seq_ops"":""True"",""swapLRC"":""False""}",
       128,         0,         0,   0.399,bposd,1d42788997c955656e1579c9a1cc0f31acae501b320f438e36e23d7b8de7dc11,"{""A"":""x3y0+x0y1+x0y2"",""B"":""x0y3+x1y0+x2y0"",""b"":""X"",""d"":12,""excl_opp_detectors"":""True"",""k"":12,""l"":12,""leak_heralds"":""False"",""leak_repump"":""False"",""leakage"":""False"",""loss"":""False"",""m"":6,""n"":144,""p"":0.001,""prllel_1q"":Infinity,""prllel_2q"":6,""r"":20,""repump_cycles"":3,""seq_meas"":""False"",""seq_ops"":""True"",""swapLRC"":""False""}",
       128,         0,         0,   0.420,bposd,1d42788997c955656e1579c9a1cc0f31acae501b320f438e36e23d7b8de7dc11,"{""A"":""x3y0+x0y1+x0y2"",""B"":""x0y3+x1y0+x2y0"",""b"":""X"",""d"":12,""excl_opp_detectors"":""True"",""k"":12,""l"":12,""leak_heralds"":""False"",""leak_repump"":""False"",""leakage"":""False"",""loss"":""False"",""m"":6,""n"":144,""p"":0.001,""prllel_1q"":Infinity,""prllel_2q"":6,""r"":20,""repump_cycles"":3,""seq_meas"":""False"",""seq_ops"":""True"",""swapLRC"":""False""}",
       128,         0,         0,   0.409,bposd,1d42788997c955656e1579c9a1cc0f31acae501b320f438e36e23d7b8de7dc11,"{""A"":""x3y0+x0y1+x0y2"",""B"":""x0y3+x1y0+x2y0"",""b"":""X"",""d"":12,""excl_opp_detectors"":""True"",""k"":12,""l"":12,""leak_heralds"":""False"",""leak_repump"":""False"",""leakage"":""False"",""loss"":""False"",""m"":6,""n"":144,""p"":0.001,""prllel_1q"":Infinity,""prllel_2q"":6,""r"":20,""repump_cycles"":3,""seq_meas"":""False"",""seq_ops"":""True"",""swapLRC"":""False""}",
       128,         0,         0,   0.420,bposd,1d42788997c955656e1579c9a1cc0f31acae501b320f438e36e23d7b8de7dc11,"{""A"":""x3y0+x0y1+x0y2"",""B"":""x0y3+x1y0+x2y0"",""b"":""X"",""d"":12,""excl_opp_detectors"":""True"",""k"":12,""l"":12,""leak_heralds"":""False"",""leak_repump"":""False"",""leakage"":""False"",""loss"":""False"",""m"":6,""n"":144,""p"":0.001,""prllel_1q"":Infinity,""prllel_2q"":6,""r"":20,""repump_cycles"":3,""seq_meas"":""False"",""seq_ops"":""True"",""swapLRC"":""False""}",
       128,         0,         0,   0.438,bposd,1d42788997c955656e1579c9a1cc0f31acae501b320f438e36e23d7b8de7dc11,"{""A"":""x3y0+x0y1+x0y2"",""B"":""x0y3+x1y0+x2y0"",""b"":""X"",""d"":12,""excl_opp_detectors"":""True"",""k"":12,""l"":12,""leak_heralds"":""False"",""leak_repump"":""False"",""leakage"":""False"",""loss"":""False"",""m"":6,""n"":144,""p"":0.001,""prllel_1q"":Infinity,""prllel_2q"":6,""r"":20,""repump_cycles"":3,""seq_meas"":""False"",""seq_ops"":""True"",""swapLRC"":""False""}",
       128,         0,         0,   0.421,bposd,1d42788997c955656e1579c9a1cc0f31acae501b320f438e36e23d7b8de7dc11,"{""A"":""x3y0+x0y1+x0y2"",""B"":""x0y3+x1y0+x2y0"",""b"":""X"",""d"":12,""excl_opp_detectors"":""True"",""k"":12,""l"":12,""leak_heralds"":""False"",""leak_repump"":""False"",""leakage"":""False"",""loss"":""False"",""m"":6,""n"":144,""p"":0.001,""prllel_1q"":Infinity,""prllel_2q"":6,""r"":20,""repump_cycles"":3,""seq_meas"":""False"",""seq_ops"":""True"",""swapLRC"":""False""}",
        64,         0,         0,   0.282,bposd,1d42788997c955656e1579c9a1cc0f31acae501b320f438e36e23d7b8de7dc11,"{""A"":""x3y0+x0y1+x0y2"",""B"":""x0y3+x1y0+x2y0"",""b"":""X"",""d"":12,""excl_opp_detectors"":""True"",""k"":12,""l"":12,""leak_heralds"":""False"",""leak_repump"":""False"",""leakage"":""False"",""loss"":""False"",""m"":6,""n"":144,""p"":0.001,""prllel_1q"":Infinity,""prllel_2q"":6,""r"":20,""repump_cycles"":3,""seq_meas"":""False"",""seq_ops"":""True"",""swapLRC"":""False""}",
       128,         0,         0,   0.366,bposd,1d42788997c955656e1579c9a1cc0f31acae501b320f438e36e23d7b8de7dc11,"{""A"":""x3y0+x0y1+x0y2"",""B"":""x0y3+x1y0+x2y0"",""b"":""X"",""d"":12,""excl_opp_detectors"":""True"",""k"":12,""l"":12,""leak_heralds"":""False"",""leak_repump"":""False"",""leakage"":""False"",""loss"":""False"",""m"":6,""n"":144,""p"":0.001,""prllel_1q"":Infinity,""prllel_2q"":6,""r"":20,""repump_cycles"":3,""seq_meas"":""False"",""seq_ops"":""True"",""swapLRC"":""False""}",
       128,         0,         0,   0.507,bposd,1d42788997c955656e1579c9a1cc0f31acae501b320f438e36e23d7b8de7dc11,"{""A"":""x3y0+x0y1+x0y2"",""B"":""x0y3+x1y0+x2y0"",""b"":""X"",""d"":12,""excl_opp_detectors"":""True"",""k"":12,""l"":12,""leak_heralds"":""False"",""leak_repump"":""False"",""leakage"":""False"",""loss"":""False"",""m"":6,""n"":144,""p"":0.001,""prllel_1q"":Infinity,""prllel_2q"":6,""r"":20,""repump_cycles"":3,""seq_meas"":""False"",""seq_ops"":""True"",""swapLRC"":""False""}",
       128,         0,         0,   0.500,bposd,1d42788997c955656e1579c9a1cc0f31acae501b320f438e36e23d7b8de7dc11,"{""A"":""x3y0+x0y1+x0y2"",""B"":""x0y3+x1y0+x2y0"",""b"":""X"",""d"":12,""excl_opp_detectors"":""True"",""k"":12,""l"":12,""leak_heralds"":""False"",""leak_repump"":""False"",""leakage"":""False"",""loss"":""False"",""m"":6,""n"":144,""p"":0.001,""prllel_1q"":Infinity,""prllel_2q"":6,""r"":20,""repump_cycles"":3,""seq_meas"":""False"",""seq_ops"":""True"",""swapLRC"":""False""}",
       128,         0,         0,   0.378,bposd,1d42788997c955656e1579c9a1cc0f31acae501b320f438e36e23d7b8de7dc11,"{""A"":""x3y0+x0y1+x0y2"",""B"":""x0y3+x1y0+x2y0"",""b"":""X"",""d"":12,""excl_opp_detectors"":""True"",""k"":12,""l"":12,""leak_heralds"":""False"",""leak_repump"":""False"",""leakage"":""False"",""loss"":""False"",""m"":6,""n"":144,""p"":0.001,""prllel_1q"":Infinity,""prllel_2q"":6,""r"":20,""repump_cycles"":3,""seq_meas"":""False"",""seq_ops"":""True"",""swapLRC"":""False""}",
       128,         0,         0,   0.385,bposd,1d42788997c955656e1579c9a1cc0f31acae501b320f438e36e23d7b8de7dc11,"{""A"":""x3y0+x0y1+x0y2"",""B"":""x0y3+x1y0+x2y0"",""b"":""X"",""d"":12,""excl_opp_detectors"":""True"",""k"":12,""l"":12,""leak_heralds"":""False"",""leak_repump"":""False"",""leakage"":""False"",""loss"":""False"",""m"":6,""n"":144,""p"":0.001,""prllel_1q"":Infinity,""prllel_2q"":6,""r"":20,""repump_cycles"":3,""seq_meas"":""False"",""seq_ops"":""True"",""swapLRC"":""False""}",
       128,         0,         0,   0.408,bposd,1d42788997c955656e1579c9a1cc0f31acae501b320f438e36e23d7b8de7dc11,"{""A"":""x3y0+x0y1+x0y2"",""B"":""x0y3+x1y0+x2y0"",""b"":""X"",""d"":12,""excl_opp_detectors"":""True"",""k"":12,""l"":12,""leak_heralds"":""False"",""leak_repump"":""False"",""leakage"":""False"",""loss"":""False"",""m"":6,""n"":144,""p"":0.001,""prllel_1q"":Infinity,""prllel_2q"":6,""r"":20,""repump_cycles"":3,""seq_meas"":""False"",""seq_ops"":""True"",""swapLRC"":""False""}",
       128,         0,         0,   0.398,bposd,1d42788997c955656e1579c9a1cc0f31acae501b320f438e36e23d7b8de7dc11,"{""A"":""x3y0+x0y1+x0y2"",""B"":""x0y3+x1y0+x2y0"",""b"":""X"",""d"":12,""excl_opp_detectors"":""True"",""k"":12,""l"":12,""leak_heralds"":""False"",""leak_repump"":""False"",""leakage"":""False"",""loss"":""False"",""m"":6,""n"":144,""p"":0.001,""prllel_1q"":Infinity,""prllel_2q"":6,""r"":20,""repump_cycles"":3,""seq_meas"":""False"",""seq_ops"":""True"",""swapLRC"":""False""}",
       128,         0,         0,   0.382,bposd,1d42788997c955656e1579c9a1cc0f31acae501b320f438e36e23d7b8de7dc11,"{""A"":""x3y0+x0y1+x0y2"",""B"":""x0y3+x1y0+x2y0"",""b"":""X"",""d"":12,""excl_opp_detectors"":""True"",""k"":12,""l"":12,""leak_heralds"":""False"",""leak_repump"":""False"",""leakage"":""False"",""loss"":""False"",""m"":6,""n"":144,""p"":0.001,""prllel_1q"":Infinity,""prllel_2q"":6,""r"":20,""repump_cycles"":3,""seq_meas"":""False"",""seq_ops"":""True"",""swapLRC"":""False""}",
       128,         0,         0,   0.386,bposd,1d42788997c955656e1579c9a1cc0f31acae501b320f438e36e23d7b8de7dc11,"{""A"":""x3y0+x0y1+x0y2"",""B"":""x0y3+x1y0+x2y0"",""b"":""X"",""d"":12,""excl_opp_detectors"":""True"",""k"":12,""l"":12,""leak_heralds"":""False"",""leak_repump"":""False"",""leakage"":""False"",""loss"":""False"",""m"":6,""n"":144,""p"":0.001,""prllel_1q"":Infinity,""prllel_2q"":6,""r"":20,""repump_cycles"":3,""seq_meas"":""False"",""seq_ops"":""True"",""swapLRC"":""False""}",
       128,         0,         0,   0.361,bposd,1d42788997c955656e1579c9a1cc0f31acae501b320f438e36e23d7b8de7dc11,"{""A"":""x3y0+x0y1+x0y2"",""B"":""x0y3+x1y0+x2y0"",""b"":""X"",""d"":12,""excl_opp_detectors"":""True"",""k"":12,""l"":12,""leak_heralds"":""False"",""leak_repump"":""False"",""leakage"":""False"",""loss"":""False"",""m"":6,""n"":144,""p"":0.001,""prllel_1q"":Infinity,""prllel_2q"":6,""r"":20,""repump_cycles"":3,""seq_meas"":""False"",""seq_ops"":""True"",""swapLRC"":""False""}",
       128,         0,         0,   0.432,bposd,1d42788997c955656e1579c9a1cc0f31acae501b320f438e36e23d7b8de7dc11,"{""A"":""x3y0+x0y1+x0y2"",""B"":""x0y3+x1y0+x2y0"",""b"":""X"",""d"":12,""excl_opp_detectors"":""True"",""k"":12,""l"":12,""leak_heralds"":""False"",""leak_repump"":""False"",""leakage"":""False"",""loss"":""False"",""m"":6,""n"":144,""p"":0.001,""prllel_1q"":Infinity,""prllel_2q"":6,""r"":20,""repump_cycles"":3,""seq_meas"":""False"",""seq_ops"":""True"",""swapLRC"":""False""}",
       128,         0,         0,   0.657,bposd,1d42788997c955656e1579c9a1cc0f31acae501b320f438e36e23d7b8de7dc11,"{""A"":""x3y0+x0y1+x0y2"",""B"":""x0y3+x1y0+x2y0"",""b"":""X"",""d"":12,""excl_opp_detectors"":""True"",""k"":12,""l"":12,""leak_heralds"":""False"",""leak_repump"":""False"",""leakage"":""False"",""loss"":""False"",""m"":6,""n"":144,""p"":0.001,""prllel_1q"":Infinity,""prllel_2q"":6,""r"":20,""repump_cycles"":3,""seq_meas"":""False"",""seq_ops"":""True"",""swapLRC"":""False""}",
       128,         0,         0,   0.417,bposd,1d42788997c955656e1579c9a1cc0f31acae501b320f438e36e23d7b8de7dc11,"{""A"":""x3y0+x0y1+x0y2"",""B"":""x0y3+x1y0+x2y0"",""b"":""X"",""d"":12,""excl_opp_detectors"":""True"",""k"":12,""l"":12,""leak_heralds"":""False"",""leak_repump"":""False"",""leakage"":""False"",""loss"":""False"",""m"":6,""n"":144,""p"":0.001,""prllel_1q"":Infinity,""prllel_2q"":6,""r"":20,""repump_cycles"":3,""seq_meas"":""False"",""seq_ops"":""True"",""swapLRC"":""False""}",
       128,         0,         0,   0.409,bposd,1d42788997c955656e1579c9a1cc0f31acae501b320f438e36e23d7b8de7dc11,"{""A"":""x3y0+x0y1+x0y2"",""B"":""x0y3+x1y0+x2y0"",""b"":""X"",""d"":12,""excl_opp_detectors"":""True"",""k"":12,""l"":12,""leak_heralds"":""False"",""leak_repump"":""False"",""leakage"":""False"",""loss"":""False"",""m"":6,""n"":144,""p"":0.001,""prllel_1q"":Infinity,""prllel_2q"":6,""r"":20,""repump_cycles"":3,""seq_meas"":""False"",""seq_ops"":""True"",""swapLRC"":""False""}",
       128,         0,         0,   0.468,bposd,1d42788997c955656e1579c9a1cc0f31acae501b320f438e36e23d7b8de7dc11,"{""A"":""x3y0+x0y1+x0y2"",""B"":""x0y3+x1y0+x2y0"",""b"":""X"",""d"":12,""excl_opp_detectors"":""True"",""k"":12,""l"":12,""leak_heralds"":""False"",""leak_repump"":""False"",""leakage"":""False"",""loss"":""False"",""m"":6,""n"":144,""p"":0.001,""prllel_1q"":Infinity,""prllel_2q"":6,""r"":20,""repump_cycles"":3,""seq_meas"":""False"",""seq_ops"":""True"",""swapLRC"":""False""}",
       128,         0,         0,   0.397,bposd,1d42788997c955656e1579c9a1cc0f31acae501b320f438e36e23d7b8de7dc11,"{""A"":""x3y0+x0y1+x0y2"",""B"":""x0y3+x1y0+x2y0"",""b"":""X"",""d"":12,""excl_opp_detectors"":""True"",""k"":12,""l"":12,""leak_heralds"":""False"",""leak_repump"":""False"",""leakage"":""False"",""loss"":""False"",""m"":6,""n"":144,""p"":0.001,""prllel_1q"":Infinity,""prllel_2q"":6,""r"":20,""repump_cycles"":3,""seq_meas"":""False"",""seq_ops"":""True"",""swapLRC"":""False""}",
       128,         0,         0,   0.425,bposd,1d42788997c955656e1579c9a1cc0f31acae501b320f438e36e23d7b8de7dc11,"{""A"":""x3y0+x0y1+x0y2"",""B"":""x0y3+x1y0+x2y0"",""b"":""X"",""d"":12,""excl_opp_detectors"":""True"",""k"":12,""l"":12,""leak_heralds"":""False"",""leak_repump"":""False"",""leakage"":""False"",""loss"":""False"",""m"":6,""n"":144,""p"":0.001,""prllel_1q"":Infinity,""prllel_2q"":6,""r"":20,""repump_cycles"":3,""seq_meas"":""False"",""seq_ops"":""True"",""swapLRC"":""False""}",
       128,         0,         0,   0.410,bposd,1d42788997c955656e1579c9a1cc0f31acae501b320f438e36e23d7b8de7dc11,"{""A"":""x3y0+x0y1+x0y2"",""B"":""x0y3+x1y0+x2y0"",""b"":""X"",""d"":12,""excl_opp_detectors"":""True"",""k"":12,""l"":12,""leak_heralds"":""False"",""leak_repump"":""False"",""leakage"":""False"",""loss"":""False"",""m"":6,""n"":144,""p"":0.001,""prllel_1q"":Infinity,""prllel_2q"":6,""r"":20,""repump_cycles"":3,""seq_meas"":""False"",""seq_ops"":""True"",""swapLRC"":""False""}",
       128,         0,         0,   0.385,bposd,1d42788997c955656e1579c9a1cc0f31acae501b320f438e36e23d7b8de7dc11,"{""A"":""x3y0+x0y1+x0y2"",""B"":""x0y3+x1y0+x2y0"",""b"":""X"",""d"":12,""excl_opp_detectors"":""True"",""k"":12,""l"":12,""leak_heralds"":""False"",""leak_repump"":""False"",""leakage"":""False"",""loss"":""False"",""m"":6,""n"":144,""p"":0.001,""prllel_1q"":Infinity,""prllel_2q"":6,""r"":20,""repump_cycles"":3,""seq_meas"":""False"",""seq_ops"":""True"",""swapLRC"":""False""}",
       128,         0,         0,   0.398,bposd,1d42788997c955656e1579c9a1cc0f31acae501b320f438e36e23d7b8de7dc11,"{""A"":""x3y0+x0y1+x0y2"",""B"":""x0y3+x1y0+x2y0"",""b"":""X"",""d"":12,""excl_opp_detectors"":""True"",""k"":12,""l"":12,""leak_heralds"":""False"",""leak_repump"":""False"",""leakage"":""False"",""loss"":""False"",""m"":6,""n"":144,""p"":0.001,""prllel_1q"":Infinity,""prllel_2q"":6,""r"":20,""repump_cycles"":3,""seq_meas"":""False"",""seq_ops"":""True"",""swapLRC"":""False""}",
       128,         0,         0,   0.395,bposd,1d42788997c955656e1579c9a1cc0f31acae501b320f438e36e23d7b8de7dc11,"{""A"":""x3y0+x0y1+x0y2"",""B"":""x0y3+x1y0+x2y0"",""b"":""X"",""d"":12,""excl_opp_detectors"":""True"",""k"":12,""l"":12,""leak_heralds"":""False"",""leak_repump"":""False"",""leakage"":""False"",""loss"":""False"",""m"":6,""n"":144,""p"":0.001,""prllel_1q"":Infinity,""prllel_2q"":6,""r"":20,""repump_cycles"":3,""seq_meas"":""False"",""seq_ops"":""True"",""swapLRC"":""False""}",
       128,         0,         0,   0.460,bposd,1d42788997c955656e1579c9a1cc0f31acae501b320f438e36e23d7b8de7dc11,"{""A"":""x3y0+x0y1+x0y2"",""B"":""x0y3+x1y0+x2y0"",""b"":""X"",""d"":12,""excl_opp_detectors"":""True"",""k"":12,""l"":12,""leak_heralds"":""False"",""leak_repump"":""False"",""leakage"":""False"",""loss"":""False"",""m"":6,""n"":144,""p"":0.001,""prllel_1q"":Infinity,""prllel_2q"":6,""r"":20,""repump_cycles"":3,""seq_meas"":""False"",""seq_ops"":""True"",""swapLRC"":""False""}",
       128,         0,         0,   0.764,bposd,1d42788997c955656e1579c9a1cc0f31acae501b320f438e36e23d7b8de7dc11,"{""A"":""x3y0+x0y1+x0y2"",""B"":""x0y3+x1y0+x2y0"",""b"":""X"",""d"":12,""excl_opp_detectors"":""True"",""k"":12,""l"":12,""leak_heralds"":""False"",""leak_repump"":""False"",""leakage"":""False"",""loss"":""False"",""m"":6,""n"":144,""p"":0.001,""prllel_1q"":Infinity,""prllel_2q"":6,""r"":20,""repump_cycles"":3,""seq_meas"":""False"",""seq_ops"":""True"",""swapLRC"":""False""}",
       128,         0,         0,   0.413,bposd,1d42788997c955656e1579c9a1cc0f31acae501b320f438e36e23d7b8de7dc11,"{""A"":""x3y0+x0y1+x0y2"",""B"":""x0y3+x1y0+x2y0"",""b"":""X"",""d"":12,""excl_opp_detectors"":""True"",""k"":12,""l"":12,""leak_heralds"":""False"",""leak_repump"":""False"",""leakage"":""False"",""loss"":""False"",""m"":6,""n"":144,""p"":0.001,""prllel_1q"":Infinity,""prllel_2q"":6,""r"":20,""repump_cycles"":3,""seq_meas"":""False"",""seq_ops"":""True"",""swapLRC"":""False""}",
       128,         0,         0,   0.396,bposd,1d42788997c955656e1579c9a1cc0f31acae501b320f438e36e23d7b8de7dc11,"{""A"":""x3y0+x0y1+x0y2"",""B"":""x0y3+x1y0+x2y0"",""b"":""X"",""d"":12,""excl_opp_detectors"":""True"",""k"":12,""l"":12,""leak_heralds"":""False"",""leak_repump"":""False"",""leakage"":""False"",""loss"":""False"",""m"":6,""n"":144,""p"":0.001,""prllel_1q"":Infinity,""prllel_2q"":6,""r"":20,""repump_cycles"":3,""seq_meas"":""False"",""seq_ops"":""True"",""swapLRC"":""False""}",
       128,         0,         0,   0.444,bposd,1d42788997c955656e1579c9a1cc0f31acae501b320f438e36e23d7b8de7dc11,"{""A"":""x3y0+x0y1+x0y2"",""B"":""x0y3+x1y0+x2y0"",""b"":""X"",""d"":12,""excl_opp_detectors"":""True"",""k"":12,""l"":12,""leak_heralds"":""False"",""leak_repump"":""False"",""leakage"":""False"",""loss"":""False"",""m"":6,""n"":144,""p"":0.001,""prllel_1q"":Infinity,""prllel_2q"":6,""r"":20,""repump_cycles"":3,""seq_meas"":""False"",""seq_ops"":""True"",""swapLRC"":""False""}",
       128,         0,         0,   0.450,bposd,1d42788997c955656e1579c9a1cc0f31acae501b320f438e36e23d7b8de7dc11,"{""A"":""x3y0+x0y1+x0y2"",""B"":""x0y3+x1y0+x2y0"",""b"":""X"",""d"":12,""excl_opp_detectors"":""True"",""k"":12,""l"":12,""leak_heralds"":""False"",""leak_repump"":""False"",""leakage"":""False"",""loss"":""False"",""m"":6,""n"":144,""p"":0.001,""prllel_1q"":Infinity,""prllel_2q"":6,""r"":20,""repump_cycles"":3,""seq_meas"":""False"",""seq_ops"":""True"",""swapLRC"":""False""}",
       128,         0,         0,   0.386,bposd,1d42788997c955656e1579c9a1cc0f31acae501b320f438e36e23d7b8de7dc11,"{""A"":""x3y0+x0y1+x0y2"",""B"":""x0y3+x1y0+x2y0"",""b"":""X"",""d"":12,""excl_opp_detectors"":""True"",""k"":12,""l"":12,""leak_heralds"":""False"",""leak_repump"":""False"",""leakage"":""False"",""loss"":""False"",""m"":6,""n"":144,""p"":0.001,""prllel_1q"":Infinity,""prllel_2q"":6,""r"":20,""repump_cycles"":3,""seq_meas"":""False"",""seq_ops"":""True"",""swapLRC"":""False""}",
       128,         0,         0,   0.426,bposd,1d42788997c955656e1579c9a1cc0f31acae501b320f438e36e23d7b8de7dc11,"{""A"":""x3y0+x0y1+x0y2"",""B"":""x0y3+x1y0+x2y0"",""b"":""X"",""d"":12,""excl_opp_detectors"":""True"",""k"":12,""l"":12,""leak_heralds"":""False"",""leak_repump"":""False"",""leakage"":""False"",""loss"":""False"",""m"":6,""n"":144,""p"":0.001,""prllel_1q"":Infinity,""prllel_2q"":6,""r"":20,""repump_cycles"":3,""seq_meas"":""False"",""seq_ops"":""True"",""swapLRC"":""False""}",
       128,         0,         0,   0.384,bposd,1d42788997c955656e1579c9a1cc0f31acae501b320f438e36e23d7b8de7dc11,"{""A"":""x3y0+x0y1+x0y2"",""B"":""x0y3+x1y0+x2y0"",""b"":""X"",""d"":12,""excl_opp_detectors"":""True"",""k"":12,""l"":12,""leak_heralds"":""False"",""leak_repump"":""False"",""leakage"":""False"",""loss"":""False"",""m"":6,""n"":144,""p"":0.001,""prllel_1q"":Infinity,""prllel_2q"":6,""r"":20,""repump_cycles"":3,""seq_meas"":""False"",""seq_ops"":""True"",""swapLRC"":""False""}",
       128,         0,         0,   0.401,bposd,1d42788997c955656e1579c9a1cc0f31acae501b320f438e36e23d7b8de7dc11,"{""A"":""x3y0+x0y1+x0y2"",""B"":""x0y3+x1y0+x2y0"",""b"":""X"",""d"":12,""excl_opp_detectors"":""True"",""k"":12,""l"":12,""leak_heralds"":""False"",""leak_repump"":""False"",""leakage"":""False"",""loss"":""False"",""m"":6,""n"":144,""p"":0.001,""prllel_1q"":Infinity,""prllel_2q"":6,""r"":20,""repump_cycles"":3,""seq_meas"":""False"",""seq_ops"":""True"",""swapLRC"":""False""}",
       128,         0,         0,   0.525,bposd,1d42788997c955656e1579c9a1cc0f31acae501b320f438e36e23d7b8de7dc11,"{""A"":""x3y0+x0y1+x0y2"",""B"":""x0y3+x1y0+x2y0"",""b"":""X"",""d"":12,""excl_opp_detectors"":""True"",""k"":12,""l"":12,""leak_heralds"":""False"",""leak_repump"":""False"",""leakage"":""False"",""loss"":""False"",""m"":6,""n"":144,""p"":0.001,""prllel_1q"":Infinity,""prllel_2q"":6,""r"":20,""repump_cycles"":3,""seq_meas"":""False"",""seq_ops"":""True"",""swapLRC"":""False""}",
       128,         0,         0,   0.565,bposd,1d42788997c955656e1579c9a1cc0f31acae501b320f438e36e23d7b8de7dc11,"{""A"":""x3y0+x0y1+x0y2"",""B"":""x0y3+x1y0+x2y0"",""b"":""X"",""d"":12,""excl_opp_detectors"":""True"",""k"":12,""l"":12,""leak_heralds"":""False"",""leak_repump"":""False"",""leakage"":""False"",""loss"":""False"",""m"":6,""n"":144,""p"":0.001,""prllel_1q"":Infinity,""prllel_2q"":6,""r"":20,""repump_cycles"":3,""seq_meas"":""False"",""seq_ops"":""True"",""swapLRC"":""False""}",
       128,         0,         0,   0.386,bposd,1d42788997c955656e1579c9a1cc0f31acae501b320f438e36e23d7b8de7dc11,"{""A"":""x3y0+x0y1+x0y2"",""B"":""x0y3+x1y0+x2y0"",""b"":""X"",""d"":12,""excl_opp_detectors"":""True"",""k"":12,""l"":12,""leak_heralds"":""False"",""leak_repump"":""False"",""leakage"":""False"",""loss"":""False"",""m"":6,""n"":144,""p"":0.001,""prllel_1q"":Infinity,""prllel_2q"":6,""r"":20,""repump_cycles"":3,""seq_meas"":""False"",""seq_ops"":""True"",""swapLRC"":""False""}",
       128,         0,         0,   0.488,bposd,1d42788997c955656e1579c9a1cc0f31acae501b320f438e36e23d7b8de7dc11,"{""A"":""x3y0+x0y1+x0y2"",""B"":""x0y3+x1y0+x2y0"",""b"":""X"",""d"":12,""excl_opp_detectors"":""True"",""k"":12,""l"":12,""leak_heralds"":""False"",""leak_repump"":""False"",""leakage"":""False"",""loss"":""False"",""m"":6,""n"":144,""p"":0.001,""prllel_1q"":Infinity,""prllel_2q"":6,""r"":20,""repump_cycles"":3,""seq_meas"":""False"",""seq_ops"":""True"",""swapLRC"":""False""}",
       128,         0,         0,   0.381,bposd,1d42788997c955656e1579c9a1cc0f31acae501b320f438e36e23d7b8de7dc11,"{""A"":""x3y0+x0y1+x0y2"",""B"":""x0y3+x1y0+x2y0"",""b"":""X"",""d"":12,""excl_opp_detectors"":""True"",""k"":12,""l"":12,""leak_heralds"":""False"",""leak_repump"":""False"",""leakage"":""False"",""loss"":""False"",""m"":6,""n"":144,""p"":0.001,""prllel_1q"":Infinity,""prllel_2q"":6,""r"":20,""repump_cycles"":3,""seq_meas"":""False"",""seq_ops"":""True"",""swapLRC"":""False""}",
       128,         0,         0,   0.430,bposd,1d42788997c955656e1579c9a1cc0f31acae501b320f438e36e23d7b8de7dc11,"{""A"":""x3y0+x0y1+x0y2"",""B"":""x0y3+x1y0+x2y0"",""b"":""X"",""d"":12,""excl_opp_detectors"":""True"",""k"":12,""l"":12,""leak_heralds"":""False"",""leak_repump"":""False"",""leakage"":""False"",""loss"":""False"",""m"":6,""n"":144,""p"":0.001,""prllel_1q"":Infinity,""prllel_2q"":6,""r"":20,""repump_cycles"":3,""seq_meas"":""False"",""seq_ops"":""True"",""swapLRC"":""False""}",
       128,         0,         0,   0.389,bposd,1d42788997c955656e1579c9a1cc0f31acae501b320f438e36e23d7b8de7dc11,"{""A"":""x3y0+x0y1+x0y2"",""B"":""x0y3+x1y0+x2y0"",""b"":""X"",""d"":12,""excl_opp_detectors"":""True"",""k"":12,""l"":12,""leak_heralds"":""False"",""leak_repump"":""False"",""leakage"":""False"",""loss"":""False"",""m"":6,""n"":144,""p"":0.001,""prllel_1q"":Infinity,""prllel_2q"":6,""r"":20,""repump_cycles"":3,""seq_meas"":""False"",""seq_ops"":""True"",""swapLRC"":""False""}",
       128,         0,         0,   0.452,bposd,1d42788997c955656e1579c9a1cc0f31acae501b320f438e36e23d7b8de7dc11,"{""A"":""x3y0+x0y1+x0y2"",""B"":""x0y3+x1y0+x2y0"",""b"":""X"",""d"":12,""excl_opp_detectors"":""True"",""k"":12,""l"":12,""leak_heralds"":""False"",""leak_repump"":""False"",""leakage"":""False"",""loss"":""False"",""m"":6,""n"":144,""p"":0.001,""prllel_1q"":Infinity,""prllel_2q"":6,""r"":20,""repump_cycles"":3,""seq_meas"":""False"",""seq_ops"":""True"",""swapLRC"":""False""}",
       128,         0,         0,   0.428,bposd,1d42788997c955656e1579c9a1cc0f31acae501b320f438e36e23d7b8de7dc11,"{""A"":""x3y0+x0y1+x0y2"",""B"":""x0y3+x1y0+x2y0"",""b"":""X"",""d"":12,""excl_opp_detectors"":""True"",""k"":12,""l"":12,""leak_heralds"":""False"",""leak_repump"":""False"",""leakage"":""False"",""loss"":""False"",""m"":6,""n"":144,""p"":0.001,""prllel_1q"":Infinity,""prllel_2q"":6,""r"":20,""repump_cycles"":3,""seq_meas"":""False"",""seq_ops"":""True"",""swapLRC"":""False""}",
       128,         0,         0,   0.360,bposd,1d42788997c955656e1579c9a1cc0f31acae501b320f438e36e23d7b8de7dc11,"{""A"":""x3y0+x0y1+x0y2"",""B"":""x0y3+x1y0+x2y0"",""b"":""X"",""d"":12,""excl_opp_detectors"":""True"",""k"":12,""l"":12,""leak_heralds"":""False"",""leak_repump"":""False"",""leakage"":""False"",""loss"":""False"",""m"":6,""n"":144,""p"":0.001,""prllel_1q"":Infinity,""prllel_2q"":6,""r"":20,""repump_cycles"":3,""seq_meas"":""False"",""seq_ops"":""True"",""swapLRC"":""False""}",
       128,         0,         0,   0.382,bposd,1d42788997c955656e1579c9a1cc0f31acae501b320f438e36e23d7b8de7dc11,"{""A"":""x3y0+x0y1+x0y2"",""B"":""x0y3+x1y0+x2y0"",""b"":""X"",""d"":12,""excl_opp_detectors"":""True"",""k"":12,""l"":12,""leak_heralds"":""False"",""leak_repump"":""False"",""leakage"":""False"",""loss"":""False"",""m"":6,""n"":144,""p"":0.001,""prllel_1q"":Infinity,""prllel_2q"":6,""r"":20,""repump_cycles"":3,""seq_meas"":""False"",""seq_ops"":""True"",""swapLRC"":""False""}",
       128,         0,         0,   0.414,bposd,1d42788997c955656e1579c9a1cc0f31acae501b320f438e36e23d7b8de7dc11,"{""A"":""x3y0+x0y1+x0y2"",""B"":""x0y3+x1y0+x2y0"",""b"":""X"",""d"":12,""excl_opp_detectors"":""True"",""k"":12,""l"":12,""leak_heralds"":""False"",""leak_repump"":""False"",""leakage"":""False"",""loss"":""False"",""m"":6,""n"":144,""p"":0.001,""prllel_1q"":Infinity,""prllel_2q"":6,""r"":20,""repump_cycles"":3,""seq_meas"":""False"",""seq_ops"":""True"",""swapLRC"":""False""}",
       128,         0,         0,   0.383,bposd,1d42788997c955656e1579c9a1cc0f31acae501b320f438e36e23d7b8de7dc11,"{""A"":""x3y0+x0y1+x0y2"",""B"":""x0y3+x1y0+x2y0"",""b"":""X"",""d"":12,""excl_opp_detectors"":""True"",""k"":12,""l"":12,""leak_heralds"":""False"",""leak_repump"":""False"",""leakage"":""False"",""loss"":""False"",""m"":6,""n"":144,""p"":0.001,""prllel_1q"":Infinity,""prllel_2q"":6,""r"":20,""repump_cycles"":3,""seq_meas"":""False"",""seq_ops"":""True"",""swapLRC"":""False""}",
       128,         0,         0,   0.438,bposd,1d42788997c955656e1579c9a1cc0f31acae501b320f438e36e23d7b8de7dc11,"{""A"":""x3y0+x0y1+x0y2"",""B"":""x0y3+x1y0+x2y0"",""b"":""X"",""d"":12,""excl_opp_detectors"":""True"",""k"":12,""l"":12,""leak_heralds"":""False"",""leak_repump"":""False"",""leakage"":""False"",""loss"":""False"",""m"":6,""n"":144,""p"":0.001,""prllel_1q"":Infinity,""prllel_2q"":6,""r"":20,""repump_cycles"":3,""seq_meas"":""False"",""seq_ops"":""True"",""swapLRC"":""False""}",
       128,         0,         0,   0.348,bposd,1d42788997c955656e1579c9a1cc0f31acae501b320f438e36e23d7b8de7dc11,"{""A"":""x3y0+x0y1+x0y2"",""B"":""x0y3+x1y0+x2y0"",""b"":""X"",""d"":12,""excl_opp_detectors"":""True"",""k"":12,""l"":12,""leak_heralds"":""False"",""leak_repump"":""False"",""leakage"":""False"",""loss"":""False"",""m"":6,""n"":144,""p"":0.001,""prllel_1q"":Infinity,""prllel_2q"":6,""r"":20,""repump_cycles"":3,""seq_meas"":""False"",""seq_ops"":""True"",""swapLRC"":""False""}",
       128,         0,         0,   0.393,bposd,1d42788997c955656e1579c9a1cc0f31acae501b320f438e36e23d7b8de7dc11,"{""A"":""x3y0+x0y1+x0y2"",""B"":""x0y3+x1y0+x2y0"",""b"":""X"",""d"":12,""excl_opp_detectors"":""True"",""k"":12,""l"":12,""leak_heralds"":""False"",""leak_repump"":""False"",""leakage"":""False"",""loss"":""False"",""m"":6,""n"":144,""p"":0.001,""prllel_1q"":Infinity,""prllel_2q"":6,""r"":20,""repump_cycles"":3,""seq_meas"":""False"",""seq_ops"":""True"",""swapLRC"":""False""}",
       128,         0,         0,   0.352,bposd,1d42788997c955656e1579c9a1cc0f31acae501b320f438e36e23d7b8de7dc11,"{""A"":""x3y0+x0y1+x0y2"",""B"":""x0y3+x1y0+x2y0"",""b"":""X"",""d"":12,""excl_opp_detectors"":""True"",""k"":12,""l"":12,""leak_heralds"":""False"",""leak_repump"":""False"",""leakage"":""False"",""loss"":""False"",""m"":6,""n"":144,""p"":0.001,""prllel_1q"":Infinity,""prllel_2q"":6,""r"":20,""repump_cycles"":3,""seq_meas"":""False"",""seq_ops"":""True"",""swapLRC"":""False""}",
       128,         0,         0,   0.422,bposd,1d42788997c955656e1579c9a1cc0f31acae501b320f438e36e23d7b8de7dc11,"{""A"":""x3y0+x0y1+x0y2"",""B"":""x0y3+x1y0+x2y0"",""b"":""X"",""d"":12,""excl_opp_detectors"":""True"",""k"":12,""l"":12,""leak_heralds"":""False"",""leak_repump"":""False"",""leakage"":""False"",""loss"":""False"",""m"":6,""n"":144,""p"":0.001,""prllel_1q"":Infinity,""prllel_2q"":6,""r"":20,""repump_cycles"":3,""seq_meas"":""False"",""seq_ops"":""True"",""swapLRC"":""False""}",
       128,         0,         0,   0.399,bposd,1d42788997c955656e1579c9a1cc0f31acae501b320f438e36e23d7b8de7dc11,"{""A"":""x3y0+x0y1+x0y2"",""B"":""x0y3+x1y0+x2y0"",""b"":""X"",""d"":12,""excl_opp_detectors"":""True"",""k"":12,""l"":12,""leak_heralds"":""False"",""leak_repump"":""False"",""leakage"":""False"",""loss"":""False"",""m"":6,""n"":144,""p"":0.001,""prllel_1q"":Infinity,""prllel_2q"":6,""r"":20,""repump_cycles"":3,""seq_meas"":""False"",""seq_ops"":""True"",""swapLRC"":""False""}",
       128,         0,         0,   0.421,bposd,1d42788997c955656e1579c9a1cc0f31acae501b320f438e36e23d7b8de7dc11,"{""A"":""x3y0+x0y1+x0y2"",""B"":""x0y3+x1y0+x2y0"",""b"":""X"",""d"":12,""excl_opp_detectors"":""True"",""k"":12,""l"":12,""leak_heralds"":""False"",""leak_repump"":""False"",""leakage"":""False"",""loss"":""False"",""m"":6,""n"":144,""p"":0.001,""prllel_1q"":Infinity,""prllel_2q"":6,""r"":20,""repump_cycles"":3,""seq_meas"":""False"",""seq_ops"":""True"",""swapLRC"":""False""}",
       128,         0,         0,   0.375,bposd,1d42788997c955656e1579c9a1cc0f31acae501b320f438e36e23d7b8de7dc11,"{""A"":""x3y0+x0y1+x0y2"",""B"":""x0y3+x1y0+x2y0"",""b"":""X"",""d"":12,""excl_opp_detectors"":""True"",""k"":12,""l"":12,""leak_heralds"":""False"",""leak_repump"":""False"",""leakage"":""False"",""loss"":""False"",""m"":6,""n"":144,""p"":0.001,""prllel_1q"":Infinity,""prllel_2q"":6,""r"":20,""repump_cycles"":3,""seq_meas"":""False"",""seq_ops"":""True"",""swapLRC"":""False""}",
       128,         0,         0,   0.386,bposd,1d42788997c955656e1579c9a1cc0f31acae501b320f438e36e23d7b8de7dc11,"{""A"":""x3y0+x0y1+x0y2"",""B"":""x0y3+x1y0+x2y0"",""b"":""X"",""d"":12,""excl_opp_detectors"":""True"",""k"":12,""l"":12,""leak_heralds"":""False"",""leak_repump"":""False"",""leakage"":""False"",""loss"":""False"",""m"":6,""n"":144,""p"":0.001,""prllel_1q"":Infinity,""prllel_2q"":6,""r"":20,""repump_cycles"":3,""seq_meas"":""False"",""seq_ops"":""True"",""swapLRC"":""False""}",
       128,         0,         0,   0.381,bposd,1d42788997c955656e1579c9a1cc0f31acae501b320f438e36e23d7b8de7dc11,"{""A"":""x3y0+x0y1+x0y2"",""B"":""x0y3+x1y0+x2y0"",""b"":""X"",""d"":12,""excl_opp_detectors"":""True"",""k"":12,""l"":12,""leak_heralds"":""False"",""leak_repump"":""False"",""leakage"":""False"",""loss"":""False"",""m"":6,""n"":144,""p"":0.001,""prllel_1q"":Infinity,""prllel_2q"":6,""r"":20,""repump_cycles"":3,""seq_meas"":""False"",""seq_ops"":""True"",""swapLRC"":""False""}",
       128,         0,         0,   0.360,bposd,1d42788997c955656e1579c9a1cc0f31acae501b320f438e36e23d7b8de7dc11,"{""A"":""x3y0+x0y1+x0y2"",""B"":""x0y3+x1y0+x2y0"",""b"":""X"",""d"":12,""excl_opp_detectors"":""True"",""k"":12,""l"":12,""leak_heralds"":""False"",""leak_repump"":""False"",""leakage"":""False"",""loss"":""False"",""m"":6,""n"":144,""p"":0.001,""prllel_1q"":Infinity,""prllel_2q"":6,""r"":20,""repump_cycles"":3,""seq_meas"":""False"",""seq_ops"":""True"",""swapLRC"":""False""}",
       128,         0,         0,   0.448,bposd,1d42788997c955656e1579c9a1cc0f31acae501b320f438e36e23d7b8de7dc11,"{""A"":""x3y0+x0y1+x0y2"",""B"":""x0y3+x1y0+x2y0"",""b"":""X"",""d"":12,""excl_opp_detectors"":""True"",""k"":12,""l"":12,""leak_heralds"":""False"",""leak_repump"":""False"",""leakage"":""False"",""loss"":""False"",""m"":6,""n"":144,""p"":0.001,""prllel_1q"":Infinity,""prllel_2q"":6,""r"":20,""repump_cycles"":3,""seq_meas"":""False"",""seq_ops"":""True"",""swapLRC"":""False""}",
       128,         0,         0,   0.407,bposd,1d42788997c955656e1579c9a1cc0f31acae501b320f438e36e23d7b8de7dc11,"{""A"":""x3y0+x0y1+x0y2"",""B"":""x0y3+x1y0+x2y0"",""b"":""X"",""d"":12,""excl_opp_detectors"":""True"",""k"":12,""l"":12,""leak_heralds"":""False"",""leak_repump"":""False"",""leakage"":""False"",""loss"":""False"",""m"":6,""n"":144,""p"":0.001,""prllel_1q"":Infinity,""prllel_2q"":6,""r"":20,""repump_cycles"":3,""seq_meas"":""False"",""seq_ops"":""True"",""swapLRC"":""False""}",
       128,         0,         0,   0.393,bposd,1d42788997c955656e1579c9a1cc0f31acae501b320f438e36e23d7b8de7dc11,"{""A"":""x3y0+x0y1+x0y2"",""B"":""x0y3+x1y0+x2y0"",""b"":""X"",""d"":12,""excl_opp_detectors"":""True"",""k"":12,""l"":12,""leak_heralds"":""False"",""leak_repump"":""False"",""leakage"":""False"",""loss"":""False"",""m"":6,""n"":144,""p"":0.001,""prllel_1q"":Infinity,""prllel_2q"":6,""r"":20,""repump_cycles"":3,""seq_meas"":""False"",""seq_ops"":""True"",""swapLRC"":""False""}",
       128,         0,         0,   0.448,bposd,1d42788997c955656e1579c9a1cc0f31acae501b320f438e36e23d7b8de7dc11,"{""A"":""x3y0+x0y1+x0y2"",""B"":""x0y3+x1y0+x2y0"",""b"":""X"",""d"":12,""excl_opp_detectors"":""True"",""k"":12,""l"":12,""leak_heralds"":""False"",""leak_repump"":""False"",""leakage"":""False"",""loss"":""False"",""m"":6,""n"":144,""p"":0.001,""prllel_1q"":Infinity,""prllel_2q"":6,""r"":20,""repump_cycles"":3,""seq_meas"":""False"",""seq_ops"":""True"",""swapLRC"":""False""}",
       128,         0,         0,   0.373,bposd,1d42788997c955656e1579c9a1cc0f31acae501b320f438e36e23d7b8de7dc11,"{""A"":""x3y0+x0y1+x0y2"",""B"":""x0y3+x1y0+x2y0"",""b"":""X"",""d"":12,""excl_opp_detectors"":""True"",""k"":12,""l"":12,""leak_heralds"":""False"",""leak_repump"":""False"",""leakage"":""False"",""loss"":""False"",""m"":6,""n"":144,""p"":0.001,""prllel_1q"":Infinity,""prllel_2q"":6,""r"":20,""repump_cycles"":3,""seq_meas"":""False"",""seq_ops"":""True"",""swapLRC"":""False""}",
       128,         0,         0,   0.489,bposd,1d42788997c955656e1579c9a1cc0f31acae501b320f438e36e23d7b8de7dc11,"{""A"":""x3y0+x0y1+x0y2"",""B"":""x0y3+x1y0+x2y0"",""b"":""X"",""d"":12,""excl_opp_detectors"":""True"",""k"":12,""l"":12,""leak_heralds"":""False"",""leak_repump"":""False"",""leakage"":""False"",""loss"":""False"",""m"":6,""n"":144,""p"":0.001,""prllel_1q"":Infinity,""prllel_2q"":6,""r"":20,""repump_cycles"":3,""seq_meas"":""False"",""seq_ops"":""True"",""swapLRC"":""False""}",
       128,         0,         0,   0.395,bposd,1d42788997c955656e1579c9a1cc0f31acae501b320f438e36e23d7b8de7dc11,"{""A"":""x3y0+x0y1+x0y2"",""B"":""x0y3+x1y0+x2y0"",""b"":""X"",""d"":12,""excl_opp_detectors"":""True"",""k"":12,""l"":12,""leak_heralds"":""False"",""leak_repump"":""False"",""leakage"":""False"",""loss"":""False"",""m"":6,""n"":144,""p"":0.001,""prllel_1q"":Infinity,""prllel_2q"":6,""r"":20,""repump_cycles"":3,""seq_meas"":""False"",""seq_ops"":""True"",""swapLRC"":""False""}",
       128,         0,         0,   0.405,bposd,1d42788997c955656e1579c9a1cc0f31acae501b320f438e36e23d7b8de7dc11,"{""A"":""x3y0+x0y1+x0y2"",""B"":""x0y3+x1y0+x2y0"",""b"":""X"",""d"":12,""excl_opp_detectors"":""True"",""k"":12,""l"":12,""leak_heralds"":""False"",""leak_repump"":""False"",""leakage"":""False"",""loss"":""False"",""m"":6,""n"":144,""p"":0.001,""prllel_1q"":Infinity,""prllel_2q"":6,""r"":20,""repump_cycles"":3,""seq_meas"":""False"",""seq_ops"":""True"",""swapLRC"":""False""}",
       128,         0,         0,   0.387,bposd,1d42788997c955656e1579c9a1cc0f31acae501b320f438e36e23d7b8de7dc11,"{""A"":""x3y0+x0y1+x0y2"",""B"":""x0y3+x1y0+x2y0"",""b"":""X"",""d"":12,""excl_opp_detectors"":""True"",""k"":12,""l"":12,""leak_heralds"":""False"",""leak_repump"":""False"",""leakage"":""False"",""loss"":""False"",""m"":6,""n"":144,""p"":0.001,""prllel_1q"":Infinity,""prllel_2q"":6,""r"":20,""repump_cycles"":3,""seq_meas"":""False"",""seq_ops"":""True"",""swapLRC"":""False""}",
       128,         0,         0,   0.437,bposd,1d42788997c955656e1579c9a1cc0f31acae501b320f438e36e23d7b8de7dc11,"{""A"":""x3y0+x0y1+x0y2"",""B"":""x0y3+x1y0+x2y0"",""b"":""X"",""d"":12,""excl_opp_detectors"":""True"",""k"":12,""l"":12,""leak_heralds"":""False"",""leak_repump"":""False"",""leakage"":""False"",""loss"":""False"",""m"":6,""n"":144,""p"":0.001,""prllel_1q"":Infinity,""prllel_2q"":6,""r"":20,""repump_cycles"":3,""seq_meas"":""False"",""seq_ops"":""True"",""swapLRC"":""False""}",
       128,         0,         0,   0.379,bposd,1d42788997c955656e1579c9a1cc0f31acae501b320f438e36e23d7b8de7dc11,"{""A"":""x3y0+x0y1+x0y2"",""B"":""x0y3+x1y0+x2y0"",""b"":""X"",""d"":12,""excl_opp_detectors"":""True"",""k"":12,""l"":12,""leak_heralds"":""False"",""leak_repump"":""False"",""leakage"":""False"",""loss"":""False"",""m"":6,""n"":144,""p"":0.001,""prllel_1q"":Infinity,""prllel_2q"":6,""r"":20,""repump_cycles"":3,""seq_meas"":""False"",""seq_ops"":""True"",""swapLRC"":""False""}",
       128,         0,         0,   0.356,bposd,1d42788997c955656e1579c9a1cc0f31acae501b320f438e36e23d7b8de7dc11,"{""A"":""x3y0+x0y1+x0y2"",""B"":""x0y3+x1y0+x2y0"",""b"":""X"",""d"":12,""excl_opp_detectors"":""True"",""k"":12,""l"":12,""leak_heralds"":""False"",""leak_repump"":""False"",""leakage"":""False"",""loss"":""False"",""m"":6,""n"":144,""p"":0.001,""prllel_1q"":Infinity,""prllel_2q"":6,""r"":20,""repump_cycles"":3,""seq_meas"":""False"",""seq_ops"":""True"",""swapLRC"":""False""}",
       128,         0,         0,   0.411,bposd,1d42788997c955656e1579c9a1cc0f31acae501b320f438e36e23d7b8de7dc11,"{""A"":""x3y0+x0y1+x0y2"",""B"":""x0y3+x1y0+x2y0"",""b"":""X"",""d"":12,""excl_opp_detectors"":""True"",""k"":12,""l"":12,""leak_heralds"":""False"",""leak_repump"":""False"",""leakage"":""False"",""loss"":""False"",""m"":6,""n"":144,""p"":0.001,""prllel_1q"":Infinity,""prllel_2q"":6,""r"":20,""repump_cycles"":3,""seq_meas"":""False"",""seq_ops"":""True"",""swapLRC"":""False""}",
       128,         0,         0,   0.396,bposd,1d42788997c955656e1579c9a1cc0f31acae501b320f438e36e23d7b8de7dc11,"{""A"":""x3y0+x0y1+x0y2"",""B"":""x0y3+x1y0+x2y0"",""b"":""X"",""d"":12,""excl_opp_detectors"":""True"",""k"":12,""l"":12,""leak_heralds"":""False"",""leak_repump"":""False"",""leakage"":""False"",""loss"":""False"",""m"":6,""n"":144,""p"":0.001,""prllel_1q"":Infinity,""prllel_2q"":6,""r"":20,""repump_cycles"":3,""seq_meas"":""False"",""seq_ops"":""True"",""swapLRC"":""False""}",
       128,         0,         0,   0.365,bposd,1d42788997c955656e1579c9a1cc0f31acae501b320f438e36e23d7b8de7dc11,"{""A"":""x3y0+x0y1+x0y2"",""B"":""x0y3+x1y0+x2y0"",""b"":""X"",""d"":12,""excl_opp_detectors"":""True"",""k"":12,""l"":12,""leak_heralds"":""False"",""leak_repump"":""False"",""leakage"":""False"",""loss"":""False"",""m"":6,""n"":144,""p"":0.001,""prllel_1q"":Infinity,""prllel_2q"":6,""r"":20,""repump_cycles"":3,""seq_meas"":""False"",""seq_ops"":""True"",""swapLRC"":""False""}",
       128,         0,         0,   0.627,bposd,1d42788997c955656e1579c9a1cc0f31acae501b320f438e36e23d7b8de7dc11,"{""A"":""x3y0+x0y1+x0y2"",""B"":""x0y3+x1y0+x2y0"",""b"":""X"",""d"":12,""excl_opp_detectors"":""True"",""k"":12,""l"":12,""leak_heralds"":""False"",""leak_repump"":""False"",""leakage"":""False"",""loss"":""False"",""m"":6,""n"":144,""p"":0.001,""prllel_1q"":Infinity,""prllel_2q"":6,""r"":20,""repump_cycles"":3,""seq_meas"":""False"",""seq_ops"":""True"",""swapLRC"":""False""}",
       128,         0,         0,   0.387,bposd,1d42788997c955656e1579c9a1cc0f31acae501b320f438e36e23d7b8de7dc11,"{""A"":""x3y0+x0y1+x0y2"",""B"":""x0y3+x1y0+x2y0"",""b"":""X"",""d"":12,""excl_opp_detectors"":""True"",""k"":12,""l"":12,""leak_heralds"":""False"",""leak_repump"":""False"",""leakage"":""False"",""loss"":""False"",""m"":6,""n"":144,""p"":0.001,""prllel_1q"":Infinity,""prllel_2q"":6,""r"":20,""repump_cycles"":3,""seq_meas"":""False"",""seq_ops"":""True"",""swapLRC"":""False""}",
       128,         0,         0,   0.390,bposd,1d42788997c955656e1579c9a1cc0f31acae501b320f438e36e23d7b8de7dc11,"{""A"":""x3y0+x0y1+x0y2"",""B"":""x0y3+x1y0+x2y0"",""b"":""X"",""d"":12,""excl_opp_detectors"":""True"",""k"":12,""l"":12,""leak_heralds"":""False"",""leak_repump"":""False"",""leakage"":""False"",""loss"":""False"",""m"":6,""n"":144,""p"":0.001,""prllel_1q"":Infinity,""prllel_2q"":6,""r"":20,""repump_cycles"":3,""seq_meas"":""False"",""seq_ops"":""True"",""swapLRC"":""False""}",
       128,         0,         0,   0.412,bposd,1d42788997c955656e1579c9a1cc0f31acae501b320f438e36e23d7b8de7dc11,"{""A"":""x3y0+x0y1+x0y2"",""B"":""x0y3+x1y0+x2y0"",""b"":""X"",""d"":12,""excl_opp_detectors"":""True"",""k"":12,""l"":12,""leak_heralds"":""False"",""leak_repump"":""False"",""leakage"":""False"",""loss"":""False"",""m"":6,""n"":144,""p"":0.001,""prllel_1q"":Infinity,""prllel_2q"":6,""r"":20,""repump_cycles"":3,""seq_meas"":""False"",""seq_ops"":""True"",""swapLRC"":""False""}",
       128,         0,         0,   0.392,bposd,1d42788997c955656e1579c9a1cc0f31acae501b320f438e36e23d7b8de7dc11,"{""A"":""x3y0+x0y1+x0y2"",""B"":""x0y3+x1y0+x2y0"",""b"":""X"",""d"":12,""excl_opp_detectors"":""True"",""k"":12,""l"":12,""leak_heralds"":""False"",""leak_repump"":""False"",""leakage"":""False"",""loss"":""False"",""m"":6,""n"":144,""p"":0.001,""prllel_1q"":Infinity,""prllel_2q"":6,""r"":20,""repump_cycles"":3,""seq_meas"":""False"",""seq_ops"":""True"",""swapLRC"":""False""}",
       128,         0,         0,   0.363,bposd,1d42788997c955656e1579c9a1cc0f31acae501b320f438e36e23d7b8de7dc11,"{""A"":""x3y0+x0y1+x0y2"",""B"":""x0y3+x1y0+x2y0"",""b"":""X"",""d"":12,""excl_opp_detectors"":""True"",""k"":12,""l"":12,""leak_heralds"":""False"",""leak_repump"":""False"",""leakage"":""False"",""loss"":""False"",""m"":6,""n"":144,""p"":0.001,""prllel_1q"":Infinity,""prllel_2q"":6,""r"":20,""repump_cycles"":3,""seq_meas"":""False"",""seq_ops"":""True"",""swapLRC"":""False""}",
       128,         0,         0,   0.417,bposd,1d42788997c955656e1579c9a1cc0f31acae501b320f438e36e23d7b8de7dc11,"{""A"":""x3y0+x0y1+x0y2"",""B"":""x0y3+x1y0+x2y0"",""b"":""X"",""d"":12,""excl_opp_detectors"":""True"",""k"":12,""l"":12,""leak_heralds"":""False"",""leak_repump"":""False"",""leakage"":""False"",""loss"":""False"",""m"":6,""n"":144,""p"":0.001,""prllel_1q"":Infinity,""prllel_2q"":6,""r"":20,""repump_cycles"":3,""seq_meas"":""False"",""seq_ops"":""True"",""swapLRC"":""False""}",
       128,         0,         0,   0.381,bposd,1d42788997c955656e1579c9a1cc0f31acae501b320f438e36e23d7b8de7dc11,"{""A"":""x3y0+x0y1+x0y2"",""B"":""x0y3+x1y0+x2y0"",""b"":""X"",""d"":12,""excl_opp_detectors"":""True"",""k"":12,""l"":12,""leak_heralds"":""False"",""leak_repump"":""False"",""leakage"":""False"",""loss"":""False"",""m"":6,""n"":144,""p"":0.001,""prllel_1q"":Infinity,""prllel_2q"":6,""r"":20,""repump_cycles"":3,""seq_meas"":""False"",""seq_ops"":""True"",""swapLRC"":""False""}",
       128,         0,         0,   0.361,bposd,1d42788997c955656e1579c9a1cc0f31acae501b320f438e36e23d7b8de7dc11,"{""A"":""x3y0+x0y1+x0y2"",""B"":""x0y3+x1y0+x2y0"",""b"":""X"",""d"":12,""excl_opp_detectors"":""True"",""k"":12,""l"":12,""leak_heralds"":""False"",""leak_repump"":""False"",""leakage"":""False"",""loss"":""False"",""m"":6,""n"":144,""p"":0.001,""prllel_1q"":Infinity,""prllel_2q"":6,""r"":20,""repump_cycles"":3,""seq_meas"":""False"",""seq_ops"":""True"",""swapLRC"":""False""}",
        16,         0,         0,    1.08,bposd,1d42788997c955656e1579c9a1cc0f31acae501b320f438e36e23d7b8de7dc11,"{""A"":""x3y0+x0y1+x0y2"",""B"":""x0y3+x1y0+x2y0"",""b"":""X"",""d"":12,""excl_opp_detectors"":""True"",""k"":12,""l"":12,""leak_heralds"":""False"",""leak_repump"":""False"",""leakage"":""False"",""loss"":""False"",""m"":6,""n"":144,""p"":0.001,""prllel_1q"":Infinity,""prllel_2q"":6,""r"":20,""repump_cycles"":3,""seq_meas"":""False"",""seq_ops"":""True"",""swapLRC"":""False""}",
       128,         0,         0,   0.399,bposd,1d42788997c955656e1579c9a1cc0f31acae501b320f438e36e23d7b8de7dc11,"{""A"":""x3y0+x0y1+x0y2"",""B"":""x0y3+x1y0+x2y0"",""b"":""X"",""d"":12,""excl_opp_detectors"":""True"",""k"":12,""l"":12,""leak_heralds"":""False"",""leak_repump"":""False"",""leakage"":""False"",""loss"":""False"",""m"":6,""n"":144,""p"":0.001,""prllel_1q"":Infinity,""prllel_2q"":6,""r"":20,""repump_cycles"":3,""seq_meas"":""False"",""seq_ops"":""True"",""swapLRC"":""False""}",
       128,         0,         0,   0.369,bposd,1d42788997c955656e1579c9a1cc0f31acae501b320f438e36e23d7b8de7dc11,"{""A"":""x3y0+x0y1+x0y2"",""B"":""x0y3+x1y0+x2y0"",""b"":""X"",""d"":12,""excl_opp_detectors"":""True"",""k"":12,""l"":12,""leak_heralds"":""False"",""leak_repump"":""False"",""leakage"":""False"",""loss"":""False"",""m"":6,""n"":144,""p"":0.001,""prllel_1q"":Infinity,""prllel_2q"":6,""r"":20,""repump_cycles"":3,""seq_meas"":""False"",""seq_ops"":""True"",""swapLRC"":""False""}",
       128,         0,         0,   0.481,bposd,1d42788997c955656e1579c9a1cc0f31acae501b320f438e36e23d7b8de7dc11,"{""A"":""x3y0+x0y1+x0y2"",""B"":""x0y3+x1y0+x2y0"",""b"":""X"",""d"":12,""excl_opp_detectors"":""True"",""k"":12,""l"":12,""leak_heralds"":""False"",""leak_repump"":""False"",""leakage"":""False"",""loss"":""False"",""m"":6,""n"":144,""p"":0.001,""prllel_1q"":Infinity,""prllel_2q"":6,""r"":20,""repump_cycles"":3,""seq_meas"":""False"",""seq_ops"":""True"",""swapLRC"":""False""}",
       128,         0,         0,   0.406,bposd,1d42788997c955656e1579c9a1cc0f31acae501b320f438e36e23d7b8de7dc11,"{""A"":""x3y0+x0y1+x0y2"",""B"":""x0y3+x1y0+x2y0"",""b"":""X"",""d"":12,""excl_opp_detectors"":""True"",""k"":12,""l"":12,""leak_heralds"":""False"",""leak_repump"":""False"",""leakage"":""False"",""loss"":""False"",""m"":6,""n"":144,""p"":0.001,""prllel_1q"":Infinity,""prllel_2q"":6,""r"":20,""repump_cycles"":3,""seq_meas"":""False"",""seq_ops"":""True"",""swapLRC"":""False""}",
       128,         0,         0,   0.405,bposd,1d42788997c955656e1579c9a1cc0f31acae501b320f438e36e23d7b8de7dc11,"{""A"":""x3y0+x0y1+x0y2"",""B"":""x0y3+x1y0+x2y0"",""b"":""X"",""d"":12,""excl_opp_detectors"":""True"",""k"":12,""l"":12,""leak_heralds"":""False"",""leak_repump"":""False"",""leakage"":""False"",""loss"":""False"",""m"":6,""n"":144,""p"":0.001,""prllel_1q"":Infinity,""prllel_2q"":6,""r"":20,""repump_cycles"":3,""seq_meas"":""False"",""seq_ops"":""True"",""swapLRC"":""False""}",
       128,         0,         0,   0.448,bposd,1d42788997c955656e1579c9a1cc0f31acae501b320f438e36e23d7b8de7dc11,"{""A"":""x3y0+x0y1+x0y2"",""B"":""x0y3+x1y0+x2y0"",""b"":""X"",""d"":12,""excl_opp_detectors"":""True"",""k"":12,""l"":12,""leak_heralds"":""False"",""leak_repump"":""False"",""leakage"":""False"",""loss"":""False"",""m"":6,""n"":144,""p"":0.001,""prllel_1q"":Infinity,""prllel_2q"":6,""r"":20,""repump_cycles"":3,""seq_meas"":""False"",""seq_ops"":""True"",""swapLRC"":""False""}",
       128,         0,         0,   0.598,bposd,1d42788997c955656e1579c9a1cc0f31acae501b320f438e36e23d7b8de7dc11,"{""A"":""x3y0+x0y1+x0y2"",""B"":""x0y3+x1y0+x2y0"",""b"":""X"",""d"":12,""excl_opp_detectors"":""True"",""k"":12,""l"":12,""leak_heralds"":""False"",""leak_repump"":""False"",""leakage"":""False"",""loss"":""False"",""m"":6,""n"":144,""p"":0.001,""prllel_1q"":Infinity,""prllel_2q"":6,""r"":20,""repump_cycles"":3,""seq_meas"":""False"",""seq_ops"":""True"",""swapLRC"":""False""}",
       128,         0,         0,   0.405,bposd,1d42788997c955656e1579c9a1cc0f31acae501b320f438e36e23d7b8de7dc11,"{""A"":""x3y0+x0y1+x0y2"",""B"":""x0y3+x1y0+x2y0"",""b"":""X"",""d"":12,""excl_opp_detectors"":""True"",""k"":12,""l"":12,""leak_heralds"":""False"",""leak_repump"":""False"",""leakage"":""False"",""loss"":""False"",""m"":6,""n"":144,""p"":0.001,""prllel_1q"":Infinity,""prllel_2q"":6,""r"":20,""repump_cycles"":3,""seq_meas"":""False"",""seq_ops"":""True"",""swapLRC"":""False""}",
       128,         0,         0,    1.36,bposd,1d42788997c955656e1579c9a1cc0f31acae501b320f438e36e23d7b8de7dc11,"{""A"":""x3y0+x0y1+x0y2"",""B"":""x0y3+x1y0+x2y0"",""b"":""X"",""d"":12,""excl_opp_detectors"":""True"",""k"":12,""l"":12,""leak_heralds"":""False"",""leak_repump"":""False"",""leakage"":""False"",""loss"":""False"",""m"":6,""n"":144,""p"":0.001,""prllel_1q"":Infinity,""prllel_2q"":6,""r"":20,""repump_cycles"":3,""seq_meas"":""False"",""seq_ops"":""True"",""swapLRC"":""False""}",
       128,         0,         0,   0.399,bposd,1d42788997c955656e1579c9a1cc0f31acae501b320f438e36e23d7b8de7dc11,"{""A"":""x3y0+x0y1+x0y2"",""B"":""x0y3+x1y0+x2y0"",""b"":""X"",""d"":12,""excl_opp_detectors"":""True"",""k"":12,""l"":12,""leak_heralds"":""False"",""leak_repump"":""False"",""leakage"":""False"",""loss"":""False"",""m"":6,""n"":144,""p"":0.001,""prllel_1q"":Infinity,""prllel_2q"":6,""r"":20,""repump_cycles"":3,""seq_meas"":""False"",""seq_ops"":""True"",""swapLRC"":""False""}",
       128,         0,         0,   0.373,bposd,1d42788997c955656e1579c9a1cc0f31acae501b320f438e36e23d7b8de7dc11,"{""A"":""x3y0+x0y1+x0y2"",""B"":""x0y3+x1y0+x2y0"",""b"":""X"",""d"":12,""excl_opp_detectors"":""True"",""k"":12,""l"":12,""leak_heralds"":""False"",""leak_repump"":""False"",""leakage"":""False"",""loss"":""False"",""m"":6,""n"":144,""p"":0.001,""prllel_1q"":Infinity,""prllel_2q"":6,""r"":20,""repump_cycles"":3,""seq_meas"":""False"",""seq_ops"":""True"",""swapLRC"":""False""}",
       128,         0,         0,   0.415,bposd,1d42788997c955656e1579c9a1cc0f31acae501b320f438e36e23d7b8de7dc11,"{""A"":""x3y0+x0y1+x0y2"",""B"":""x0y3+x1y0+x2y0"",""b"":""X"",""d"":12,""excl_opp_detectors"":""True"",""k"":12,""l"":12,""leak_heralds"":""False"",""leak_repump"":""False"",""leakage"":""False"",""loss"":""False"",""m"":6,""n"":144,""p"":0.001,""prllel_1q"":Infinity,""prllel_2q"":6,""r"":20,""repump_cycles"":3,""seq_meas"":""False"",""seq_ops"":""True"",""swapLRC"":""False""}",
       128,         0,         0,   0.382,bposd,1d42788997c955656e1579c9a1cc0f31acae501b320f438e36e23d7b8de7dc11,"{""A"":""x3y0+x0y1+x0y2"",""B"":""x0y3+x1y0+x2y0"",""b"":""X"",""d"":12,""excl_opp_detectors"":""True"",""k"":12,""l"":12,""leak_heralds"":""False"",""leak_repump"":""False"",""leakage"":""False"",""loss"":""False"",""m"":6,""n"":144,""p"":0.001,""prllel_1q"":Infinity,""prllel_2q"":6,""r"":20,""repump_cycles"":3,""seq_meas"":""False"",""seq_ops"":""True"",""swapLRC"":""False""}",
       128,         0,         0,   0.527,bposd,1d42788997c955656e1579c9a1cc0f31acae501b320f438e36e23d7b8de7dc11,"{""A"":""x3y0+x0y1+x0y2"",""B"":""x0y3+x1y0+x2y0"",""b"":""X"",""d"":12,""excl_opp_detectors"":""True"",""k"":12,""l"":12,""leak_heralds"":""False"",""leak_repump"":""False"",""leakage"":""False"",""loss"":""False"",""m"":6,""n"":144,""p"":0.001,""prllel_1q"":Infinity,""prllel_2q"":6,""r"":20,""repump_cycles"":3,""seq_meas"":""False"",""seq_ops"":""True"",""swapLRC"":""False""}",
       128,         0,         0,   0.374,bposd,1d42788997c955656e1579c9a1cc0f31acae501b320f438e36e23d7b8de7dc11,"{""A"":""x3y0+x0y1+x0y2"",""B"":""x0y3+x1y0+x2y0"",""b"":""X"",""d"":12,""excl_opp_detectors"":""True"",""k"":12,""l"":12,""leak_heralds"":""False"",""leak_repump"":""False"",""leakage"":""False"",""loss"":""False"",""m"":6,""n"":144,""p"":0.001,""prllel_1q"":Infinity,""prllel_2q"":6,""r"":20,""repump_cycles"":3,""seq_meas"":""False"",""seq_ops"":""True"",""swapLRC"":""False""}",
       128,         0,         0,   0.366,bposd,1d42788997c955656e1579c9a1cc0f31acae501b320f438e36e23d7b8de7dc11,"{""A"":""x3y0+x0y1+x0y2"",""B"":""x0y3+x1y0+x2y0"",""b"":""X"",""d"":12,""excl_opp_detectors"":""True"",""k"":12,""l"":12,""leak_heralds"":""False"",""leak_repump"":""False"",""leakage"":""False"",""loss"":""False"",""m"":6,""n"":144,""p"":0.001,""prllel_1q"":Infinity,""prllel_2q"":6,""r"":20,""repump_cycles"":3,""seq_meas"":""False"",""seq_ops"":""True"",""swapLRC"":""False""}",
        16,         0,         0,   0.078,bposd,1d42788997c955656e1579c9a1cc0f31acae501b320f438e36e23d7b8de7dc11,"{""A"":""x3y0+x0y1+x0y2"",""B"":""x0y3+x1y0+x2y0"",""b"":""X"",""d"":12,""excl_opp_detectors"":""True"",""k"":12,""l"":12,""leak_heralds"":""False"",""leak_repump"":""False"",""leakage"":""False"",""loss"":""False"",""m"":6,""n"":144,""p"":0.001,""prllel_1q"":Infinity,""prllel_2q"":6,""r"":20,""repump_cycles"":3,""seq_meas"":""False"",""seq_ops"":""True"",""swapLRC"":""False""}",
       128,         0,         0,   0.368,bposd,1d42788997c955656e1579c9a1cc0f31acae501b320f438e36e23d7b8de7dc11,"{""A"":""x3y0+x0y1+x0y2"",""B"":""x0y3+x1y0+x2y0"",""b"":""X"",""d"":12,""excl_opp_detectors"":""True"",""k"":12,""l"":12,""leak_heralds"":""False"",""leak_repump"":""False"",""leakage"":""False"",""loss"":""False"",""m"":6,""n"":144,""p"":0.001,""prllel_1q"":Infinity,""prllel_2q"":6,""r"":20,""repump_cycles"":3,""seq_meas"":""False"",""seq_ops"":""True"",""swapLRC"":""False""}",
       128,         0,         0,   0.427,bposd,1d42788997c955656e1579c9a1cc0f31acae501b320f438e36e23d7b8de7dc11,"{""A"":""x3y0+x0y1+x0y2"",""B"":""x0y3+x1y0+x2y0"",""b"":""X"",""d"":12,""excl_opp_detectors"":""True"",""k"":12,""l"":12,""leak_heralds"":""False"",""leak_repump"":""False"",""leakage"":""False"",""loss"":""False"",""m"":6,""n"":144,""p"":0.001,""prllel_1q"":Infinity,""prllel_2q"":6,""r"":20,""repump_cycles"":3,""seq_meas"":""False"",""seq_ops"":""True"",""swapLRC"":""False""}",
       128,         0,         0,   0.411,bposd,1d42788997c955656e1579c9a1cc0f31acae501b320f438e36e23d7b8de7dc11,"{""A"":""x3y0+x0y1+x0y2"",""B"":""x0y3+x1y0+x2y0"",""b"":""X"",""d"":12,""excl_opp_detectors"":""True"",""k"":12,""l"":12,""leak_heralds"":""False"",""leak_repump"":""False"",""leakage"":""False"",""loss"":""False"",""m"":6,""n"":144,""p"":0.001,""prllel_1q"":Infinity,""prllel_2q"":6,""r"":20,""repump_cycles"":3,""seq_meas"":""False"",""seq_ops"":""True"",""swapLRC"":""False""}",
       128,         0,         0,   0.352,bposd,1d42788997c955656e1579c9a1cc0f31acae501b320f438e36e23d7b8de7dc11,"{""A"":""x3y0+x0y1+x0y2"",""B"":""x0y3+x1y0+x2y0"",""b"":""X"",""d"":12,""excl_opp_detectors"":""True"",""k"":12,""l"":12,""leak_heralds"":""False"",""leak_repump"":""False"",""leakage"":""False"",""loss"":""False"",""m"":6,""n"":144,""p"":0.001,""prllel_1q"":Infinity,""prllel_2q"":6,""r"":20,""repump_cycles"":3,""seq_meas"":""False"",""seq_ops"":""True"",""swapLRC"":""False""}",
       128,         0,         0,   0.378,bposd,1d42788997c955656e1579c9a1cc0f31acae501b320f438e36e23d7b8de7dc11,"{""A"":""x3y0+x0y1+x0y2"",""B"":""x0y3+x1y0+x2y0"",""b"":""X"",""d"":12,""excl_opp_detectors"":""True"",""k"":12,""l"":12,""leak_heralds"":""False"",""leak_repump"":""False"",""leakage"":""False"",""loss"":""False"",""m"":6,""n"":144,""p"":0.001,""prllel_1q"":Infinity,""prllel_2q"":6,""r"":20,""repump_cycles"":3,""seq_meas"":""False"",""seq_ops"":""True"",""swapLRC"":""False""}",
       128,         0,         0,   0.384,bposd,1d42788997c955656e1579c9a1cc0f31acae501b320f438e36e23d7b8de7dc11,"{""A"":""x3y0+x0y1+x0y2"",""B"":""x0y3+x1y0+x2y0"",""b"":""X"",""d"":12,""excl_opp_detectors"":""True"",""k"":12,""l"":12,""leak_heralds"":""False"",""leak_repump"":""False"",""leakage"":""False"",""loss"":""False"",""m"":6,""n"":144,""p"":0.001,""prllel_1q"":Infinity,""prllel_2q"":6,""r"":20,""repump_cycles"":3,""seq_meas"":""False"",""seq_ops"":""True"",""swapLRC"":""False""}",
       128,         0,         0,   0.451,bposd,1d42788997c955656e1579c9a1cc0f31acae501b320f438e36e23d7b8de7dc11,"{""A"":""x3y0+x0y1+x0y2"",""B"":""x0y3+x1y0+x2y0"",""b"":""X"",""d"":12,""excl_opp_detectors"":""True"",""k"":12,""l"":12,""leak_heralds"":""False"",""leak_repump"":""False"",""leakage"":""False"",""loss"":""False"",""m"":6,""n"":144,""p"":0.001,""prllel_1q"":Infinity,""prllel_2q"":6,""r"":20,""repump_cycles"":3,""seq_meas"":""False"",""seq_ops"":""True"",""swapLRC"":""False""}",
       128,         0,         0,   0.396,bposd,1d42788997c955656e1579c9a1cc0f31acae501b320f438e36e23d7b8de7dc11,"{""A"":""x3y0+x0y1+x0y2"",""B"":""x0y3+x1y0+x2y0"",""b"":""X"",""d"":12,""excl_opp_detectors"":""True"",""k"":12,""l"":12,""leak_heralds"":""False"",""leak_repump"":""False"",""leakage"":""False"",""loss"":""False"",""m"":6,""n"":144,""p"":0.001,""prllel_1q"":Infinity,""prllel_2q"":6,""r"":20,""repump_cycles"":3,""seq_meas"":""False"",""seq_ops"":""True"",""swapLRC"":""False""}",
       128,         0,         0,   0.465,bposd,1d42788997c955656e1579c9a1cc0f31acae501b320f438e36e23d7b8de7dc11,"{""A"":""x3y0+x0y1+x0y2"",""B"":""x0y3+x1y0+x2y0"",""b"":""X"",""d"":12,""excl_opp_detectors"":""True"",""k"":12,""l"":12,""leak_heralds"":""False"",""leak_repump"":""False"",""leakage"":""False"",""loss"":""False"",""m"":6,""n"":144,""p"":0.001,""prllel_1q"":Infinity,""prllel_2q"":6,""r"":20,""repump_cycles"":3,""seq_meas"":""False"",""seq_ops"":""True"",""swapLRC"":""False""}",
       128,         0,         0,   0.425,bposd,1d42788997c955656e1579c9a1cc0f31acae501b320f438e36e23d7b8de7dc11,"{""A"":""x3y0+x0y1+x0y2"",""B"":""x0y3+x1y0+x2y0"",""b"":""X"",""d"":12,""excl_opp_detectors"":""True"",""k"":12,""l"":12,""leak_heralds"":""False"",""leak_repump"":""False"",""leakage"":""False"",""loss"":""False"",""m"":6,""n"":144,""p"":0.001,""prllel_1q"":Infinity,""prllel_2q"":6,""r"":20,""repump_cycles"":3,""seq_meas"":""False"",""seq_ops"":""True"",""swapLRC"":""False""}",
       128,         0,         0,   0.355,bposd,1d42788997c955656e1579c9a1cc0f31acae501b320f438e36e23d7b8de7dc11,"{""A"":""x3y0+x0y1+x0y2"",""B"":""x0y3+x1y0+x2y0"",""b"":""X"",""d"":12,""excl_opp_detectors"":""True"",""k"":12,""l"":12,""leak_heralds"":""False"",""leak_repump"":""False"",""leakage"":""False"",""loss"":""False"",""m"":6,""n"":144,""p"":0.001,""prllel_1q"":Infinity,""prllel_2q"":6,""r"":20,""repump_cycles"":3,""seq_meas"":""False"",""seq_ops"":""True"",""swapLRC"":""False""}",
       128,         0,         0,   0.377,bposd,1d42788997c955656e1579c9a1cc0f31acae501b320f438e36e23d7b8de7dc11,"{""A"":""x3y0+x0y1+x0y2"",""B"":""x0y3+x1y0+x2y0"",""b"":""X"",""d"":12,""excl_opp_detectors"":""True"",""k"":12,""l"":12,""leak_heralds"":""False"",""leak_repump"":""False"",""leakage"":""False"",""loss"":""False"",""m"":6,""n"":144,""p"":0.001,""prllel_1q"":Infinity,""prllel_2q"":6,""r"":20,""repump_cycles"":3,""seq_meas"":""False"",""seq_ops"":""True"",""swapLRC"":""False""}",
       128,         0,         0,   0.584,bposd,1d42788997c955656e1579c9a1cc0f31acae501b320f438e36e23d7b8de7dc11,"{""A"":""x3y0+x0y1+x0y2"",""B"":""x0y3+x1y0+x2y0"",""b"":""X"",""d"":12,""excl_opp_detectors"":""True"",""k"":12,""l"":12,""leak_heralds"":""False"",""leak_repump"":""False"",""leakage"":""False"",""loss"":""False"",""m"":6,""n"":144,""p"":0.001,""prllel_1q"":Infinity,""prllel_2q"":6,""r"":20,""repump_cycles"":3,""seq_meas"":""False"",""seq_ops"":""True"",""swapLRC"":""False""}",
       128,         0,         0,   0.444,bposd,1d42788997c955656e1579c9a1cc0f31acae501b320f438e36e23d7b8de7dc11,"{""A"":""x3y0+x0y1+x0y2"",""B"":""x0y3+x1y0+x2y0"",""b"":""X"",""d"":12,""excl_opp_detectors"":""True"",""k"":12,""l"":12,""leak_heralds"":""False"",""leak_repump"":""False"",""leakage"":""False"",""loss"":""False"",""m"":6,""n"":144,""p"":0.001,""prllel_1q"":Infinity,""prllel_2q"":6,""r"":20,""repump_cycles"":3,""seq_meas"":""False"",""seq_ops"":""True"",""swapLRC"":""False""}",
       128,         0,         0,   0.503,bposd,1d42788997c955656e1579c9a1cc0f31acae501b320f438e36e23d7b8de7dc11,"{""A"":""x3y0+x0y1+x0y2"",""B"":""x0y3+x1y0+x2y0"",""b"":""X"",""d"":12,""excl_opp_detectors"":""True"",""k"":12,""l"":12,""leak_heralds"":""False"",""leak_repump"":""False"",""leakage"":""False"",""loss"":""False"",""m"":6,""n"":144,""p"":0.001,""prllel_1q"":Infinity,""prllel_2q"":6,""r"":20,""repump_cycles"":3,""seq_meas"":""False"",""seq_ops"":""True"",""swapLRC"":""False""}",
       128,         0,         0,   0.459,bposd,1d42788997c955656e1579c9a1cc0f31acae501b320f438e36e23d7b8de7dc11,"{""A"":""x3y0+x0y1+x0y2"",""B"":""x0y3+x1y0+x2y0"",""b"":""X"",""d"":12,""excl_opp_detectors"":""True"",""k"":12,""l"":12,""leak_heralds"":""False"",""leak_repump"":""False"",""leakage"":""False"",""loss"":""False"",""m"":6,""n"":144,""p"":0.001,""prllel_1q"":Infinity,""prllel_2q"":6,""r"":20,""repump_cycles"":3,""seq_meas"":""False"",""seq_ops"":""True"",""swapLRC"":""False""}",
       128,         0,         0,   0.579,bposd,1d42788997c955656e1579c9a1cc0f31acae501b320f438e36e23d7b8de7dc11,"{""A"":""x3y0+x0y1+x0y2"",""B"":""x0y3+x1y0+x2y0"",""b"":""X"",""d"":12,""excl_opp_detectors"":""True"",""k"":12,""l"":12,""leak_heralds"":""False"",""leak_repump"":""False"",""leakage"":""False"",""loss"":""False"",""m"":6,""n"":144,""p"":0.001,""prllel_1q"":Infinity,""prllel_2q"":6,""r"":20,""repump_cycles"":3,""seq_meas"":""False"",""seq_ops"":""True"",""swapLRC"":""False""}",
       128,         0,         0,   0.390,bposd,1d42788997c955656e1579c9a1cc0f31acae501b320f438e36e23d7b8de7dc11,"{""A"":""x3y0+x0y1+x0y2"",""B"":""x0y3+x1y0+x2y0"",""b"":""X"",""d"":12,""excl_opp_detectors"":""True"",""k"":12,""l"":12,""leak_heralds"":""False"",""leak_repump"":""False"",""leakage"":""False"",""loss"":""False"",""m"":6,""n"":144,""p"":0.001,""prllel_1q"":Infinity,""prllel_2q"":6,""r"":20,""repump_cycles"":3,""seq_meas"":""False"",""seq_ops"":""True"",""swapLRC"":""False""}",
       128,         0,         0,   0.370,bposd,1d42788997c955656e1579c9a1cc0f31acae501b320f438e36e23d7b8de7dc11,"{""A"":""x3y0+x0y1+x0y2"",""B"":""x0y3+x1y0+x2y0"",""b"":""X"",""d"":12,""excl_opp_detectors"":""True"",""k"":12,""l"":12,""leak_heralds"":""False"",""leak_repump"":""False"",""leakage"":""False"",""loss"":""False"",""m"":6,""n"":144,""p"":0.001,""prllel_1q"":Infinity,""prllel_2q"":6,""r"":20,""repump_cycles"":3,""seq_meas"":""False"",""seq_ops"":""True"",""swapLRC"":""False""}",
       128,         0,         0,   0.377,bposd,1d42788997c955656e1579c9a1cc0f31acae501b320f438e36e23d7b8de7dc11,"{""A"":""x3y0+x0y1+x0y2"",""B"":""x0y3+x1y0+x2y0"",""b"":""X"",""d"":12,""excl_opp_detectors"":""True"",""k"":12,""l"":12,""leak_heralds"":""False"",""leak_repump"":""False"",""leakage"":""False"",""loss"":""False"",""m"":6,""n"":144,""p"":0.001,""prllel_1q"":Infinity,""prllel_2q"":6,""r"":20,""repump_cycles"":3,""seq_meas"":""False"",""seq_ops"":""True"",""swapLRC"":""False""}",
       128,         0,         0,   0.365,bposd,1d42788997c955656e1579c9a1cc0f31acae501b320f438e36e23d7b8de7dc11,"{""A"":""x3y0+x0y1+x0y2"",""B"":""x0y3+x1y0+x2y0"",""b"":""X"",""d"":12,""excl_opp_detectors"":""True"",""k"":12,""l"":12,""leak_heralds"":""False"",""leak_repump"":""False"",""leakage"":""False"",""loss"":""False"",""m"":6,""n"":144,""p"":0.001,""prllel_1q"":Infinity,""prllel_2q"":6,""r"":20,""repump_cycles"":3,""seq_meas"":""False"",""seq_ops"":""True"",""swapLRC"":""False""}",
       128,         0,         0,   0.417,bposd,1d42788997c955656e1579c9a1cc0f31acae501b320f438e36e23d7b8de7dc11,"{""A"":""x3y0+x0y1+x0y2"",""B"":""x0y3+x1y0+x2y0"",""b"":""X"",""d"":12,""excl_opp_detectors"":""True"",""k"":12,""l"":12,""leak_heralds"":""False"",""leak_repump"":""False"",""leakage"":""False"",""loss"":""False"",""m"":6,""n"":144,""p"":0.001,""prllel_1q"":Infinity,""prllel_2q"":6,""r"":20,""repump_cycles"":3,""seq_meas"":""False"",""seq_ops"":""True"",""swapLRC"":""False""}",
       128,         0,         0,   0.354,bposd,1d42788997c955656e1579c9a1cc0f31acae501b320f438e36e23d7b8de7dc11,"{""A"":""x3y0+x0y1+x0y2"",""B"":""x0y3+x1y0+x2y0"",""b"":""X"",""d"":12,""excl_opp_detectors"":""True"",""k"":12,""l"":12,""leak_heralds"":""False"",""leak_repump"":""False"",""leakage"":""False"",""loss"":""False"",""m"":6,""n"":144,""p"":0.001,""prllel_1q"":Infinity,""prllel_2q"":6,""r"":20,""repump_cycles"":3,""seq_meas"":""False"",""seq_ops"":""True"",""swapLRC"":""False""}",
        64,         0,         0,   0.228,bposd,1d42788997c955656e1579c9a1cc0f31acae501b320f438e36e23d7b8de7dc11,"{""A"":""x3y0+x0y1+x0y2"",""B"":""x0y3+x1y0+x2y0"",""b"":""X"",""d"":12,""excl_opp_detectors"":""True"",""k"":12,""l"":12,""leak_heralds"":""False"",""leak_repump"":""False"",""leakage"":""False"",""loss"":""False"",""m"":6,""n"":144,""p"":0.001,""prllel_1q"":Infinity,""prllel_2q"":6,""r"":20,""repump_cycles"":3,""seq_meas"":""False"",""seq_ops"":""True"",""swapLRC"":""False""}",
       128,         0,         0,   0.380,bposd,1d42788997c955656e1579c9a1cc0f31acae501b320f438e36e23d7b8de7dc11,"{""A"":""x3y0+x0y1+x0y2"",""B"":""x0y3+x1y0+x2y0"",""b"":""X"",""d"":12,""excl_opp_detectors"":""True"",""k"":12,""l"":12,""leak_heralds"":""False"",""leak_repump"":""False"",""leakage"":""False"",""loss"":""False"",""m"":6,""n"":144,""p"":0.001,""prllel_1q"":Infinity,""prllel_2q"":6,""r"":20,""repump_cycles"":3,""seq_meas"":""False"",""seq_ops"":""True"",""swapLRC"":""False""}",
       128,         0,         0,   0.362,bposd,1d42788997c955656e1579c9a1cc0f31acae501b320f438e36e23d7b8de7dc11,"{""A"":""x3y0+x0y1+x0y2"",""B"":""x0y3+x1y0+x2y0"",""b"":""X"",""d"":12,""excl_opp_detectors"":""True"",""k"":12,""l"":12,""leak_heralds"":""False"",""leak_repump"":""False"",""leakage"":""False"",""loss"":""False"",""m"":6,""n"":144,""p"":0.001,""prllel_1q"":Infinity,""prllel_2q"":6,""r"":20,""repump_cycles"":3,""seq_meas"":""False"",""seq_ops"":""True"",""swapLRC"":""False""}",
       128,         0,         0,   0.411,bposd,1d42788997c955656e1579c9a1cc0f31acae501b320f438e36e23d7b8de7dc11,"{""A"":""x3y0+x0y1+x0y2"",""B"":""x0y3+x1y0+x2y0"",""b"":""X"",""d"":12,""excl_opp_detectors"":""True"",""k"":12,""l"":12,""leak_heralds"":""False"",""leak_repump"":""False"",""leakage"":""False"",""loss"":""False"",""m"":6,""n"":144,""p"":0.001,""prllel_1q"":Infinity,""prllel_2q"":6,""r"":20,""repump_cycles"":3,""seq_meas"":""False"",""seq_ops"":""True"",""swapLRC"":""False""}",
       128,         0,         0,   0.585,bposd,1d42788997c955656e1579c9a1cc0f31acae501b320f438e36e23d7b8de7dc11,"{""A"":""x3y0+x0y1+x0y2"",""B"":""x0y3+x1y0+x2y0"",""b"":""X"",""d"":12,""excl_opp_detectors"":""True"",""k"":12,""l"":12,""leak_heralds"":""False"",""leak_repump"":""False"",""leakage"":""False"",""loss"":""False"",""m"":6,""n"":144,""p"":0.001,""prllel_1q"":Infinity,""prllel_2q"":6,""r"":20,""repump_cycles"":3,""seq_meas"":""False"",""seq_ops"":""True"",""swapLRC"":""False""}",
       128,         0,         0,   0.436,bposd,1d42788997c955656e1579c9a1cc0f31acae501b320f438e36e23d7b8de7dc11,"{""A"":""x3y0+x0y1+x0y2"",""B"":""x0y3+x1y0+x2y0"",""b"":""X"",""d"":12,""excl_opp_detectors"":""True"",""k"":12,""l"":12,""leak_heralds"":""False"",""leak_repump"":""False"",""leakage"":""False"",""loss"":""False"",""m"":6,""n"":144,""p"":0.001,""prllel_1q"":Infinity,""prllel_2q"":6,""r"":20,""repump_cycles"":3,""seq_meas"":""False"",""seq_ops"":""True"",""swapLRC"":""False""}",
       128,         0,         0,    1.17,bposd,1d42788997c955656e1579c9a1cc0f31acae501b320f438e36e23d7b8de7dc11,"{""A"":""x3y0+x0y1+x0y2"",""B"":""x0y3+x1y0+x2y0"",""b"":""X"",""d"":12,""excl_opp_detectors"":""True"",""k"":12,""l"":12,""leak_heralds"":""False"",""leak_repump"":""False"",""leakage"":""False"",""loss"":""False"",""m"":6,""n"":144,""p"":0.001,""prllel_1q"":Infinity,""prllel_2q"":6,""r"":20,""repump_cycles"":3,""seq_meas"":""False"",""seq_ops"":""True"",""swapLRC"":""False""}",
       128,         0,         0,   0.347,bposd,1d42788997c955656e1579c9a1cc0f31acae501b320f438e36e23d7b8de7dc11,"{""A"":""x3y0+x0y1+x0y2"",""B"":""x0y3+x1y0+x2y0"",""b"":""X"",""d"":12,""excl_opp_detectors"":""True"",""k"":12,""l"":12,""leak_heralds"":""False"",""leak_repump"":""False"",""leakage"":""False"",""loss"":""False"",""m"":6,""n"":144,""p"":0.001,""prllel_1q"":Infinity,""prllel_2q"":6,""r"":20,""repump_cycles"":3,""seq_meas"":""False"",""seq_ops"":""True"",""swapLRC"":""False""}",
        64,         0,         0,   0.248,bposd,1d42788997c955656e1579c9a1cc0f31acae501b320f438e36e23d7b8de7dc11,"{""A"":""x3y0+x0y1+x0y2"",""B"":""x0y3+x1y0+x2y0"",""b"":""X"",""d"":12,""excl_opp_detectors"":""True"",""k"":12,""l"":12,""leak_heralds"":""False"",""leak_repump"":""False"",""leakage"":""False"",""loss"":""False"",""m"":6,""n"":144,""p"":0.001,""prllel_1q"":Infinity,""prllel_2q"":6,""r"":20,""repump_cycles"":3,""seq_meas"":""False"",""seq_ops"":""True"",""swapLRC"":""False""}",
       128,         0,         0,   0.456,bposd,1d42788997c955656e1579c9a1cc0f31acae501b320f438e36e23d7b8de7dc11,"{""A"":""x3y0+x0y1+x0y2"",""B"":""x0y3+x1y0+x2y0"",""b"":""X"",""d"":12,""excl_opp_detectors"":""True"",""k"":12,""l"":12,""leak_heralds"":""False"",""leak_repump"":""False"",""leakage"":""False"",""loss"":""False"",""m"":6,""n"":144,""p"":0.001,""prllel_1q"":Infinity,""prllel_2q"":6,""r"":20,""repump_cycles"":3,""seq_meas"":""False"",""seq_ops"":""True"",""swapLRC"":""False""}",
       128,         0,         0,   0.427,bposd,1d42788997c955656e1579c9a1cc0f31acae501b320f438e36e23d7b8de7dc11,"{""A"":""x3y0+x0y1+x0y2"",""B"":""x0y3+x1y0+x2y0"",""b"":""X"",""d"":12,""excl_opp_detectors"":""True"",""k"":12,""l"":12,""leak_heralds"":""False"",""leak_repump"":""False"",""leakage"":""False"",""loss"":""False"",""m"":6,""n"":144,""p"":0.001,""prllel_1q"":Infinity,""prllel_2q"":6,""r"":20,""repump_cycles"":3,""seq_meas"":""False"",""seq_ops"":""True"",""swapLRC"":""False""}",
       128,         0,         0,   0.402,bposd,1d42788997c955656e1579c9a1cc0f31acae501b320f438e36e23d7b8de7dc11,"{""A"":""x3y0+x0y1+x0y2"",""B"":""x0y3+x1y0+x2y0"",""b"":""X"",""d"":12,""excl_opp_detectors"":""True"",""k"":12,""l"":12,""leak_heralds"":""False"",""leak_repump"":""False"",""leakage"":""False"",""loss"":""False"",""m"":6,""n"":144,""p"":0.001,""prllel_1q"":Infinity,""prllel_2q"":6,""r"":20,""repump_cycles"":3,""seq_meas"":""False"",""seq_ops"":""True"",""swapLRC"":""False""}",
       128,         0,         0,   0.397,bposd,1d42788997c955656e1579c9a1cc0f31acae501b320f438e36e23d7b8de7dc11,"{""A"":""x3y0+x0y1+x0y2"",""B"":""x0y3+x1y0+x2y0"",""b"":""X"",""d"":12,""excl_opp_detectors"":""True"",""k"":12,""l"":12,""leak_heralds"":""False"",""leak_repump"":""False"",""leakage"":""False"",""loss"":""False"",""m"":6,""n"":144,""p"":0.001,""prllel_1q"":Infinity,""prllel_2q"":6,""r"":20,""repump_cycles"":3,""seq_meas"":""False"",""seq_ops"":""True"",""swapLRC"":""False""}",
       128,         0,         0,   0.428,bposd,1d42788997c955656e1579c9a1cc0f31acae501b320f438e36e23d7b8de7dc11,"{""A"":""x3y0+x0y1+x0y2"",""B"":""x0y3+x1y0+x2y0"",""b"":""X"",""d"":12,""excl_opp_detectors"":""True"",""k"":12,""l"":12,""leak_heralds"":""False"",""leak_repump"":""False"",""leakage"":""False"",""loss"":""False"",""m"":6,""n"":144,""p"":0.001,""prllel_1q"":Infinity,""prllel_2q"":6,""r"":20,""repump_cycles"":3,""seq_meas"":""False"",""seq_ops"":""True"",""swapLRC"":""False""}",
       128,         0,         0,   0.440,bposd,1d42788997c955656e1579c9a1cc0f31acae501b320f438e36e23d7b8de7dc11,"{""A"":""x3y0+x0y1+x0y2"",""B"":""x0y3+x1y0+x2y0"",""b"":""X"",""d"":12,""excl_opp_detectors"":""True"",""k"":12,""l"":12,""leak_heralds"":""False"",""leak_repump"":""False"",""leakage"":""False"",""loss"":""False"",""m"":6,""n"":144,""p"":0.001,""prllel_1q"":Infinity,""prllel_2q"":6,""r"":20,""repump_cycles"":3,""seq_meas"":""False"",""seq_ops"":""True"",""swapLRC"":""False""}",
       128,         0,         0,   0.456,bposd,1d42788997c955656e1579c9a1cc0f31acae501b320f438e36e23d7b8de7dc11,"{""A"":""x3y0+x0y1+x0y2"",""B"":""x0y3+x1y0+x2y0"",""b"":""X"",""d"":12,""excl_opp_detectors"":""True"",""k"":12,""l"":12,""leak_heralds"":""False"",""leak_repump"":""False"",""leakage"":""False"",""loss"":""False"",""m"":6,""n"":144,""p"":0.001,""prllel_1q"":Infinity,""prllel_2q"":6,""r"":20,""repump_cycles"":3,""seq_meas"":""False"",""seq_ops"":""True"",""swapLRC"":""False""}",
       128,         0,         0,   0.382,bposd,1d42788997c955656e1579c9a1cc0f31acae501b320f438e36e23d7b8de7dc11,"{""A"":""x3y0+x0y1+x0y2"",""B"":""x0y3+x1y0+x2y0"",""b"":""X"",""d"":12,""excl_opp_detectors"":""True"",""k"":12,""l"":12,""leak_heralds"":""False"",""leak_repump"":""False"",""leakage"":""False"",""loss"":""False"",""m"":6,""n"":144,""p"":0.001,""prllel_1q"":Infinity,""prllel_2q"":6,""r"":20,""repump_cycles"":3,""seq_meas"":""False"",""seq_ops"":""True"",""swapLRC"":""False""}",
       128,         0,         0,   0.462,bposd,1d42788997c955656e1579c9a1cc0f31acae501b320f438e36e23d7b8de7dc11,"{""A"":""x3y0+x0y1+x0y2"",""B"":""x0y3+x1y0+x2y0"",""b"":""X"",""d"":12,""excl_opp_detectors"":""True"",""k"":12,""l"":12,""leak_heralds"":""False"",""leak_repump"":""False"",""leakage"":""False"",""loss"":""False"",""m"":6,""n"":144,""p"":0.001,""prllel_1q"":Infinity,""prllel_2q"":6,""r"":20,""repump_cycles"":3,""seq_meas"":""False"",""seq_ops"":""True"",""swapLRC"":""False""}",
       128,         0,         0,   0.476,bposd,1d42788997c955656e1579c9a1cc0f31acae501b320f438e36e23d7b8de7dc11,"{""A"":""x3y0+x0y1+x0y2"",""B"":""x0y3+x1y0+x2y0"",""b"":""X"",""d"":12,""excl_opp_detectors"":""True"",""k"":12,""l"":12,""leak_heralds"":""False"",""leak_repump"":""False"",""leakage"":""False"",""loss"":""False"",""m"":6,""n"":144,""p"":0.001,""prllel_1q"":Infinity,""prllel_2q"":6,""r"":20,""repump_cycles"":3,""seq_meas"":""False"",""seq_ops"":""True"",""swapLRC"":""False""}",
       128,         0,         0,   0.606,bposd,1d42788997c955656e1579c9a1cc0f31acae501b320f438e36e23d7b8de7dc11,"{""A"":""x3y0+x0y1+x0y2"",""B"":""x0y3+x1y0+x2y0"",""b"":""X"",""d"":12,""excl_opp_detectors"":""True"",""k"":12,""l"":12,""leak_heralds"":""False"",""leak_repump"":""False"",""leakage"":""False"",""loss"":""False"",""m"":6,""n"":144,""p"":0.001,""prllel_1q"":Infinity,""prllel_2q"":6,""r"":20,""repump_cycles"":3,""seq_meas"":""False"",""seq_ops"":""True"",""swapLRC"":""False""}",
       128,         0,         0,   0.392,bposd,1d42788997c955656e1579c9a1cc0f31acae501b320f438e36e23d7b8de7dc11,"{""A"":""x3y0+x0y1+x0y2"",""B"":""x0y3+x1y0+x2y0"",""b"":""X"",""d"":12,""excl_opp_detectors"":""True"",""k"":12,""l"":12,""leak_heralds"":""False"",""leak_repump"":""False"",""leakage"":""False"",""loss"":""False"",""m"":6,""n"":144,""p"":0.001,""prllel_1q"":Infinity,""prllel_2q"":6,""r"":20,""repump_cycles"":3,""seq_meas"":""False"",""seq_ops"":""True"",""swapLRC"":""False""}",
       128,         0,         0,   0.394,bposd,1d42788997c955656e1579c9a1cc0f31acae501b320f438e36e23d7b8de7dc11,"{""A"":""x3y0+x0y1+x0y2"",""B"":""x0y3+x1y0+x2y0"",""b"":""X"",""d"":12,""excl_opp_detectors"":""True"",""k"":12,""l"":12,""leak_heralds"":""False"",""leak_repump"":""False"",""leakage"":""False"",""loss"":""False"",""m"":6,""n"":144,""p"":0.001,""prllel_1q"":Infinity,""prllel_2q"":6,""r"":20,""repump_cycles"":3,""seq_meas"":""False"",""seq_ops"":""True"",""swapLRC"":""False""}",
       128,         0,         0,   0.405,bposd,1d42788997c955656e1579c9a1cc0f31acae501b320f438e36e23d7b8de7dc11,"{""A"":""x3y0+x0y1+x0y2"",""B"":""x0y3+x1y0+x2y0"",""b"":""X"",""d"":12,""excl_opp_detectors"":""True"",""k"":12,""l"":12,""leak_heralds"":""False"",""leak_repump"":""False"",""leakage"":""False"",""loss"":""False"",""m"":6,""n"":144,""p"":0.001,""prllel_1q"":Infinity,""prllel_2q"":6,""r"":20,""repump_cycles"":3,""seq_meas"":""False"",""seq_ops"":""True"",""swapLRC"":""False""}",
       128,         0,         0,   0.385,bposd,1d42788997c955656e1579c9a1cc0f31acae501b320f438e36e23d7b8de7dc11,"{""A"":""x3y0+x0y1+x0y2"",""B"":""x0y3+x1y0+x2y0"",""b"":""X"",""d"":12,""excl_opp_detectors"":""True"",""k"":12,""l"":12,""leak_heralds"":""False"",""leak_repump"":""False"",""leakage"":""False"",""loss"":""False"",""m"":6,""n"":144,""p"":0.001,""prllel_1q"":Infinity,""prllel_2q"":6,""r"":20,""repump_cycles"":3,""seq_meas"":""False"",""seq_ops"":""True"",""swapLRC"":""False""}",
       128,         0,         0,   0.440,bposd,1d42788997c955656e1579c9a1cc0f31acae501b320f438e36e23d7b8de7dc11,"{""A"":""x3y0+x0y1+x0y2"",""B"":""x0y3+x1y0+x2y0"",""b"":""X"",""d"":12,""excl_opp_detectors"":""True"",""k"":12,""l"":12,""leak_heralds"":""False"",""leak_repump"":""False"",""leakage"":""False"",""loss"":""False"",""m"":6,""n"":144,""p"":0.001,""prllel_1q"":Infinity,""prllel_2q"":6,""r"":20,""repump_cycles"":3,""seq_meas"":""False"",""seq_ops"":""True"",""swapLRC"":""False""}",
       128,         0,         0,   0.420,bposd,1d42788997c955656e1579c9a1cc0f31acae501b320f438e36e23d7b8de7dc11,"{""A"":""x3y0+x0y1+x0y2"",""B"":""x0y3+x1y0+x2y0"",""b"":""X"",""d"":12,""excl_opp_detectors"":""True"",""k"":12,""l"":12,""leak_heralds"":""False"",""leak_repump"":""False"",""leakage"":""False"",""loss"":""False"",""m"":6,""n"":144,""p"":0.001,""prllel_1q"":Infinity,""prllel_2q"":6,""r"":20,""repump_cycles"":3,""seq_meas"":""False"",""seq_ops"":""True"",""swapLRC"":""False""}",
       128,         0,         0,   0.370,bposd,1d42788997c955656e1579c9a1cc0f31acae501b320f438e36e23d7b8de7dc11,"{""A"":""x3y0+x0y1+x0y2"",""B"":""x0y3+x1y0+x2y0"",""b"":""X"",""d"":12,""excl_opp_detectors"":""True"",""k"":12,""l"":12,""leak_heralds"":""False"",""leak_repump"":""False"",""leakage"":""False"",""loss"":""False"",""m"":6,""n"":144,""p"":0.001,""prllel_1q"":Infinity,""prllel_2q"":6,""r"":20,""repump_cycles"":3,""seq_meas"":""False"",""seq_ops"":""True"",""swapLRC"":""False""}",
       128,         0,         0,   0.346,bposd,1d42788997c955656e1579c9a1cc0f31acae501b320f438e36e23d7b8de7dc11,"{""A"":""x3y0+x0y1+x0y2"",""B"":""x0y3+x1y0+x2y0"",""b"":""X"",""d"":12,""excl_opp_detectors"":""True"",""k"":12,""l"":12,""leak_heralds"":""False"",""leak_repump"":""False"",""leakage"":""False"",""loss"":""False"",""m"":6,""n"":144,""p"":0.001,""prllel_1q"":Infinity,""prllel_2q"":6,""r"":20,""repump_cycles"":3,""seq_meas"":""False"",""seq_ops"":""True"",""swapLRC"":""False""}",
       128,         0,         0,   0.472,bposd,1d42788997c955656e1579c9a1cc0f31acae501b320f438e36e23d7b8de7dc11,"{""A"":""x3y0+x0y1+x0y2"",""B"":""x0y3+x1y0+x2y0"",""b"":""X"",""d"":12,""excl_opp_detectors"":""True"",""k"":12,""l"":12,""leak_heralds"":""False"",""leak_repump"":""False"",""leakage"":""False"",""loss"":""False"",""m"":6,""n"":144,""p"":0.001,""prllel_1q"":Infinity,""prllel_2q"":6,""r"":20,""repump_cycles"":3,""seq_meas"":""False"",""seq_ops"":""True"",""swapLRC"":""False""}",
       128,         0,         0,   0.449,bposd,1d42788997c955656e1579c9a1cc0f31acae501b320f438e36e23d7b8de7dc11,"{""A"":""x3y0+x0y1+x0y2"",""B"":""x0y3+x1y0+x2y0"",""b"":""X"",""d"":12,""excl_opp_detectors"":""True"",""k"":12,""l"":12,""leak_heralds"":""False"",""leak_repump"":""False"",""leakage"":""False"",""loss"":""False"",""m"":6,""n"":144,""p"":0.001,""prllel_1q"":Infinity,""prllel_2q"":6,""r"":20,""repump_cycles"":3,""seq_meas"":""False"",""seq_ops"":""True"",""swapLRC"":""False""}",
       128,         0,         0,   0.422,bposd,1d42788997c955656e1579c9a1cc0f31acae501b320f438e36e23d7b8de7dc11,"{""A"":""x3y0+x0y1+x0y2"",""B"":""x0y3+x1y0+x2y0"",""b"":""X"",""d"":12,""excl_opp_detectors"":""True"",""k"":12,""l"":12,""leak_heralds"":""False"",""leak_repump"":""False"",""leakage"":""False"",""loss"":""False"",""m"":6,""n"":144,""p"":0.001,""prllel_1q"":Infinity,""prllel_2q"":6,""r"":20,""repump_cycles"":3,""seq_meas"":""False"",""seq_ops"":""True"",""swapLRC"":""False""}",
       128,         0,         0,   0.425,bposd,1d42788997c955656e1579c9a1cc0f31acae501b320f438e36e23d7b8de7dc11,"{""A"":""x3y0+x0y1+x0y2"",""B"":""x0y3+x1y0+x2y0"",""b"":""X"",""d"":12,""excl_opp_detectors"":""True"",""k"":12,""l"":12,""leak_heralds"":""False"",""leak_repump"":""False"",""leakage"":""False"",""loss"":""False"",""m"":6,""n"":144,""p"":0.001,""prllel_1q"":Infinity,""prllel_2q"":6,""r"":20,""repump_cycles"":3,""seq_meas"":""False"",""seq_ops"":""True"",""swapLRC"":""False""}",
       128,         0,         0,   0.405,bposd,1d42788997c955656e1579c9a1cc0f31acae501b320f438e36e23d7b8de7dc11,"{""A"":""x3y0+x0y1+x0y2"",""B"":""x0y3+x1y0+x2y0"",""b"":""X"",""d"":12,""excl_opp_detectors"":""True"",""k"":12,""l"":12,""leak_heralds"":""False"",""leak_repump"":""False"",""leakage"":""False"",""loss"":""False"",""m"":6,""n"":144,""p"":0.001,""prllel_1q"":Infinity,""prllel_2q"":6,""r"":20,""repump_cycles"":3,""seq_meas"":""False"",""seq_ops"":""True"",""swapLRC"":""False""}",
       128,         0,         0,   0.418,bposd,1d42788997c955656e1579c9a1cc0f31acae501b320f438e36e23d7b8de7dc11,"{""A"":""x3y0+x0y1+x0y2"",""B"":""x0y3+x1y0+x2y0"",""b"":""X"",""d"":12,""excl_opp_detectors"":""True"",""k"":12,""l"":12,""leak_heralds"":""False"",""leak_repump"":""False"",""leakage"":""False"",""loss"":""False"",""m"":6,""n"":144,""p"":0.001,""prllel_1q"":Infinity,""prllel_2q"":6,""r"":20,""repump_cycles"":3,""seq_meas"":""False"",""seq_ops"":""True"",""swapLRC"":""False""}",
       128,         0,         0,   0.366,bposd,1d42788997c955656e1579c9a1cc0f31acae501b320f438e36e23d7b8de7dc11,"{""A"":""x3y0+x0y1+x0y2"",""B"":""x0y3+x1y0+x2y0"",""b"":""X"",""d"":12,""excl_opp_detectors"":""True"",""k"":12,""l"":12,""leak_heralds"":""False"",""leak_repump"":""False"",""leakage"":""False"",""loss"":""False"",""m"":6,""n"":144,""p"":0.001,""prllel_1q"":Infinity,""prllel_2q"":6,""r"":20,""repump_cycles"":3,""seq_meas"":""False"",""seq_ops"":""True"",""swapLRC"":""False""}",
       128,         0,         0,   0.429,bposd,1d42788997c955656e1579c9a1cc0f31acae501b320f438e36e23d7b8de7dc11,"{""A"":""x3y0+x0y1+x0y2"",""B"":""x0y3+x1y0+x2y0"",""b"":""X"",""d"":12,""excl_opp_detectors"":""True"",""k"":12,""l"":12,""leak_heralds"":""False"",""leak_repump"":""False"",""leakage"":""False"",""loss"":""False"",""m"":6,""n"":144,""p"":0.001,""prllel_1q"":Infinity,""prllel_2q"":6,""r"":20,""repump_cycles"":3,""seq_meas"":""False"",""seq_ops"":""True"",""swapLRC"":""False""}",
       128,         0,         0,   0.366,bposd,1d42788997c955656e1579c9a1cc0f31acae501b320f438e36e23d7b8de7dc11,"{""A"":""x3y0+x0y1+x0y2"",""B"":""x0y3+x1y0+x2y0"",""b"":""X"",""d"":12,""excl_opp_detectors"":""True"",""k"":12,""l"":12,""leak_heralds"":""False"",""leak_repump"":""False"",""leakage"":""False"",""loss"":""False"",""m"":6,""n"":144,""p"":0.001,""prllel_1q"":Infinity,""prllel_2q"":6,""r"":20,""repump_cycles"":3,""seq_meas"":""False"",""seq_ops"":""True"",""swapLRC"":""False""}",
       128,         0,         0,   0.452,bposd,1d42788997c955656e1579c9a1cc0f31acae501b320f438e36e23d7b8de7dc11,"{""A"":""x3y0+x0y1+x0y2"",""B"":""x0y3+x1y0+x2y0"",""b"":""X"",""d"":12,""excl_opp_detectors"":""True"",""k"":12,""l"":12,""leak_heralds"":""False"",""leak_repump"":""False"",""leakage"":""False"",""loss"":""False"",""m"":6,""n"":144,""p"":0.001,""prllel_1q"":Infinity,""prllel_2q"":6,""r"":20,""repump_cycles"":3,""seq_meas"":""False"",""seq_ops"":""True"",""swapLRC"":""False""}",
       128,         0,         0,   0.479,bposd,1d42788997c955656e1579c9a1cc0f31acae501b320f438e36e23d7b8de7dc11,"{""A"":""x3y0+x0y1+x0y2"",""B"":""x0y3+x1y0+x2y0"",""b"":""X"",""d"":12,""excl_opp_detectors"":""True"",""k"":12,""l"":12,""leak_heralds"":""False"",""leak_repump"":""False"",""leakage"":""False"",""loss"":""False"",""m"":6,""n"":144,""p"":0.001,""prllel_1q"":Infinity,""prllel_2q"":6,""r"":20,""repump_cycles"":3,""seq_meas"":""False"",""seq_ops"":""True"",""swapLRC"":""False""}",
       128,         0,         0,    1.04,bposd,1d42788997c955656e1579c9a1cc0f31acae501b320f438e36e23d7b8de7dc11,"{""A"":""x3y0+x0y1+x0y2"",""B"":""x0y3+x1y0+x2y0"",""b"":""X"",""d"":12,""excl_opp_detectors"":""True"",""k"":12,""l"":12,""leak_heralds"":""False"",""leak_repump"":""False"",""leakage"":""False"",""loss"":""False"",""m"":6,""n"":144,""p"":0.001,""prllel_1q"":Infinity,""prllel_2q"":6,""r"":20,""repump_cycles"":3,""seq_meas"":""False"",""seq_ops"":""True"",""swapLRC"":""False""}",
       128,         0,         0,   0.406,bposd,1d42788997c955656e1579c9a1cc0f31acae501b320f438e36e23d7b8de7dc11,"{""A"":""x3y0+x0y1+x0y2"",""B"":""x0y3+x1y0+x2y0"",""b"":""X"",""d"":12,""excl_opp_detectors"":""True"",""k"":12,""l"":12,""leak_heralds"":""False"",""leak_repump"":""False"",""leakage"":""False"",""loss"":""False"",""m"":6,""n"":144,""p"":0.001,""prllel_1q"":Infinity,""prllel_2q"":6,""r"":20,""repump_cycles"":3,""seq_meas"":""False"",""seq_ops"":""True"",""swapLRC"":""False""}",
       128,         0,         0,   0.756,bposd,1d42788997c955656e1579c9a1cc0f31acae501b320f438e36e23d7b8de7dc11,"{""A"":""x3y0+x0y1+x0y2"",""B"":""x0y3+x1y0+x2y0"",""b"":""X"",""d"":12,""excl_opp_detectors"":""True"",""k"":12,""l"":12,""leak_heralds"":""False"",""leak_repump"":""False"",""leakage"":""False"",""loss"":""False"",""m"":6,""n"":144,""p"":0.001,""prllel_1q"":Infinity,""prllel_2q"":6,""r"":20,""repump_cycles"":3,""seq_meas"":""False"",""seq_ops"":""True"",""swapLRC"":""False""}",
       128,         0,         0,   0.391,bposd,1d42788997c955656e1579c9a1cc0f31acae501b320f438e36e23d7b8de7dc11,"{""A"":""x3y0+x0y1+x0y2"",""B"":""x0y3+x1y0+x2y0"",""b"":""X"",""d"":12,""excl_opp_detectors"":""True"",""k"":12,""l"":12,""leak_heralds"":""False"",""leak_repump"":""False"",""leakage"":""False"",""loss"":""False"",""m"":6,""n"":144,""p"":0.001,""prllel_1q"":Infinity,""prllel_2q"":6,""r"":20,""repump_cycles"":3,""seq_meas"":""False"",""seq_ops"":""True"",""swapLRC"":""False""}",
       128,         0,         0,   0.395,bposd,1d42788997c955656e1579c9a1cc0f31acae501b320f438e36e23d7b8de7dc11,"{""A"":""x3y0+x0y1+x0y2"",""B"":""x0y3+x1y0+x2y0"",""b"":""X"",""d"":12,""excl_opp_detectors"":""True"",""k"":12,""l"":12,""leak_heralds"":""False"",""leak_repump"":""False"",""leakage"":""False"",""loss"":""False"",""m"":6,""n"":144,""p"":0.001,""prllel_1q"":Infinity,""prllel_2q"":6,""r"":20,""repump_cycles"":3,""seq_meas"":""False"",""seq_ops"":""True"",""swapLRC"":""False""}",
       128,         0,         0,   0.466,bposd,1d42788997c955656e1579c9a1cc0f31acae501b320f438e36e23d7b8de7dc11,"{""A"":""x3y0+x0y1+x0y2"",""B"":""x0y3+x1y0+x2y0"",""b"":""X"",""d"":12,""excl_opp_detectors"":""True"",""k"":12,""l"":12,""leak_heralds"":""False"",""leak_repump"":""False"",""leakage"":""False"",""loss"":""False"",""m"":6,""n"":144,""p"":0.001,""prllel_1q"":Infinity,""prllel_2q"":6,""r"":20,""repump_cycles"":3,""seq_meas"":""False"",""seq_ops"":""True"",""swapLRC"":""False""}",
       128,         0,         0,   0.444,bposd,1d42788997c955656e1579c9a1cc0f31acae501b320f438e36e23d7b8de7dc11,"{""A"":""x3y0+x0y1+x0y2"",""B"":""x0y3+x1y0+x2y0"",""b"":""X"",""d"":12,""excl_opp_detectors"":""True"",""k"":12,""l"":12,""leak_heralds"":""False"",""leak_repump"":""False"",""leakage"":""False"",""loss"":""False"",""m"":6,""n"":144,""p"":0.001,""prllel_1q"":Infinity,""prllel_2q"":6,""r"":20,""repump_cycles"":3,""seq_meas"":""False"",""seq_ops"":""True"",""swapLRC"":""False""}",
       128,         0,         0,   0.382,bposd,1d42788997c955656e1579c9a1cc0f31acae501b320f438e36e23d7b8de7dc11,"{""A"":""x3y0+x0y1+x0y2"",""B"":""x0y3+x1y0+x2y0"",""b"":""X"",""d"":12,""excl_opp_detectors"":""True"",""k"":12,""l"":12,""leak_heralds"":""False"",""leak_repump"":""False"",""leakage"":""False"",""loss"":""False"",""m"":6,""n"":144,""p"":0.001,""prllel_1q"":Infinity,""prllel_2q"":6,""r"":20,""repump_cycles"":3,""seq_meas"":""False"",""seq_ops"":""True"",""swapLRC"":""False""}",
       128,         0,         0,   0.441,bposd,1d42788997c955656e1579c9a1cc0f31acae501b320f438e36e23d7b8de7dc11,"{""A"":""x3y0+x0y1+x0y2"",""B"":""x0y3+x1y0+x2y0"",""b"":""X"",""d"":12,""excl_opp_detectors"":""True"",""k"":12,""l"":12,""leak_heralds"":""False"",""leak_repump"":""False"",""leakage"":""False"",""loss"":""False"",""m"":6,""n"":144,""p"":0.001,""prllel_1q"":Infinity,""prllel_2q"":6,""r"":20,""repump_cycles"":3,""seq_meas"":""False"",""seq_ops"":""True"",""swapLRC"":""False""}",
       128,         0,         0,   0.461,bposd,1d42788997c955656e1579c9a1cc0f31acae501b320f438e36e23d7b8de7dc11,"{""A"":""x3y0+x0y1+x0y2"",""B"":""x0y3+x1y0+x2y0"",""b"":""X"",""d"":12,""excl_opp_detectors"":""True"",""k"":12,""l"":12,""leak_heralds"":""False"",""leak_repump"":""False"",""leakage"":""False"",""loss"":""False"",""m"":6,""n"":144,""p"":0.001,""prllel_1q"":Infinity,""prllel_2q"":6,""r"":20,""repump_cycles"":3,""seq_meas"":""False"",""seq_ops"":""True"",""swapLRC"":""False""}",
       128,         0,         0,   0.408,bposd,1d42788997c955656e1579c9a1cc0f31acae501b320f438e36e23d7b8de7dc11,"{""A"":""x3y0+x0y1+x0y2"",""B"":""x0y3+x1y0+x2y0"",""b"":""X"",""d"":12,""excl_opp_detectors"":""True"",""k"":12,""l"":12,""leak_heralds"":""False"",""leak_repump"":""False"",""leakage"":""False"",""loss"":""False"",""m"":6,""n"":144,""p"":0.001,""prllel_1q"":Infinity,""prllel_2q"":6,""r"":20,""repump_cycles"":3,""seq_meas"":""False"",""seq_ops"":""True"",""swapLRC"":""False""}",
       128,         0,         0,   0.399,bposd,1d42788997c955656e1579c9a1cc0f31acae501b320f438e36e23d7b8de7dc11,"{""A"":""x3y0+x0y1+x0y2"",""B"":""x0y3+x1y0+x2y0"",""b"":""X"",""d"":12,""excl_opp_detectors"":""True"",""k"":12,""l"":12,""leak_heralds"":""False"",""leak_repump"":""False"",""leakage"":""False"",""loss"":""False"",""m"":6,""n"":144,""p"":0.001,""prllel_1q"":Infinity,""prllel_2q"":6,""r"":20,""repump_cycles"":3,""seq_meas"":""False"",""seq_ops"":""True"",""swapLRC"":""False""}",
       128,         0,         0,   0.460,bposd,1d42788997c955656e1579c9a1cc0f31acae501b320f438e36e23d7b8de7dc11,"{""A"":""x3y0+x0y1+x0y2"",""B"":""x0y3+x1y0+x2y0"",""b"":""X"",""d"":12,""excl_opp_detectors"":""True"",""k"":12,""l"":12,""leak_heralds"":""False"",""leak_repump"":""False"",""leakage"":""False"",""loss"":""False"",""m"":6,""n"":144,""p"":0.001,""prllel_1q"":Infinity,""prllel_2q"":6,""r"":20,""repump_cycles"":3,""seq_meas"":""False"",""seq_ops"":""True"",""swapLRC"":""False""}",
       128,         0,         0,   0.510,bposd,1d42788997c955656e1579c9a1cc0f31acae501b320f438e36e23d7b8de7dc11,"{""A"":""x3y0+x0y1+x0y2"",""B"":""x0y3+x1y0+x2y0"",""b"":""X"",""d"":12,""excl_opp_detectors"":""True"",""k"":12,""l"":12,""leak_heralds"":""False"",""leak_repump"":""False"",""leakage"":""False"",""loss"":""False"",""m"":6,""n"":144,""p"":0.001,""prllel_1q"":Infinity,""prllel_2q"":6,""r"":20,""repump_cycles"":3,""seq_meas"":""False"",""seq_ops"":""True"",""swapLRC"":""False""}",
       128,         0,         0,   0.425,bposd,1d42788997c955656e1579c9a1cc0f31acae501b320f438e36e23d7b8de7dc11,"{""A"":""x3y0+x0y1+x0y2"",""B"":""x0y3+x1y0+x2y0"",""b"":""X"",""d"":12,""excl_opp_detectors"":""True"",""k"":12,""l"":12,""leak_heralds"":""False"",""leak_repump"":""False"",""leakage"":""False"",""loss"":""False"",""m"":6,""n"":144,""p"":0.001,""prllel_1q"":Infinity,""prllel_2q"":6,""r"":20,""repump_cycles"":3,""seq_meas"":""False"",""seq_ops"":""True"",""swapLRC"":""False""}",
       128,         0,         0,   0.470,bposd,1d42788997c955656e1579c9a1cc0f31acae501b320f438e36e23d7b8de7dc11,"{""A"":""x3y0+x0y1+x0y2"",""B"":""x0y3+x1y0+x2y0"",""b"":""X"",""d"":12,""excl_opp_detectors"":""True"",""k"":12,""l"":12,""leak_heralds"":""False"",""leak_repump"":""False"",""leakage"":""False"",""loss"":""False"",""m"":6,""n"":144,""p"":0.001,""prllel_1q"":Infinity,""prllel_2q"":6,""r"":20,""repump_cycles"":3,""seq_meas"":""False"",""seq_ops"":""True"",""swapLRC"":""False""}",
       128,         0,         0,   0.382,bposd,1d42788997c955656e1579c9a1cc0f31acae501b320f438e36e23d7b8de7dc11,"{""A"":""x3y0+x0y1+x0y2"",""B"":""x0y3+x1y0+x2y0"",""b"":""X"",""d"":12,""excl_opp_detectors"":""True"",""k"":12,""l"":12,""leak_heralds"":""False"",""leak_repump"":""False"",""leakage"":""False"",""loss"":""False"",""m"":6,""n"":144,""p"":0.001,""prllel_1q"":Infinity,""prllel_2q"":6,""r"":20,""repump_cycles"":3,""seq_meas"":""False"",""seq_ops"":""True"",""swapLRC"":""False""}",
       128,         0,         0,   0.393,bposd,1d42788997c955656e1579c9a1cc0f31acae501b320f438e36e23d7b8de7dc11,"{""A"":""x3y0+x0y1+x0y2"",""B"":""x0y3+x1y0+x2y0"",""b"":""X"",""d"":12,""excl_opp_detectors"":""True"",""k"":12,""l"":12,""leak_heralds"":""False"",""leak_repump"":""False"",""leakage"":""False"",""loss"":""False"",""m"":6,""n"":144,""p"":0.001,""prllel_1q"":Infinity,""prllel_2q"":6,""r"":20,""repump_cycles"":3,""seq_meas"":""False"",""seq_ops"":""True"",""swapLRC"":""False""}",
       128,         0,         0,   0.390,bposd,1d42788997c955656e1579c9a1cc0f31acae501b320f438e36e23d7b8de7dc11,"{""A"":""x3y0+x0y1+x0y2"",""B"":""x0y3+x1y0+x2y0"",""b"":""X"",""d"":12,""excl_opp_detectors"":""True"",""k"":12,""l"":12,""leak_heralds"":""False"",""leak_repump"":""False"",""leakage"":""False"",""loss"":""False"",""m"":6,""n"":144,""p"":0.001,""prllel_1q"":Infinity,""prllel_2q"":6,""r"":20,""repump_cycles"":3,""seq_meas"":""False"",""seq_ops"":""True"",""swapLRC"":""False""}",
       128,         0,         0,   0.374,bposd,1d42788997c955656e1579c9a1cc0f31acae501b320f438e36e23d7b8de7dc11,"{""A"":""x3y0+x0y1+x0y2"",""B"":""x0y3+x1y0+x2y0"",""b"":""X"",""d"":12,""excl_opp_detectors"":""True"",""k"":12,""l"":12,""leak_heralds"":""False"",""leak_repump"":""False"",""leakage"":""False"",""loss"":""False"",""m"":6,""n"":144,""p"":0.001,""prllel_1q"":Infinity,""prllel_2q"":6,""r"":20,""repump_cycles"":3,""seq_meas"":""False"",""seq_ops"":""True"",""swapLRC"":""False""}",
       128,         0,         0,   0.393,bposd,1d42788997c955656e1579c9a1cc0f31acae501b320f438e36e23d7b8de7dc11,"{""A"":""x3y0+x0y1+x0y2"",""B"":""x0y3+x1y0+x2y0"",""b"":""X"",""d"":12,""excl_opp_detectors"":""True"",""k"":12,""l"":12,""leak_heralds"":""False"",""leak_repump"":""False"",""leakage"":""False"",""loss"":""False"",""m"":6,""n"":144,""p"":0.001,""prllel_1q"":Infinity,""prllel_2q"":6,""r"":20,""repump_cycles"":3,""seq_meas"":""False"",""seq_ops"":""True"",""swapLRC"":""False""}",
       128,         0,         0,   0.387,bposd,1d42788997c955656e1579c9a1cc0f31acae501b320f438e36e23d7b8de7dc11,"{""A"":""x3y0+x0y1+x0y2"",""B"":""x0y3+x1y0+x2y0"",""b"":""X"",""d"":12,""excl_opp_detectors"":""True"",""k"":12,""l"":12,""leak_heralds"":""False"",""leak_repump"":""False"",""leakage"":""False"",""loss"":""False"",""m"":6,""n"":144,""p"":0.001,""prllel_1q"":Infinity,""prllel_2q"":6,""r"":20,""repump_cycles"":3,""seq_meas"":""False"",""seq_ops"":""True"",""swapLRC"":""False""}",
       128,         0,         0,   0.459,bposd,1d42788997c955656e1579c9a1cc0f31acae501b320f438e36e23d7b8de7dc11,"{""A"":""x3y0+x0y1+x0y2"",""B"":""x0y3+x1y0+x2y0"",""b"":""X"",""d"":12,""excl_opp_detectors"":""True"",""k"":12,""l"":12,""leak_heralds"":""False"",""leak_repump"":""False"",""leakage"":""False"",""loss"":""False"",""m"":6,""n"":144,""p"":0.001,""prllel_1q"":Infinity,""prllel_2q"":6,""r"":20,""repump_cycles"":3,""seq_meas"":""False"",""seq_ops"":""True"",""swapLRC"":""False""}",
       128,         0,         0,   0.593,bposd,1d42788997c955656e1579c9a1cc0f31acae501b320f438e36e23d7b8de7dc11,"{""A"":""x3y0+x0y1+x0y2"",""B"":""x0y3+x1y0+x2y0"",""b"":""X"",""d"":12,""excl_opp_detectors"":""True"",""k"":12,""l"":12,""leak_heralds"":""False"",""leak_repump"":""False"",""leakage"":""False"",""loss"":""False"",""m"":6,""n"":144,""p"":0.001,""prllel_1q"":Infinity,""prllel_2q"":6,""r"":20,""repump_cycles"":3,""seq_meas"":""False"",""seq_ops"":""True"",""swapLRC"":""False""}",
       128,         0,         0,   0.474,bposd,1d42788997c955656e1579c9a1cc0f31acae501b320f438e36e23d7b8de7dc11,"{""A"":""x3y0+x0y1+x0y2"",""B"":""x0y3+x1y0+x2y0"",""b"":""X"",""d"":12,""excl_opp_detectors"":""True"",""k"":12,""l"":12,""leak_heralds"":""False"",""leak_repump"":""False"",""leakage"":""False"",""loss"":""False"",""m"":6,""n"":144,""p"":0.001,""prllel_1q"":Infinity,""prllel_2q"":6,""r"":20,""repump_cycles"":3,""seq_meas"":""False"",""seq_ops"":""True"",""swapLRC"":""False""}",
       128,         0,         0,   0.426,bposd,1d42788997c955656e1579c9a1cc0f31acae501b320f438e36e23d7b8de7dc11,"{""A"":""x3y0+x0y1+x0y2"",""B"":""x0y3+x1y0+x2y0"",""b"":""X"",""d"":12,""excl_opp_detectors"":""True"",""k"":12,""l"":12,""leak_heralds"":""False"",""leak_repump"":""False"",""leakage"":""False"",""loss"":""False"",""m"":6,""n"":144,""p"":0.001,""prllel_1q"":Infinity,""prllel_2q"":6,""r"":20,""repump_cycles"":3,""seq_meas"":""False"",""seq_ops"":""True"",""swapLRC"":""False""}",
       128,         0,         0,   0.411,bposd,1d42788997c955656e1579c9a1cc0f31acae501b320f438e36e23d7b8de7dc11,"{""A"":""x3y0+x0y1+x0y2"",""B"":""x0y3+x1y0+x2y0"",""b"":""X"",""d"":12,""excl_opp_detectors"":""True"",""k"":12,""l"":12,""leak_heralds"":""False"",""leak_repump"":""False"",""leakage"":""False"",""loss"":""False"",""m"":6,""n"":144,""p"":0.001,""prllel_1q"":Infinity,""prllel_2q"":6,""r"":20,""repump_cycles"":3,""seq_meas"":""False"",""seq_ops"":""True"",""swapLRC"":""False""}",
       128,         0,         0,   0.442,bposd,1d42788997c955656e1579c9a1cc0f31acae501b320f438e36e23d7b8de7dc11,"{""A"":""x3y0+x0y1+x0y2"",""B"":""x0y3+x1y0+x2y0"",""b"":""X"",""d"":12,""excl_opp_detectors"":""True"",""k"":12,""l"":12,""leak_heralds"":""False"",""leak_repump"":""False"",""leakage"":""False"",""loss"":""False"",""m"":6,""n"":144,""p"":0.001,""prllel_1q"":Infinity,""prllel_2q"":6,""r"":20,""repump_cycles"":3,""seq_meas"":""False"",""seq_ops"":""True"",""swapLRC"":""False""}",
       128,         0,         0,   0.372,bposd,1d42788997c955656e1579c9a1cc0f31acae501b320f438e36e23d7b8de7dc11,"{""A"":""x3y0+x0y1+x0y2"",""B"":""x0y3+x1y0+x2y0"",""b"":""X"",""d"":12,""excl_opp_detectors"":""True"",""k"":12,""l"":12,""leak_heralds"":""False"",""leak_repump"":""False"",""leakage"":""False"",""loss"":""False"",""m"":6,""n"":144,""p"":0.001,""prllel_1q"":Infinity,""prllel_2q"":6,""r"":20,""repump_cycles"":3,""seq_meas"":""False"",""seq_ops"":""True"",""swapLRC"":""False""}",
       128,         0,         0,   0.339,bposd,1d42788997c955656e1579c9a1cc0f31acae501b320f438e36e23d7b8de7dc11,"{""A"":""x3y0+x0y1+x0y2"",""B"":""x0y3+x1y0+x2y0"",""b"":""X"",""d"":12,""excl_opp_detectors"":""True"",""k"":12,""l"":12,""leak_heralds"":""False"",""leak_repump"":""False"",""leakage"":""False"",""loss"":""False"",""m"":6,""n"":144,""p"":0.001,""prllel_1q"":Infinity,""prllel_2q"":6,""r"":20,""repump_cycles"":3,""seq_meas"":""False"",""seq_ops"":""True"",""swapLRC"":""False""}",
       128,         0,         0,   0.363,bposd,1d42788997c955656e1579c9a1cc0f31acae501b320f438e36e23d7b8de7dc11,"{""A"":""x3y0+x0y1+x0y2"",""B"":""x0y3+x1y0+x2y0"",""b"":""X"",""d"":12,""excl_opp_detectors"":""True"",""k"":12,""l"":12,""leak_heralds"":""False"",""leak_repump"":""False"",""leakage"":""False"",""loss"":""False"",""m"":6,""n"":144,""p"":0.001,""prllel_1q"":Infinity,""prllel_2q"":6,""r"":20,""repump_cycles"":3,""seq_meas"":""False"",""seq_ops"":""True"",""swapLRC"":""False""}",
       128,         0,         0,   0.406,bposd,1d42788997c955656e1579c9a1cc0f31acae501b320f438e36e23d7b8de7dc11,"{""A"":""x3y0+x0y1+x0y2"",""B"":""x0y3+x1y0+x2y0"",""b"":""X"",""d"":12,""excl_opp_detectors"":""True"",""k"":12,""l"":12,""leak_heralds"":""False"",""leak_repump"":""False"",""leakage"":""False"",""loss"":""False"",""m"":6,""n"":144,""p"":0.001,""prllel_1q"":Infinity,""prllel_2q"":6,""r"":20,""repump_cycles"":3,""seq_meas"":""False"",""seq_ops"":""True"",""swapLRC"":""False""}",
       128,         0,         0,   0.426,bposd,1d42788997c955656e1579c9a1cc0f31acae501b320f438e36e23d7b8de7dc11,"{""A"":""x3y0+x0y1+x0y2"",""B"":""x0y3+x1y0+x2y0"",""b"":""X"",""d"":12,""excl_opp_detectors"":""True"",""k"":12,""l"":12,""leak_heralds"":""False"",""leak_repump"":""False"",""leakage"":""False"",""loss"":""False"",""m"":6,""n"":144,""p"":0.001,""prllel_1q"":Infinity,""prllel_2q"":6,""r"":20,""repump_cycles"":3,""seq_meas"":""False"",""seq_ops"":""True"",""swapLRC"":""False""}",
       128,         0,         0,   0.388,bposd,1d42788997c955656e1579c9a1cc0f31acae501b320f438e36e23d7b8de7dc11,"{""A"":""x3y0+x0y1+x0y2"",""B"":""x0y3+x1y0+x2y0"",""b"":""X"",""d"":12,""excl_opp_detectors"":""True"",""k"":12,""l"":12,""leak_heralds"":""False"",""leak_repump"":""False"",""leakage"":""False"",""loss"":""False"",""m"":6,""n"":144,""p"":0.001,""prllel_1q"":Infinity,""prllel_2q"":6,""r"":20,""repump_cycles"":3,""seq_meas"":""False"",""seq_ops"":""True"",""swapLRC"":""False""}",
       128,         0,         0,   0.421,bposd,1d42788997c955656e1579c9a1cc0f31acae501b320f438e36e23d7b8de7dc11,"{""A"":""x3y0+x0y1+x0y2"",""B"":""x0y3+x1y0+x2y0"",""b"":""X"",""d"":12,""excl_opp_detectors"":""True"",""k"":12,""l"":12,""leak_heralds"":""False"",""leak_repump"":""False"",""leakage"":""False"",""loss"":""False"",""m"":6,""n"":144,""p"":0.001,""prllel_1q"":Infinity,""prllel_2q"":6,""r"":20,""repump_cycles"":3,""seq_meas"":""False"",""seq_ops"":""True"",""swapLRC"":""False""}",
       128,         0,         0,   0.393,bposd,1d42788997c955656e1579c9a1cc0f31acae501b320f438e36e23d7b8de7dc11,"{""A"":""x3y0+x0y1+x0y2"",""B"":""x0y3+x1y0+x2y0"",""b"":""X"",""d"":12,""excl_opp_detectors"":""True"",""k"":12,""l"":12,""leak_heralds"":""False"",""leak_repump"":""False"",""leakage"":""False"",""loss"":""False"",""m"":6,""n"":144,""p"":0.001,""prllel_1q"":Infinity,""prllel_2q"":6,""r"":20,""repump_cycles"":3,""seq_meas"":""False"",""seq_ops"":""True"",""swapLRC"":""False""}",
       128,         0,         0,   0.592,bposd,1d42788997c955656e1579c9a1cc0f31acae501b320f438e36e23d7b8de7dc11,"{""A"":""x3y0+x0y1+x0y2"",""B"":""x0y3+x1y0+x2y0"",""b"":""X"",""d"":12,""excl_opp_detectors"":""True"",""k"":12,""l"":12,""leak_heralds"":""False"",""leak_repump"":""False"",""leakage"":""False"",""loss"":""False"",""m"":6,""n"":144,""p"":0.001,""prllel_1q"":Infinity,""prllel_2q"":6,""r"":20,""repump_cycles"":3,""seq_meas"":""False"",""seq_ops"":""True"",""swapLRC"":""False""}",
       128,         0,         0,   0.410,bposd,1d42788997c955656e1579c9a1cc0f31acae501b320f438e36e23d7b8de7dc11,"{""A"":""x3y0+x0y1+x0y2"",""B"":""x0y3+x1y0+x2y0"",""b"":""X"",""d"":12,""excl_opp_detectors"":""True"",""k"":12,""l"":12,""leak_heralds"":""False"",""leak_repump"":""False"",""leakage"":""False"",""loss"":""False"",""m"":6,""n"":144,""p"":0.001,""prllel_1q"":Infinity,""prllel_2q"":6,""r"":20,""repump_cycles"":3,""seq_meas"":""False"",""seq_ops"":""True"",""swapLRC"":""False""}",
       128,         0,         0,   0.416,bposd,1d42788997c955656e1579c9a1cc0f31acae501b320f438e36e23d7b8de7dc11,"{""A"":""x3y0+x0y1+x0y2"",""B"":""x0y3+x1y0+x2y0"",""b"":""X"",""d"":12,""excl_opp_detectors"":""True"",""k"":12,""l"":12,""leak_heralds"":""False"",""leak_repump"":""False"",""leakage"":""False"",""loss"":""False"",""m"":6,""n"":144,""p"":0.001,""prllel_1q"":Infinity,""prllel_2q"":6,""r"":20,""repump_cycles"":3,""seq_meas"":""False"",""seq_ops"":""True"",""swapLRC"":""False""}",
       128,         0,         0,   0.714,bposd,1d42788997c955656e1579c9a1cc0f31acae501b320f438e36e23d7b8de7dc11,"{""A"":""x3y0+x0y1+x0y2"",""B"":""x0y3+x1y0+x2y0"",""b"":""X"",""d"":12,""excl_opp_detectors"":""True"",""k"":12,""l"":12,""leak_heralds"":""False"",""leak_repump"":""False"",""leakage"":""False"",""loss"":""False"",""m"":6,""n"":144,""p"":0.001,""prllel_1q"":Infinity,""prllel_2q"":6,""r"":20,""repump_cycles"":3,""seq_meas"":""False"",""seq_ops"":""True"",""swapLRC"":""False""}",
       128,         0,         0,   0.451,bposd,1d42788997c955656e1579c9a1cc0f31acae501b320f438e36e23d7b8de7dc11,"{""A"":""x3y0+x0y1+x0y2"",""B"":""x0y3+x1y0+x2y0"",""b"":""X"",""d"":12,""excl_opp_detectors"":""True"",""k"":12,""l"":12,""leak_heralds"":""False"",""leak_repump"":""False"",""leakage"":""False"",""loss"":""False"",""m"":6,""n"":144,""p"":0.001,""prllel_1q"":Infinity,""prllel_2q"":6,""r"":20,""repump_cycles"":3,""seq_meas"":""False"",""seq_ops"":""True"",""swapLRC"":""False""}",
       128,         0,         0,   0.456,bposd,1d42788997c955656e1579c9a1cc0f31acae501b320f438e36e23d7b8de7dc11,"{""A"":""x3y0+x0y1+x0y2"",""B"":""x0y3+x1y0+x2y0"",""b"":""X"",""d"":12,""excl_opp_detectors"":""True"",""k"":12,""l"":12,""leak_heralds"":""False"",""leak_repump"":""False"",""leakage"":""False"",""loss"":""False"",""m"":6,""n"":144,""p"":0.001,""prllel_1q"":Infinity,""prllel_2q"":6,""r"":20,""repump_cycles"":3,""seq_meas"":""False"",""seq_ops"":""True"",""swapLRC"":""False""}",
       128,         0,         0,   0.408,bposd,1d42788997c955656e1579c9a1cc0f31acae501b320f438e36e23d7b8de7dc11,"{""A"":""x3y0+x0y1+x0y2"",""B"":""x0y3+x1y0+x2y0"",""b"":""X"",""d"":12,""excl_opp_detectors"":""True"",""k"":12,""l"":12,""leak_heralds"":""False"",""leak_repump"":""False"",""leakage"":""False"",""loss"":""False"",""m"":6,""n"":144,""p"":0.001,""prllel_1q"":Infinity,""prllel_2q"":6,""r"":20,""repump_cycles"":3,""seq_meas"":""False"",""seq_ops"":""True"",""swapLRC"":""False""}",
       128,         0,         0,   0.415,bposd,1d42788997c955656e1579c9a1cc0f31acae501b320f438e36e23d7b8de7dc11,"{""A"":""x3y0+x0y1+x0y2"",""B"":""x0y3+x1y0+x2y0"",""b"":""X"",""d"":12,""excl_opp_detectors"":""True"",""k"":12,""l"":12,""leak_heralds"":""False"",""leak_repump"":""False"",""leakage"":""False"",""loss"":""False"",""m"":6,""n"":144,""p"":0.001,""prllel_1q"":Infinity,""prllel_2q"":6,""r"":20,""repump_cycles"":3,""seq_meas"":""False"",""seq_ops"":""True"",""swapLRC"":""False""}",
       128,         0,         0,   0.413,bposd,1d42788997c955656e1579c9a1cc0f31acae501b320f438e36e23d7b8de7dc11,"{""A"":""x3y0+x0y1+x0y2"",""B"":""x0y3+x1y0+x2y0"",""b"":""X"",""d"":12,""excl_opp_detectors"":""True"",""k"":12,""l"":12,""leak_heralds"":""False"",""leak_repump"":""False"",""leakage"":""False"",""loss"":""False"",""m"":6,""n"":144,""p"":0.001,""prllel_1q"":Infinity,""prllel_2q"":6,""r"":20,""repump_cycles"":3,""seq_meas"":""False"",""seq_ops"":""True"",""swapLRC"":""False""}",
       128,         0,         0,   0.378,bposd,1d42788997c955656e1579c9a1cc0f31acae501b320f438e36e23d7b8de7dc11,"{""A"":""x3y0+x0y1+x0y2"",""B"":""x0y3+x1y0+x2y0"",""b"":""X"",""d"":12,""excl_opp_detectors"":""True"",""k"":12,""l"":12,""leak_heralds"":""False"",""leak_repump"":""False"",""leakage"":""False"",""loss"":""False"",""m"":6,""n"":144,""p"":0.001,""prllel_1q"":Infinity,""prllel_2q"":6,""r"":20,""repump_cycles"":3,""seq_meas"":""False"",""seq_ops"":""True"",""swapLRC"":""False""}",
       128,         0,         0,   0.509,bposd,1d42788997c955656e1579c9a1cc0f31acae501b320f438e36e23d7b8de7dc11,"{""A"":""x3y0+x0y1+x0y2"",""B"":""x0y3+x1y0+x2y0"",""b"":""X"",""d"":12,""excl_opp_detectors"":""True"",""k"":12,""l"":12,""leak_heralds"":""False"",""leak_repump"":""False"",""leakage"":""False"",""loss"":""False"",""m"":6,""n"":144,""p"":0.001,""prllel_1q"":Infinity,""prllel_2q"":6,""r"":20,""repump_cycles"":3,""seq_meas"":""False"",""seq_ops"":""True"",""swapLRC"":""False""}",
       128,         0,         0,   0.363,bposd,1d42788997c955656e1579c9a1cc0f31acae501b320f438e36e23d7b8de7dc11,"{""A"":""x3y0+x0y1+x0y2"",""B"":""x0y3+x1y0+x2y0"",""b"":""X"",""d"":12,""excl_opp_detectors"":""True"",""k"":12,""l"":12,""leak_heralds"":""False"",""leak_repump"":""False"",""leakage"":""False"",""loss"":""False"",""m"":6,""n"":144,""p"":0.001,""prllel_1q"":Infinity,""prllel_2q"":6,""r"":20,""repump_cycles"":3,""seq_meas"":""False"",""seq_ops"":""True"",""swapLRC"":""False""}",
       128,         0,         0,   0.469,bposd,1d42788997c955656e1579c9a1cc0f31acae501b320f438e36e23d7b8de7dc11,"{""A"":""x3y0+x0y1+x0y2"",""B"":""x0y3+x1y0+x2y0"",""b"":""X"",""d"":12,""excl_opp_detectors"":""True"",""k"":12,""l"":12,""leak_heralds"":""False"",""leak_repump"":""False"",""leakage"":""False"",""loss"":""False"",""m"":6,""n"":144,""p"":0.001,""prllel_1q"":Infinity,""prllel_2q"":6,""r"":20,""repump_cycles"":3,""seq_meas"":""False"",""seq_ops"":""True"",""swapLRC"":""False""}",
       128,         0,         0,   0.383,bposd,1d42788997c955656e1579c9a1cc0f31acae501b320f438e36e23d7b8de7dc11,"{""A"":""x3y0+x0y1+x0y2"",""B"":""x0y3+x1y0+x2y0"",""b"":""X"",""d"":12,""excl_opp_detectors"":""True"",""k"":12,""l"":12,""leak_heralds"":""False"",""leak_repump"":""False"",""leakage"":""False"",""loss"":""False"",""m"":6,""n"":144,""p"":0.001,""prllel_1q"":Infinity,""prllel_2q"":6,""r"":20,""repump_cycles"":3,""seq_meas"":""False"",""seq_ops"":""True"",""swapLRC"":""False""}",
       128,         0,         0,   0.418,bposd,1d42788997c955656e1579c9a1cc0f31acae501b320f438e36e23d7b8de7dc11,"{""A"":""x3y0+x0y1+x0y2"",""B"":""x0y3+x1y0+x2y0"",""b"":""X"",""d"":12,""excl_opp_detectors"":""True"",""k"":12,""l"":12,""leak_heralds"":""False"",""leak_repump"":""False"",""leakage"":""False"",""loss"":""False"",""m"":6,""n"":144,""p"":0.001,""prllel_1q"":Infinity,""prllel_2q"":6,""r"":20,""repump_cycles"":3,""seq_meas"":""False"",""seq_ops"":""True"",""swapLRC"":""False""}",
       128,         0,         0,   0.454,bposd,1d42788997c955656e1579c9a1cc0f31acae501b320f438e36e23d7b8de7dc11,"{""A"":""x3y0+x0y1+x0y2"",""B"":""x0y3+x1y0+x2y0"",""b"":""X"",""d"":12,""excl_opp_detectors"":""True"",""k"":12,""l"":12,""leak_heralds"":""False"",""leak_repump"":""False"",""leakage"":""False"",""loss"":""False"",""m"":6,""n"":144,""p"":0.001,""prllel_1q"":Infinity,""prllel_2q"":6,""r"":20,""repump_cycles"":3,""seq_meas"":""False"",""seq_ops"":""True"",""swapLRC"":""False""}",
       128,         0,         0,   0.499,bposd,1d42788997c955656e1579c9a1cc0f31acae501b320f438e36e23d7b8de7dc11,"{""A"":""x3y0+x0y1+x0y2"",""B"":""x0y3+x1y0+x2y0"",""b"":""X"",""d"":12,""excl_opp_detectors"":""True"",""k"":12,""l"":12,""leak_heralds"":""False"",""leak_repump"":""False"",""leakage"":""False"",""loss"":""False"",""m"":6,""n"":144,""p"":0.001,""prllel_1q"":Infinity,""prllel_2q"":6,""r"":20,""repump_cycles"":3,""seq_meas"":""False"",""seq_ops"":""True"",""swapLRC"":""False""}",
       128,         0,         0,   0.479,bposd,1d42788997c955656e1579c9a1cc0f31acae501b320f438e36e23d7b8de7dc11,"{""A"":""x3y0+x0y1+x0y2"",""B"":""x0y3+x1y0+x2y0"",""b"":""X"",""d"":12,""excl_opp_detectors"":""True"",""k"":12,""l"":12,""leak_heralds"":""False"",""leak_repump"":""False"",""leakage"":""False"",""loss"":""False"",""m"":6,""n"":144,""p"":0.001,""prllel_1q"":Infinity,""prllel_2q"":6,""r"":20,""repump_cycles"":3,""seq_meas"":""False"",""seq_ops"":""True"",""swapLRC"":""False""}",
       128,         0,         0,   0.421,bposd,1d42788997c955656e1579c9a1cc0f31acae501b320f438e36e23d7b8de7dc11,"{""A"":""x3y0+x0y1+x0y2"",""B"":""x0y3+x1y0+x2y0"",""b"":""X"",""d"":12,""excl_opp_detectors"":""True"",""k"":12,""l"":12,""leak_heralds"":""False"",""leak_repump"":""False"",""leakage"":""False"",""loss"":""False"",""m"":6,""n"":144,""p"":0.001,""prllel_1q"":Infinity,""prllel_2q"":6,""r"":20,""repump_cycles"":3,""seq_meas"":""False"",""seq_ops"":""True"",""swapLRC"":""False""}",
       128,         0,         0,   0.416,bposd,1d42788997c955656e1579c9a1cc0f31acae501b320f438e36e23d7b8de7dc11,"{""A"":""x3y0+x0y1+x0y2"",""B"":""x0y3+x1y0+x2y0"",""b"":""X"",""d"":12,""excl_opp_detectors"":""True"",""k"":12,""l"":12,""leak_heralds"":""False"",""leak_repump"":""False"",""leakage"":""False"",""loss"":""False"",""m"":6,""n"":144,""p"":0.001,""prllel_1q"":Infinity,""prllel_2q"":6,""r"":20,""repump_cycles"":3,""seq_meas"":""False"",""seq_ops"":""True"",""swapLRC"":""False""}",
       128,         0,         0,   0.394,bposd,1d42788997c955656e1579c9a1cc0f31acae501b320f438e36e23d7b8de7dc11,"{""A"":""x3y0+x0y1+x0y2"",""B"":""x0y3+x1y0+x2y0"",""b"":""X"",""d"":12,""excl_opp_detectors"":""True"",""k"":12,""l"":12,""leak_heralds"":""False"",""leak_repump"":""False"",""leakage"":""False"",""loss"":""False"",""m"":6,""n"":144,""p"":0.001,""prllel_1q"":Infinity,""prllel_2q"":6,""r"":20,""repump_cycles"":3,""seq_meas"":""False"",""seq_ops"":""True"",""swapLRC"":""False""}",
       128,         0,         0,   0.455,bposd,1d42788997c955656e1579c9a1cc0f31acae501b320f438e36e23d7b8de7dc11,"{""A"":""x3y0+x0y1+x0y2"",""B"":""x0y3+x1y0+x2y0"",""b"":""X"",""d"":12,""excl_opp_detectors"":""True"",""k"":12,""l"":12,""leak_heralds"":""False"",""leak_repump"":""False"",""leakage"":""False"",""loss"":""False"",""m"":6,""n"":144,""p"":0.001,""prllel_1q"":Infinity,""prllel_2q"":6,""r"":20,""repump_cycles"":3,""seq_meas"":""False"",""seq_ops"":""True"",""swapLRC"":""False""}",
       128,         0,         0,   0.391,bposd,1d42788997c955656e1579c9a1cc0f31acae501b320f438e36e23d7b8de7dc11,"{""A"":""x3y0+x0y1+x0y2"",""B"":""x0y3+x1y0+x2y0"",""b"":""X"",""d"":12,""excl_opp_detectors"":""True"",""k"":12,""l"":12,""leak_heralds"":""False"",""leak_repump"":""False"",""leakage"":""False"",""loss"":""False"",""m"":6,""n"":144,""p"":0.001,""prllel_1q"":Infinity,""prllel_2q"":6,""r"":20,""repump_cycles"":3,""seq_meas"":""False"",""seq_ops"":""True"",""swapLRC"":""False""}",
       128,         0,         0,   0.461,bposd,1d42788997c955656e1579c9a1cc0f31acae501b320f438e36e23d7b8de7dc11,"{""A"":""x3y0+x0y1+x0y2"",""B"":""x0y3+x1y0+x2y0"",""b"":""X"",""d"":12,""excl_opp_detectors"":""True"",""k"":12,""l"":12,""leak_heralds"":""False"",""leak_repump"":""False"",""leakage"":""False"",""loss"":""False"",""m"":6,""n"":144,""p"":0.001,""prllel_1q"":Infinity,""prllel_2q"":6,""r"":20,""repump_cycles"":3,""seq_meas"":""False"",""seq_ops"":""True"",""swapLRC"":""False""}",
       128,         0,         0,   0.446,bposd,1d42788997c955656e1579c9a1cc0f31acae501b320f438e36e23d7b8de7dc11,"{""A"":""x3y0+x0y1+x0y2"",""B"":""x0y3+x1y0+x2y0"",""b"":""X"",""d"":12,""excl_opp_detectors"":""True"",""k"":12,""l"":12,""leak_heralds"":""False"",""leak_repump"":""False"",""leakage"":""False"",""loss"":""False"",""m"":6,""n"":144,""p"":0.001,""prllel_1q"":Infinity,""prllel_2q"":6,""r"":20,""repump_cycles"":3,""seq_meas"":""False"",""seq_ops"":""True"",""swapLRC"":""False""}",
       128,         0,         0,   0.381,bposd,1d42788997c955656e1579c9a1cc0f31acae501b320f438e36e23d7b8de7dc11,"{""A"":""x3y0+x0y1+x0y2"",""B"":""x0y3+x1y0+x2y0"",""b"":""X"",""d"":12,""excl_opp_detectors"":""True"",""k"":12,""l"":12,""leak_heralds"":""False"",""leak_repump"":""False"",""leakage"":""False"",""loss"":""False"",""m"":6,""n"":144,""p"":0.001,""prllel_1q"":Infinity,""prllel_2q"":6,""r"":20,""repump_cycles"":3,""seq_meas"":""False"",""seq_ops"":""True"",""swapLRC"":""False""}",
       128,         0,         0,   0.408,bposd,1d42788997c955656e1579c9a1cc0f31acae501b320f438e36e23d7b8de7dc11,"{""A"":""x3y0+x0y1+x0y2"",""B"":""x0y3+x1y0+x2y0"",""b"":""X"",""d"":12,""excl_opp_detectors"":""True"",""k"":12,""l"":12,""leak_heralds"":""False"",""leak_repump"":""False"",""leakage"":""False"",""loss"":""False"",""m"":6,""n"":144,""p"":0.001,""prllel_1q"":Infinity,""prllel_2q"":6,""r"":20,""repump_cycles"":3,""seq_meas"":""False"",""seq_ops"":""True"",""swapLRC"":""False""}",
       128,         0,         0,   0.419,bposd,1d42788997c955656e1579c9a1cc0f31acae501b320f438e36e23d7b8de7dc11,"{""A"":""x3y0+x0y1+x0y2"",""B"":""x0y3+x1y0+x2y0"",""b"":""X"",""d"":12,""excl_opp_detectors"":""True"",""k"":12,""l"":12,""leak_heralds"":""False"",""leak_repump"":""False"",""leakage"":""False"",""loss"":""False"",""m"":6,""n"":144,""p"":0.001,""prllel_1q"":Infinity,""prllel_2q"":6,""r"":20,""repump_cycles"":3,""seq_meas"":""False"",""seq_ops"":""True"",""swapLRC"":""False""}",
       128,         0,         0,   0.424,bposd,1d42788997c955656e1579c9a1cc0f31acae501b320f438e36e23d7b8de7dc11,"{""A"":""x3y0+x0y1+x0y2"",""B"":""x0y3+x1y0+x2y0"",""b"":""X"",""d"":12,""excl_opp_detectors"":""True"",""k"":12,""l"":12,""leak_heralds"":""False"",""leak_repump"":""False"",""leakage"":""False"",""loss"":""False"",""m"":6,""n"":144,""p"":0.001,""prllel_1q"":Infinity,""prllel_2q"":6,""r"":20,""repump_cycles"":3,""seq_meas"":""False"",""seq_ops"":""True"",""swapLRC"":""False""}",
       128,         0,         0,   0.505,bposd,1d42788997c955656e1579c9a1cc0f31acae501b320f438e36e23d7b8de7dc11,"{""A"":""x3y0+x0y1+x0y2"",""B"":""x0y3+x1y0+x2y0"",""b"":""X"",""d"":12,""excl_opp_detectors"":""True"",""k"":12,""l"":12,""leak_heralds"":""False"",""leak_repump"":""False"",""leakage"":""False"",""loss"":""False"",""m"":6,""n"":144,""p"":0.001,""prllel_1q"":Infinity,""prllel_2q"":6,""r"":20,""repump_cycles"":3,""seq_meas"":""False"",""seq_ops"":""True"",""swapLRC"":""False""}",
       128,         0,         0,   0.454,bposd,1d42788997c955656e1579c9a1cc0f31acae501b320f438e36e23d7b8de7dc11,"{""A"":""x3y0+x0y1+x0y2"",""B"":""x0y3+x1y0+x2y0"",""b"":""X"",""d"":12,""excl_opp_detectors"":""True"",""k"":12,""l"":12,""leak_heralds"":""False"",""leak_repump"":""False"",""leakage"":""False"",""loss"":""False"",""m"":6,""n"":144,""p"":0.001,""prllel_1q"":Infinity,""prllel_2q"":6,""r"":20,""repump_cycles"":3,""seq_meas"":""False"",""seq_ops"":""True"",""swapLRC"":""False""}",
       128,         0,         0,   0.480,bposd,1d42788997c955656e1579c9a1cc0f31acae501b320f438e36e23d7b8de7dc11,"{""A"":""x3y0+x0y1+x0y2"",""B"":""x0y3+x1y0+x2y0"",""b"":""X"",""d"":12,""excl_opp_detectors"":""True"",""k"":12,""l"":12,""leak_heralds"":""False"",""leak_repump"":""False"",""leakage"":""False"",""loss"":""False"",""m"":6,""n"":144,""p"":0.001,""prllel_1q"":Infinity,""prllel_2q"":6,""r"":20,""repump_cycles"":3,""seq_meas"":""False"",""seq_ops"":""True"",""swapLRC"":""False""}",
       128,         0,         0,   0.380,bposd,1d42788997c955656e1579c9a1cc0f31acae501b320f438e36e23d7b8de7dc11,"{""A"":""x3y0+x0y1+x0y2"",""B"":""x0y3+x1y0+x2y0"",""b"":""X"",""d"":12,""excl_opp_detectors"":""True"",""k"":12,""l"":12,""leak_heralds"":""False"",""leak_repump"":""False"",""leakage"":""False"",""loss"":""False"",""m"":6,""n"":144,""p"":0.001,""prllel_1q"":Infinity,""prllel_2q"":6,""r"":20,""repump_cycles"":3,""seq_meas"":""False"",""seq_ops"":""True"",""swapLRC"":""False""}",
       128,         0,         0,   0.506,bposd,1d42788997c955656e1579c9a1cc0f31acae501b320f438e36e23d7b8de7dc11,"{""A"":""x3y0+x0y1+x0y2"",""B"":""x0y3+x1y0+x2y0"",""b"":""X"",""d"":12,""excl_opp_detectors"":""True"",""k"":12,""l"":12,""leak_heralds"":""False"",""leak_repump"":""False"",""leakage"":""False"",""loss"":""False"",""m"":6,""n"":144,""p"":0.001,""prllel_1q"":Infinity,""prllel_2q"":6,""r"":20,""repump_cycles"":3,""seq_meas"":""False"",""seq_ops"":""True"",""swapLRC"":""False""}",
       128,         0,         0,   0.366,bposd,1d42788997c955656e1579c9a1cc0f31acae501b320f438e36e23d7b8de7dc11,"{""A"":""x3y0+x0y1+x0y2"",""B"":""x0y3+x1y0+x2y0"",""b"":""X"",""d"":12,""excl_opp_detectors"":""True"",""k"":12,""l"":12,""leak_heralds"":""False"",""leak_repump"":""False"",""leakage"":""False"",""loss"":""False"",""m"":6,""n"":144,""p"":0.001,""prllel_1q"":Infinity,""prllel_2q"":6,""r"":20,""repump_cycles"":3,""seq_meas"":""False"",""seq_ops"":""True"",""swapLRC"":""False""}",
       128,         0,         0,   0.397,bposd,1d42788997c955656e1579c9a1cc0f31acae501b320f438e36e23d7b8de7dc11,"{""A"":""x3y0+x0y1+x0y2"",""B"":""x0y3+x1y0+x2y0"",""b"":""X"",""d"":12,""excl_opp_detectors"":""True"",""k"":12,""l"":12,""leak_heralds"":""False"",""leak_repump"":""False"",""leakage"":""False"",""loss"":""False"",""m"":6,""n"":144,""p"":0.001,""prllel_1q"":Infinity,""prllel_2q"":6,""r"":20,""repump_cycles"":3,""seq_meas"":""False"",""seq_ops"":""True"",""swapLRC"":""False""}",
       128,         0,         0,   0.391,bposd,1d42788997c955656e1579c9a1cc0f31acae501b320f438e36e23d7b8de7dc11,"{""A"":""x3y0+x0y1+x0y2"",""B"":""x0y3+x1y0+x2y0"",""b"":""X"",""d"":12,""excl_opp_detectors"":""True"",""k"":12,""l"":12,""leak_heralds"":""False"",""leak_repump"":""False"",""leakage"":""False"",""loss"":""False"",""m"":6,""n"":144,""p"":0.001,""prllel_1q"":Infinity,""prllel_2q"":6,""r"":20,""repump_cycles"":3,""seq_meas"":""False"",""seq_ops"":""True"",""swapLRC"":""False""}",
       128,         0,         0,   0.415,bposd,1d42788997c955656e1579c9a1cc0f31acae501b320f438e36e23d7b8de7dc11,"{""A"":""x3y0+x0y1+x0y2"",""B"":""x0y3+x1y0+x2y0"",""b"":""X"",""d"":12,""excl_opp_detectors"":""True"",""k"":12,""l"":12,""leak_heralds"":""False"",""leak_repump"":""False"",""leakage"":""False"",""loss"":""False"",""m"":6,""n"":144,""p"":0.001,""prllel_1q"":Infinity,""prllel_2q"":6,""r"":20,""repump_cycles"":3,""seq_meas"":""False"",""seq_ops"":""True"",""swapLRC"":""False""}",
       128,         0,         0,   0.442,bposd,1d42788997c955656e1579c9a1cc0f31acae501b320f438e36e23d7b8de7dc11,"{""A"":""x3y0+x0y1+x0y2"",""B"":""x0y3+x1y0+x2y0"",""b"":""X"",""d"":12,""excl_opp_detectors"":""True"",""k"":12,""l"":12,""leak_heralds"":""False"",""leak_repump"":""False"",""leakage"":""False"",""loss"":""False"",""m"":6,""n"":144,""p"":0.001,""prllel_1q"":Infinity,""prllel_2q"":6,""r"":20,""repump_cycles"":3,""seq_meas"":""False"",""seq_ops"":""True"",""swapLRC"":""False""}",
       128,         0,         0,   0.481,bposd,1d42788997c955656e1579c9a1cc0f31acae501b320f438e36e23d7b8de7dc11,"{""A"":""x3y0+x0y1+x0y2"",""B"":""x0y3+x1y0+x2y0"",""b"":""X"",""d"":12,""excl_opp_detectors"":""True"",""k"":12,""l"":12,""leak_heralds"":""False"",""leak_repump"":""False"",""leakage"":""False"",""loss"":""False"",""m"":6,""n"":144,""p"":0.001,""prllel_1q"":Infinity,""prllel_2q"":6,""r"":20,""repump_cycles"":3,""seq_meas"":""False"",""seq_ops"":""True"",""swapLRC"":""False""}",
       128,         0,         0,   0.425,bposd,1d42788997c955656e1579c9a1cc0f31acae501b320f438e36e23d7b8de7dc11,"{""A"":""x3y0+x0y1+x0y2"",""B"":""x0y3+x1y0+x2y0"",""b"":""X"",""d"":12,""excl_opp_detectors"":""True"",""k"":12,""l"":12,""leak_heralds"":""False"",""leak_repump"":""False"",""leakage"":""False"",""loss"":""False"",""m"":6,""n"":144,""p"":0.001,""prllel_1q"":Infinity,""prllel_2q"":6,""r"":20,""repump_cycles"":3,""seq_meas"":""False"",""seq_ops"":""True"",""swapLRC"":""False""}",
       128,         0,         0,   0.561,bposd,1d42788997c955656e1579c9a1cc0f31acae501b320f438e36e23d7b8de7dc11,"{""A"":""x3y0+x0y1+x0y2"",""B"":""x0y3+x1y0+x2y0"",""b"":""X"",""d"":12,""excl_opp_detectors"":""True"",""k"":12,""l"":12,""leak_heralds"":""False"",""leak_repump"":""False"",""leakage"":""False"",""loss"":""False"",""m"":6,""n"":144,""p"":0.001,""prllel_1q"":Infinity,""prllel_2q"":6,""r"":20,""repump_cycles"":3,""seq_meas"":""False"",""seq_ops"":""True"",""swapLRC"":""False""}",
       128,         0,         0,   0.429,bposd,1d42788997c955656e1579c9a1cc0f31acae501b320f438e36e23d7b8de7dc11,"{""A"":""x3y0+x0y1+x0y2"",""B"":""x0y3+x1y0+x2y0"",""b"":""X"",""d"":12,""excl_opp_detectors"":""True"",""k"":12,""l"":12,""leak_heralds"":""False"",""leak_repump"":""False"",""leakage"":""False"",""loss"":""False"",""m"":6,""n"":144,""p"":0.001,""prllel_1q"":Infinity,""prllel_2q"":6,""r"":20,""repump_cycles"":3,""seq_meas"":""False"",""seq_ops"":""True"",""swapLRC"":""False""}",
       128,         0,         0,   0.401,bposd,1d42788997c955656e1579c9a1cc0f31acae501b320f438e36e23d7b8de7dc11,"{""A"":""x3y0+x0y1+x0y2"",""B"":""x0y3+x1y0+x2y0"",""b"":""X"",""d"":12,""excl_opp_detectors"":""True"",""k"":12,""l"":12,""leak_heralds"":""False"",""leak_repump"":""False"",""leakage"":""False"",""loss"":""False"",""m"":6,""n"":144,""p"":0.001,""prllel_1q"":Infinity,""prllel_2q"":6,""r"":20,""repump_cycles"":3,""seq_meas"":""False"",""seq_ops"":""True"",""swapLRC"":""False""}",
       128,         0,         0,   0.409,bposd,1d42788997c955656e1579c9a1cc0f31acae501b320f438e36e23d7b8de7dc11,"{""A"":""x3y0+x0y1+x0y2"",""B"":""x0y3+x1y0+x2y0"",""b"":""X"",""d"":12,""excl_opp_detectors"":""True"",""k"":12,""l"":12,""leak_heralds"":""False"",""leak_repump"":""False"",""leakage"":""False"",""loss"":""False"",""m"":6,""n"":144,""p"":0.001,""prllel_1q"":Infinity,""prllel_2q"":6,""r"":20,""repump_cycles"":3,""seq_meas"":""False"",""seq_ops"":""True"",""swapLRC"":""False""}",
       128,         0,         0,   0.361,bposd,1d42788997c955656e1579c9a1cc0f31acae501b320f438e36e23d7b8de7dc11,"{""A"":""x3y0+x0y1+x0y2"",""B"":""x0y3+x1y0+x2y0"",""b"":""X"",""d"":12,""excl_opp_detectors"":""True"",""k"":12,""l"":12,""leak_heralds"":""False"",""leak_repump"":""False"",""leakage"":""False"",""loss"":""False"",""m"":6,""n"":144,""p"":0.001,""prllel_1q"":Infinity,""prllel_2q"":6,""r"":20,""repump_cycles"":3,""seq_meas"":""False"",""seq_ops"":""True"",""swapLRC"":""False""}",
       128,         0,         0,   0.399,bposd,1d42788997c955656e1579c9a1cc0f31acae501b320f438e36e23d7b8de7dc11,"{""A"":""x3y0+x0y1+x0y2"",""B"":""x0y3+x1y0+x2y0"",""b"":""X"",""d"":12,""excl_opp_detectors"":""True"",""k"":12,""l"":12,""leak_heralds"":""False"",""leak_repump"":""False"",""leakage"":""False"",""loss"":""False"",""m"":6,""n"":144,""p"":0.001,""prllel_1q"":Infinity,""prllel_2q"":6,""r"":20,""repump_cycles"":3,""seq_meas"":""False"",""seq_ops"":""True"",""swapLRC"":""False""}",
       128,         0,         0,   0.379,bposd,1d42788997c955656e1579c9a1cc0f31acae501b320f438e36e23d7b8de7dc11,"{""A"":""x3y0+x0y1+x0y2"",""B"":""x0y3+x1y0+x2y0"",""b"":""X"",""d"":12,""excl_opp_detectors"":""True"",""k"":12,""l"":12,""leak_heralds"":""False"",""leak_repump"":""False"",""leakage"":""False"",""loss"":""False"",""m"":6,""n"":144,""p"":0.001,""prllel_1q"":Infinity,""prllel_2q"":6,""r"":20,""repump_cycles"":3,""seq_meas"":""False"",""seq_ops"":""True"",""swapLRC"":""False""}",
       128,         0,         0,   0.584,bposd,1d42788997c955656e1579c9a1cc0f31acae501b320f438e36e23d7b8de7dc11,"{""A"":""x3y0+x0y1+x0y2"",""B"":""x0y3+x1y0+x2y0"",""b"":""X"",""d"":12,""excl_opp_detectors"":""True"",""k"":12,""l"":12,""leak_heralds"":""False"",""leak_repump"":""False"",""leakage"":""False"",""loss"":""False"",""m"":6,""n"":144,""p"":0.001,""prllel_1q"":Infinity,""prllel_2q"":6,""r"":20,""repump_cycles"":3,""seq_meas"":""False"",""seq_ops"":""True"",""swapLRC"":""False""}",
       128,         0,         0,   0.396,bposd,1d42788997c955656e1579c9a1cc0f31acae501b320f438e36e23d7b8de7dc11,"{""A"":""x3y0+x0y1+x0y2"",""B"":""x0y3+x1y0+x2y0"",""b"":""X"",""d"":12,""excl_opp_detectors"":""True"",""k"":12,""l"":12,""leak_heralds"":""False"",""leak_repump"":""False"",""leakage"":""False"",""loss"":""False"",""m"":6,""n"":144,""p"":0.001,""prllel_1q"":Infinity,""prllel_2q"":6,""r"":20,""repump_cycles"":3,""seq_meas"":""False"",""seq_ops"":""True"",""swapLRC"":""False""}",
       128,         0,         0,   0.405,bposd,1d42788997c955656e1579c9a1cc0f31acae501b320f438e36e23d7b8de7dc11,"{""A"":""x3y0+x0y1+x0y2"",""B"":""x0y3+x1y0+x2y0"",""b"":""X"",""d"":12,""excl_opp_detectors"":""True"",""k"":12,""l"":12,""leak_heralds"":""False"",""leak_repump"":""False"",""leakage"":""False"",""loss"":""False"",""m"":6,""n"":144,""p"":0.001,""prllel_1q"":Infinity,""prllel_2q"":6,""r"":20,""repump_cycles"":3,""seq_meas"":""False"",""seq_ops"":""True"",""swapLRC"":""False""}",
       128,         0,         0,   0.359,bposd,1d42788997c955656e1579c9a1cc0f31acae501b320f438e36e23d7b8de7dc11,"{""A"":""x3y0+x0y1+x0y2"",""B"":""x0y3+x1y0+x2y0"",""b"":""X"",""d"":12,""excl_opp_detectors"":""True"",""k"":12,""l"":12,""leak_heralds"":""False"",""leak_repump"":""False"",""leakage"":""False"",""loss"":""False"",""m"":6,""n"":144,""p"":0.001,""prllel_1q"":Infinity,""prllel_2q"":6,""r"":20,""repump_cycles"":3,""seq_meas"":""False"",""seq_ops"":""True"",""swapLRC"":""False""}",
       128,         0,         0,   0.391,bposd,1d42788997c955656e1579c9a1cc0f31acae501b320f438e36e23d7b8de7dc11,"{""A"":""x3y0+x0y1+x0y2"",""B"":""x0y3+x1y0+x2y0"",""b"":""X"",""d"":12,""excl_opp_detectors"":""True"",""k"":12,""l"":12,""leak_heralds"":""False"",""leak_repump"":""False"",""leakage"":""False"",""loss"":""False"",""m"":6,""n"":144,""p"":0.001,""prllel_1q"":Infinity,""prllel_2q"":6,""r"":20,""repump_cycles"":3,""seq_meas"":""False"",""seq_ops"":""True"",""swapLRC"":""False""}",
       128,         0,         0,   0.391,bposd,1d42788997c955656e1579c9a1cc0f31acae501b320f438e36e23d7b8de7dc11,"{""A"":""x3y0+x0y1+x0y2"",""B"":""x0y3+x1y0+x2y0"",""b"":""X"",""d"":12,""excl_opp_detectors"":""True"",""k"":12,""l"":12,""leak_heralds"":""False"",""leak_repump"":""False"",""leakage"":""False"",""loss"":""False"",""m"":6,""n"":144,""p"":0.001,""prllel_1q"":Infinity,""prllel_2q"":6,""r"":20,""repump_cycles"":3,""seq_meas"":""False"",""seq_ops"":""True"",""swapLRC"":""False""}",
       128,         0,         0,   0.461,bposd,1d42788997c955656e1579c9a1cc0f31acae501b320f438e36e23d7b8de7dc11,"{""A"":""x3y0+x0y1+x0y2"",""B"":""x0y3+x1y0+x2y0"",""b"":""X"",""d"":12,""excl_opp_detectors"":""True"",""k"":12,""l"":12,""leak_heralds"":""False"",""leak_repump"":""False"",""leakage"":""False"",""loss"":""False"",""m"":6,""n"":144,""p"":0.001,""prllel_1q"":Infinity,""prllel_2q"":6,""r"":20,""repump_cycles"":3,""seq_meas"":""False"",""seq_ops"":""True"",""swapLRC"":""False""}",
       128,         0,         0,   0.347,bposd,1d42788997c955656e1579c9a1cc0f31acae501b320f438e36e23d7b8de7dc11,"{""A"":""x3y0+x0y1+x0y2"",""B"":""x0y3+x1y0+x2y0"",""b"":""X"",""d"":12,""excl_opp_detectors"":""True"",""k"":12,""l"":12,""leak_heralds"":""False"",""leak_repump"":""False"",""leakage"":""False"",""loss"":""False"",""m"":6,""n"":144,""p"":0.001,""prllel_1q"":Infinity,""prllel_2q"":6,""r"":20,""repump_cycles"":3,""seq_meas"":""False"",""seq_ops"":""True"",""swapLRC"":""False""}",
       128,         0,         0,   0.441,bposd,1d42788997c955656e1579c9a1cc0f31acae501b320f438e36e23d7b8de7dc11,"{""A"":""x3y0+x0y1+x0y2"",""B"":""x0y3+x1y0+x2y0"",""b"":""X"",""d"":12,""excl_opp_detectors"":""True"",""k"":12,""l"":12,""leak_heralds"":""False"",""leak_repump"":""False"",""leakage"":""False"",""loss"":""False"",""m"":6,""n"":144,""p"":0.001,""prllel_1q"":Infinity,""prllel_2q"":6,""r"":20,""repump_cycles"":3,""seq_meas"":""False"",""seq_ops"":""True"",""swapLRC"":""False""}",
       128,         0,         0,   0.378,bposd,1d42788997c955656e1579c9a1cc0f31acae501b320f438e36e23d7b8de7dc11,"{""A"":""x3y0+x0y1+x0y2"",""B"":""x0y3+x1y0+x2y0"",""b"":""X"",""d"":12,""excl_opp_detectors"":""True"",""k"":12,""l"":12,""leak_heralds"":""False"",""leak_repump"":""False"",""leakage"":""False"",""loss"":""False"",""m"":6,""n"":144,""p"":0.001,""prllel_1q"":Infinity,""prllel_2q"":6,""r"":20,""repump_cycles"":3,""seq_meas"":""False"",""seq_ops"":""True"",""swapLRC"":""False""}",
       128,         0,         0,   0.511,bposd,1d42788997c955656e1579c9a1cc0f31acae501b320f438e36e23d7b8de7dc11,"{""A"":""x3y0+x0y1+x0y2"",""B"":""x0y3+x1y0+x2y0"",""b"":""X"",""d"":12,""excl_opp_detectors"":""True"",""k"":12,""l"":12,""leak_heralds"":""False"",""leak_repump"":""False"",""leakage"":""False"",""loss"":""False"",""m"":6,""n"":144,""p"":0.001,""prllel_1q"":Infinity,""prllel_2q"":6,""r"":20,""repump_cycles"":3,""seq_meas"":""False"",""seq_ops"":""True"",""swapLRC"":""False""}",
       128,         0,         0,   0.375,bposd,1d42788997c955656e1579c9a1cc0f31acae501b320f438e36e23d7b8de7dc11,"{""A"":""x3y0+x0y1+x0y2"",""B"":""x0y3+x1y0+x2y0"",""b"":""X"",""d"":12,""excl_opp_detectors"":""True"",""k"":12,""l"":12,""leak_heralds"":""False"",""leak_repump"":""False"",""leakage"":""False"",""loss"":""False"",""m"":6,""n"":144,""p"":0.001,""prllel_1q"":Infinity,""prllel_2q"":6,""r"":20,""repump_cycles"":3,""seq_meas"":""False"",""seq_ops"":""True"",""swapLRC"":""False""}",
       128,         0,         0,   0.376,bposd,1d42788997c955656e1579c9a1cc0f31acae501b320f438e36e23d7b8de7dc11,"{""A"":""x3y0+x0y1+x0y2"",""B"":""x0y3+x1y0+x2y0"",""b"":""X"",""d"":12,""excl_opp_detectors"":""True"",""k"":12,""l"":12,""leak_heralds"":""False"",""leak_repump"":""False"",""leakage"":""False"",""loss"":""False"",""m"":6,""n"":144,""p"":0.001,""prllel_1q"":Infinity,""prllel_2q"":6,""r"":20,""repump_cycles"":3,""seq_meas"":""False"",""seq_ops"":""True"",""swapLRC"":""False""}",
       128,         0,         0,   0.400,bposd,1d42788997c955656e1579c9a1cc0f31acae501b320f438e36e23d7b8de7dc11,"{""A"":""x3y0+x0y1+x0y2"",""B"":""x0y3+x1y0+x2y0"",""b"":""X"",""d"":12,""excl_opp_detectors"":""True"",""k"":12,""l"":12,""leak_heralds"":""False"",""leak_repump"":""False"",""leakage"":""False"",""loss"":""False"",""m"":6,""n"":144,""p"":0.001,""prllel_1q"":Infinity,""prllel_2q"":6,""r"":20,""repump_cycles"":3,""seq_meas"":""False"",""seq_ops"":""True"",""swapLRC"":""False""}",
       128,         0,         0,   0.440,bposd,1d42788997c955656e1579c9a1cc0f31acae501b320f438e36e23d7b8de7dc11,"{""A"":""x3y0+x0y1+x0y2"",""B"":""x0y3+x1y0+x2y0"",""b"":""X"",""d"":12,""excl_opp_detectors"":""True"",""k"":12,""l"":12,""leak_heralds"":""False"",""leak_repump"":""False"",""leakage"":""False"",""loss"":""False"",""m"":6,""n"":144,""p"":0.001,""prllel_1q"":Infinity,""prllel_2q"":6,""r"":20,""repump_cycles"":3,""seq_meas"":""False"",""seq_ops"":""True"",""swapLRC"":""False""}",
       128,         0,         0,   0.409,bposd,1d42788997c955656e1579c9a1cc0f31acae501b320f438e36e23d7b8de7dc11,"{""A"":""x3y0+x0y1+x0y2"",""B"":""x0y3+x1y0+x2y0"",""b"":""X"",""d"":12,""excl_opp_detectors"":""True"",""k"":12,""l"":12,""leak_heralds"":""False"",""leak_repump"":""False"",""leakage"":""False"",""loss"":""False"",""m"":6,""n"":144,""p"":0.001,""prllel_1q"":Infinity,""prllel_2q"":6,""r"":20,""repump_cycles"":3,""seq_meas"":""False"",""seq_ops"":""True"",""swapLRC"":""False""}",
       128,         0,         0,   0.417,bposd,1d42788997c955656e1579c9a1cc0f31acae501b320f438e36e23d7b8de7dc11,"{""A"":""x3y0+x0y1+x0y2"",""B"":""x0y3+x1y0+x2y0"",""b"":""X"",""d"":12,""excl_opp_detectors"":""True"",""k"":12,""l"":12,""leak_heralds"":""False"",""leak_repump"":""False"",""leakage"":""False"",""loss"":""False"",""m"":6,""n"":144,""p"":0.001,""prllel_1q"":Infinity,""prllel_2q"":6,""r"":20,""repump_cycles"":3,""seq_meas"":""False"",""seq_ops"":""True"",""swapLRC"":""False""}",
       128,         0,         0,   0.502,bposd,1d42788997c955656e1579c9a1cc0f31acae501b320f438e36e23d7b8de7dc11,"{""A"":""x3y0+x0y1+x0y2"",""B"":""x0y3+x1y0+x2y0"",""b"":""X"",""d"":12,""excl_opp_detectors"":""True"",""k"":12,""l"":12,""leak_heralds"":""False"",""leak_repump"":""False"",""leakage"":""False"",""loss"":""False"",""m"":6,""n"":144,""p"":0.001,""prllel_1q"":Infinity,""prllel_2q"":6,""r"":20,""repump_cycles"":3,""seq_meas"":""False"",""seq_ops"":""True"",""swapLRC"":""False""}",
       128,         0,         0,   0.406,bposd,1d42788997c955656e1579c9a1cc0f31acae501b320f438e36e23d7b8de7dc11,"{""A"":""x3y0+x0y1+x0y2"",""B"":""x0y3+x1y0+x2y0"",""b"":""X"",""d"":12,""excl_opp_detectors"":""True"",""k"":12,""l"":12,""leak_heralds"":""False"",""leak_repump"":""False"",""leakage"":""False"",""loss"":""False"",""m"":6,""n"":144,""p"":0.001,""prllel_1q"":Infinity,""prllel_2q"":6,""r"":20,""repump_cycles"":3,""seq_meas"":""False"",""seq_ops"":""True"",""swapLRC"":""False""}",
       128,         0,         0,   0.355,bposd,1d42788997c955656e1579c9a1cc0f31acae501b320f438e36e23d7b8de7dc11,"{""A"":""x3y0+x0y1+x0y2"",""B"":""x0y3+x1y0+x2y0"",""b"":""X"",""d"":12,""excl_opp_detectors"":""True"",""k"":12,""l"":12,""leak_heralds"":""False"",""leak_repump"":""False"",""leakage"":""False"",""loss"":""False"",""m"":6,""n"":144,""p"":0.001,""prllel_1q"":Infinity,""prllel_2q"":6,""r"":20,""repump_cycles"":3,""seq_meas"":""False"",""seq_ops"":""True"",""swapLRC"":""False""}",
       128,         0,         0,   0.430,bposd,1d42788997c955656e1579c9a1cc0f31acae501b320f438e36e23d7b8de7dc11,"{""A"":""x3y0+x0y1+x0y2"",""B"":""x0y3+x1y0+x2y0"",""b"":""X"",""d"":12,""excl_opp_detectors"":""True"",""k"":12,""l"":12,""leak_heralds"":""False"",""leak_repump"":""False"",""leakage"":""False"",""loss"":""False"",""m"":6,""n"":144,""p"":0.001,""prllel_1q"":Infinity,""prllel_2q"":6,""r"":20,""repump_cycles"":3,""seq_meas"":""False"",""seq_ops"":""True"",""swapLRC"":""False""}",
       128,         0,         0,   0.854,bposd,1d42788997c955656e1579c9a1cc0f31acae501b320f438e36e23d7b8de7dc11,"{""A"":""x3y0+x0y1+x0y2"",""B"":""x0y3+x1y0+x2y0"",""b"":""X"",""d"":12,""excl_opp_detectors"":""True"",""k"":12,""l"":12,""leak_heralds"":""False"",""leak_repump"":""False"",""leakage"":""False"",""loss"":""False"",""m"":6,""n"":144,""p"":0.001,""prllel_1q"":Infinity,""prllel_2q"":6,""r"":20,""repump_cycles"":3,""seq_meas"":""False"",""seq_ops"":""True"",""swapLRC"":""False""}",
       128,         0,         0,   0.446,bposd,1d42788997c955656e1579c9a1cc0f31acae501b320f438e36e23d7b8de7dc11,"{""A"":""x3y0+x0y1+x0y2"",""B"":""x0y3+x1y0+x2y0"",""b"":""X"",""d"":12,""excl_opp_detectors"":""True"",""k"":12,""l"":12,""leak_heralds"":""False"",""leak_repump"":""False"",""leakage"":""False"",""loss"":""False"",""m"":6,""n"":144,""p"":0.001,""prllel_1q"":Infinity,""prllel_2q"":6,""r"":20,""repump_cycles"":3,""seq_meas"":""False"",""seq_ops"":""True"",""swapLRC"":""False""}",
       128,         0,         0,   0.384,bposd,1d42788997c955656e1579c9a1cc0f31acae501b320f438e36e23d7b8de7dc11,"{""A"":""x3y0+x0y1+x0y2"",""B"":""x0y3+x1y0+x2y0"",""b"":""X"",""d"":12,""excl_opp_detectors"":""True"",""k"":12,""l"":12,""leak_heralds"":""False"",""leak_repump"":""False"",""leakage"":""False"",""loss"":""False"",""m"":6,""n"":144,""p"":0.001,""prllel_1q"":Infinity,""prllel_2q"":6,""r"":20,""repump_cycles"":3,""seq_meas"":""False"",""seq_ops"":""True"",""swapLRC"":""False""}",
       128,         0,         0,   0.391,bposd,1d42788997c955656e1579c9a1cc0f31acae501b320f438e36e23d7b8de7dc11,"{""A"":""x3y0+x0y1+x0y2"",""B"":""x0y3+x1y0+x2y0"",""b"":""X"",""d"":12,""excl_opp_detectors"":""True"",""k"":12,""l"":12,""leak_heralds"":""False"",""leak_repump"":""False"",""leakage"":""False"",""loss"":""False"",""m"":6,""n"":144,""p"":0.001,""prllel_1q"":Infinity,""prllel_2q"":6,""r"":20,""repump_cycles"":3,""seq_meas"":""False"",""seq_ops"":""True"",""swapLRC"":""False""}",
       128,         0,         0,   0.463,bposd,1d42788997c955656e1579c9a1cc0f31acae501b320f438e36e23d7b8de7dc11,"{""A"":""x3y0+x0y1+x0y2"",""B"":""x0y3+x1y0+x2y0"",""b"":""X"",""d"":12,""excl_opp_detectors"":""True"",""k"":12,""l"":12,""leak_heralds"":""False"",""leak_repump"":""False"",""leakage"":""False"",""loss"":""False"",""m"":6,""n"":144,""p"":0.001,""prllel_1q"":Infinity,""prllel_2q"":6,""r"":20,""repump_cycles"":3,""seq_meas"":""False"",""seq_ops"":""True"",""swapLRC"":""False""}",
       128,         0,         0,   0.478,bposd,1d42788997c955656e1579c9a1cc0f31acae501b320f438e36e23d7b8de7dc11,"{""A"":""x3y0+x0y1+x0y2"",""B"":""x0y3+x1y0+x2y0"",""b"":""X"",""d"":12,""excl_opp_detectors"":""True"",""k"":12,""l"":12,""leak_heralds"":""False"",""leak_repump"":""False"",""leakage"":""False"",""loss"":""False"",""m"":6,""n"":144,""p"":0.001,""prllel_1q"":Infinity,""prllel_2q"":6,""r"":20,""repump_cycles"":3,""seq_meas"":""False"",""seq_ops"":""True"",""swapLRC"":""False""}",
       128,         0,         0,   0.389,bposd,1d42788997c955656e1579c9a1cc0f31acae501b320f438e36e23d7b8de7dc11,"{""A"":""x3y0+x0y1+x0y2"",""B"":""x0y3+x1y0+x2y0"",""b"":""X"",""d"":12,""excl_opp_detectors"":""True"",""k"":12,""l"":12,""leak_heralds"":""False"",""leak_repump"":""False"",""leakage"":""False"",""loss"":""False"",""m"":6,""n"":144,""p"":0.001,""prllel_1q"":Infinity,""prllel_2q"":6,""r"":20,""repump_cycles"":3,""seq_meas"":""False"",""seq_ops"":""True"",""swapLRC"":""False""}",
       128,         0,         0,   0.751,bposd,1d42788997c955656e1579c9a1cc0f31acae501b320f438e36e23d7b8de7dc11,"{""A"":""x3y0+x0y1+x0y2"",""B"":""x0y3+x1y0+x2y0"",""b"":""X"",""d"":12,""excl_opp_detectors"":""True"",""k"":12,""l"":12,""leak_heralds"":""False"",""leak_repump"":""False"",""leakage"":""False"",""loss"":""False"",""m"":6,""n"":144,""p"":0.001,""prllel_1q"":Infinity,""prllel_2q"":6,""r"":20,""repump_cycles"":3,""seq_meas"":""False"",""seq_ops"":""True"",""swapLRC"":""False""}",
       128,         0,         0,   0.411,bposd,1d42788997c955656e1579c9a1cc0f31acae501b320f438e36e23d7b8de7dc11,"{""A"":""x3y0+x0y1+x0y2"",""B"":""x0y3+x1y0+x2y0"",""b"":""X"",""d"":12,""excl_opp_detectors"":""True"",""k"":12,""l"":12,""leak_heralds"":""False"",""leak_repump"":""False"",""leakage"":""False"",""loss"":""False"",""m"":6,""n"":144,""p"":0.001,""prllel_1q"":Infinity,""prllel_2q"":6,""r"":20,""repump_cycles"":3,""seq_meas"":""False"",""seq_ops"":""True"",""swapLRC"":""False""}",
       128,         0,         0,   0.446,bposd,1d42788997c955656e1579c9a1cc0f31acae501b320f438e36e23d7b8de7dc11,"{""A"":""x3y0+x0y1+x0y2"",""B"":""x0y3+x1y0+x2y0"",""b"":""X"",""d"":12,""excl_opp_detectors"":""True"",""k"":12,""l"":12,""leak_heralds"":""False"",""leak_repump"":""False"",""leakage"":""False"",""loss"":""False"",""m"":6,""n"":144,""p"":0.001,""prllel_1q"":Infinity,""prllel_2q"":6,""r"":20,""repump_cycles"":3,""seq_meas"":""False"",""seq_ops"":""True"",""swapLRC"":""False""}",
       128,         0,         0,   0.583,bposd,1d42788997c955656e1579c9a1cc0f31acae501b320f438e36e23d7b8de7dc11,"{""A"":""x3y0+x0y1+x0y2"",""B"":""x0y3+x1y0+x2y0"",""b"":""X"",""d"":12,""excl_opp_detectors"":""True"",""k"":12,""l"":12,""leak_heralds"":""False"",""leak_repump"":""False"",""leakage"":""False"",""loss"":""False"",""m"":6,""n"":144,""p"":0.001,""prllel_1q"":Infinity,""prllel_2q"":6,""r"":20,""repump_cycles"":3,""seq_meas"":""False"",""seq_ops"":""True"",""swapLRC"":""False""}",
       128,         0,         0,   0.558,bposd,1d42788997c955656e1579c9a1cc0f31acae501b320f438e36e23d7b8de7dc11,"{""A"":""x3y0+x0y1+x0y2"",""B"":""x0y3+x1y0+x2y0"",""b"":""X"",""d"":12,""excl_opp_detectors"":""True"",""k"":12,""l"":12,""leak_heralds"":""False"",""leak_repump"":""False"",""leakage"":""False"",""loss"":""False"",""m"":6,""n"":144,""p"":0.001,""prllel_1q"":Infinity,""prllel_2q"":6,""r"":20,""repump_cycles"":3,""seq_meas"":""False"",""seq_ops"":""True"",""swapLRC"":""False""}",
       128,         0,         0,   0.387,bposd,1d42788997c955656e1579c9a1cc0f31acae501b320f438e36e23d7b8de7dc11,"{""A"":""x3y0+x0y1+x0y2"",""B"":""x0y3+x1y0+x2y0"",""b"":""X"",""d"":12,""excl_opp_detectors"":""True"",""k"":12,""l"":12,""leak_heralds"":""False"",""leak_repump"":""False"",""leakage"":""False"",""loss"":""False"",""m"":6,""n"":144,""p"":0.001,""prllel_1q"":Infinity,""prllel_2q"":6,""r"":20,""repump_cycles"":3,""seq_meas"":""False"",""seq_ops"":""True"",""swapLRC"":""False""}",
       128,         0,         0,   0.411,bposd,1d42788997c955656e1579c9a1cc0f31acae501b320f438e36e23d7b8de7dc11,"{""A"":""x3y0+x0y1+x0y2"",""B"":""x0y3+x1y0+x2y0"",""b"":""X"",""d"":12,""excl_opp_detectors"":""True"",""k"":12,""l"":12,""leak_heralds"":""False"",""leak_repump"":""False"",""leakage"":""False"",""loss"":""False"",""m"":6,""n"":144,""p"":0.001,""prllel_1q"":Infinity,""prllel_2q"":6,""r"":20,""repump_cycles"":3,""seq_meas"":""False"",""seq_ops"":""True"",""swapLRC"":""False""}",
       128,         0,         0,   0.422,bposd,1d42788997c955656e1579c9a1cc0f31acae501b320f438e36e23d7b8de7dc11,"{""A"":""x3y0+x0y1+x0y2"",""B"":""x0y3+x1y0+x2y0"",""b"":""X"",""d"":12,""excl_opp_detectors"":""True"",""k"":12,""l"":12,""leak_heralds"":""False"",""leak_repump"":""False"",""leakage"":""False"",""loss"":""False"",""m"":6,""n"":144,""p"":0.001,""prllel_1q"":Infinity,""prllel_2q"":6,""r"":20,""repump_cycles"":3,""seq_meas"":""False"",""seq_ops"":""True"",""swapLRC"":""False""}",
       128,         0,         0,   0.406,bposd,1d42788997c955656e1579c9a1cc0f31acae501b320f438e36e23d7b8de7dc11,"{""A"":""x3y0+x0y1+x0y2"",""B"":""x0y3+x1y0+x2y0"",""b"":""X"",""d"":12,""excl_opp_detectors"":""True"",""k"":12,""l"":12,""leak_heralds"":""False"",""leak_repump"":""False"",""leakage"":""False"",""loss"":""False"",""m"":6,""n"":144,""p"":0.001,""prllel_1q"":Infinity,""prllel_2q"":6,""r"":20,""repump_cycles"":3,""seq_meas"":""False"",""seq_ops"":""True"",""swapLRC"":""False""}",
       128,         0,         0,   0.568,bposd,1d42788997c955656e1579c9a1cc0f31acae501b320f438e36e23d7b8de7dc11,"{""A"":""x3y0+x0y1+x0y2"",""B"":""x0y3+x1y0+x2y0"",""b"":""X"",""d"":12,""excl_opp_detectors"":""True"",""k"":12,""l"":12,""leak_heralds"":""False"",""leak_repump"":""False"",""leakage"":""False"",""loss"":""False"",""m"":6,""n"":144,""p"":0.001,""prllel_1q"":Infinity,""prllel_2q"":6,""r"":20,""repump_cycles"":3,""seq_meas"":""False"",""seq_ops"":""True"",""swapLRC"":""False""}",
       128,         0,         0,   0.424,bposd,1d42788997c955656e1579c9a1cc0f31acae501b320f438e36e23d7b8de7dc11,"{""A"":""x3y0+x0y1+x0y2"",""B"":""x0y3+x1y0+x2y0"",""b"":""X"",""d"":12,""excl_opp_detectors"":""True"",""k"":12,""l"":12,""leak_heralds"":""False"",""leak_repump"":""False"",""leakage"":""False"",""loss"":""False"",""m"":6,""n"":144,""p"":0.001,""prllel_1q"":Infinity,""prllel_2q"":6,""r"":20,""repump_cycles"":3,""seq_meas"":""False"",""seq_ops"":""True"",""swapLRC"":""False""}",
       128,         0,         0,   0.391,bposd,1d42788997c955656e1579c9a1cc0f31acae501b320f438e36e23d7b8de7dc11,"{""A"":""x3y0+x0y1+x0y2"",""B"":""x0y3+x1y0+x2y0"",""b"":""X"",""d"":12,""excl_opp_detectors"":""True"",""k"":12,""l"":12,""leak_heralds"":""False"",""leak_repump"":""False"",""leakage"":""False"",""loss"":""False"",""m"":6,""n"":144,""p"":0.001,""prllel_1q"":Infinity,""prllel_2q"":6,""r"":20,""repump_cycles"":3,""seq_meas"":""False"",""seq_ops"":""True"",""swapLRC"":""False""}",
       128,         0,         0,   0.692,bposd,1d42788997c955656e1579c9a1cc0f31acae501b320f438e36e23d7b8de7dc11,"{""A"":""x3y0+x0y1+x0y2"",""B"":""x0y3+x1y0+x2y0"",""b"":""X"",""d"":12,""excl_opp_detectors"":""True"",""k"":12,""l"":12,""leak_heralds"":""False"",""leak_repump"":""False"",""leakage"":""False"",""loss"":""False"",""m"":6,""n"":144,""p"":0.001,""prllel_1q"":Infinity,""prllel_2q"":6,""r"":20,""repump_cycles"":3,""seq_meas"":""False"",""seq_ops"":""True"",""swapLRC"":""False""}",
       128,         0,         0,   0.429,bposd,1d42788997c955656e1579c9a1cc0f31acae501b320f438e36e23d7b8de7dc11,"{""A"":""x3y0+x0y1+x0y2"",""B"":""x0y3+x1y0+x2y0"",""b"":""X"",""d"":12,""excl_opp_detectors"":""True"",""k"":12,""l"":12,""leak_heralds"":""False"",""leak_repump"":""False"",""leakage"":""False"",""loss"":""False"",""m"":6,""n"":144,""p"":0.001,""prllel_1q"":Infinity,""prllel_2q"":6,""r"":20,""repump_cycles"":3,""seq_meas"":""False"",""seq_ops"":""True"",""swapLRC"":""False""}",
       128,         0,         0,   0.439,bposd,1d42788997c955656e1579c9a1cc0f31acae501b320f438e36e23d7b8de7dc11,"{""A"":""x3y0+x0y1+x0y2"",""B"":""x0y3+x1y0+x2y0"",""b"":""X"",""d"":12,""excl_opp_detectors"":""True"",""k"":12,""l"":12,""leak_heralds"":""False"",""leak_repump"":""False"",""leakage"":""False"",""loss"":""False"",""m"":6,""n"":144,""p"":0.001,""prllel_1q"":Infinity,""prllel_2q"":6,""r"":20,""repump_cycles"":3,""seq_meas"":""False"",""seq_ops"":""True"",""swapLRC"":""False""}",
       128,         0,         0,   0.396,bposd,1d42788997c955656e1579c9a1cc0f31acae501b320f438e36e23d7b8de7dc11,"{""A"":""x3y0+x0y1+x0y2"",""B"":""x0y3+x1y0+x2y0"",""b"":""X"",""d"":12,""excl_opp_detectors"":""True"",""k"":12,""l"":12,""leak_heralds"":""False"",""leak_repump"":""False"",""leakage"":""False"",""loss"":""False"",""m"":6,""n"":144,""p"":0.001,""prllel_1q"":Infinity,""prllel_2q"":6,""r"":20,""repump_cycles"":3,""seq_meas"":""False"",""seq_ops"":""True"",""swapLRC"":""False""}",
       128,         0,         0,   0.357,bposd,1d42788997c955656e1579c9a1cc0f31acae501b320f438e36e23d7b8de7dc11,"{""A"":""x3y0+x0y1+x0y2"",""B"":""x0y3+x1y0+x2y0"",""b"":""X"",""d"":12,""excl_opp_detectors"":""True"",""k"":12,""l"":12,""leak_heralds"":""False"",""leak_repump"":""False"",""leakage"":""False"",""loss"":""False"",""m"":6,""n"":144,""p"":0.001,""prllel_1q"":Infinity,""prllel_2q"":6,""r"":20,""repump_cycles"":3,""seq_meas"":""False"",""seq_ops"":""True"",""swapLRC"":""False""}",
       128,         0,         0,   0.400,bposd,1d42788997c955656e1579c9a1cc0f31acae501b320f438e36e23d7b8de7dc11,"{""A"":""x3y0+x0y1+x0y2"",""B"":""x0y3+x1y0+x2y0"",""b"":""X"",""d"":12,""excl_opp_detectors"":""True"",""k"":12,""l"":12,""leak_heralds"":""False"",""leak_repump"":""False"",""leakage"":""False"",""loss"":""False"",""m"":6,""n"":144,""p"":0.001,""prllel_1q"":Infinity,""prllel_2q"":6,""r"":20,""repump_cycles"":3,""seq_meas"":""False"",""seq_ops"":""True"",""swapLRC"":""False""}",
       128,         0,         0,   0.613,bposd,1d42788997c955656e1579c9a1cc0f31acae501b320f438e36e23d7b8de7dc11,"{""A"":""x3y0+x0y1+x0y2"",""B"":""x0y3+x1y0+x2y0"",""b"":""X"",""d"":12,""excl_opp_detectors"":""True"",""k"":12,""l"":12,""leak_heralds"":""False"",""leak_repump"":""False"",""leakage"":""False"",""loss"":""False"",""m"":6,""n"":144,""p"":0.001,""prllel_1q"":Infinity,""prllel_2q"":6,""r"":20,""repump_cycles"":3,""seq_meas"":""False"",""seq_ops"":""True"",""swapLRC"":""False""}",
       128,         0,         0,   0.392,bposd,1d42788997c955656e1579c9a1cc0f31acae501b320f438e36e23d7b8de7dc11,"{""A"":""x3y0+x0y1+x0y2"",""B"":""x0y3+x1y0+x2y0"",""b"":""X"",""d"":12,""excl_opp_detectors"":""True"",""k"":12,""l"":12,""leak_heralds"":""False"",""leak_repump"":""False"",""leakage"":""False"",""loss"":""False"",""m"":6,""n"":144,""p"":0.001,""prllel_1q"":Infinity,""prllel_2q"":6,""r"":20,""repump_cycles"":3,""seq_meas"":""False"",""seq_ops"":""True"",""swapLRC"":""False""}",
       128,         0,         0,   0.357,bposd,1d42788997c955656e1579c9a1cc0f31acae501b320f438e36e23d7b8de7dc11,"{""A"":""x3y0+x0y1+x0y2"",""B"":""x0y3+x1y0+x2y0"",""b"":""X"",""d"":12,""excl_opp_detectors"":""True"",""k"":12,""l"":12,""leak_heralds"":""False"",""leak_repump"":""False"",""leakage"":""False"",""loss"":""False"",""m"":6,""n"":144,""p"":0.001,""prllel_1q"":Infinity,""prllel_2q"":6,""r"":20,""repump_cycles"":3,""seq_meas"":""False"",""seq_ops"":""True"",""swapLRC"":""False""}",
       128,         0,         0,   0.411,bposd,1d42788997c955656e1579c9a1cc0f31acae501b320f438e36e23d7b8de7dc11,"{""A"":""x3y0+x0y1+x0y2"",""B"":""x0y3+x1y0+x2y0"",""b"":""X"",""d"":12,""excl_opp_detectors"":""True"",""k"":12,""l"":12,""leak_heralds"":""False"",""leak_repump"":""False"",""leakage"":""False"",""loss"":""False"",""m"":6,""n"":144,""p"":0.001,""prllel_1q"":Infinity,""prllel_2q"":6,""r"":20,""repump_cycles"":3,""seq_meas"":""False"",""seq_ops"":""True"",""swapLRC"":""False""}",
       128,         0,         0,   0.504,bposd,1d42788997c955656e1579c9a1cc0f31acae501b320f438e36e23d7b8de7dc11,"{""A"":""x3y0+x0y1+x0y2"",""B"":""x0y3+x1y0+x2y0"",""b"":""X"",""d"":12,""excl_opp_detectors"":""True"",""k"":12,""l"":12,""leak_heralds"":""False"",""leak_repump"":""False"",""leakage"":""False"",""loss"":""False"",""m"":6,""n"":144,""p"":0.001,""prllel_1q"":Infinity,""prllel_2q"":6,""r"":20,""repump_cycles"":3,""seq_meas"":""False"",""seq_ops"":""True"",""swapLRC"":""False""}",
       128,         0,         0,   0.493,bposd,1d42788997c955656e1579c9a1cc0f31acae501b320f438e36e23d7b8de7dc11,"{""A"":""x3y0+x0y1+x0y2"",""B"":""x0y3+x1y0+x2y0"",""b"":""X"",""d"":12,""excl_opp_detectors"":""True"",""k"":12,""l"":12,""leak_heralds"":""False"",""leak_repump"":""False"",""leakage"":""False"",""loss"":""False"",""m"":6,""n"":144,""p"":0.001,""prllel_1q"":Infinity,""prllel_2q"":6,""r"":20,""repump_cycles"":3,""seq_meas"":""False"",""seq_ops"":""True"",""swapLRC"":""False""}",
       128,         0,         0,   0.468,bposd,1d42788997c955656e1579c9a1cc0f31acae501b320f438e36e23d7b8de7dc11,"{""A"":""x3y0+x0y1+x0y2"",""B"":""x0y3+x1y0+x2y0"",""b"":""X"",""d"":12,""excl_opp_detectors"":""True"",""k"":12,""l"":12,""leak_heralds"":""False"",""leak_repump"":""False"",""leakage"":""False"",""loss"":""False"",""m"":6,""n"":144,""p"":0.001,""prllel_1q"":Infinity,""prllel_2q"":6,""r"":20,""repump_cycles"":3,""seq_meas"":""False"",""seq_ops"":""True"",""swapLRC"":""False""}",
       128,         0,         0,   0.484,bposd,1d42788997c955656e1579c9a1cc0f31acae501b320f438e36e23d7b8de7dc11,"{""A"":""x3y0+x0y1+x0y2"",""B"":""x0y3+x1y0+x2y0"",""b"":""X"",""d"":12,""excl_opp_detectors"":""True"",""k"":12,""l"":12,""leak_heralds"":""False"",""leak_repump"":""False"",""leakage"":""False"",""loss"":""False"",""m"":6,""n"":144,""p"":0.001,""prllel_1q"":Infinity,""prllel_2q"":6,""r"":20,""repump_cycles"":3,""seq_meas"":""False"",""seq_ops"":""True"",""swapLRC"":""False""}",
       128,         0,         0,   0.361,bposd,1d42788997c955656e1579c9a1cc0f31acae501b320f438e36e23d7b8de7dc11,"{""A"":""x3y0+x0y1+x0y2"",""B"":""x0y3+x1y0+x2y0"",""b"":""X"",""d"":12,""excl_opp_detectors"":""True"",""k"":12,""l"":12,""leak_heralds"":""False"",""leak_repump"":""False"",""leakage"":""False"",""loss"":""False"",""m"":6,""n"":144,""p"":0.001,""prllel_1q"":Infinity,""prllel_2q"":6,""r"":20,""repump_cycles"":3,""seq_meas"":""False"",""seq_ops"":""True"",""swapLRC"":""False""}",
       128,         0,         0,   0.391,bposd,1d42788997c955656e1579c9a1cc0f31acae501b320f438e36e23d7b8de7dc11,"{""A"":""x3y0+x0y1+x0y2"",""B"":""x0y3+x1y0+x2y0"",""b"":""X"",""d"":12,""excl_opp_detectors"":""True"",""k"":12,""l"":12,""leak_heralds"":""False"",""leak_repump"":""False"",""leakage"":""False"",""loss"":""False"",""m"":6,""n"":144,""p"":0.001,""prllel_1q"":Infinity,""prllel_2q"":6,""r"":20,""repump_cycles"":3,""seq_meas"":""False"",""seq_ops"":""True"",""swapLRC"":""False""}",
       128,         0,         0,   0.441,bposd,1d42788997c955656e1579c9a1cc0f31acae501b320f438e36e23d7b8de7dc11,"{""A"":""x3y0+x0y1+x0y2"",""B"":""x0y3+x1y0+x2y0"",""b"":""X"",""d"":12,""excl_opp_detectors"":""True"",""k"":12,""l"":12,""leak_heralds"":""False"",""leak_repump"":""False"",""leakage"":""False"",""loss"":""False"",""m"":6,""n"":144,""p"":0.001,""prllel_1q"":Infinity,""prllel_2q"":6,""r"":20,""repump_cycles"":3,""seq_meas"":""False"",""seq_ops"":""True"",""swapLRC"":""False""}",
       128,         0,         0,   0.395,bposd,1d42788997c955656e1579c9a1cc0f31acae501b320f438e36e23d7b8de7dc11,"{""A"":""x3y0+x0y1+x0y2"",""B"":""x0y3+x1y0+x2y0"",""b"":""X"",""d"":12,""excl_opp_detectors"":""True"",""k"":12,""l"":12,""leak_heralds"":""False"",""leak_repump"":""False"",""leakage"":""False"",""loss"":""False"",""m"":6,""n"":144,""p"":0.001,""prllel_1q"":Infinity,""prllel_2q"":6,""r"":20,""repump_cycles"":3,""seq_meas"":""False"",""seq_ops"":""True"",""swapLRC"":""False""}",
       128,         0,         0,   0.500,bposd,1d42788997c955656e1579c9a1cc0f31acae501b320f438e36e23d7b8de7dc11,"{""A"":""x3y0+x0y1+x0y2"",""B"":""x0y3+x1y0+x2y0"",""b"":""X"",""d"":12,""excl_opp_detectors"":""True"",""k"":12,""l"":12,""leak_heralds"":""False"",""leak_repump"":""False"",""leakage"":""False"",""loss"":""False"",""m"":6,""n"":144,""p"":0.001,""prllel_1q"":Infinity,""prllel_2q"":6,""r"":20,""repump_cycles"":3,""seq_meas"":""False"",""seq_ops"":""True"",""swapLRC"":""False""}",
       128,         0,         0,   0.403,bposd,1d42788997c955656e1579c9a1cc0f31acae501b320f438e36e23d7b8de7dc11,"{""A"":""x3y0+x0y1+x0y2"",""B"":""x0y3+x1y0+x2y0"",""b"":""X"",""d"":12,""excl_opp_detectors"":""True"",""k"":12,""l"":12,""leak_heralds"":""False"",""leak_repump"":""False"",""leakage"":""False"",""loss"":""False"",""m"":6,""n"":144,""p"":0.001,""prllel_1q"":Infinity,""prllel_2q"":6,""r"":20,""repump_cycles"":3,""seq_meas"":""False"",""seq_ops"":""True"",""swapLRC"":""False""}",
       128,         0,         0,   0.424,bposd,1d42788997c955656e1579c9a1cc0f31acae501b320f438e36e23d7b8de7dc11,"{""A"":""x3y0+x0y1+x0y2"",""B"":""x0y3+x1y0+x2y0"",""b"":""X"",""d"":12,""excl_opp_detectors"":""True"",""k"":12,""l"":12,""leak_heralds"":""False"",""leak_repump"":""False"",""leakage"":""False"",""loss"":""False"",""m"":6,""n"":144,""p"":0.001,""prllel_1q"":Infinity,""prllel_2q"":6,""r"":20,""repump_cycles"":3,""seq_meas"":""False"",""seq_ops"":""True"",""swapLRC"":""False""}",
       128,         0,         0,   0.470,bposd,1d42788997c955656e1579c9a1cc0f31acae501b320f438e36e23d7b8de7dc11,"{""A"":""x3y0+x0y1+x0y2"",""B"":""x0y3+x1y0+x2y0"",""b"":""X"",""d"":12,""excl_opp_detectors"":""True"",""k"":12,""l"":12,""leak_heralds"":""False"",""leak_repump"":""False"",""leakage"":""False"",""loss"":""False"",""m"":6,""n"":144,""p"":0.001,""prllel_1q"":Infinity,""prllel_2q"":6,""r"":20,""repump_cycles"":3,""seq_meas"":""False"",""seq_ops"":""True"",""swapLRC"":""False""}",
       128,         0,         0,   0.412,bposd,1d42788997c955656e1579c9a1cc0f31acae501b320f438e36e23d7b8de7dc11,"{""A"":""x3y0+x0y1+x0y2"",""B"":""x0y3+x1y0+x2y0"",""b"":""X"",""d"":12,""excl_opp_detectors"":""True"",""k"":12,""l"":12,""leak_heralds"":""False"",""leak_repump"":""False"",""leakage"":""False"",""loss"":""False"",""m"":6,""n"":144,""p"":0.001,""prllel_1q"":Infinity,""prllel_2q"":6,""r"":20,""repump_cycles"":3,""seq_meas"":""False"",""seq_ops"":""True"",""swapLRC"":""False""}",
       128,         0,         0,    1.05,bposd,1d42788997c955656e1579c9a1cc0f31acae501b320f438e36e23d7b8de7dc11,"{""A"":""x3y0+x0y1+x0y2"",""B"":""x0y3+x1y0+x2y0"",""b"":""X"",""d"":12,""excl_opp_detectors"":""True"",""k"":12,""l"":12,""leak_heralds"":""False"",""leak_repump"":""False"",""leakage"":""False"",""loss"":""False"",""m"":6,""n"":144,""p"":0.001,""prllel_1q"":Infinity,""prllel_2q"":6,""r"":20,""repump_cycles"":3,""seq_meas"":""False"",""seq_ops"":""True"",""swapLRC"":""False""}",
       128,         0,         0,   0.451,bposd,1d42788997c955656e1579c9a1cc0f31acae501b320f438e36e23d7b8de7dc11,"{""A"":""x3y0+x0y1+x0y2"",""B"":""x0y3+x1y0+x2y0"",""b"":""X"",""d"":12,""excl_opp_detectors"":""True"",""k"":12,""l"":12,""leak_heralds"":""False"",""leak_repump"":""False"",""leakage"":""False"",""loss"":""False"",""m"":6,""n"":144,""p"":0.001,""prllel_1q"":Infinity,""prllel_2q"":6,""r"":20,""repump_cycles"":3,""seq_meas"":""False"",""seq_ops"":""True"",""swapLRC"":""False""}",
       128,         0,         0,   0.956,bposd,1d42788997c955656e1579c9a1cc0f31acae501b320f438e36e23d7b8de7dc11,"{""A"":""x3y0+x0y1+x0y2"",""B"":""x0y3+x1y0+x2y0"",""b"":""X"",""d"":12,""excl_opp_detectors"":""True"",""k"":12,""l"":12,""leak_heralds"":""False"",""leak_repump"":""False"",""leakage"":""False"",""loss"":""False"",""m"":6,""n"":144,""p"":0.001,""prllel_1q"":Infinity,""prllel_2q"":6,""r"":20,""repump_cycles"":3,""seq_meas"":""False"",""seq_ops"":""True"",""swapLRC"":""False""}",
       128,         0,         0,   0.399,bposd,1d42788997c955656e1579c9a1cc0f31acae501b320f438e36e23d7b8de7dc11,"{""A"":""x3y0+x0y1+x0y2"",""B"":""x0y3+x1y0+x2y0"",""b"":""X"",""d"":12,""excl_opp_detectors"":""True"",""k"":12,""l"":12,""leak_heralds"":""False"",""leak_repump"":""False"",""leakage"":""False"",""loss"":""False"",""m"":6,""n"":144,""p"":0.001,""prllel_1q"":Infinity,""prllel_2q"":6,""r"":20,""repump_cycles"":3,""seq_meas"":""False"",""seq_ops"":""True"",""swapLRC"":""False""}",
       128,         0,         0,   0.439,bposd,1d42788997c955656e1579c9a1cc0f31acae501b320f438e36e23d7b8de7dc11,"{""A"":""x3y0+x0y1+x0y2"",""B"":""x0y3+x1y0+x2y0"",""b"":""X"",""d"":12,""excl_opp_detectors"":""True"",""k"":12,""l"":12,""leak_heralds"":""False"",""leak_repump"":""False"",""leakage"":""False"",""loss"":""False"",""m"":6,""n"":144,""p"":0.001,""prllel_1q"":Infinity,""prllel_2q"":6,""r"":20,""repump_cycles"":3,""seq_meas"":""False"",""seq_ops"":""True"",""swapLRC"":""False""}",
       128,         0,         0,   0.418,bposd,1d42788997c955656e1579c9a1cc0f31acae501b320f438e36e23d7b8de7dc11,"{""A"":""x3y0+x0y1+x0y2"",""B"":""x0y3+x1y0+x2y0"",""b"":""X"",""d"":12,""excl_opp_detectors"":""True"",""k"":12,""l"":12,""leak_heralds"":""False"",""leak_repump"":""False"",""leakage"":""False"",""loss"":""False"",""m"":6,""n"":144,""p"":0.001,""prllel_1q"":Infinity,""prllel_2q"":6,""r"":20,""repump_cycles"":3,""seq_meas"":""False"",""seq_ops"":""True"",""swapLRC"":""False""}",
       128,         0,         0,   0.408,bposd,1d42788997c955656e1579c9a1cc0f31acae501b320f438e36e23d7b8de7dc11,"{""A"":""x3y0+x0y1+x0y2"",""B"":""x0y3+x1y0+x2y0"",""b"":""X"",""d"":12,""excl_opp_detectors"":""True"",""k"":12,""l"":12,""leak_heralds"":""False"",""leak_repump"":""False"",""leakage"":""False"",""loss"":""False"",""m"":6,""n"":144,""p"":0.001,""prllel_1q"":Infinity,""prllel_2q"":6,""r"":20,""repump_cycles"":3,""seq_meas"":""False"",""seq_ops"":""True"",""swapLRC"":""False""}",
       128,         0,         0,   0.495,bposd,1d42788997c955656e1579c9a1cc0f31acae501b320f438e36e23d7b8de7dc11,"{""A"":""x3y0+x0y1+x0y2"",""B"":""x0y3+x1y0+x2y0"",""b"":""X"",""d"":12,""excl_opp_detectors"":""True"",""k"":12,""l"":12,""leak_heralds"":""False"",""leak_repump"":""False"",""leakage"":""False"",""loss"":""False"",""m"":6,""n"":144,""p"":0.001,""prllel_1q"":Infinity,""prllel_2q"":6,""r"":20,""repump_cycles"":3,""seq_meas"":""False"",""seq_ops"":""True"",""swapLRC"":""False""}",
       128,         0,         0,   0.414,bposd,1d42788997c955656e1579c9a1cc0f31acae501b320f438e36e23d7b8de7dc11,"{""A"":""x3y0+x0y1+x0y2"",""B"":""x0y3+x1y0+x2y0"",""b"":""X"",""d"":12,""excl_opp_detectors"":""True"",""k"":12,""l"":12,""leak_heralds"":""False"",""leak_repump"":""False"",""leakage"":""False"",""loss"":""False"",""m"":6,""n"":144,""p"":0.001,""prllel_1q"":Infinity,""prllel_2q"":6,""r"":20,""repump_cycles"":3,""seq_meas"":""False"",""seq_ops"":""True"",""swapLRC"":""False""}",
       128,         0,         0,   0.446,bposd,1d42788997c955656e1579c9a1cc0f31acae501b320f438e36e23d7b8de7dc11,"{""A"":""x3y0+x0y1+x0y2"",""B"":""x0y3+x1y0+x2y0"",""b"":""X"",""d"":12,""excl_opp_detectors"":""True"",""k"":12,""l"":12,""leak_heralds"":""False"",""leak_repump"":""False"",""leakage"":""False"",""loss"":""False"",""m"":6,""n"":144,""p"":0.001,""prllel_1q"":Infinity,""prllel_2q"":6,""r"":20,""repump_cycles"":3,""seq_meas"":""False"",""seq_ops"":""True"",""swapLRC"":""False""}",
       128,         0,         0,   0.384,bposd,1d42788997c955656e1579c9a1cc0f31acae501b320f438e36e23d7b8de7dc11,"{""A"":""x3y0+x0y1+x0y2"",""B"":""x0y3+x1y0+x2y0"",""b"":""X"",""d"":12,""excl_opp_detectors"":""True"",""k"":12,""l"":12,""leak_heralds"":""False"",""leak_repump"":""False"",""leakage"":""False"",""loss"":""False"",""m"":6,""n"":144,""p"":0.001,""prllel_1q"":Infinity,""prllel_2q"":6,""r"":20,""repump_cycles"":3,""seq_meas"":""False"",""seq_ops"":""True"",""swapLRC"":""False""}",
       128,         0,         0,   0.599,bposd,1d42788997c955656e1579c9a1cc0f31acae501b320f438e36e23d7b8de7dc11,"{""A"":""x3y0+x0y1+x0y2"",""B"":""x0y3+x1y0+x2y0"",""b"":""X"",""d"":12,""excl_opp_detectors"":""True"",""k"":12,""l"":12,""leak_heralds"":""False"",""leak_repump"":""False"",""leakage"":""False"",""loss"":""False"",""m"":6,""n"":144,""p"":0.001,""prllel_1q"":Infinity,""prllel_2q"":6,""r"":20,""repump_cycles"":3,""seq_meas"":""False"",""seq_ops"":""True"",""swapLRC"":""False""}",
       128,         0,         0,   0.398,bposd,1d42788997c955656e1579c9a1cc0f31acae501b320f438e36e23d7b8de7dc11,"{""A"":""x3y0+x0y1+x0y2"",""B"":""x0y3+x1y0+x2y0"",""b"":""X"",""d"":12,""excl_opp_detectors"":""True"",""k"":12,""l"":12,""leak_heralds"":""False"",""leak_repump"":""False"",""leakage"":""False"",""loss"":""False"",""m"":6,""n"":144,""p"":0.001,""prllel_1q"":Infinity,""prllel_2q"":6,""r"":20,""repump_cycles"":3,""seq_meas"":""False"",""seq_ops"":""True"",""swapLRC"":""False""}",
       128,         0,         0,   0.367,bposd,1d42788997c955656e1579c9a1cc0f31acae501b320f438e36e23d7b8de7dc11,"{""A"":""x3y0+x0y1+x0y2"",""B"":""x0y3+x1y0+x2y0"",""b"":""X"",""d"":12,""excl_opp_detectors"":""True"",""k"":12,""l"":12,""leak_heralds"":""False"",""leak_repump"":""False"",""leakage"":""False"",""loss"":""False"",""m"":6,""n"":144,""p"":0.001,""prllel_1q"":Infinity,""prllel_2q"":6,""r"":20,""repump_cycles"":3,""seq_meas"":""False"",""seq_ops"":""True"",""swapLRC"":""False""}",
       128,         0,         0,   0.413,bposd,1d42788997c955656e1579c9a1cc0f31acae501b320f438e36e23d7b8de7dc11,"{""A"":""x3y0+x0y1+x0y2"",""B"":""x0y3+x1y0+x2y0"",""b"":""X"",""d"":12,""excl_opp_detectors"":""True"",""k"":12,""l"":12,""leak_heralds"":""False"",""leak_repump"":""False"",""leakage"":""False"",""loss"":""False"",""m"":6,""n"":144,""p"":0.001,""prllel_1q"":Infinity,""prllel_2q"":6,""r"":20,""repump_cycles"":3,""seq_meas"":""False"",""seq_ops"":""True"",""swapLRC"":""False""}",
       128,         0,         0,   0.426,bposd,1d42788997c955656e1579c9a1cc0f31acae501b320f438e36e23d7b8de7dc11,"{""A"":""x3y0+x0y1+x0y2"",""B"":""x0y3+x1y0+x2y0"",""b"":""X"",""d"":12,""excl_opp_detectors"":""True"",""k"":12,""l"":12,""leak_heralds"":""False"",""leak_repump"":""False"",""leakage"":""False"",""loss"":""False"",""m"":6,""n"":144,""p"":0.001,""prllel_1q"":Infinity,""prllel_2q"":6,""r"":20,""repump_cycles"":3,""seq_meas"":""False"",""seq_ops"":""True"",""swapLRC"":""False""}",
       128,         0,         0,   0.651,bposd,1d42788997c955656e1579c9a1cc0f31acae501b320f438e36e23d7b8de7dc11,"{""A"":""x3y0+x0y1+x0y2"",""B"":""x0y3+x1y0+x2y0"",""b"":""X"",""d"":12,""excl_opp_detectors"":""True"",""k"":12,""l"":12,""leak_heralds"":""False"",""leak_repump"":""False"",""leakage"":""False"",""loss"":""False"",""m"":6,""n"":144,""p"":0.001,""prllel_1q"":Infinity,""prllel_2q"":6,""r"":20,""repump_cycles"":3,""seq_meas"":""False"",""seq_ops"":""True"",""swapLRC"":""False""}",
       128,         0,         0,   0.341,bposd,1d42788997c955656e1579c9a1cc0f31acae501b320f438e36e23d7b8de7dc11,"{""A"":""x3y0+x0y1+x0y2"",""B"":""x0y3+x1y0+x2y0"",""b"":""X"",""d"":12,""excl_opp_detectors"":""True"",""k"":12,""l"":12,""leak_heralds"":""False"",""leak_repump"":""False"",""leakage"":""False"",""loss"":""False"",""m"":6,""n"":144,""p"":0.001,""prllel_1q"":Infinity,""prllel_2q"":6,""r"":20,""repump_cycles"":3,""seq_meas"":""False"",""seq_ops"":""True"",""swapLRC"":""False""}",
       128,         0,         0,   0.386,bposd,1d42788997c955656e1579c9a1cc0f31acae501b320f438e36e23d7b8de7dc11,"{""A"":""x3y0+x0y1+x0y2"",""B"":""x0y3+x1y0+x2y0"",""b"":""X"",""d"":12,""excl_opp_detectors"":""True"",""k"":12,""l"":12,""leak_heralds"":""False"",""leak_repump"":""False"",""leakage"":""False"",""loss"":""False"",""m"":6,""n"":144,""p"":0.001,""prllel_1q"":Infinity,""prllel_2q"":6,""r"":20,""repump_cycles"":3,""seq_meas"":""False"",""seq_ops"":""True"",""swapLRC"":""False""}",
       128,         0,         0,   0.541,bposd,1d42788997c955656e1579c9a1cc0f31acae501b320f438e36e23d7b8de7dc11,"{""A"":""x3y0+x0y1+x0y2"",""B"":""x0y3+x1y0+x2y0"",""b"":""X"",""d"":12,""excl_opp_detectors"":""True"",""k"":12,""l"":12,""leak_heralds"":""False"",""leak_repump"":""False"",""leakage"":""False"",""loss"":""False"",""m"":6,""n"":144,""p"":0.001,""prllel_1q"":Infinity,""prllel_2q"":6,""r"":20,""repump_cycles"":3,""seq_meas"":""False"",""seq_ops"":""True"",""swapLRC"":""False""}",
       128,         0,         0,   0.429,bposd,1d42788997c955656e1579c9a1cc0f31acae501b320f438e36e23d7b8de7dc11,"{""A"":""x3y0+x0y1+x0y2"",""B"":""x0y3+x1y0+x2y0"",""b"":""X"",""d"":12,""excl_opp_detectors"":""True"",""k"":12,""l"":12,""leak_heralds"":""False"",""leak_repump"":""False"",""leakage"":""False"",""loss"":""False"",""m"":6,""n"":144,""p"":0.001,""prllel_1q"":Infinity,""prllel_2q"":6,""r"":20,""repump_cycles"":3,""seq_meas"":""False"",""seq_ops"":""True"",""swapLRC"":""False""}",
       128,         0,         0,   0.392,bposd,1d42788997c955656e1579c9a1cc0f31acae501b320f438e36e23d7b8de7dc11,"{""A"":""x3y0+x0y1+x0y2"",""B"":""x0y3+x1y0+x2y0"",""b"":""X"",""d"":12,""excl_opp_detectors"":""True"",""k"":12,""l"":12,""leak_heralds"":""False"",""leak_repump"":""False"",""leakage"":""False"",""loss"":""False"",""m"":6,""n"":144,""p"":0.001,""prllel_1q"":Infinity,""prllel_2q"":6,""r"":20,""repump_cycles"":3,""seq_meas"":""False"",""seq_ops"":""True"",""swapLRC"":""False""}",
       128,         0,         0,   0.450,bposd,1d42788997c955656e1579c9a1cc0f31acae501b320f438e36e23d7b8de7dc11,"{""A"":""x3y0+x0y1+x0y2"",""B"":""x0y3+x1y0+x2y0"",""b"":""X"",""d"":12,""excl_opp_detectors"":""True"",""k"":12,""l"":12,""leak_heralds"":""False"",""leak_repump"":""False"",""leakage"":""False"",""loss"":""False"",""m"":6,""n"":144,""p"":0.001,""prllel_1q"":Infinity,""prllel_2q"":6,""r"":20,""repump_cycles"":3,""seq_meas"":""False"",""seq_ops"":""True"",""swapLRC"":""False""}",
       128,         0,         0,   0.456,bposd,1d42788997c955656e1579c9a1cc0f31acae501b320f438e36e23d7b8de7dc11,"{""A"":""x3y0+x0y1+x0y2"",""B"":""x0y3+x1y0+x2y0"",""b"":""X"",""d"":12,""excl_opp_detectors"":""True"",""k"":12,""l"":12,""leak_heralds"":""False"",""leak_repump"":""False"",""leakage"":""False"",""loss"":""False"",""m"":6,""n"":144,""p"":0.001,""prllel_1q"":Infinity,""prllel_2q"":6,""r"":20,""repump_cycles"":3,""seq_meas"":""False"",""seq_ops"":""True"",""swapLRC"":""False""}",
       128,         0,         0,   0.395,bposd,1d42788997c955656e1579c9a1cc0f31acae501b320f438e36e23d7b8de7dc11,"{""A"":""x3y0+x0y1+x0y2"",""B"":""x0y3+x1y0+x2y0"",""b"":""X"",""d"":12,""excl_opp_detectors"":""True"",""k"":12,""l"":12,""leak_heralds"":""False"",""leak_repump"":""False"",""leakage"":""False"",""loss"":""False"",""m"":6,""n"":144,""p"":0.001,""prllel_1q"":Infinity,""prllel_2q"":6,""r"":20,""repump_cycles"":3,""seq_meas"":""False"",""seq_ops"":""True"",""swapLRC"":""False""}",
       128,         0,         0,   0.443,bposd,1d42788997c955656e1579c9a1cc0f31acae501b320f438e36e23d7b8de7dc11,"{""A"":""x3y0+x0y1+x0y2"",""B"":""x0y3+x1y0+x2y0"",""b"":""X"",""d"":12,""excl_opp_detectors"":""True"",""k"":12,""l"":12,""leak_heralds"":""False"",""leak_repump"":""False"",""leakage"":""False"",""loss"":""False"",""m"":6,""n"":144,""p"":0.001,""prllel_1q"":Infinity,""prllel_2q"":6,""r"":20,""repump_cycles"":3,""seq_meas"":""False"",""seq_ops"":""True"",""swapLRC"":""False""}",
       128,         0,         0,   0.360,bposd,1d42788997c955656e1579c9a1cc0f31acae501b320f438e36e23d7b8de7dc11,"{""A"":""x3y0+x0y1+x0y2"",""B"":""x0y3+x1y0+x2y0"",""b"":""X"",""d"":12,""excl_opp_detectors"":""True"",""k"":12,""l"":12,""leak_heralds"":""False"",""leak_repump"":""False"",""leakage"":""False"",""loss"":""False"",""m"":6,""n"":144,""p"":0.001,""prllel_1q"":Infinity,""prllel_2q"":6,""r"":20,""repump_cycles"":3,""seq_meas"":""False"",""seq_ops"":""True"",""swapLRC"":""False""}",
       128,         0,         0,   0.382,bposd,1d42788997c955656e1579c9a1cc0f31acae501b320f438e36e23d7b8de7dc11,"{""A"":""x3y0+x0y1+x0y2"",""B"":""x0y3+x1y0+x2y0"",""b"":""X"",""d"":12,""excl_opp_detectors"":""True"",""k"":12,""l"":12,""leak_heralds"":""False"",""leak_repump"":""False"",""leakage"":""False"",""loss"":""False"",""m"":6,""n"":144,""p"":0.001,""prllel_1q"":Infinity,""prllel_2q"":6,""r"":20,""repump_cycles"":3,""seq_meas"":""False"",""seq_ops"":""True"",""swapLRC"":""False""}",
       128,         0,         0,   0.388,bposd,1d42788997c955656e1579c9a1cc0f31acae501b320f438e36e23d7b8de7dc11,"{""A"":""x3y0+x0y1+x0y2"",""B"":""x0y3+x1y0+x2y0"",""b"":""X"",""d"":12,""excl_opp_detectors"":""True"",""k"":12,""l"":12,""leak_heralds"":""False"",""leak_repump"":""False"",""leakage"":""False"",""loss"":""False"",""m"":6,""n"":144,""p"":0.001,""prllel_1q"":Infinity,""prllel_2q"":6,""r"":20,""repump_cycles"":3,""seq_meas"":""False"",""seq_ops"":""True"",""swapLRC"":""False""}",
       128,         0,         0,   0.377,bposd,1d42788997c955656e1579c9a1cc0f31acae501b320f438e36e23d7b8de7dc11,"{""A"":""x3y0+x0y1+x0y2"",""B"":""x0y3+x1y0+x2y0"",""b"":""X"",""d"":12,""excl_opp_detectors"":""True"",""k"":12,""l"":12,""leak_heralds"":""False"",""leak_repump"":""False"",""leakage"":""False"",""loss"":""False"",""m"":6,""n"":144,""p"":0.001,""prllel_1q"":Infinity,""prllel_2q"":6,""r"":20,""repump_cycles"":3,""seq_meas"":""False"",""seq_ops"":""True"",""swapLRC"":""False""}",
       128,         0,         0,   0.390,bposd,1d42788997c955656e1579c9a1cc0f31acae501b320f438e36e23d7b8de7dc11,"{""A"":""x3y0+x0y1+x0y2"",""B"":""x0y3+x1y0+x2y0"",""b"":""X"",""d"":12,""excl_opp_detectors"":""True"",""k"":12,""l"":12,""leak_heralds"":""False"",""leak_repump"":""False"",""leakage"":""False"",""loss"":""False"",""m"":6,""n"":144,""p"":0.001,""prllel_1q"":Infinity,""prllel_2q"":6,""r"":20,""repump_cycles"":3,""seq_meas"":""False"",""seq_ops"":""True"",""swapLRC"":""False""}",
       128,         0,         0,   0.368,bposd,1d42788997c955656e1579c9a1cc0f31acae501b320f438e36e23d7b8de7dc11,"{""A"":""x3y0+x0y1+x0y2"",""B"":""x0y3+x1y0+x2y0"",""b"":""X"",""d"":12,""excl_opp_detectors"":""True"",""k"":12,""l"":12,""leak_heralds"":""False"",""leak_repump"":""False"",""leakage"":""False"",""loss"":""False"",""m"":6,""n"":144,""p"":0.001,""prllel_1q"":Infinity,""prllel_2q"":6,""r"":20,""repump_cycles"":3,""seq_meas"":""False"",""seq_ops"":""True"",""swapLRC"":""False""}",
       128,         0,         0,   0.392,bposd,1d42788997c955656e1579c9a1cc0f31acae501b320f438e36e23d7b8de7dc11,"{""A"":""x3y0+x0y1+x0y2"",""B"":""x0y3+x1y0+x2y0"",""b"":""X"",""d"":12,""excl_opp_detectors"":""True"",""k"":12,""l"":12,""leak_heralds"":""False"",""leak_repump"":""False"",""leakage"":""False"",""loss"":""False"",""m"":6,""n"":144,""p"":0.001,""prllel_1q"":Infinity,""prllel_2q"":6,""r"":20,""repump_cycles"":3,""seq_meas"":""False"",""seq_ops"":""True"",""swapLRC"":""False""}",
       128,         0,         0,   0.493,bposd,1d42788997c955656e1579c9a1cc0f31acae501b320f438e36e23d7b8de7dc11,"{""A"":""x3y0+x0y1+x0y2"",""B"":""x0y3+x1y0+x2y0"",""b"":""X"",""d"":12,""excl_opp_detectors"":""True"",""k"":12,""l"":12,""leak_heralds"":""False"",""leak_repump"":""False"",""leakage"":""False"",""loss"":""False"",""m"":6,""n"":144,""p"":0.001,""prllel_1q"":Infinity,""prllel_2q"":6,""r"":20,""repump_cycles"":3,""seq_meas"":""False"",""seq_ops"":""True"",""swapLRC"":""False""}",
       128,         0,         0,   0.369,bposd,1d42788997c955656e1579c9a1cc0f31acae501b320f438e36e23d7b8de7dc11,"{""A"":""x3y0+x0y1+x0y2"",""B"":""x0y3+x1y0+x2y0"",""b"":""X"",""d"":12,""excl_opp_detectors"":""True"",""k"":12,""l"":12,""leak_heralds"":""False"",""leak_repump"":""False"",""leakage"":""False"",""loss"":""False"",""m"":6,""n"":144,""p"":0.001,""prllel_1q"":Infinity,""prllel_2q"":6,""r"":20,""repump_cycles"":3,""seq_meas"":""False"",""seq_ops"":""True"",""swapLRC"":""False""}",
       128,         0,         0,   0.376,bposd,1d42788997c955656e1579c9a1cc0f31acae501b320f438e36e23d7b8de7dc11,"{""A"":""x3y0+x0y1+x0y2"",""B"":""x0y3+x1y0+x2y0"",""b"":""X"",""d"":12,""excl_opp_detectors"":""True"",""k"":12,""l"":12,""leak_heralds"":""False"",""leak_repump"":""False"",""leakage"":""False"",""loss"":""False"",""m"":6,""n"":144,""p"":0.001,""prllel_1q"":Infinity,""prllel_2q"":6,""r"":20,""repump_cycles"":3,""seq_meas"":""False"",""seq_ops"":""True"",""swapLRC"":""False""}",
       128,         0,         0,   0.404,bposd,1d42788997c955656e1579c9a1cc0f31acae501b320f438e36e23d7b8de7dc11,"{""A"":""x3y0+x0y1+x0y2"",""B"":""x0y3+x1y0+x2y0"",""b"":""X"",""d"":12,""excl_opp_detectors"":""True"",""k"":12,""l"":12,""leak_heralds"":""False"",""leak_repump"":""False"",""leakage"":""False"",""loss"":""False"",""m"":6,""n"":144,""p"":0.001,""prllel_1q"":Infinity,""prllel_2q"":6,""r"":20,""repump_cycles"":3,""seq_meas"":""False"",""seq_ops"":""True"",""swapLRC"":""False""}",
       128,         0,         0,   0.402,bposd,1d42788997c955656e1579c9a1cc0f31acae501b320f438e36e23d7b8de7dc11,"{""A"":""x3y0+x0y1+x0y2"",""B"":""x0y3+x1y0+x2y0"",""b"":""X"",""d"":12,""excl_opp_detectors"":""True"",""k"":12,""l"":12,""leak_heralds"":""False"",""leak_repump"":""False"",""leakage"":""False"",""loss"":""False"",""m"":6,""n"":144,""p"":0.001,""prllel_1q"":Infinity,""prllel_2q"":6,""r"":20,""repump_cycles"":3,""seq_meas"":""False"",""seq_ops"":""True"",""swapLRC"":""False""}",
       128,         0,         0,   0.468,bposd,1d42788997c955656e1579c9a1cc0f31acae501b320f438e36e23d7b8de7dc11,"{""A"":""x3y0+x0y1+x0y2"",""B"":""x0y3+x1y0+x2y0"",""b"":""X"",""d"":12,""excl_opp_detectors"":""True"",""k"":12,""l"":12,""leak_heralds"":""False"",""leak_repump"":""False"",""leakage"":""False"",""loss"":""False"",""m"":6,""n"":144,""p"":0.001,""prllel_1q"":Infinity,""prllel_2q"":6,""r"":20,""repump_cycles"":3,""seq_meas"":""False"",""seq_ops"":""True"",""swapLRC"":""False""}",
       128,         0,         0,   0.608,bposd,1d42788997c955656e1579c9a1cc0f31acae501b320f438e36e23d7b8de7dc11,"{""A"":""x3y0+x0y1+x0y2"",""B"":""x0y3+x1y0+x2y0"",""b"":""X"",""d"":12,""excl_opp_detectors"":""True"",""k"":12,""l"":12,""leak_heralds"":""False"",""leak_repump"":""False"",""leakage"":""False"",""loss"":""False"",""m"":6,""n"":144,""p"":0.001,""prllel_1q"":Infinity,""prllel_2q"":6,""r"":20,""repump_cycles"":3,""seq_meas"":""False"",""seq_ops"":""True"",""swapLRC"":""False""}",
       128,         0,         0,   0.460,bposd,1d42788997c955656e1579c9a1cc0f31acae501b320f438e36e23d7b8de7dc11,"{""A"":""x3y0+x0y1+x0y2"",""B"":""x0y3+x1y0+x2y0"",""b"":""X"",""d"":12,""excl_opp_detectors"":""True"",""k"":12,""l"":12,""leak_heralds"":""False"",""leak_repump"":""False"",""leakage"":""False"",""loss"":""False"",""m"":6,""n"":144,""p"":0.001,""prllel_1q"":Infinity,""prllel_2q"":6,""r"":20,""repump_cycles"":3,""seq_meas"":""False"",""seq_ops"":""True"",""swapLRC"":""False""}",
       128,         0,         0,   0.367,bposd,1d42788997c955656e1579c9a1cc0f31acae501b320f438e36e23d7b8de7dc11,"{""A"":""x3y0+x0y1+x0y2"",""B"":""x0y3+x1y0+x2y0"",""b"":""X"",""d"":12,""excl_opp_detectors"":""True"",""k"":12,""l"":12,""leak_heralds"":""False"",""leak_repump"":""False"",""leakage"":""False"",""loss"":""False"",""m"":6,""n"":144,""p"":0.001,""prllel_1q"":Infinity,""prllel_2q"":6,""r"":20,""repump_cycles"":3,""seq_meas"":""False"",""seq_ops"":""True"",""swapLRC"":""False""}",
       128,         0,         0,   0.399,bposd,1d42788997c955656e1579c9a1cc0f31acae501b320f438e36e23d7b8de7dc11,"{""A"":""x3y0+x0y1+x0y2"",""B"":""x0y3+x1y0+x2y0"",""b"":""X"",""d"":12,""excl_opp_detectors"":""True"",""k"":12,""l"":12,""leak_heralds"":""False"",""leak_repump"":""False"",""leakage"":""False"",""loss"":""False"",""m"":6,""n"":144,""p"":0.001,""prllel_1q"":Infinity,""prllel_2q"":6,""r"":20,""repump_cycles"":3,""seq_meas"":""False"",""seq_ops"":""True"",""swapLRC"":""False""}",
       128,         0,         0,   0.356,bposd,1d42788997c955656e1579c9a1cc0f31acae501b320f438e36e23d7b8de7dc11,"{""A"":""x3y0+x0y1+x0y2"",""B"":""x0y3+x1y0+x2y0"",""b"":""X"",""d"":12,""excl_opp_detectors"":""True"",""k"":12,""l"":12,""leak_heralds"":""False"",""leak_repump"":""False"",""leakage"":""False"",""loss"":""False"",""m"":6,""n"":144,""p"":0.001,""prllel_1q"":Infinity,""prllel_2q"":6,""r"":20,""repump_cycles"":3,""seq_meas"":""False"",""seq_ops"":""True"",""swapLRC"":""False""}",
       128,         0,         0,   0.411,bposd,1d42788997c955656e1579c9a1cc0f31acae501b320f438e36e23d7b8de7dc11,"{""A"":""x3y0+x0y1+x0y2"",""B"":""x0y3+x1y0+x2y0"",""b"":""X"",""d"":12,""excl_opp_detectors"":""True"",""k"":12,""l"":12,""leak_heralds"":""False"",""leak_repump"":""False"",""leakage"":""False"",""loss"":""False"",""m"":6,""n"":144,""p"":0.001,""prllel_1q"":Infinity,""prllel_2q"":6,""r"":20,""repump_cycles"":3,""seq_meas"":""False"",""seq_ops"":""True"",""swapLRC"":""False""}",
       128,         0,         0,   0.364,bposd,1d42788997c955656e1579c9a1cc0f31acae501b320f438e36e23d7b8de7dc11,"{""A"":""x3y0+x0y1+x0y2"",""B"":""x0y3+x1y0+x2y0"",""b"":""X"",""d"":12,""excl_opp_detectors"":""True"",""k"":12,""l"":12,""leak_heralds"":""False"",""leak_repump"":""False"",""leakage"":""False"",""loss"":""False"",""m"":6,""n"":144,""p"":0.001,""prllel_1q"":Infinity,""prllel_2q"":6,""r"":20,""repump_cycles"":3,""seq_meas"":""False"",""seq_ops"":""True"",""swapLRC"":""False""}",
       128,         0,         0,   0.375,bposd,1d42788997c955656e1579c9a1cc0f31acae501b320f438e36e23d7b8de7dc11,"{""A"":""x3y0+x0y1+x0y2"",""B"":""x0y3+x1y0+x2y0"",""b"":""X"",""d"":12,""excl_opp_detectors"":""True"",""k"":12,""l"":12,""leak_heralds"":""False"",""leak_repump"":""False"",""leakage"":""False"",""loss"":""False"",""m"":6,""n"":144,""p"":0.001,""prllel_1q"":Infinity,""prllel_2q"":6,""r"":20,""repump_cycles"":3,""seq_meas"":""False"",""seq_ops"":""True"",""swapLRC"":""False""}",
       128,         0,         0,   0.388,bposd,1d42788997c955656e1579c9a1cc0f31acae501b320f438e36e23d7b8de7dc11,"{""A"":""x3y0+x0y1+x0y2"",""B"":""x0y3+x1y0+x2y0"",""b"":""X"",""d"":12,""excl_opp_detectors"":""True"",""k"":12,""l"":12,""leak_heralds"":""False"",""leak_repump"":""False"",""leakage"":""False"",""loss"":""False"",""m"":6,""n"":144,""p"":0.001,""prllel_1q"":Infinity,""prllel_2q"":6,""r"":20,""repump_cycles"":3,""seq_meas"":""False"",""seq_ops"":""True"",""swapLRC"":""False""}",
       128,         0,         0,   0.423,bposd,1d42788997c955656e1579c9a1cc0f31acae501b320f438e36e23d7b8de7dc11,"{""A"":""x3y0+x0y1+x0y2"",""B"":""x0y3+x1y0+x2y0"",""b"":""X"",""d"":12,""excl_opp_detectors"":""True"",""k"":12,""l"":12,""leak_heralds"":""False"",""leak_repump"":""False"",""leakage"":""False"",""loss"":""False"",""m"":6,""n"":144,""p"":0.001,""prllel_1q"":Infinity,""prllel_2q"":6,""r"":20,""repump_cycles"":3,""seq_meas"":""False"",""seq_ops"":""True"",""swapLRC"":""False""}",
       128,         0,         0,   0.457,bposd,1d42788997c955656e1579c9a1cc0f31acae501b320f438e36e23d7b8de7dc11,"{""A"":""x3y0+x0y1+x0y2"",""B"":""x0y3+x1y0+x2y0"",""b"":""X"",""d"":12,""excl_opp_detectors"":""True"",""k"":12,""l"":12,""leak_heralds"":""False"",""leak_repump"":""False"",""leakage"":""False"",""loss"":""False"",""m"":6,""n"":144,""p"":0.001,""prllel_1q"":Infinity,""prllel_2q"":6,""r"":20,""repump_cycles"":3,""seq_meas"":""False"",""seq_ops"":""True"",""swapLRC"":""False""}",
       128,         0,         0,   0.422,bposd,1d42788997c955656e1579c9a1cc0f31acae501b320f438e36e23d7b8de7dc11,"{""A"":""x3y0+x0y1+x0y2"",""B"":""x0y3+x1y0+x2y0"",""b"":""X"",""d"":12,""excl_opp_detectors"":""True"",""k"":12,""l"":12,""leak_heralds"":""False"",""leak_repump"":""False"",""leakage"":""False"",""loss"":""False"",""m"":6,""n"":144,""p"":0.001,""prllel_1q"":Infinity,""prllel_2q"":6,""r"":20,""repump_cycles"":3,""seq_meas"":""False"",""seq_ops"":""True"",""swapLRC"":""False""}",
       128,         0,         0,   0.407,bposd,1d42788997c955656e1579c9a1cc0f31acae501b320f438e36e23d7b8de7dc11,"{""A"":""x3y0+x0y1+x0y2"",""B"":""x0y3+x1y0+x2y0"",""b"":""X"",""d"":12,""excl_opp_detectors"":""True"",""k"":12,""l"":12,""leak_heralds"":""False"",""leak_repump"":""False"",""leakage"":""False"",""loss"":""False"",""m"":6,""n"":144,""p"":0.001,""prllel_1q"":Infinity,""prllel_2q"":6,""r"":20,""repump_cycles"":3,""seq_meas"":""False"",""seq_ops"":""True"",""swapLRC"":""False""}",
       128,         0,         0,   0.543,bposd,1d42788997c955656e1579c9a1cc0f31acae501b320f438e36e23d7b8de7dc11,"{""A"":""x3y0+x0y1+x0y2"",""B"":""x0y3+x1y0+x2y0"",""b"":""X"",""d"":12,""excl_opp_detectors"":""True"",""k"":12,""l"":12,""leak_heralds"":""False"",""leak_repump"":""False"",""leakage"":""False"",""loss"":""False"",""m"":6,""n"":144,""p"":0.001,""prllel_1q"":Infinity,""prllel_2q"":6,""r"":20,""repump_cycles"":3,""seq_meas"":""False"",""seq_ops"":""True"",""swapLRC"":""False""}",
       128,         0,         0,   0.438,bposd,1d42788997c955656e1579c9a1cc0f31acae501b320f438e36e23d7b8de7dc11,"{""A"":""x3y0+x0y1+x0y2"",""B"":""x0y3+x1y0+x2y0"",""b"":""X"",""d"":12,""excl_opp_detectors"":""True"",""k"":12,""l"":12,""leak_heralds"":""False"",""leak_repump"":""False"",""leakage"":""False"",""loss"":""False"",""m"":6,""n"":144,""p"":0.001,""prllel_1q"":Infinity,""prllel_2q"":6,""r"":20,""repump_cycles"":3,""seq_meas"":""False"",""seq_ops"":""True"",""swapLRC"":""False""}",
       128,         0,         0,   0.439,bposd,1d42788997c955656e1579c9a1cc0f31acae501b320f438e36e23d7b8de7dc11,"{""A"":""x3y0+x0y1+x0y2"",""B"":""x0y3+x1y0+x2y0"",""b"":""X"",""d"":12,""excl_opp_detectors"":""True"",""k"":12,""l"":12,""leak_heralds"":""False"",""leak_repump"":""False"",""leakage"":""False"",""loss"":""False"",""m"":6,""n"":144,""p"":0.001,""prllel_1q"":Infinity,""prllel_2q"":6,""r"":20,""repump_cycles"":3,""seq_meas"":""False"",""seq_ops"":""True"",""swapLRC"":""False""}",
       128,         0,         0,   0.414,bposd,1d42788997c955656e1579c9a1cc0f31acae501b320f438e36e23d7b8de7dc11,"{""A"":""x3y0+x0y1+x0y2"",""B"":""x0y3+x1y0+x2y0"",""b"":""X"",""d"":12,""excl_opp_detectors"":""True"",""k"":12,""l"":12,""leak_heralds"":""False"",""leak_repump"":""False"",""leakage"":""False"",""loss"":""False"",""m"":6,""n"":144,""p"":0.001,""prllel_1q"":Infinity,""prllel_2q"":6,""r"":20,""repump_cycles"":3,""seq_meas"":""False"",""seq_ops"":""True"",""swapLRC"":""False""}",
       128,         0,         0,   0.385,bposd,1d42788997c955656e1579c9a1cc0f31acae501b320f438e36e23d7b8de7dc11,"{""A"":""x3y0+x0y1+x0y2"",""B"":""x0y3+x1y0+x2y0"",""b"":""X"",""d"":12,""excl_opp_detectors"":""True"",""k"":12,""l"":12,""leak_heralds"":""False"",""leak_repump"":""False"",""leakage"":""False"",""loss"":""False"",""m"":6,""n"":144,""p"":0.001,""prllel_1q"":Infinity,""prllel_2q"":6,""r"":20,""repump_cycles"":3,""seq_meas"":""False"",""seq_ops"":""True"",""swapLRC"":""False""}",
       128,         0,         0,   0.425,bposd,1d42788997c955656e1579c9a1cc0f31acae501b320f438e36e23d7b8de7dc11,"{""A"":""x3y0+x0y1+x0y2"",""B"":""x0y3+x1y0+x2y0"",""b"":""X"",""d"":12,""excl_opp_detectors"":""True"",""k"":12,""l"":12,""leak_heralds"":""False"",""leak_repump"":""False"",""leakage"":""False"",""loss"":""False"",""m"":6,""n"":144,""p"":0.001,""prllel_1q"":Infinity,""prllel_2q"":6,""r"":20,""repump_cycles"":3,""seq_meas"":""False"",""seq_ops"":""True"",""swapLRC"":""False""}",
       128,         0,         0,   0.413,bposd,1d42788997c955656e1579c9a1cc0f31acae501b320f438e36e23d7b8de7dc11,"{""A"":""x3y0+x0y1+x0y2"",""B"":""x0y3+x1y0+x2y0"",""b"":""X"",""d"":12,""excl_opp_detectors"":""True"",""k"":12,""l"":12,""leak_heralds"":""False"",""leak_repump"":""False"",""leakage"":""False"",""loss"":""False"",""m"":6,""n"":144,""p"":0.001,""prllel_1q"":Infinity,""prllel_2q"":6,""r"":20,""repump_cycles"":3,""seq_meas"":""False"",""seq_ops"":""True"",""swapLRC"":""False""}",
       128,         0,         0,   0.427,bposd,1d42788997c955656e1579c9a1cc0f31acae501b320f438e36e23d7b8de7dc11,"{""A"":""x3y0+x0y1+x0y2"",""B"":""x0y3+x1y0+x2y0"",""b"":""X"",""d"":12,""excl_opp_detectors"":""True"",""k"":12,""l"":12,""leak_heralds"":""False"",""leak_repump"":""False"",""leakage"":""False"",""loss"":""False"",""m"":6,""n"":144,""p"":0.001,""prllel_1q"":Infinity,""prllel_2q"":6,""r"":20,""repump_cycles"":3,""seq_meas"":""False"",""seq_ops"":""True"",""swapLRC"":""False""}",
       128,         0,         0,   0.377,bposd,1d42788997c955656e1579c9a1cc0f31acae501b320f438e36e23d7b8de7dc11,"{""A"":""x3y0+x0y1+x0y2"",""B"":""x0y3+x1y0+x2y0"",""b"":""X"",""d"":12,""excl_opp_detectors"":""True"",""k"":12,""l"":12,""leak_heralds"":""False"",""leak_repump"":""False"",""leakage"":""False"",""loss"":""False"",""m"":6,""n"":144,""p"":0.001,""prllel_1q"":Infinity,""prllel_2q"":6,""r"":20,""repump_cycles"":3,""seq_meas"":""False"",""seq_ops"":""True"",""swapLRC"":""False""}",
       128,         0,         0,   0.445,bposd,1d42788997c955656e1579c9a1cc0f31acae501b320f438e36e23d7b8de7dc11,"{""A"":""x3y0+x0y1+x0y2"",""B"":""x0y3+x1y0+x2y0"",""b"":""X"",""d"":12,""excl_opp_detectors"":""True"",""k"":12,""l"":12,""leak_heralds"":""False"",""leak_repump"":""False"",""leakage"":""False"",""loss"":""False"",""m"":6,""n"":144,""p"":0.001,""prllel_1q"":Infinity,""prllel_2q"":6,""r"":20,""repump_cycles"":3,""seq_meas"":""False"",""seq_ops"":""True"",""swapLRC"":""False""}",
       128,         0,         0,   0.368,bposd,1d42788997c955656e1579c9a1cc0f31acae501b320f438e36e23d7b8de7dc11,"{""A"":""x3y0+x0y1+x0y2"",""B"":""x0y3+x1y0+x2y0"",""b"":""X"",""d"":12,""excl_opp_detectors"":""True"",""k"":12,""l"":12,""leak_heralds"":""False"",""leak_repump"":""False"",""leakage"":""False"",""loss"":""False"",""m"":6,""n"":144,""p"":0.001,""prllel_1q"":Infinity,""prllel_2q"":6,""r"":20,""repump_cycles"":3,""seq_meas"":""False"",""seq_ops"":""True"",""swapLRC"":""False""}",
       128,         0,         0,   0.469,bposd,1d42788997c955656e1579c9a1cc0f31acae501b320f438e36e23d7b8de7dc11,"{""A"":""x3y0+x0y1+x0y2"",""B"":""x0y3+x1y0+x2y0"",""b"":""X"",""d"":12,""excl_opp_detectors"":""True"",""k"":12,""l"":12,""leak_heralds"":""False"",""leak_repump"":""False"",""leakage"":""False"",""loss"":""False"",""m"":6,""n"":144,""p"":0.001,""prllel_1q"":Infinity,""prllel_2q"":6,""r"":20,""repump_cycles"":3,""seq_meas"":""False"",""seq_ops"":""True"",""swapLRC"":""False""}",
       128,         0,         0,   0.372,bposd,1d42788997c955656e1579c9a1cc0f31acae501b320f438e36e23d7b8de7dc11,"{""A"":""x3y0+x0y1+x0y2"",""B"":""x0y3+x1y0+x2y0"",""b"":""X"",""d"":12,""excl_opp_detectors"":""True"",""k"":12,""l"":12,""leak_heralds"":""False"",""leak_repump"":""False"",""leakage"":""False"",""loss"":""False"",""m"":6,""n"":144,""p"":0.001,""prllel_1q"":Infinity,""prllel_2q"":6,""r"":20,""repump_cycles"":3,""seq_meas"":""False"",""seq_ops"":""True"",""swapLRC"":""False""}",
       128,         0,         0,   0.379,bposd,1d42788997c955656e1579c9a1cc0f31acae501b320f438e36e23d7b8de7dc11,"{""A"":""x3y0+x0y1+x0y2"",""B"":""x0y3+x1y0+x2y0"",""b"":""X"",""d"":12,""excl_opp_detectors"":""True"",""k"":12,""l"":12,""leak_heralds"":""False"",""leak_repump"":""False"",""leakage"":""False"",""loss"":""False"",""m"":6,""n"":144,""p"":0.001,""prllel_1q"":Infinity,""prllel_2q"":6,""r"":20,""repump_cycles"":3,""seq_meas"":""False"",""seq_ops"":""True"",""swapLRC"":""False""}",
       128,         0,         0,   0.576,bposd,1d42788997c955656e1579c9a1cc0f31acae501b320f438e36e23d7b8de7dc11,"{""A"":""x3y0+x0y1+x0y2"",""B"":""x0y3+x1y0+x2y0"",""b"":""X"",""d"":12,""excl_opp_detectors"":""True"",""k"":12,""l"":12,""leak_heralds"":""False"",""leak_repump"":""False"",""leakage"":""False"",""loss"":""False"",""m"":6,""n"":144,""p"":0.001,""prllel_1q"":Infinity,""prllel_2q"":6,""r"":20,""repump_cycles"":3,""seq_meas"":""False"",""seq_ops"":""True"",""swapLRC"":""False""}",
       128,         0,         0,   0.372,bposd,1d42788997c955656e1579c9a1cc0f31acae501b320f438e36e23d7b8de7dc11,"{""A"":""x3y0+x0y1+x0y2"",""B"":""x0y3+x1y0+x2y0"",""b"":""X"",""d"":12,""excl_opp_detectors"":""True"",""k"":12,""l"":12,""leak_heralds"":""False"",""leak_repump"":""False"",""leakage"":""False"",""loss"":""False"",""m"":6,""n"":144,""p"":0.001,""prllel_1q"":Infinity,""prllel_2q"":6,""r"":20,""repump_cycles"":3,""seq_meas"":""False"",""seq_ops"":""True"",""swapLRC"":""False""}",
       128,         0,         0,   0.394,bposd,1d42788997c955656e1579c9a1cc0f31acae501b320f438e36e23d7b8de7dc11,"{""A"":""x3y0+x0y1+x0y2"",""B"":""x0y3+x1y0+x2y0"",""b"":""X"",""d"":12,""excl_opp_detectors"":""True"",""k"":12,""l"":12,""leak_heralds"":""False"",""leak_repump"":""False"",""leakage"":""False"",""loss"":""False"",""m"":6,""n"":144,""p"":0.001,""prllel_1q"":Infinity,""prllel_2q"":6,""r"":20,""repump_cycles"":3,""seq_meas"":""False"",""seq_ops"":""True"",""swapLRC"":""False""}",
       128,         0,         0,   0.371,bposd,1d42788997c955656e1579c9a1cc0f31acae501b320f438e36e23d7b8de7dc11,"{""A"":""x3y0+x0y1+x0y2"",""B"":""x0y3+x1y0+x2y0"",""b"":""X"",""d"":12,""excl_opp_detectors"":""True"",""k"":12,""l"":12,""leak_heralds"":""False"",""leak_repump"":""False"",""leakage"":""False"",""loss"":""False"",""m"":6,""n"":144,""p"":0.001,""prllel_1q"":Infinity,""prllel_2q"":6,""r"":20,""repump_cycles"":3,""seq_meas"":""False"",""seq_ops"":""True"",""swapLRC"":""False""}",
       128,         0,         0,   0.412,bposd,1d42788997c955656e1579c9a1cc0f31acae501b320f438e36e23d7b8de7dc11,"{""A"":""x3y0+x0y1+x0y2"",""B"":""x0y3+x1y0+x2y0"",""b"":""X"",""d"":12,""excl_opp_detectors"":""True"",""k"":12,""l"":12,""leak_heralds"":""False"",""leak_repump"":""False"",""leakage"":""False"",""loss"":""False"",""m"":6,""n"":144,""p"":0.001,""prllel_1q"":Infinity,""prllel_2q"":6,""r"":20,""repump_cycles"":3,""seq_meas"":""False"",""seq_ops"":""True"",""swapLRC"":""False""}",
       128,         0,         0,   0.394,bposd,1d42788997c955656e1579c9a1cc0f31acae501b320f438e36e23d7b8de7dc11,"{""A"":""x3y0+x0y1+x0y2"",""B"":""x0y3+x1y0+x2y0"",""b"":""X"",""d"":12,""excl_opp_detectors"":""True"",""k"":12,""l"":12,""leak_heralds"":""False"",""leak_repump"":""False"",""leakage"":""False"",""loss"":""False"",""m"":6,""n"":144,""p"":0.001,""prllel_1q"":Infinity,""prllel_2q"":6,""r"":20,""repump_cycles"":3,""seq_meas"":""False"",""seq_ops"":""True"",""swapLRC"":""False""}",
       128,         0,         0,   0.458,bposd,1d42788997c955656e1579c9a1cc0f31acae501b320f438e36e23d7b8de7dc11,"{""A"":""x3y0+x0y1+x0y2"",""B"":""x0y3+x1y0+x2y0"",""b"":""X"",""d"":12,""excl_opp_detectors"":""True"",""k"":12,""l"":12,""leak_heralds"":""False"",""leak_repump"":""False"",""leakage"":""False"",""loss"":""False"",""m"":6,""n"":144,""p"":0.001,""prllel_1q"":Infinity,""prllel_2q"":6,""r"":20,""repump_cycles"":3,""seq_meas"":""False"",""seq_ops"":""True"",""swapLRC"":""False""}",
       128,         0,         0,    1.07,bposd,1d42788997c955656e1579c9a1cc0f31acae501b320f438e36e23d7b8de7dc11,"{""A"":""x3y0+x0y1+x0y2"",""B"":""x0y3+x1y0+x2y0"",""b"":""X"",""d"":12,""excl_opp_detectors"":""True"",""k"":12,""l"":12,""leak_heralds"":""False"",""leak_repump"":""False"",""leakage"":""False"",""loss"":""False"",""m"":6,""n"":144,""p"":0.001,""prllel_1q"":Infinity,""prllel_2q"":6,""r"":20,""repump_cycles"":3,""seq_meas"":""False"",""seq_ops"":""True"",""swapLRC"":""False""}",
       128,         0,         0,   0.399,bposd,1d42788997c955656e1579c9a1cc0f31acae501b320f438e36e23d7b8de7dc11,"{""A"":""x3y0+x0y1+x0y2"",""B"":""x0y3+x1y0+x2y0"",""b"":""X"",""d"":12,""excl_opp_detectors"":""True"",""k"":12,""l"":12,""leak_heralds"":""False"",""leak_repump"":""False"",""leakage"":""False"",""loss"":""False"",""m"":6,""n"":144,""p"":0.001,""prllel_1q"":Infinity,""prllel_2q"":6,""r"":20,""repump_cycles"":3,""seq_meas"":""False"",""seq_ops"":""True"",""swapLRC"":""False""}",
       128,         0,         0,   0.387,bposd,1d42788997c955656e1579c9a1cc0f31acae501b320f438e36e23d7b8de7dc11,"{""A"":""x3y0+x0y1+x0y2"",""B"":""x0y3+x1y0+x2y0"",""b"":""X"",""d"":12,""excl_opp_detectors"":""True"",""k"":12,""l"":12,""leak_heralds"":""False"",""leak_repump"":""False"",""leakage"":""False"",""loss"":""False"",""m"":6,""n"":144,""p"":0.001,""prllel_1q"":Infinity,""prllel_2q"":6,""r"":20,""repump_cycles"":3,""seq_meas"":""False"",""seq_ops"":""True"",""swapLRC"":""False""}",
       128,         0,         0,   0.376,bposd,1d42788997c955656e1579c9a1cc0f31acae501b320f438e36e23d7b8de7dc11,"{""A"":""x3y0+x0y1+x0y2"",""B"":""x0y3+x1y0+x2y0"",""b"":""X"",""d"":12,""excl_opp_detectors"":""True"",""k"":12,""l"":12,""leak_heralds"":""False"",""leak_repump"":""False"",""leakage"":""False"",""loss"":""False"",""m"":6,""n"":144,""p"":0.001,""prllel_1q"":Infinity,""prllel_2q"":6,""r"":20,""repump_cycles"":3,""seq_meas"":""False"",""seq_ops"":""True"",""swapLRC"":""False""}",
       128,         0,         0,   0.370,bposd,1d42788997c955656e1579c9a1cc0f31acae501b320f438e36e23d7b8de7dc11,"{""A"":""x3y0+x0y1+x0y2"",""B"":""x0y3+x1y0+x2y0"",""b"":""X"",""d"":12,""excl_opp_detectors"":""True"",""k"":12,""l"":12,""leak_heralds"":""False"",""leak_repump"":""False"",""leakage"":""False"",""loss"":""False"",""m"":6,""n"":144,""p"":0.001,""prllel_1q"":Infinity,""prllel_2q"":6,""r"":20,""repump_cycles"":3,""seq_meas"":""False"",""seq_ops"":""True"",""swapLRC"":""False""}",
       128,         0,         0,   0.538,bposd,1d42788997c955656e1579c9a1cc0f31acae501b320f438e36e23d7b8de7dc11,"{""A"":""x3y0+x0y1+x0y2"",""B"":""x0y3+x1y0+x2y0"",""b"":""X"",""d"":12,""excl_opp_detectors"":""True"",""k"":12,""l"":12,""leak_heralds"":""False"",""leak_repump"":""False"",""leakage"":""False"",""loss"":""False"",""m"":6,""n"":144,""p"":0.001,""prllel_1q"":Infinity,""prllel_2q"":6,""r"":20,""repump_cycles"":3,""seq_meas"":""False"",""seq_ops"":""True"",""swapLRC"":""False""}",
       128,         0,         0,   0.388,bposd,1d42788997c955656e1579c9a1cc0f31acae501b320f438e36e23d7b8de7dc11,"{""A"":""x3y0+x0y1+x0y2"",""B"":""x0y3+x1y0+x2y0"",""b"":""X"",""d"":12,""excl_opp_detectors"":""True"",""k"":12,""l"":12,""leak_heralds"":""False"",""leak_repump"":""False"",""leakage"":""False"",""loss"":""False"",""m"":6,""n"":144,""p"":0.001,""prllel_1q"":Infinity,""prllel_2q"":6,""r"":20,""repump_cycles"":3,""seq_meas"":""False"",""seq_ops"":""True"",""swapLRC"":""False""}",
       128,         0,         0,   0.479,bposd,1d42788997c955656e1579c9a1cc0f31acae501b320f438e36e23d7b8de7dc11,"{""A"":""x3y0+x0y1+x0y2"",""B"":""x0y3+x1y0+x2y0"",""b"":""X"",""d"":12,""excl_opp_detectors"":""True"",""k"":12,""l"":12,""leak_heralds"":""False"",""leak_repump"":""False"",""leakage"":""False"",""loss"":""False"",""m"":6,""n"":144,""p"":0.001,""prllel_1q"":Infinity,""prllel_2q"":6,""r"":20,""repump_cycles"":3,""seq_meas"":""False"",""seq_ops"":""True"",""swapLRC"":""False""}",
       128,         0,         0,    1.76,bposd,1d42788997c955656e1579c9a1cc0f31acae501b320f438e36e23d7b8de7dc11,"{""A"":""x3y0+x0y1+x0y2"",""B"":""x0y3+x1y0+x2y0"",""b"":""X"",""d"":12,""excl_opp_detectors"":""True"",""k"":12,""l"":12,""leak_heralds"":""False"",""leak_repump"":""False"",""leakage"":""False"",""loss"":""False"",""m"":6,""n"":144,""p"":0.001,""prllel_1q"":Infinity,""prllel_2q"":6,""r"":20,""repump_cycles"":3,""seq_meas"":""False"",""seq_ops"":""True"",""swapLRC"":""False""}",
       128,         0,         0,   0.656,bposd,1d42788997c955656e1579c9a1cc0f31acae501b320f438e36e23d7b8de7dc11,"{""A"":""x3y0+x0y1+x0y2"",""B"":""x0y3+x1y0+x2y0"",""b"":""X"",""d"":12,""excl_opp_detectors"":""True"",""k"":12,""l"":12,""leak_heralds"":""False"",""leak_repump"":""False"",""leakage"":""False"",""loss"":""False"",""m"":6,""n"":144,""p"":0.001,""prllel_1q"":Infinity,""prllel_2q"":6,""r"":20,""repump_cycles"":3,""seq_meas"":""False"",""seq_ops"":""True"",""swapLRC"":""False""}",
       128,         0,         0,   0.408,bposd,1d42788997c955656e1579c9a1cc0f31acae501b320f438e36e23d7b8de7dc11,"{""A"":""x3y0+x0y1+x0y2"",""B"":""x0y3+x1y0+x2y0"",""b"":""X"",""d"":12,""excl_opp_detectors"":""True"",""k"":12,""l"":12,""leak_heralds"":""False"",""leak_repump"":""False"",""leakage"":""False"",""loss"":""False"",""m"":6,""n"":144,""p"":0.001,""prllel_1q"":Infinity,""prllel_2q"":6,""r"":20,""repump_cycles"":3,""seq_meas"":""False"",""seq_ops"":""True"",""swapLRC"":""False""}",
       128,         0,         0,   0.479,bposd,1d42788997c955656e1579c9a1cc0f31acae501b320f438e36e23d7b8de7dc11,"{""A"":""x3y0+x0y1+x0y2"",""B"":""x0y3+x1y0+x2y0"",""b"":""X"",""d"":12,""excl_opp_detectors"":""True"",""k"":12,""l"":12,""leak_heralds"":""False"",""leak_repump"":""False"",""leakage"":""False"",""loss"":""False"",""m"":6,""n"":144,""p"":0.001,""prllel_1q"":Infinity,""prllel_2q"":6,""r"":20,""repump_cycles"":3,""seq_meas"":""False"",""seq_ops"":""True"",""swapLRC"":""False""}",
       128,         0,         0,   0.407,bposd,1d42788997c955656e1579c9a1cc0f31acae501b320f438e36e23d7b8de7dc11,"{""A"":""x3y0+x0y1+x0y2"",""B"":""x0y3+x1y0+x2y0"",""b"":""X"",""d"":12,""excl_opp_detectors"":""True"",""k"":12,""l"":12,""leak_heralds"":""False"",""leak_repump"":""False"",""leakage"":""False"",""loss"":""False"",""m"":6,""n"":144,""p"":0.001,""prllel_1q"":Infinity,""prllel_2q"":6,""r"":20,""repump_cycles"":3,""seq_meas"":""False"",""seq_ops"":""True"",""swapLRC"":""False""}",
       128,         0,         0,   0.391,bposd,1d42788997c955656e1579c9a1cc0f31acae501b320f438e36e23d7b8de7dc11,"{""A"":""x3y0+x0y1+x0y2"",""B"":""x0y3+x1y0+x2y0"",""b"":""X"",""d"":12,""excl_opp_detectors"":""True"",""k"":12,""l"":12,""leak_heralds"":""False"",""leak_repump"":""False"",""leakage"":""False"",""loss"":""False"",""m"":6,""n"":144,""p"":0.001,""prllel_1q"":Infinity,""prllel_2q"":6,""r"":20,""repump_cycles"":3,""seq_meas"":""False"",""seq_ops"":""True"",""swapLRC"":""False""}",
       128,         0,         0,   0.426,bposd,1d42788997c955656e1579c9a1cc0f31acae501b320f438e36e23d7b8de7dc11,"{""A"":""x3y0+x0y1+x0y2"",""B"":""x0y3+x1y0+x2y0"",""b"":""X"",""d"":12,""excl_opp_detectors"":""True"",""k"":12,""l"":12,""leak_heralds"":""False"",""leak_repump"":""False"",""leakage"":""False"",""loss"":""False"",""m"":6,""n"":144,""p"":0.001,""prllel_1q"":Infinity,""prllel_2q"":6,""r"":20,""repump_cycles"":3,""seq_meas"":""False"",""seq_ops"":""True"",""swapLRC"":""False""}",
       128,         0,         0,   0.346,bposd,1d42788997c955656e1579c9a1cc0f31acae501b320f438e36e23d7b8de7dc11,"{""A"":""x3y0+x0y1+x0y2"",""B"":""x0y3+x1y0+x2y0"",""b"":""X"",""d"":12,""excl_opp_detectors"":""True"",""k"":12,""l"":12,""leak_heralds"":""False"",""leak_repump"":""False"",""leakage"":""False"",""loss"":""False"",""m"":6,""n"":144,""p"":0.001,""prllel_1q"":Infinity,""prllel_2q"":6,""r"":20,""repump_cycles"":3,""seq_meas"":""False"",""seq_ops"":""True"",""swapLRC"":""False""}",
       128,         0,         0,   0.362,bposd,1d42788997c955656e1579c9a1cc0f31acae501b320f438e36e23d7b8de7dc11,"{""A"":""x3y0+x0y1+x0y2"",""B"":""x0y3+x1y0+x2y0"",""b"":""X"",""d"":12,""excl_opp_detectors"":""True"",""k"":12,""l"":12,""leak_heralds"":""False"",""leak_repump"":""False"",""leakage"":""False"",""loss"":""False"",""m"":6,""n"":144,""p"":0.001,""prllel_1q"":Infinity,""prllel_2q"":6,""r"":20,""repump_cycles"":3,""seq_meas"":""False"",""seq_ops"":""True"",""swapLRC"":""False""}",
       128,         0,         0,   0.427,bposd,1d42788997c955656e1579c9a1cc0f31acae501b320f438e36e23d7b8de7dc11,"{""A"":""x3y0+x0y1+x0y2"",""B"":""x0y3+x1y0+x2y0"",""b"":""X"",""d"":12,""excl_opp_detectors"":""True"",""k"":12,""l"":12,""leak_heralds"":""False"",""leak_repump"":""False"",""leakage"":""False"",""loss"":""False"",""m"":6,""n"":144,""p"":0.001,""prllel_1q"":Infinity,""prllel_2q"":6,""r"":20,""repump_cycles"":3,""seq_meas"":""False"",""seq_ops"":""True"",""swapLRC"":""False""}",
       128,         0,         0,   0.391,bposd,1d42788997c955656e1579c9a1cc0f31acae501b320f438e36e23d7b8de7dc11,"{""A"":""x3y0+x0y1+x0y2"",""B"":""x0y3+x1y0+x2y0"",""b"":""X"",""d"":12,""excl_opp_detectors"":""True"",""k"":12,""l"":12,""leak_heralds"":""False"",""leak_repump"":""False"",""leakage"":""False"",""loss"":""False"",""m"":6,""n"":144,""p"":0.001,""prllel_1q"":Infinity,""prllel_2q"":6,""r"":20,""repump_cycles"":3,""seq_meas"":""False"",""seq_ops"":""True"",""swapLRC"":""False""}",
       128,         0,         0,   0.802,bposd,1d42788997c955656e1579c9a1cc0f31acae501b320f438e36e23d7b8de7dc11,"{""A"":""x3y0+x0y1+x0y2"",""B"":""x0y3+x1y0+x2y0"",""b"":""X"",""d"":12,""excl_opp_detectors"":""True"",""k"":12,""l"":12,""leak_heralds"":""False"",""leak_repump"":""False"",""leakage"":""False"",""loss"":""False"",""m"":6,""n"":144,""p"":0.001,""prllel_1q"":Infinity,""prllel_2q"":6,""r"":20,""repump_cycles"":3,""seq_meas"":""False"",""seq_ops"":""True"",""swapLRC"":""False""}",
       128,         0,         0,   0.383,bposd,1d42788997c955656e1579c9a1cc0f31acae501b320f438e36e23d7b8de7dc11,"{""A"":""x3y0+x0y1+x0y2"",""B"":""x0y3+x1y0+x2y0"",""b"":""X"",""d"":12,""excl_opp_detectors"":""True"",""k"":12,""l"":12,""leak_heralds"":""False"",""leak_repump"":""False"",""leakage"":""False"",""loss"":""False"",""m"":6,""n"":144,""p"":0.001,""prllel_1q"":Infinity,""prllel_2q"":6,""r"":20,""repump_cycles"":3,""seq_meas"":""False"",""seq_ops"":""True"",""swapLRC"":""False""}",
       128,         0,         0,   0.428,bposd,1d42788997c955656e1579c9a1cc0f31acae501b320f438e36e23d7b8de7dc11,"{""A"":""x3y0+x0y1+x0y2"",""B"":""x0y3+x1y0+x2y0"",""b"":""X"",""d"":12,""excl_opp_detectors"":""True"",""k"":12,""l"":12,""leak_heralds"":""False"",""leak_repump"":""False"",""leakage"":""False"",""loss"":""False"",""m"":6,""n"":144,""p"":0.001,""prllel_1q"":Infinity,""prllel_2q"":6,""r"":20,""repump_cycles"":3,""seq_meas"":""False"",""seq_ops"":""True"",""swapLRC"":""False""}",
       128,         0,         0,   0.413,bposd,1d42788997c955656e1579c9a1cc0f31acae501b320f438e36e23d7b8de7dc11,"{""A"":""x3y0+x0y1+x0y2"",""B"":""x0y3+x1y0+x2y0"",""b"":""X"",""d"":12,""excl_opp_detectors"":""True"",""k"":12,""l"":12,""leak_heralds"":""False"",""leak_repump"":""False"",""leakage"":""False"",""loss"":""False"",""m"":6,""n"":144,""p"":0.001,""prllel_1q"":Infinity,""prllel_2q"":6,""r"":20,""repump_cycles"":3,""seq_meas"":""False"",""seq_ops"":""True"",""swapLRC"":""False""}",
       128,         0,         0,   0.394,bposd,1d42788997c955656e1579c9a1cc0f31acae501b320f438e36e23d7b8de7dc11,"{""A"":""x3y0+x0y1+x0y2"",""B"":""x0y3+x1y0+x2y0"",""b"":""X"",""d"":12,""excl_opp_detectors"":""True"",""k"":12,""l"":12,""leak_heralds"":""False"",""leak_repump"":""False"",""leakage"":""False"",""loss"":""False"",""m"":6,""n"":144,""p"":0.001,""prllel_1q"":Infinity,""prllel_2q"":6,""r"":20,""repump_cycles"":3,""seq_meas"":""False"",""seq_ops"":""True"",""swapLRC"":""False""}",
       128,         0,         0,   0.407,bposd,1d42788997c955656e1579c9a1cc0f31acae501b320f438e36e23d7b8de7dc11,"{""A"":""x3y0+x0y1+x0y2"",""B"":""x0y3+x1y0+x2y0"",""b"":""X"",""d"":12,""excl_opp_detectors"":""True"",""k"":12,""l"":12,""leak_heralds"":""False"",""leak_repump"":""False"",""leakage"":""False"",""loss"":""False"",""m"":6,""n"":144,""p"":0.001,""prllel_1q"":Infinity,""prllel_2q"":6,""r"":20,""repump_cycles"":3,""seq_meas"":""False"",""seq_ops"":""True"",""swapLRC"":""False""}",
       128,         0,         0,   0.410,bposd,1d42788997c955656e1579c9a1cc0f31acae501b320f438e36e23d7b8de7dc11,"{""A"":""x3y0+x0y1+x0y2"",""B"":""x0y3+x1y0+x2y0"",""b"":""X"",""d"":12,""excl_opp_detectors"":""True"",""k"":12,""l"":12,""leak_heralds"":""False"",""leak_repump"":""False"",""leakage"":""False"",""loss"":""False"",""m"":6,""n"":144,""p"":0.001,""prllel_1q"":Infinity,""prllel_2q"":6,""r"":20,""repump_cycles"":3,""seq_meas"":""False"",""seq_ops"":""True"",""swapLRC"":""False""}",
       128,         0,         0,   0.440,bposd,1d42788997c955656e1579c9a1cc0f31acae501b320f438e36e23d7b8de7dc11,"{""A"":""x3y0+x0y1+x0y2"",""B"":""x0y3+x1y0+x2y0"",""b"":""X"",""d"":12,""excl_opp_detectors"":""True"",""k"":12,""l"":12,""leak_heralds"":""False"",""leak_repump"":""False"",""leakage"":""False"",""loss"":""False"",""m"":6,""n"":144,""p"":0.001,""prllel_1q"":Infinity,""prllel_2q"":6,""r"":20,""repump_cycles"":3,""seq_meas"":""False"",""seq_ops"":""True"",""swapLRC"":""False""}",
       128,         0,         0,   0.810,bposd,1d42788997c955656e1579c9a1cc0f31acae501b320f438e36e23d7b8de7dc11,"{""A"":""x3y0+x0y1+x0y2"",""B"":""x0y3+x1y0+x2y0"",""b"":""X"",""d"":12,""excl_opp_detectors"":""True"",""k"":12,""l"":12,""leak_heralds"":""False"",""leak_repump"":""False"",""leakage"":""False"",""loss"":""False"",""m"":6,""n"":144,""p"":0.001,""prllel_1q"":Infinity,""prllel_2q"":6,""r"":20,""repump_cycles"":3,""seq_meas"":""False"",""seq_ops"":""True"",""swapLRC"":""False""}",
       128,         0,         0,   0.395,bposd,1d42788997c955656e1579c9a1cc0f31acae501b320f438e36e23d7b8de7dc11,"{""A"":""x3y0+x0y1+x0y2"",""B"":""x0y3+x1y0+x2y0"",""b"":""X"",""d"":12,""excl_opp_detectors"":""True"",""k"":12,""l"":12,""leak_heralds"":""False"",""leak_repump"":""False"",""leakage"":""False"",""loss"":""False"",""m"":6,""n"":144,""p"":0.001,""prllel_1q"":Infinity,""prllel_2q"":6,""r"":20,""repump_cycles"":3,""seq_meas"":""False"",""seq_ops"":""True"",""swapLRC"":""False""}",
       128,         0,         0,   0.414,bposd,1d42788997c955656e1579c9a1cc0f31acae501b320f438e36e23d7b8de7dc11,"{""A"":""x3y0+x0y1+x0y2"",""B"":""x0y3+x1y0+x2y0"",""b"":""X"",""d"":12,""excl_opp_detectors"":""True"",""k"":12,""l"":12,""leak_heralds"":""False"",""leak_repump"":""False"",""leakage"":""False"",""loss"":""False"",""m"":6,""n"":144,""p"":0.001,""prllel_1q"":Infinity,""prllel_2q"":6,""r"":20,""repump_cycles"":3,""seq_meas"":""False"",""seq_ops"":""True"",""swapLRC"":""False""}",
       128,         0,         0,   0.375,bposd,1d42788997c955656e1579c9a1cc0f31acae501b320f438e36e23d7b8de7dc11,"{""A"":""x3y0+x0y1+x0y2"",""B"":""x0y3+x1y0+x2y0"",""b"":""X"",""d"":12,""excl_opp_detectors"":""True"",""k"":12,""l"":12,""leak_heralds"":""False"",""leak_repump"":""False"",""leakage"":""False"",""loss"":""False"",""m"":6,""n"":144,""p"":0.001,""prllel_1q"":Infinity,""prllel_2q"":6,""r"":20,""repump_cycles"":3,""seq_meas"":""False"",""seq_ops"":""True"",""swapLRC"":""False""}",
       128,         0,         0,   0.393,bposd,1d42788997c955656e1579c9a1cc0f31acae501b320f438e36e23d7b8de7dc11,"{""A"":""x3y0+x0y1+x0y2"",""B"":""x0y3+x1y0+x2y0"",""b"":""X"",""d"":12,""excl_opp_detectors"":""True"",""k"":12,""l"":12,""leak_heralds"":""False"",""leak_repump"":""False"",""leakage"":""False"",""loss"":""False"",""m"":6,""n"":144,""p"":0.001,""prllel_1q"":Infinity,""prllel_2q"":6,""r"":20,""repump_cycles"":3,""seq_meas"":""False"",""seq_ops"":""True"",""swapLRC"":""False""}",
       128,         0,         0,   0.363,bposd,1d42788997c955656e1579c9a1cc0f31acae501b320f438e36e23d7b8de7dc11,"{""A"":""x3y0+x0y1+x0y2"",""B"":""x0y3+x1y0+x2y0"",""b"":""X"",""d"":12,""excl_opp_detectors"":""True"",""k"":12,""l"":12,""leak_heralds"":""False"",""leak_repump"":""False"",""leakage"":""False"",""loss"":""False"",""m"":6,""n"":144,""p"":0.001,""prllel_1q"":Infinity,""prllel_2q"":6,""r"":20,""repump_cycles"":3,""seq_meas"":""False"",""seq_ops"":""True"",""swapLRC"":""False""}",
       128,         0,         0,   0.481,bposd,1d42788997c955656e1579c9a1cc0f31acae501b320f438e36e23d7b8de7dc11,"{""A"":""x3y0+x0y1+x0y2"",""B"":""x0y3+x1y0+x2y0"",""b"":""X"",""d"":12,""excl_opp_detectors"":""True"",""k"":12,""l"":12,""leak_heralds"":""False"",""leak_repump"":""False"",""leakage"":""False"",""loss"":""False"",""m"":6,""n"":144,""p"":0.001,""prllel_1q"":Infinity,""prllel_2q"":6,""r"":20,""repump_cycles"":3,""seq_meas"":""False"",""seq_ops"":""True"",""swapLRC"":""False""}",
       128,         0,         0,   0.385,bposd,1d42788997c955656e1579c9a1cc0f31acae501b320f438e36e23d7b8de7dc11,"{""A"":""x3y0+x0y1+x0y2"",""B"":""x0y3+x1y0+x2y0"",""b"":""X"",""d"":12,""excl_opp_detectors"":""True"",""k"":12,""l"":12,""leak_heralds"":""False"",""leak_repump"":""False"",""leakage"":""False"",""loss"":""False"",""m"":6,""n"":144,""p"":0.001,""prllel_1q"":Infinity,""prllel_2q"":6,""r"":20,""repump_cycles"":3,""seq_meas"":""False"",""seq_ops"":""True"",""swapLRC"":""False""}",
       128,         0,         0,   0.368,bposd,1d42788997c955656e1579c9a1cc0f31acae501b320f438e36e23d7b8de7dc11,"{""A"":""x3y0+x0y1+x0y2"",""B"":""x0y3+x1y0+x2y0"",""b"":""X"",""d"":12,""excl_opp_detectors"":""True"",""k"":12,""l"":12,""leak_heralds"":""False"",""leak_repump"":""False"",""leakage"":""False"",""loss"":""False"",""m"":6,""n"":144,""p"":0.001,""prllel_1q"":Infinity,""prllel_2q"":6,""r"":20,""repump_cycles"":3,""seq_meas"":""False"",""seq_ops"":""True"",""swapLRC"":""False""}",
       128,         0,         0,   0.407,bposd,1d42788997c955656e1579c9a1cc0f31acae501b320f438e36e23d7b8de7dc11,"{""A"":""x3y0+x0y1+x0y2"",""B"":""x0y3+x1y0+x2y0"",""b"":""X"",""d"":12,""excl_opp_detectors"":""True"",""k"":12,""l"":12,""leak_heralds"":""False"",""leak_repump"":""False"",""leakage"":""False"",""loss"":""False"",""m"":6,""n"":144,""p"":0.001,""prllel_1q"":Infinity,""prllel_2q"":6,""r"":20,""repump_cycles"":3,""seq_meas"":""False"",""seq_ops"":""True"",""swapLRC"":""False""}",
       128,         0,         0,   0.358,bposd,1d42788997c955656e1579c9a1cc0f31acae501b320f438e36e23d7b8de7dc11,"{""A"":""x3y0+x0y1+x0y2"",""B"":""x0y3+x1y0+x2y0"",""b"":""X"",""d"":12,""excl_opp_detectors"":""True"",""k"":12,""l"":12,""leak_heralds"":""False"",""leak_repump"":""False"",""leakage"":""False"",""loss"":""False"",""m"":6,""n"":144,""p"":0.001,""prllel_1q"":Infinity,""prllel_2q"":6,""r"":20,""repump_cycles"":3,""seq_meas"":""False"",""seq_ops"":""True"",""swapLRC"":""False""}",
       128,         0,         0,   0.394,bposd,1d42788997c955656e1579c9a1cc0f31acae501b320f438e36e23d7b8de7dc11,"{""A"":""x3y0+x0y1+x0y2"",""B"":""x0y3+x1y0+x2y0"",""b"":""X"",""d"":12,""excl_opp_detectors"":""True"",""k"":12,""l"":12,""leak_heralds"":""False"",""leak_repump"":""False"",""leakage"":""False"",""loss"":""False"",""m"":6,""n"":144,""p"":0.001,""prllel_1q"":Infinity,""prllel_2q"":6,""r"":20,""repump_cycles"":3,""seq_meas"":""False"",""seq_ops"":""True"",""swapLRC"":""False""}",
       128,         0,         0,   0.390,bposd,1d42788997c955656e1579c9a1cc0f31acae501b320f438e36e23d7b8de7dc11,"{""A"":""x3y0+x0y1+x0y2"",""B"":""x0y3+x1y0+x2y0"",""b"":""X"",""d"":12,""excl_opp_detectors"":""True"",""k"":12,""l"":12,""leak_heralds"":""False"",""leak_repump"":""False"",""leakage"":""False"",""loss"":""False"",""m"":6,""n"":144,""p"":0.001,""prllel_1q"":Infinity,""prllel_2q"":6,""r"":20,""repump_cycles"":3,""seq_meas"":""False"",""seq_ops"":""True"",""swapLRC"":""False""}",
       128,         0,         0,   0.406,bposd,1d42788997c955656e1579c9a1cc0f31acae501b320f438e36e23d7b8de7dc11,"{""A"":""x3y0+x0y1+x0y2"",""B"":""x0y3+x1y0+x2y0"",""b"":""X"",""d"":12,""excl_opp_detectors"":""True"",""k"":12,""l"":12,""leak_heralds"":""False"",""leak_repump"":""False"",""leakage"":""False"",""loss"":""False"",""m"":6,""n"":144,""p"":0.001,""prllel_1q"":Infinity,""prllel_2q"":6,""r"":20,""repump_cycles"":3,""seq_meas"":""False"",""seq_ops"":""True"",""swapLRC"":""False""}",
        64,         0,         0,   0.306,bposd,1d42788997c955656e1579c9a1cc0f31acae501b320f438e36e23d7b8de7dc11,"{""A"":""x3y0+x0y1+x0y2"",""B"":""x0y3+x1y0+x2y0"",""b"":""X"",""d"":12,""excl_opp_detectors"":""True"",""k"":12,""l"":12,""leak_heralds"":""False"",""leak_repump"":""False"",""leakage"":""False"",""loss"":""False"",""m"":6,""n"":144,""p"":0.001,""prllel_1q"":Infinity,""prllel_2q"":6,""r"":20,""repump_cycles"":3,""seq_meas"":""False"",""seq_ops"":""True"",""swapLRC"":""False""}",
       128,         0,         0,   0.444,bposd,1d42788997c955656e1579c9a1cc0f31acae501b320f438e36e23d7b8de7dc11,"{""A"":""x3y0+x0y1+x0y2"",""B"":""x0y3+x1y0+x2y0"",""b"":""X"",""d"":12,""excl_opp_detectors"":""True"",""k"":12,""l"":12,""leak_heralds"":""False"",""leak_repump"":""False"",""leakage"":""False"",""loss"":""False"",""m"":6,""n"":144,""p"":0.001,""prllel_1q"":Infinity,""prllel_2q"":6,""r"":20,""repump_cycles"":3,""seq_meas"":""False"",""seq_ops"":""True"",""swapLRC"":""False""}",
       128,         0,         0,   0.424,bposd,1d42788997c955656e1579c9a1cc0f31acae501b320f438e36e23d7b8de7dc11,"{""A"":""x3y0+x0y1+x0y2"",""B"":""x0y3+x1y0+x2y0"",""b"":""X"",""d"":12,""excl_opp_detectors"":""True"",""k"":12,""l"":12,""leak_heralds"":""False"",""leak_repump"":""False"",""leakage"":""False"",""loss"":""False"",""m"":6,""n"":144,""p"":0.001,""prllel_1q"":Infinity,""prllel_2q"":6,""r"":20,""repump_cycles"":3,""seq_meas"":""False"",""seq_ops"":""True"",""swapLRC"":""False""}",
       128,         0,         0,   0.487,bposd,1d42788997c955656e1579c9a1cc0f31acae501b320f438e36e23d7b8de7dc11,"{""A"":""x3y0+x0y1+x0y2"",""B"":""x0y3+x1y0+x2y0"",""b"":""X"",""d"":12,""excl_opp_detectors"":""True"",""k"":12,""l"":12,""leak_heralds"":""False"",""leak_repump"":""False"",""leakage"":""False"",""loss"":""False"",""m"":6,""n"":144,""p"":0.001,""prllel_1q"":Infinity,""prllel_2q"":6,""r"":20,""repump_cycles"":3,""seq_meas"":""False"",""seq_ops"":""True"",""swapLRC"":""False""}",
       128,         0,         0,   0.379,bposd,1d42788997c955656e1579c9a1cc0f31acae501b320f438e36e23d7b8de7dc11,"{""A"":""x3y0+x0y1+x0y2"",""B"":""x0y3+x1y0+x2y0"",""b"":""X"",""d"":12,""excl_opp_detectors"":""True"",""k"":12,""l"":12,""leak_heralds"":""False"",""leak_repump"":""False"",""leakage"":""False"",""loss"":""False"",""m"":6,""n"":144,""p"":0.001,""prllel_1q"":Infinity,""prllel_2q"":6,""r"":20,""repump_cycles"":3,""seq_meas"":""False"",""seq_ops"":""True"",""swapLRC"":""False""}",
       128,         0,         0,   0.386,bposd,1d42788997c955656e1579c9a1cc0f31acae501b320f438e36e23d7b8de7dc11,"{""A"":""x3y0+x0y1+x0y2"",""B"":""x0y3+x1y0+x2y0"",""b"":""X"",""d"":12,""excl_opp_detectors"":""True"",""k"":12,""l"":12,""leak_heralds"":""False"",""leak_repump"":""False"",""leakage"":""False"",""loss"":""False"",""m"":6,""n"":144,""p"":0.001,""prllel_1q"":Infinity,""prllel_2q"":6,""r"":20,""repump_cycles"":3,""seq_meas"":""False"",""seq_ops"":""True"",""swapLRC"":""False""}",
       128,         0,         0,   0.409,bposd,1d42788997c955656e1579c9a1cc0f31acae501b320f438e36e23d7b8de7dc11,"{""A"":""x3y0+x0y1+x0y2"",""B"":""x0y3+x1y0+x2y0"",""b"":""X"",""d"":12,""excl_opp_detectors"":""True"",""k"":12,""l"":12,""leak_heralds"":""False"",""leak_repump"":""False"",""leakage"":""False"",""loss"":""False"",""m"":6,""n"":144,""p"":0.001,""prllel_1q"":Infinity,""prllel_2q"":6,""r"":20,""repump_cycles"":3,""seq_meas"":""False"",""seq_ops"":""True"",""swapLRC"":""False""}",
       128,         0,         0,   0.389,bposd,1d42788997c955656e1579c9a1cc0f31acae501b320f438e36e23d7b8de7dc11,"{""A"":""x3y0+x0y1+x0y2"",""B"":""x0y3+x1y0+x2y0"",""b"":""X"",""d"":12,""excl_opp_detectors"":""True"",""k"":12,""l"":12,""leak_heralds"":""False"",""leak_repump"":""False"",""leakage"":""False"",""loss"":""False"",""m"":6,""n"":144,""p"":0.001,""prllel_1q"":Infinity,""prllel_2q"":6,""r"":20,""repump_cycles"":3,""seq_meas"":""False"",""seq_ops"":""True"",""swapLRC"":""False""}",
       128,         0,         0,   0.382,bposd,1d42788997c955656e1579c9a1cc0f31acae501b320f438e36e23d7b8de7dc11,"{""A"":""x3y0+x0y1+x0y2"",""B"":""x0y3+x1y0+x2y0"",""b"":""X"",""d"":12,""excl_opp_detectors"":""True"",""k"":12,""l"":12,""leak_heralds"":""False"",""leak_repump"":""False"",""leakage"":""False"",""loss"":""False"",""m"":6,""n"":144,""p"":0.001,""prllel_1q"":Infinity,""prllel_2q"":6,""r"":20,""repump_cycles"":3,""seq_meas"":""False"",""seq_ops"":""True"",""swapLRC"":""False""}",
       128,         0,         0,   0.408,bposd,1d42788997c955656e1579c9a1cc0f31acae501b320f438e36e23d7b8de7dc11,"{""A"":""x3y0+x0y1+x0y2"",""B"":""x0y3+x1y0+x2y0"",""b"":""X"",""d"":12,""excl_opp_detectors"":""True"",""k"":12,""l"":12,""leak_heralds"":""False"",""leak_repump"":""False"",""leakage"":""False"",""loss"":""False"",""m"":6,""n"":144,""p"":0.001,""prllel_1q"":Infinity,""prllel_2q"":6,""r"":20,""repump_cycles"":3,""seq_meas"":""False"",""seq_ops"":""True"",""swapLRC"":""False""}",
       128,         0,         0,   0.422,bposd,1d42788997c955656e1579c9a1cc0f31acae501b320f438e36e23d7b8de7dc11,"{""A"":""x3y0+x0y1+x0y2"",""B"":""x0y3+x1y0+x2y0"",""b"":""X"",""d"":12,""excl_opp_detectors"":""True"",""k"":12,""l"":12,""leak_heralds"":""False"",""leak_repump"":""False"",""leakage"":""False"",""loss"":""False"",""m"":6,""n"":144,""p"":0.001,""prllel_1q"":Infinity,""prllel_2q"":6,""r"":20,""repump_cycles"":3,""seq_meas"":""False"",""seq_ops"":""True"",""swapLRC"":""False""}",
       128,         0,         0,   0.513,bposd,1d42788997c955656e1579c9a1cc0f31acae501b320f438e36e23d7b8de7dc11,"{""A"":""x3y0+x0y1+x0y2"",""B"":""x0y3+x1y0+x2y0"",""b"":""X"",""d"":12,""excl_opp_detectors"":""True"",""k"":12,""l"":12,""leak_heralds"":""False"",""leak_repump"":""False"",""leakage"":""False"",""loss"":""False"",""m"":6,""n"":144,""p"":0.001,""prllel_1q"":Infinity,""prllel_2q"":6,""r"":20,""repump_cycles"":3,""seq_meas"":""False"",""seq_ops"":""True"",""swapLRC"":""False""}",
       128,         0,         0,   0.516,bposd,1d42788997c955656e1579c9a1cc0f31acae501b320f438e36e23d7b8de7dc11,"{""A"":""x3y0+x0y1+x0y2"",""B"":""x0y3+x1y0+x2y0"",""b"":""X"",""d"":12,""excl_opp_detectors"":""True"",""k"":12,""l"":12,""leak_heralds"":""False"",""leak_repump"":""False"",""leakage"":""False"",""loss"":""False"",""m"":6,""n"":144,""p"":0.001,""prllel_1q"":Infinity,""prllel_2q"":6,""r"":20,""repump_cycles"":3,""seq_meas"":""False"",""seq_ops"":""True"",""swapLRC"":""False""}",
       128,         0,         0,   0.441,bposd,1d42788997c955656e1579c9a1cc0f31acae501b320f438e36e23d7b8de7dc11,"{""A"":""x3y0+x0y1+x0y2"",""B"":""x0y3+x1y0+x2y0"",""b"":""X"",""d"":12,""excl_opp_detectors"":""True"",""k"":12,""l"":12,""leak_heralds"":""False"",""leak_repump"":""False"",""leakage"":""False"",""loss"":""False"",""m"":6,""n"":144,""p"":0.001,""prllel_1q"":Infinity,""prllel_2q"":6,""r"":20,""repump_cycles"":3,""seq_meas"":""False"",""seq_ops"":""True"",""swapLRC"":""False""}",
       128,         0,         0,   0.512,bposd,1d42788997c955656e1579c9a1cc0f31acae501b320f438e36e23d7b8de7dc11,"{""A"":""x3y0+x0y1+x0y2"",""B"":""x0y3+x1y0+x2y0"",""b"":""X"",""d"":12,""excl_opp_detectors"":""True"",""k"":12,""l"":12,""leak_heralds"":""False"",""leak_repump"":""False"",""leakage"":""False"",""loss"":""False"",""m"":6,""n"":144,""p"":0.001,""prllel_1q"":Infinity,""prllel_2q"":6,""r"":20,""repump_cycles"":3,""seq_meas"":""False"",""seq_ops"":""True"",""swapLRC"":""False""}",
       128,         0,         0,   0.443,bposd,1d42788997c955656e1579c9a1cc0f31acae501b320f438e36e23d7b8de7dc11,"{""A"":""x3y0+x0y1+x0y2"",""B"":""x0y3+x1y0+x2y0"",""b"":""X"",""d"":12,""excl_opp_detectors"":""True"",""k"":12,""l"":12,""leak_heralds"":""False"",""leak_repump"":""False"",""leakage"":""False"",""loss"":""False"",""m"":6,""n"":144,""p"":0.001,""prllel_1q"":Infinity,""prllel_2q"":6,""r"":20,""repump_cycles"":3,""seq_meas"":""False"",""seq_ops"":""True"",""swapLRC"":""False""}",
       128,         0,         0,   0.393,bposd,1d42788997c955656e1579c9a1cc0f31acae501b320f438e36e23d7b8de7dc11,"{""A"":""x3y0+x0y1+x0y2"",""B"":""x0y3+x1y0+x2y0"",""b"":""X"",""d"":12,""excl_opp_detectors"":""True"",""k"":12,""l"":12,""leak_heralds"":""False"",""leak_repump"":""False"",""leakage"":""False"",""loss"":""False"",""m"":6,""n"":144,""p"":0.001,""prllel_1q"":Infinity,""prllel_2q"":6,""r"":20,""repump_cycles"":3,""seq_meas"":""False"",""seq_ops"":""True"",""swapLRC"":""False""}",
       128,         0,         0,   0.482,bposd,1d42788997c955656e1579c9a1cc0f31acae501b320f438e36e23d7b8de7dc11,"{""A"":""x3y0+x0y1+x0y2"",""B"":""x0y3+x1y0+x2y0"",""b"":""X"",""d"":12,""excl_opp_detectors"":""True"",""k"":12,""l"":12,""leak_heralds"":""False"",""leak_repump"":""False"",""leakage"":""False"",""loss"":""False"",""m"":6,""n"":144,""p"":0.001,""prllel_1q"":Infinity,""prllel_2q"":6,""r"":20,""repump_cycles"":3,""seq_meas"":""False"",""seq_ops"":""True"",""swapLRC"":""False""}",
       128,         0,         0,   0.394,bposd,1d42788997c955656e1579c9a1cc0f31acae501b320f438e36e23d7b8de7dc11,"{""A"":""x3y0+x0y1+x0y2"",""B"":""x0y3+x1y0+x2y0"",""b"":""X"",""d"":12,""excl_opp_detectors"":""True"",""k"":12,""l"":12,""leak_heralds"":""False"",""leak_repump"":""False"",""leakage"":""False"",""loss"":""False"",""m"":6,""n"":144,""p"":0.001,""prllel_1q"":Infinity,""prllel_2q"":6,""r"":20,""repump_cycles"":3,""seq_meas"":""False"",""seq_ops"":""True"",""swapLRC"":""False""}",
       128,         0,         0,   0.424,bposd,1d42788997c955656e1579c9a1cc0f31acae501b320f438e36e23d7b8de7dc11,"{""A"":""x3y0+x0y1+x0y2"",""B"":""x0y3+x1y0+x2y0"",""b"":""X"",""d"":12,""excl_opp_detectors"":""True"",""k"":12,""l"":12,""leak_heralds"":""False"",""leak_repump"":""False"",""leakage"":""False"",""loss"":""False"",""m"":6,""n"":144,""p"":0.001,""prllel_1q"":Infinity,""prllel_2q"":6,""r"":20,""repump_cycles"":3,""seq_meas"":""False"",""seq_ops"":""True"",""swapLRC"":""False""}",
       128,         0,         0,   0.442,bposd,1d42788997c955656e1579c9a1cc0f31acae501b320f438e36e23d7b8de7dc11,"{""A"":""x3y0+x0y1+x0y2"",""B"":""x0y3+x1y0+x2y0"",""b"":""X"",""d"":12,""excl_opp_detectors"":""True"",""k"":12,""l"":12,""leak_heralds"":""False"",""leak_repump"":""False"",""leakage"":""False"",""loss"":""False"",""m"":6,""n"":144,""p"":0.001,""prllel_1q"":Infinity,""prllel_2q"":6,""r"":20,""repump_cycles"":3,""seq_meas"":""False"",""seq_ops"":""True"",""swapLRC"":""False""}",
       128,         0,         0,   0.520,bposd,1d42788997c955656e1579c9a1cc0f31acae501b320f438e36e23d7b8de7dc11,"{""A"":""x3y0+x0y1+x0y2"",""B"":""x0y3+x1y0+x2y0"",""b"":""X"",""d"":12,""excl_opp_detectors"":""True"",""k"":12,""l"":12,""leak_heralds"":""False"",""leak_repump"":""False"",""leakage"":""False"",""loss"":""False"",""m"":6,""n"":144,""p"":0.001,""prllel_1q"":Infinity,""prllel_2q"":6,""r"":20,""repump_cycles"":3,""seq_meas"":""False"",""seq_ops"":""True"",""swapLRC"":""False""}",
       128,         0,         0,   0.458,bposd,1d42788997c955656e1579c9a1cc0f31acae501b320f438e36e23d7b8de7dc11,"{""A"":""x3y0+x0y1+x0y2"",""B"":""x0y3+x1y0+x2y0"",""b"":""X"",""d"":12,""excl_opp_detectors"":""True"",""k"":12,""l"":12,""leak_heralds"":""False"",""leak_repump"":""False"",""leakage"":""False"",""loss"":""False"",""m"":6,""n"":144,""p"":0.001,""prllel_1q"":Infinity,""prllel_2q"":6,""r"":20,""repump_cycles"":3,""seq_meas"":""False"",""seq_ops"":""True"",""swapLRC"":""False""}",
       128,         0,         0,   0.370,bposd,1d42788997c955656e1579c9a1cc0f31acae501b320f438e36e23d7b8de7dc11,"{""A"":""x3y0+x0y1+x0y2"",""B"":""x0y3+x1y0+x2y0"",""b"":""X"",""d"":12,""excl_opp_detectors"":""True"",""k"":12,""l"":12,""leak_heralds"":""False"",""leak_repump"":""False"",""leakage"":""False"",""loss"":""False"",""m"":6,""n"":144,""p"":0.001,""prllel_1q"":Infinity,""prllel_2q"":6,""r"":20,""repump_cycles"":3,""seq_meas"":""False"",""seq_ops"":""True"",""swapLRC"":""False""}",
       128,         0,         0,   0.443,bposd,1d42788997c955656e1579c9a1cc0f31acae501b320f438e36e23d7b8de7dc11,"{""A"":""x3y0+x0y1+x0y2"",""B"":""x0y3+x1y0+x2y0"",""b"":""X"",""d"":12,""excl_opp_detectors"":""True"",""k"":12,""l"":12,""leak_heralds"":""False"",""leak_repump"":""False"",""leakage"":""False"",""loss"":""False"",""m"":6,""n"":144,""p"":0.001,""prllel_1q"":Infinity,""prllel_2q"":6,""r"":20,""repump_cycles"":3,""seq_meas"":""False"",""seq_ops"":""True"",""swapLRC"":""False""}",
       128,         0,         0,   0.458,bposd,1d42788997c955656e1579c9a1cc0f31acae501b320f438e36e23d7b8de7dc11,"{""A"":""x3y0+x0y1+x0y2"",""B"":""x0y3+x1y0+x2y0"",""b"":""X"",""d"":12,""excl_opp_detectors"":""True"",""k"":12,""l"":12,""leak_heralds"":""False"",""leak_repump"":""False"",""leakage"":""False"",""loss"":""False"",""m"":6,""n"":144,""p"":0.001,""prllel_1q"":Infinity,""prllel_2q"":6,""r"":20,""repump_cycles"":3,""seq_meas"":""False"",""seq_ops"":""True"",""swapLRC"":""False""}",
        64,         0,         0,   0.208,bposd,1d42788997c955656e1579c9a1cc0f31acae501b320f438e36e23d7b8de7dc11,"{""A"":""x3y0+x0y1+x0y2"",""B"":""x0y3+x1y0+x2y0"",""b"":""X"",""d"":12,""excl_opp_detectors"":""True"",""k"":12,""l"":12,""leak_heralds"":""False"",""leak_repump"":""False"",""leakage"":""False"",""loss"":""False"",""m"":6,""n"":144,""p"":0.001,""prllel_1q"":Infinity,""prllel_2q"":6,""r"":20,""repump_cycles"":3,""seq_meas"":""False"",""seq_ops"":""True"",""swapLRC"":""False""}",
       128,         0,         0,   0.383,bposd,1d42788997c955656e1579c9a1cc0f31acae501b320f438e36e23d7b8de7dc11,"{""A"":""x3y0+x0y1+x0y2"",""B"":""x0y3+x1y0+x2y0"",""b"":""X"",""d"":12,""excl_opp_detectors"":""True"",""k"":12,""l"":12,""leak_heralds"":""False"",""leak_repump"":""False"",""leakage"":""False"",""loss"":""False"",""m"":6,""n"":144,""p"":0.001,""prllel_1q"":Infinity,""prllel_2q"":6,""r"":20,""repump_cycles"":3,""seq_meas"":""False"",""seq_ops"":""True"",""swapLRC"":""False""}",
       128,         0,         0,   0.534,bposd,1d42788997c955656e1579c9a1cc0f31acae501b320f438e36e23d7b8de7dc11,"{""A"":""x3y0+x0y1+x0y2"",""B"":""x0y3+x1y0+x2y0"",""b"":""X"",""d"":12,""excl_opp_detectors"":""True"",""k"":12,""l"":12,""leak_heralds"":""False"",""leak_repump"":""False"",""leakage"":""False"",""loss"":""False"",""m"":6,""n"":144,""p"":0.001,""prllel_1q"":Infinity,""prllel_2q"":6,""r"":20,""repump_cycles"":3,""seq_meas"":""False"",""seq_ops"":""True"",""swapLRC"":""False""}",
       128,         0,         0,   0.522,bposd,1d42788997c955656e1579c9a1cc0f31acae501b320f438e36e23d7b8de7dc11,"{""A"":""x3y0+x0y1+x0y2"",""B"":""x0y3+x1y0+x2y0"",""b"":""X"",""d"":12,""excl_opp_detectors"":""True"",""k"":12,""l"":12,""leak_heralds"":""False"",""leak_repump"":""False"",""leakage"":""False"",""loss"":""False"",""m"":6,""n"":144,""p"":0.001,""prllel_1q"":Infinity,""prllel_2q"":6,""r"":20,""repump_cycles"":3,""seq_meas"":""False"",""seq_ops"":""True"",""swapLRC"":""False""}",
       128,         0,         0,   0.866,bposd,1d42788997c955656e1579c9a1cc0f31acae501b320f438e36e23d7b8de7dc11,"{""A"":""x3y0+x0y1+x0y2"",""B"":""x0y3+x1y0+x2y0"",""b"":""X"",""d"":12,""excl_opp_detectors"":""True"",""k"":12,""l"":12,""leak_heralds"":""False"",""leak_repump"":""False"",""leakage"":""False"",""loss"":""False"",""m"":6,""n"":144,""p"":0.001,""prllel_1q"":Infinity,""prllel_2q"":6,""r"":20,""repump_cycles"":3,""seq_meas"":""False"",""seq_ops"":""True"",""swapLRC"":""False""}",
       128,         0,         0,   0.492,bposd,1d42788997c955656e1579c9a1cc0f31acae501b320f438e36e23d7b8de7dc11,"{""A"":""x3y0+x0y1+x0y2"",""B"":""x0y3+x1y0+x2y0"",""b"":""X"",""d"":12,""excl_opp_detectors"":""True"",""k"":12,""l"":12,""leak_heralds"":""False"",""leak_repump"":""False"",""leakage"":""False"",""loss"":""False"",""m"":6,""n"":144,""p"":0.001,""prllel_1q"":Infinity,""prllel_2q"":6,""r"":20,""repump_cycles"":3,""seq_meas"":""False"",""seq_ops"":""True"",""swapLRC"":""False""}",
       128,         0,         0,   0.435,bposd,1d42788997c955656e1579c9a1cc0f31acae501b320f438e36e23d7b8de7dc11,"{""A"":""x3y0+x0y1+x0y2"",""B"":""x0y3+x1y0+x2y0"",""b"":""X"",""d"":12,""excl_opp_detectors"":""True"",""k"":12,""l"":12,""leak_heralds"":""False"",""leak_repump"":""False"",""leakage"":""False"",""loss"":""False"",""m"":6,""n"":144,""p"":0.001,""prllel_1q"":Infinity,""prllel_2q"":6,""r"":20,""repump_cycles"":3,""seq_meas"":""False"",""seq_ops"":""True"",""swapLRC"":""False""}",
       128,         0,         0,   0.465,bposd,1d42788997c955656e1579c9a1cc0f31acae501b320f438e36e23d7b8de7dc11,"{""A"":""x3y0+x0y1+x0y2"",""B"":""x0y3+x1y0+x2y0"",""b"":""X"",""d"":12,""excl_opp_detectors"":""True"",""k"":12,""l"":12,""leak_heralds"":""False"",""leak_repump"":""False"",""leakage"":""False"",""loss"":""False"",""m"":6,""n"":144,""p"":0.001,""prllel_1q"":Infinity,""prllel_2q"":6,""r"":20,""repump_cycles"":3,""seq_meas"":""False"",""seq_ops"":""True"",""swapLRC"":""False""}",
       128,         0,         0,   0.458,bposd,1d42788997c955656e1579c9a1cc0f31acae501b320f438e36e23d7b8de7dc11,"{""A"":""x3y0+x0y1+x0y2"",""B"":""x0y3+x1y0+x2y0"",""b"":""X"",""d"":12,""excl_opp_detectors"":""True"",""k"":12,""l"":12,""leak_heralds"":""False"",""leak_repump"":""False"",""leakage"":""False"",""loss"":""False"",""m"":6,""n"":144,""p"":0.001,""prllel_1q"":Infinity,""prllel_2q"":6,""r"":20,""repump_cycles"":3,""seq_meas"":""False"",""seq_ops"":""True"",""swapLRC"":""False""}",
       128,         0,         0,   0.439,bposd,1d42788997c955656e1579c9a1cc0f31acae501b320f438e36e23d7b8de7dc11,"{""A"":""x3y0+x0y1+x0y2"",""B"":""x0y3+x1y0+x2y0"",""b"":""X"",""d"":12,""excl_opp_detectors"":""True"",""k"":12,""l"":12,""leak_heralds"":""False"",""leak_repump"":""False"",""leakage"":""False"",""loss"":""False"",""m"":6,""n"":144,""p"":0.001,""prllel_1q"":Infinity,""prllel_2q"":6,""r"":20,""repump_cycles"":3,""seq_meas"":""False"",""seq_ops"":""True"",""swapLRC"":""False""}",
       128,         0,         0,   0.940,bposd,1d42788997c955656e1579c9a1cc0f31acae501b320f438e36e23d7b8de7dc11,"{""A"":""x3y0+x0y1+x0y2"",""B"":""x0y3+x1y0+x2y0"",""b"":""X"",""d"":12,""excl_opp_detectors"":""True"",""k"":12,""l"":12,""leak_heralds"":""False"",""leak_repump"":""False"",""leakage"":""False"",""loss"":""False"",""m"":6,""n"":144,""p"":0.001,""prllel_1q"":Infinity,""prllel_2q"":6,""r"":20,""repump_cycles"":3,""seq_meas"":""False"",""seq_ops"":""True"",""swapLRC"":""False""}",
       128,         0,         0,   0.408,bposd,1d42788997c955656e1579c9a1cc0f31acae501b320f438e36e23d7b8de7dc11,"{""A"":""x3y0+x0y1+x0y2"",""B"":""x0y3+x1y0+x2y0"",""b"":""X"",""d"":12,""excl_opp_detectors"":""True"",""k"":12,""l"":12,""leak_heralds"":""False"",""leak_repump"":""False"",""leakage"":""False"",""loss"":""False"",""m"":6,""n"":144,""p"":0.001,""prllel_1q"":Infinity,""prllel_2q"":6,""r"":20,""repump_cycles"":3,""seq_meas"":""False"",""seq_ops"":""True"",""swapLRC"":""False""}",
       128,         0,         0,   0.661,bposd,1d42788997c955656e1579c9a1cc0f31acae501b320f438e36e23d7b8de7dc11,"{""A"":""x3y0+x0y1+x0y2"",""B"":""x0y3+x1y0+x2y0"",""b"":""X"",""d"":12,""excl_opp_detectors"":""True"",""k"":12,""l"":12,""leak_heralds"":""False"",""leak_repump"":""False"",""leakage"":""False"",""loss"":""False"",""m"":6,""n"":144,""p"":0.001,""prllel_1q"":Infinity,""prllel_2q"":6,""r"":20,""repump_cycles"":3,""seq_meas"":""False"",""seq_ops"":""True"",""swapLRC"":""False""}",
       128,         0,         0,   0.527,bposd,1d42788997c955656e1579c9a1cc0f31acae501b320f438e36e23d7b8de7dc11,"{""A"":""x3y0+x0y1+x0y2"",""B"":""x0y3+x1y0+x2y0"",""b"":""X"",""d"":12,""excl_opp_detectors"":""True"",""k"":12,""l"":12,""leak_heralds"":""False"",""leak_repump"":""False"",""leakage"":""False"",""loss"":""False"",""m"":6,""n"":144,""p"":0.001,""prllel_1q"":Infinity,""prllel_2q"":6,""r"":20,""repump_cycles"":3,""seq_meas"":""False"",""seq_ops"":""True"",""swapLRC"":""False""}",
       128,         0,         0,   0.420,bposd,1d42788997c955656e1579c9a1cc0f31acae501b320f438e36e23d7b8de7dc11,"{""A"":""x3y0+x0y1+x0y2"",""B"":""x0y3+x1y0+x2y0"",""b"":""X"",""d"":12,""excl_opp_detectors"":""True"",""k"":12,""l"":12,""leak_heralds"":""False"",""leak_repump"":""False"",""leakage"":""False"",""loss"":""False"",""m"":6,""n"":144,""p"":0.001,""prllel_1q"":Infinity,""prllel_2q"":6,""r"":20,""repump_cycles"":3,""seq_meas"":""False"",""seq_ops"":""True"",""swapLRC"":""False""}",
       128,         0,         0,   0.497,bposd,1d42788997c955656e1579c9a1cc0f31acae501b320f438e36e23d7b8de7dc11,"{""A"":""x3y0+x0y1+x0y2"",""B"":""x0y3+x1y0+x2y0"",""b"":""X"",""d"":12,""excl_opp_detectors"":""True"",""k"":12,""l"":12,""leak_heralds"":""False"",""leak_repump"":""False"",""leakage"":""False"",""loss"":""False"",""m"":6,""n"":144,""p"":0.001,""prllel_1q"":Infinity,""prllel_2q"":6,""r"":20,""repump_cycles"":3,""seq_meas"":""False"",""seq_ops"":""True"",""swapLRC"":""False""}",
       256,         0,         0,   0.943,bposd,1d42788997c955656e1579c9a1cc0f31acae501b320f438e36e23d7b8de7dc11,"{""A"":""x3y0+x0y1+x0y2"",""B"":""x0y3+x1y0+x2y0"",""b"":""X"",""d"":12,""excl_opp_detectors"":""True"",""k"":12,""l"":12,""leak_heralds"":""False"",""leak_repump"":""False"",""leakage"":""False"",""loss"":""False"",""m"":6,""n"":144,""p"":0.001,""prllel_1q"":Infinity,""prllel_2q"":6,""r"":20,""repump_cycles"":3,""seq_meas"":""False"",""seq_ops"":""True"",""swapLRC"":""False""}",
       128,         0,         0,   0.399,bposd,1d42788997c955656e1579c9a1cc0f31acae501b320f438e36e23d7b8de7dc11,"{""A"":""x3y0+x0y1+x0y2"",""B"":""x0y3+x1y0+x2y0"",""b"":""X"",""d"":12,""excl_opp_detectors"":""True"",""k"":12,""l"":12,""leak_heralds"":""False"",""leak_repump"":""False"",""leakage"":""False"",""loss"":""False"",""m"":6,""n"":144,""p"":0.001,""prllel_1q"":Infinity,""prllel_2q"":6,""r"":20,""repump_cycles"":3,""seq_meas"":""False"",""seq_ops"":""True"",""swapLRC"":""False""}",
       128,         0,         0,   0.426,bposd,1d42788997c955656e1579c9a1cc0f31acae501b320f438e36e23d7b8de7dc11,"{""A"":""x3y0+x0y1+x0y2"",""B"":""x0y3+x1y0+x2y0"",""b"":""X"",""d"":12,""excl_opp_detectors"":""True"",""k"":12,""l"":12,""leak_heralds"":""False"",""leak_repump"":""False"",""leakage"":""False"",""loss"":""False"",""m"":6,""n"":144,""p"":0.001,""prllel_1q"":Infinity,""prllel_2q"":6,""r"":20,""repump_cycles"":3,""seq_meas"":""False"",""seq_ops"":""True"",""swapLRC"":""False""}",
       128,         0,         0,   0.470,bposd,1d42788997c955656e1579c9a1cc0f31acae501b320f438e36e23d7b8de7dc11,"{""A"":""x3y0+x0y1+x0y2"",""B"":""x0y3+x1y0+x2y0"",""b"":""X"",""d"":12,""excl_opp_detectors"":""True"",""k"":12,""l"":12,""leak_heralds"":""False"",""leak_repump"":""False"",""leakage"":""False"",""loss"":""False"",""m"":6,""n"":144,""p"":0.001,""prllel_1q"":Infinity,""prllel_2q"":6,""r"":20,""repump_cycles"":3,""seq_meas"":""False"",""seq_ops"":""True"",""swapLRC"":""False""}",
       128,         0,         0,   0.414,bposd,1d42788997c955656e1579c9a1cc0f31acae501b320f438e36e23d7b8de7dc11,"{""A"":""x3y0+x0y1+x0y2"",""B"":""x0y3+x1y0+x2y0"",""b"":""X"",""d"":12,""excl_opp_detectors"":""True"",""k"":12,""l"":12,""leak_heralds"":""False"",""leak_repump"":""False"",""leakage"":""False"",""loss"":""False"",""m"":6,""n"":144,""p"":0.001,""prllel_1q"":Infinity,""prllel_2q"":6,""r"":20,""repump_cycles"":3,""seq_meas"":""False"",""seq_ops"":""True"",""swapLRC"":""False""}",
       128,         0,         0,   0.411,bposd,1d42788997c955656e1579c9a1cc0f31acae501b320f438e36e23d7b8de7dc11,"{""A"":""x3y0+x0y1+x0y2"",""B"":""x0y3+x1y0+x2y0"",""b"":""X"",""d"":12,""excl_opp_detectors"":""True"",""k"":12,""l"":12,""leak_heralds"":""False"",""leak_repump"":""False"",""leakage"":""False"",""loss"":""False"",""m"":6,""n"":144,""p"":0.001,""prllel_1q"":Infinity,""prllel_2q"":6,""r"":20,""repump_cycles"":3,""seq_meas"":""False"",""seq_ops"":""True"",""swapLRC"":""False""}",
       128,         0,         0,   0.508,bposd,1d42788997c955656e1579c9a1cc0f31acae501b320f438e36e23d7b8de7dc11,"{""A"":""x3y0+x0y1+x0y2"",""B"":""x0y3+x1y0+x2y0"",""b"":""X"",""d"":12,""excl_opp_detectors"":""True"",""k"":12,""l"":12,""leak_heralds"":""False"",""leak_repump"":""False"",""leakage"":""False"",""loss"":""False"",""m"":6,""n"":144,""p"":0.001,""prllel_1q"":Infinity,""prllel_2q"":6,""r"":20,""repump_cycles"":3,""seq_meas"":""False"",""seq_ops"":""True"",""swapLRC"":""False""}",
       128,         0,         0,   0.407,bposd,1d42788997c955656e1579c9a1cc0f31acae501b320f438e36e23d7b8de7dc11,"{""A"":""x3y0+x0y1+x0y2"",""B"":""x0y3+x1y0+x2y0"",""b"":""X"",""d"":12,""excl_opp_detectors"":""True"",""k"":12,""l"":12,""leak_heralds"":""False"",""leak_repump"":""False"",""leakage"":""False"",""loss"":""False"",""m"":6,""n"":144,""p"":0.001,""prllel_1q"":Infinity,""prllel_2q"":6,""r"":20,""repump_cycles"":3,""seq_meas"":""False"",""seq_ops"":""True"",""swapLRC"":""False""}",
       256,         0,         0,   0.854,bposd,1d42788997c955656e1579c9a1cc0f31acae501b320f438e36e23d7b8de7dc11,"{""A"":""x3y0+x0y1+x0y2"",""B"":""x0y3+x1y0+x2y0"",""b"":""X"",""d"":12,""excl_opp_detectors"":""True"",""k"":12,""l"":12,""leak_heralds"":""False"",""leak_repump"":""False"",""leakage"":""False"",""loss"":""False"",""m"":6,""n"":144,""p"":0.001,""prllel_1q"":Infinity,""prllel_2q"":6,""r"":20,""repump_cycles"":3,""seq_meas"":""False"",""seq_ops"":""True"",""swapLRC"":""False""}",
       128,         0,         0,   0.417,bposd,1d42788997c955656e1579c9a1cc0f31acae501b320f438e36e23d7b8de7dc11,"{""A"":""x3y0+x0y1+x0y2"",""B"":""x0y3+x1y0+x2y0"",""b"":""X"",""d"":12,""excl_opp_detectors"":""True"",""k"":12,""l"":12,""leak_heralds"":""False"",""leak_repump"":""False"",""leakage"":""False"",""loss"":""False"",""m"":6,""n"":144,""p"":0.001,""prllel_1q"":Infinity,""prllel_2q"":6,""r"":20,""repump_cycles"":3,""seq_meas"":""False"",""seq_ops"":""True"",""swapLRC"":""False""}",
       128,         0,         0,   0.700,bposd,1d42788997c955656e1579c9a1cc0f31acae501b320f438e36e23d7b8de7dc11,"{""A"":""x3y0+x0y1+x0y2"",""B"":""x0y3+x1y0+x2y0"",""b"":""X"",""d"":12,""excl_opp_detectors"":""True"",""k"":12,""l"":12,""leak_heralds"":""False"",""leak_repump"":""False"",""leakage"":""False"",""loss"":""False"",""m"":6,""n"":144,""p"":0.001,""prllel_1q"":Infinity,""prllel_2q"":6,""r"":20,""repump_cycles"":3,""seq_meas"":""False"",""seq_ops"":""True"",""swapLRC"":""False""}",
       128,         0,         0,   0.423,bposd,1d42788997c955656e1579c9a1cc0f31acae501b320f438e36e23d7b8de7dc11,"{""A"":""x3y0+x0y1+x0y2"",""B"":""x0y3+x1y0+x2y0"",""b"":""X"",""d"":12,""excl_opp_detectors"":""True"",""k"":12,""l"":12,""leak_heralds"":""False"",""leak_repump"":""False"",""leakage"":""False"",""loss"":""False"",""m"":6,""n"":144,""p"":0.001,""prllel_1q"":Infinity,""prllel_2q"":6,""r"":20,""repump_cycles"":3,""seq_meas"":""False"",""seq_ops"":""True"",""swapLRC"":""False""}",
       128,         0,         0,   0.388,bposd,1d42788997c955656e1579c9a1cc0f31acae501b320f438e36e23d7b8de7dc11,"{""A"":""x3y0+x0y1+x0y2"",""B"":""x0y3+x1y0+x2y0"",""b"":""X"",""d"":12,""excl_opp_detectors"":""True"",""k"":12,""l"":12,""leak_heralds"":""False"",""leak_repump"":""False"",""leakage"":""False"",""loss"":""False"",""m"":6,""n"":144,""p"":0.001,""prllel_1q"":Infinity,""prllel_2q"":6,""r"":20,""repump_cycles"":3,""seq_meas"":""False"",""seq_ops"":""True"",""swapLRC"":""False""}",
       128,         0,         0,   0.493,bposd,1d42788997c955656e1579c9a1cc0f31acae501b320f438e36e23d7b8de7dc11,"{""A"":""x3y0+x0y1+x0y2"",""B"":""x0y3+x1y0+x2y0"",""b"":""X"",""d"":12,""excl_opp_detectors"":""True"",""k"":12,""l"":12,""leak_heralds"":""False"",""leak_repump"":""False"",""leakage"":""False"",""loss"":""False"",""m"":6,""n"":144,""p"":0.001,""prllel_1q"":Infinity,""prllel_2q"":6,""r"":20,""repump_cycles"":3,""seq_meas"":""False"",""seq_ops"":""True"",""swapLRC"":""False""}",
       256,         0,         0,   0.791,bposd,1d42788997c955656e1579c9a1cc0f31acae501b320f438e36e23d7b8de7dc11,"{""A"":""x3y0+x0y1+x0y2"",""B"":""x0y3+x1y0+x2y0"",""b"":""X"",""d"":12,""excl_opp_detectors"":""True"",""k"":12,""l"":12,""leak_heralds"":""False"",""leak_repump"":""False"",""leakage"":""False"",""loss"":""False"",""m"":6,""n"":144,""p"":0.001,""prllel_1q"":Infinity,""prllel_2q"":6,""r"":20,""repump_cycles"":3,""seq_meas"":""False"",""seq_ops"":""True"",""swapLRC"":""False""}",
       128,         0,         0,   0.434,bposd,1d42788997c955656e1579c9a1cc0f31acae501b320f438e36e23d7b8de7dc11,"{""A"":""x3y0+x0y1+x0y2"",""B"":""x0y3+x1y0+x2y0"",""b"":""X"",""d"":12,""excl_opp_detectors"":""True"",""k"":12,""l"":12,""leak_heralds"":""False"",""leak_repump"":""False"",""leakage"":""False"",""loss"":""False"",""m"":6,""n"":144,""p"":0.001,""prllel_1q"":Infinity,""prllel_2q"":6,""r"":20,""repump_cycles"":3,""seq_meas"":""False"",""seq_ops"":""True"",""swapLRC"":""False""}",
       256,         0,         0,   0.763,bposd,1d42788997c955656e1579c9a1cc0f31acae501b320f438e36e23d7b8de7dc11,"{""A"":""x3y0+x0y1+x0y2"",""B"":""x0y3+x1y0+x2y0"",""b"":""X"",""d"":12,""excl_opp_detectors"":""True"",""k"":12,""l"":12,""leak_heralds"":""False"",""leak_repump"":""False"",""leakage"":""False"",""loss"":""False"",""m"":6,""n"":144,""p"":0.001,""prllel_1q"":Infinity,""prllel_2q"":6,""r"":20,""repump_cycles"":3,""seq_meas"":""False"",""seq_ops"":""True"",""swapLRC"":""False""}",
       256,         0,         0,   0.785,bposd,1d42788997c955656e1579c9a1cc0f31acae501b320f438e36e23d7b8de7dc11,"{""A"":""x3y0+x0y1+x0y2"",""B"":""x0y3+x1y0+x2y0"",""b"":""X"",""d"":12,""excl_opp_detectors"":""True"",""k"":12,""l"":12,""leak_heralds"":""False"",""leak_repump"":""False"",""leakage"":""False"",""loss"":""False"",""m"":6,""n"":144,""p"":0.001,""prllel_1q"":Infinity,""prllel_2q"":6,""r"":20,""repump_cycles"":3,""seq_meas"":""False"",""seq_ops"":""True"",""swapLRC"":""False""}",
       256,         0,         0,   0.885,bposd,1d42788997c955656e1579c9a1cc0f31acae501b320f438e36e23d7b8de7dc11,"{""A"":""x3y0+x0y1+x0y2"",""B"":""x0y3+x1y0+x2y0"",""b"":""X"",""d"":12,""excl_opp_detectors"":""True"",""k"":12,""l"":12,""leak_heralds"":""False"",""leak_repump"":""False"",""leakage"":""False"",""loss"":""False"",""m"":6,""n"":144,""p"":0.001,""prllel_1q"":Infinity,""prllel_2q"":6,""r"":20,""repump_cycles"":3,""seq_meas"":""False"",""seq_ops"":""True"",""swapLRC"":""False""}",
       128,         0,         0,   0.416,bposd,1d42788997c955656e1579c9a1cc0f31acae501b320f438e36e23d7b8de7dc11,"{""A"":""x3y0+x0y1+x0y2"",""B"":""x0y3+x1y0+x2y0"",""b"":""X"",""d"":12,""excl_opp_detectors"":""True"",""k"":12,""l"":12,""leak_heralds"":""False"",""leak_repump"":""False"",""leakage"":""False"",""loss"":""False"",""m"":6,""n"":144,""p"":0.001,""prllel_1q"":Infinity,""prllel_2q"":6,""r"":20,""repump_cycles"":3,""seq_meas"":""False"",""seq_ops"":""True"",""swapLRC"":""False""}",
       128,         0,         0,   0.429,bposd,1d42788997c955656e1579c9a1cc0f31acae501b320f438e36e23d7b8de7dc11,"{""A"":""x3y0+x0y1+x0y2"",""B"":""x0y3+x1y0+x2y0"",""b"":""X"",""d"":12,""excl_opp_detectors"":""True"",""k"":12,""l"":12,""leak_heralds"":""False"",""leak_repump"":""False"",""leakage"":""False"",""loss"":""False"",""m"":6,""n"":144,""p"":0.001,""prllel_1q"":Infinity,""prllel_2q"":6,""r"":20,""repump_cycles"":3,""seq_meas"":""False"",""seq_ops"":""True"",""swapLRC"":""False""}",
       256,         0,         0,   0.776,bposd,1d42788997c955656e1579c9a1cc0f31acae501b320f438e36e23d7b8de7dc11,"{""A"":""x3y0+x0y1+x0y2"",""B"":""x0y3+x1y0+x2y0"",""b"":""X"",""d"":12,""excl_opp_detectors"":""True"",""k"":12,""l"":12,""leak_heralds"":""False"",""leak_repump"":""False"",""leakage"":""False"",""loss"":""False"",""m"":6,""n"":144,""p"":0.001,""prllel_1q"":Infinity,""prllel_2q"":6,""r"":20,""repump_cycles"":3,""seq_meas"":""False"",""seq_ops"":""True"",""swapLRC"":""False""}",
       128,         0,         0,   0.504,bposd,1d42788997c955656e1579c9a1cc0f31acae501b320f438e36e23d7b8de7dc11,"{""A"":""x3y0+x0y1+x0y2"",""B"":""x0y3+x1y0+x2y0"",""b"":""X"",""d"":12,""excl_opp_detectors"":""True"",""k"":12,""l"":12,""leak_heralds"":""False"",""leak_repump"":""False"",""leakage"":""False"",""loss"":""False"",""m"":6,""n"":144,""p"":0.001,""prllel_1q"":Infinity,""prllel_2q"":6,""r"":20,""repump_cycles"":3,""seq_meas"":""False"",""seq_ops"":""True"",""swapLRC"":""False""}",
       256,         0,         0,   0.737,bposd,1d42788997c955656e1579c9a1cc0f31acae501b320f438e36e23d7b8de7dc11,"{""A"":""x3y0+x0y1+x0y2"",""B"":""x0y3+x1y0+x2y0"",""b"":""X"",""d"":12,""excl_opp_detectors"":""True"",""k"":12,""l"":12,""leak_heralds"":""False"",""leak_repump"":""False"",""leakage"":""False"",""loss"":""False"",""m"":6,""n"":144,""p"":0.001,""prllel_1q"":Infinity,""prllel_2q"":6,""r"":20,""repump_cycles"":3,""seq_meas"":""False"",""seq_ops"":""True"",""swapLRC"":""False""}",
       128,         0,         0,   0.730,bposd,1d42788997c955656e1579c9a1cc0f31acae501b320f438e36e23d7b8de7dc11,"{""A"":""x3y0+x0y1+x0y2"",""B"":""x0y3+x1y0+x2y0"",""b"":""X"",""d"":12,""excl_opp_detectors"":""True"",""k"":12,""l"":12,""leak_heralds"":""False"",""leak_repump"":""False"",""leakage"":""False"",""loss"":""False"",""m"":6,""n"":144,""p"":0.001,""prllel_1q"":Infinity,""prllel_2q"":6,""r"":20,""repump_cycles"":3,""seq_meas"":""False"",""seq_ops"":""True"",""swapLRC"":""False""}",
       256,         0,         0,   0.721,bposd,1d42788997c955656e1579c9a1cc0f31acae501b320f438e36e23d7b8de7dc11,"{""A"":""x3y0+x0y1+x0y2"",""B"":""x0y3+x1y0+x2y0"",""b"":""X"",""d"":12,""excl_opp_detectors"":""True"",""k"":12,""l"":12,""leak_heralds"":""False"",""leak_repump"":""False"",""leakage"":""False"",""loss"":""False"",""m"":6,""n"":144,""p"":0.001,""prllel_1q"":Infinity,""prllel_2q"":6,""r"":20,""repump_cycles"":3,""seq_meas"":""False"",""seq_ops"":""True"",""swapLRC"":""False""}",
       128,         0,         0,   0.418,bposd,1d42788997c955656e1579c9a1cc0f31acae501b320f438e36e23d7b8de7dc11,"{""A"":""x3y0+x0y1+x0y2"",""B"":""x0y3+x1y0+x2y0"",""b"":""X"",""d"":12,""excl_opp_detectors"":""True"",""k"":12,""l"":12,""leak_heralds"":""False"",""leak_repump"":""False"",""leakage"":""False"",""loss"":""False"",""m"":6,""n"":144,""p"":0.001,""prllel_1q"":Infinity,""prllel_2q"":6,""r"":20,""repump_cycles"":3,""seq_meas"":""False"",""seq_ops"":""True"",""swapLRC"":""False""}",
       256,         0,         0,   0.797,bposd,1d42788997c955656e1579c9a1cc0f31acae501b320f438e36e23d7b8de7dc11,"{""A"":""x3y0+x0y1+x0y2"",""B"":""x0y3+x1y0+x2y0"",""b"":""X"",""d"":12,""excl_opp_detectors"":""True"",""k"":12,""l"":12,""leak_heralds"":""False"",""leak_repump"":""False"",""leakage"":""False"",""loss"":""False"",""m"":6,""n"":144,""p"":0.001,""prllel_1q"":Infinity,""prllel_2q"":6,""r"":20,""repump_cycles"":3,""seq_meas"":""False"",""seq_ops"":""True"",""swapLRC"":""False""}",
       128,         0,         0,   0.404,bposd,1d42788997c955656e1579c9a1cc0f31acae501b320f438e36e23d7b8de7dc11,"{""A"":""x3y0+x0y1+x0y2"",""B"":""x0y3+x1y0+x2y0"",""b"":""X"",""d"":12,""excl_opp_detectors"":""True"",""k"":12,""l"":12,""leak_heralds"":""False"",""leak_repump"":""False"",""leakage"":""False"",""loss"":""False"",""m"":6,""n"":144,""p"":0.001,""prllel_1q"":Infinity,""prllel_2q"":6,""r"":20,""repump_cycles"":3,""seq_meas"":""False"",""seq_ops"":""True"",""swapLRC"":""False""}",
       128,         0,         0,    2.70,bposd,1d42788997c955656e1579c9a1cc0f31acae501b320f438e36e23d7b8de7dc11,"{""A"":""x3y0+x0y1+x0y2"",""B"":""x0y3+x1y0+x2y0"",""b"":""X"",""d"":12,""excl_opp_detectors"":""True"",""k"":12,""l"":12,""leak_heralds"":""False"",""leak_repump"":""False"",""leakage"":""False"",""loss"":""False"",""m"":6,""n"":144,""p"":0.001,""prllel_1q"":Infinity,""prllel_2q"":6,""r"":20,""repump_cycles"":3,""seq_meas"":""False"",""seq_ops"":""True"",""swapLRC"":""False""}",
       128,         0,         0,   0.495,bposd,1d42788997c955656e1579c9a1cc0f31acae501b320f438e36e23d7b8de7dc11,"{""A"":""x3y0+x0y1+x0y2"",""B"":""x0y3+x1y0+x2y0"",""b"":""X"",""d"":12,""excl_opp_detectors"":""True"",""k"":12,""l"":12,""leak_heralds"":""False"",""leak_repump"":""False"",""leakage"":""False"",""loss"":""False"",""m"":6,""n"":144,""p"":0.001,""prllel_1q"":Infinity,""prllel_2q"":6,""r"":20,""repump_cycles"":3,""seq_meas"":""False"",""seq_ops"":""True"",""swapLRC"":""False""}",
       128,         0,         0,   0.410,bposd,1d42788997c955656e1579c9a1cc0f31acae501b320f438e36e23d7b8de7dc11,"{""A"":""x3y0+x0y1+x0y2"",""B"":""x0y3+x1y0+x2y0"",""b"":""X"",""d"":12,""excl_opp_detectors"":""True"",""k"":12,""l"":12,""leak_heralds"":""False"",""leak_repump"":""False"",""leakage"":""False"",""loss"":""False"",""m"":6,""n"":144,""p"":0.001,""prllel_1q"":Infinity,""prllel_2q"":6,""r"":20,""repump_cycles"":3,""seq_meas"":""False"",""seq_ops"":""True"",""swapLRC"":""False""}",
       256,         0,         0,   0.753,bposd,1d42788997c955656e1579c9a1cc0f31acae501b320f438e36e23d7b8de7dc11,"{""A"":""x3y0+x0y1+x0y2"",""B"":""x0y3+x1y0+x2y0"",""b"":""X"",""d"":12,""excl_opp_detectors"":""True"",""k"":12,""l"":12,""leak_heralds"":""False"",""leak_repump"":""False"",""leakage"":""False"",""loss"":""False"",""m"":6,""n"":144,""p"":0.001,""prllel_1q"":Infinity,""prllel_2q"":6,""r"":20,""repump_cycles"":3,""seq_meas"":""False"",""seq_ops"":""True"",""swapLRC"":""False""}",
       128,         0,         0,   0.495,bposd,1d42788997c955656e1579c9a1cc0f31acae501b320f438e36e23d7b8de7dc11,"{""A"":""x3y0+x0y1+x0y2"",""B"":""x0y3+x1y0+x2y0"",""b"":""X"",""d"":12,""excl_opp_detectors"":""True"",""k"":12,""l"":12,""leak_heralds"":""False"",""leak_repump"":""False"",""leakage"":""False"",""loss"":""False"",""m"":6,""n"":144,""p"":0.001,""prllel_1q"":Infinity,""prllel_2q"":6,""r"":20,""repump_cycles"":3,""seq_meas"":""False"",""seq_ops"":""True"",""swapLRC"":""False""}",
       256,         0,         0,   0.807,bposd,1d42788997c955656e1579c9a1cc0f31acae501b320f438e36e23d7b8de7dc11,"{""A"":""x3y0+x0y1+x0y2"",""B"":""x0y3+x1y0+x2y0"",""b"":""X"",""d"":12,""excl_opp_detectors"":""True"",""k"":12,""l"":12,""leak_heralds"":""False"",""leak_repump"":""False"",""leakage"":""False"",""loss"":""False"",""m"":6,""n"":144,""p"":0.001,""prllel_1q"":Infinity,""prllel_2q"":6,""r"":20,""repump_cycles"":3,""seq_meas"":""False"",""seq_ops"":""True"",""swapLRC"":""False""}",
       128,         0,         0,   0.424,bposd,1d42788997c955656e1579c9a1cc0f31acae501b320f438e36e23d7b8de7dc11,"{""A"":""x3y0+x0y1+x0y2"",""B"":""x0y3+x1y0+x2y0"",""b"":""X"",""d"":12,""excl_opp_detectors"":""True"",""k"":12,""l"":12,""leak_heralds"":""False"",""leak_repump"":""False"",""leakage"":""False"",""loss"":""False"",""m"":6,""n"":144,""p"":0.001,""prllel_1q"":Infinity,""prllel_2q"":6,""r"":20,""repump_cycles"":3,""seq_meas"":""False"",""seq_ops"":""True"",""swapLRC"":""False""}",
       256,         0,         0,   0.823,bposd,1d42788997c955656e1579c9a1cc0f31acae501b320f438e36e23d7b8de7dc11,"{""A"":""x3y0+x0y1+x0y2"",""B"":""x0y3+x1y0+x2y0"",""b"":""X"",""d"":12,""excl_opp_detectors"":""True"",""k"":12,""l"":12,""leak_heralds"":""False"",""leak_repump"":""False"",""leakage"":""False"",""loss"":""False"",""m"":6,""n"":144,""p"":0.001,""prllel_1q"":Infinity,""prllel_2q"":6,""r"":20,""repump_cycles"":3,""seq_meas"":""False"",""seq_ops"":""True"",""swapLRC"":""False""}",
       128,         0,         0,   0.359,bposd,1d42788997c955656e1579c9a1cc0f31acae501b320f438e36e23d7b8de7dc11,"{""A"":""x3y0+x0y1+x0y2"",""B"":""x0y3+x1y0+x2y0"",""b"":""X"",""d"":12,""excl_opp_detectors"":""True"",""k"":12,""l"":12,""leak_heralds"":""False"",""leak_repump"":""False"",""leakage"":""False"",""loss"":""False"",""m"":6,""n"":144,""p"":0.001,""prllel_1q"":Infinity,""prllel_2q"":6,""r"":20,""repump_cycles"":3,""seq_meas"":""False"",""seq_ops"":""True"",""swapLRC"":""False""}",
       256,         0,         0,   0.791,bposd,1d42788997c955656e1579c9a1cc0f31acae501b320f438e36e23d7b8de7dc11,"{""A"":""x3y0+x0y1+x0y2"",""B"":""x0y3+x1y0+x2y0"",""b"":""X"",""d"":12,""excl_opp_detectors"":""True"",""k"":12,""l"":12,""leak_heralds"":""False"",""leak_repump"":""False"",""leakage"":""False"",""loss"":""False"",""m"":6,""n"":144,""p"":0.001,""prllel_1q"":Infinity,""prllel_2q"":6,""r"":20,""repump_cycles"":3,""seq_meas"":""False"",""seq_ops"":""True"",""swapLRC"":""False""}",
        64,         0,         0,   0.198,bposd,1d42788997c955656e1579c9a1cc0f31acae501b320f438e36e23d7b8de7dc11,"{""A"":""x3y0+x0y1+x0y2"",""B"":""x0y3+x1y0+x2y0"",""b"":""X"",""d"":12,""excl_opp_detectors"":""True"",""k"":12,""l"":12,""leak_heralds"":""False"",""leak_repump"":""False"",""leakage"":""False"",""loss"":""False"",""m"":6,""n"":144,""p"":0.001,""prllel_1q"":Infinity,""prllel_2q"":6,""r"":20,""repump_cycles"":3,""seq_meas"":""False"",""seq_ops"":""True"",""swapLRC"":""False""}",
       256,         0,         0,   0.773,bposd,1d42788997c955656e1579c9a1cc0f31acae501b320f438e36e23d7b8de7dc11,"{""A"":""x3y0+x0y1+x0y2"",""B"":""x0y3+x1y0+x2y0"",""b"":""X"",""d"":12,""excl_opp_detectors"":""True"",""k"":12,""l"":12,""leak_heralds"":""False"",""leak_repump"":""False"",""leakage"":""False"",""loss"":""False"",""m"":6,""n"":144,""p"":0.001,""prllel_1q"":Infinity,""prllel_2q"":6,""r"":20,""repump_cycles"":3,""seq_meas"":""False"",""seq_ops"":""True"",""swapLRC"":""False""}",
       128,         0,         0,   0.458,bposd,1d42788997c955656e1579c9a1cc0f31acae501b320f438e36e23d7b8de7dc11,"{""A"":""x3y0+x0y1+x0y2"",""B"":""x0y3+x1y0+x2y0"",""b"":""X"",""d"":12,""excl_opp_detectors"":""True"",""k"":12,""l"":12,""leak_heralds"":""False"",""leak_repump"":""False"",""leakage"":""False"",""loss"":""False"",""m"":6,""n"":144,""p"":0.001,""prllel_1q"":Infinity,""prllel_2q"":6,""r"":20,""repump_cycles"":3,""seq_meas"":""False"",""seq_ops"":""True"",""swapLRC"":""False""}",
       128,         0,         0,   0.467,bposd,1d42788997c955656e1579c9a1cc0f31acae501b320f438e36e23d7b8de7dc11,"{""A"":""x3y0+x0y1+x0y2"",""B"":""x0y3+x1y0+x2y0"",""b"":""X"",""d"":12,""excl_opp_detectors"":""True"",""k"":12,""l"":12,""leak_heralds"":""False"",""leak_repump"":""False"",""leakage"":""False"",""loss"":""False"",""m"":6,""n"":144,""p"":0.001,""prllel_1q"":Infinity,""prllel_2q"":6,""r"":20,""repump_cycles"":3,""seq_meas"":""False"",""seq_ops"":""True"",""swapLRC"":""False""}",
       128,         0,         0,   0.413,bposd,1d42788997c955656e1579c9a1cc0f31acae501b320f438e36e23d7b8de7dc11,"{""A"":""x3y0+x0y1+x0y2"",""B"":""x0y3+x1y0+x2y0"",""b"":""X"",""d"":12,""excl_opp_detectors"":""True"",""k"":12,""l"":12,""leak_heralds"":""False"",""leak_repump"":""False"",""leakage"":""False"",""loss"":""False"",""m"":6,""n"":144,""p"":0.001,""prllel_1q"":Infinity,""prllel_2q"":6,""r"":20,""repump_cycles"":3,""seq_meas"":""False"",""seq_ops"":""True"",""swapLRC"":""False""}",
       256,         0,         0,   0.880,bposd,1d42788997c955656e1579c9a1cc0f31acae501b320f438e36e23d7b8de7dc11,"{""A"":""x3y0+x0y1+x0y2"",""B"":""x0y3+x1y0+x2y0"",""b"":""X"",""d"":12,""excl_opp_detectors"":""True"",""k"":12,""l"":12,""leak_heralds"":""False"",""leak_repump"":""False"",""leakage"":""False"",""loss"":""False"",""m"":6,""n"":144,""p"":0.001,""prllel_1q"":Infinity,""prllel_2q"":6,""r"":20,""repump_cycles"":3,""seq_meas"":""False"",""seq_ops"":""True"",""swapLRC"":""False""}",
       256,         0,         0,   0.755,bposd,1d42788997c955656e1579c9a1cc0f31acae501b320f438e36e23d7b8de7dc11,"{""A"":""x3y0+x0y1+x0y2"",""B"":""x0y3+x1y0+x2y0"",""b"":""X"",""d"":12,""excl_opp_detectors"":""True"",""k"":12,""l"":12,""leak_heralds"":""False"",""leak_repump"":""False"",""leakage"":""False"",""loss"":""False"",""m"":6,""n"":144,""p"":0.001,""prllel_1q"":Infinity,""prllel_2q"":6,""r"":20,""repump_cycles"":3,""seq_meas"":""False"",""seq_ops"":""True"",""swapLRC"":""False""}",
       256,         0,         0,   0.783,bposd,1d42788997c955656e1579c9a1cc0f31acae501b320f438e36e23d7b8de7dc11,"{""A"":""x3y0+x0y1+x0y2"",""B"":""x0y3+x1y0+x2y0"",""b"":""X"",""d"":12,""excl_opp_detectors"":""True"",""k"":12,""l"":12,""leak_heralds"":""False"",""leak_repump"":""False"",""leakage"":""False"",""loss"":""False"",""m"":6,""n"":144,""p"":0.001,""prllel_1q"":Infinity,""prllel_2q"":6,""r"":20,""repump_cycles"":3,""seq_meas"":""False"",""seq_ops"":""True"",""swapLRC"":""False""}",
       256,         0,         0,   0.876,bposd,1d42788997c955656e1579c9a1cc0f31acae501b320f438e36e23d7b8de7dc11,"{""A"":""x3y0+x0y1+x0y2"",""B"":""x0y3+x1y0+x2y0"",""b"":""X"",""d"":12,""excl_opp_detectors"":""True"",""k"":12,""l"":12,""leak_heralds"":""False"",""leak_repump"":""False"",""leakage"":""False"",""loss"":""False"",""m"":6,""n"":144,""p"":0.001,""prllel_1q"":Infinity,""prllel_2q"":6,""r"":20,""repump_cycles"":3,""seq_meas"":""False"",""seq_ops"":""True"",""swapLRC"":""False""}",
       128,         0,         0,   0.741,bposd,1d42788997c955656e1579c9a1cc0f31acae501b320f438e36e23d7b8de7dc11,"{""A"":""x3y0+x0y1+x0y2"",""B"":""x0y3+x1y0+x2y0"",""b"":""X"",""d"":12,""excl_opp_detectors"":""True"",""k"":12,""l"":12,""leak_heralds"":""False"",""leak_repump"":""False"",""leakage"":""False"",""loss"":""False"",""m"":6,""n"":144,""p"":0.001,""prllel_1q"":Infinity,""prllel_2q"":6,""r"":20,""repump_cycles"":3,""seq_meas"":""False"",""seq_ops"":""True"",""swapLRC"":""False""}",
       256,         0,         0,   0.808,bposd,1d42788997c955656e1579c9a1cc0f31acae501b320f438e36e23d7b8de7dc11,"{""A"":""x3y0+x0y1+x0y2"",""B"":""x0y3+x1y0+x2y0"",""b"":""X"",""d"":12,""excl_opp_detectors"":""True"",""k"":12,""l"":12,""leak_heralds"":""False"",""leak_repump"":""False"",""leakage"":""False"",""loss"":""False"",""m"":6,""n"":144,""p"":0.001,""prllel_1q"":Infinity,""prllel_2q"":6,""r"":20,""repump_cycles"":3,""seq_meas"":""False"",""seq_ops"":""True"",""swapLRC"":""False""}",
       256,         0,         0,   0.786,bposd,1d42788997c955656e1579c9a1cc0f31acae501b320f438e36e23d7b8de7dc11,"{""A"":""x3y0+x0y1+x0y2"",""B"":""x0y3+x1y0+x2y0"",""b"":""X"",""d"":12,""excl_opp_detectors"":""True"",""k"":12,""l"":12,""leak_heralds"":""False"",""leak_repump"":""False"",""leakage"":""False"",""loss"":""False"",""m"":6,""n"":144,""p"":0.001,""prllel_1q"":Infinity,""prllel_2q"":6,""r"":20,""repump_cycles"":3,""seq_meas"":""False"",""seq_ops"":""True"",""swapLRC"":""False""}",
       128,         0,         0,   0.402,bposd,1d42788997c955656e1579c9a1cc0f31acae501b320f438e36e23d7b8de7dc11,"{""A"":""x3y0+x0y1+x0y2"",""B"":""x0y3+x1y0+x2y0"",""b"":""X"",""d"":12,""excl_opp_detectors"":""True"",""k"":12,""l"":12,""leak_heralds"":""False"",""leak_repump"":""False"",""leakage"":""False"",""loss"":""False"",""m"":6,""n"":144,""p"":0.001,""prllel_1q"":Infinity,""prllel_2q"":6,""r"":20,""repump_cycles"":3,""seq_meas"":""False"",""seq_ops"":""True"",""swapLRC"":""False""}",
       256,         0,         0,   0.895,bposd,1d42788997c955656e1579c9a1cc0f31acae501b320f438e36e23d7b8de7dc11,"{""A"":""x3y0+x0y1+x0y2"",""B"":""x0y3+x1y0+x2y0"",""b"":""X"",""d"":12,""excl_opp_detectors"":""True"",""k"":12,""l"":12,""leak_heralds"":""False"",""leak_repump"":""False"",""leakage"":""False"",""loss"":""False"",""m"":6,""n"":144,""p"":0.001,""prllel_1q"":Infinity,""prllel_2q"":6,""r"":20,""repump_cycles"":3,""seq_meas"":""False"",""seq_ops"":""True"",""swapLRC"":""False""}",
       256,         0,         0,   0.738,bposd,1d42788997c955656e1579c9a1cc0f31acae501b320f438e36e23d7b8de7dc11,"{""A"":""x3y0+x0y1+x0y2"",""B"":""x0y3+x1y0+x2y0"",""b"":""X"",""d"":12,""excl_opp_detectors"":""True"",""k"":12,""l"":12,""leak_heralds"":""False"",""leak_repump"":""False"",""leakage"":""False"",""loss"":""False"",""m"":6,""n"":144,""p"":0.001,""prllel_1q"":Infinity,""prllel_2q"":6,""r"":20,""repump_cycles"":3,""seq_meas"":""False"",""seq_ops"":""True"",""swapLRC"":""False""}",
       256,         0,         0,   0.817,bposd,1d42788997c955656e1579c9a1cc0f31acae501b320f438e36e23d7b8de7dc11,"{""A"":""x3y0+x0y1+x0y2"",""B"":""x0y3+x1y0+x2y0"",""b"":""X"",""d"":12,""excl_opp_detectors"":""True"",""k"":12,""l"":12,""leak_heralds"":""False"",""leak_repump"":""False"",""leakage"":""False"",""loss"":""False"",""m"":6,""n"":144,""p"":0.001,""prllel_1q"":Infinity,""prllel_2q"":6,""r"":20,""repump_cycles"":3,""seq_meas"":""False"",""seq_ops"":""True"",""swapLRC"":""False""}",
       256,         0,         0,   0.856,bposd,1d42788997c955656e1579c9a1cc0f31acae501b320f438e36e23d7b8de7dc11,"{""A"":""x3y0+x0y1+x0y2"",""B"":""x0y3+x1y0+x2y0"",""b"":""X"",""d"":12,""excl_opp_detectors"":""True"",""k"":12,""l"":12,""leak_heralds"":""False"",""leak_repump"":""False"",""leakage"":""False"",""loss"":""False"",""m"":6,""n"":144,""p"":0.001,""prllel_1q"":Infinity,""prllel_2q"":6,""r"":20,""repump_cycles"":3,""seq_meas"":""False"",""seq_ops"":""True"",""swapLRC"":""False""}",
       128,         0,         0,   0.468,bposd,1d42788997c955656e1579c9a1cc0f31acae501b320f438e36e23d7b8de7dc11,"{""A"":""x3y0+x0y1+x0y2"",""B"":""x0y3+x1y0+x2y0"",""b"":""X"",""d"":12,""excl_opp_detectors"":""True"",""k"":12,""l"":12,""leak_heralds"":""False"",""leak_repump"":""False"",""leakage"":""False"",""loss"":""False"",""m"":6,""n"":144,""p"":0.001,""prllel_1q"":Infinity,""prllel_2q"":6,""r"":20,""repump_cycles"":3,""seq_meas"":""False"",""seq_ops"":""True"",""swapLRC"":""False""}",
       128,         0,         0,   0.438,bposd,1d42788997c955656e1579c9a1cc0f31acae501b320f438e36e23d7b8de7dc11,"{""A"":""x3y0+x0y1+x0y2"",""B"":""x0y3+x1y0+x2y0"",""b"":""X"",""d"":12,""excl_opp_detectors"":""True"",""k"":12,""l"":12,""leak_heralds"":""False"",""leak_repump"":""False"",""leakage"":""False"",""loss"":""False"",""m"":6,""n"":144,""p"":0.001,""prllel_1q"":Infinity,""prllel_2q"":6,""r"":20,""repump_cycles"":3,""seq_meas"":""False"",""seq_ops"":""True"",""swapLRC"":""False""}",
       256,         0,         0,   0.832,bposd,1d42788997c955656e1579c9a1cc0f31acae501b320f438e36e23d7b8de7dc11,"{""A"":""x3y0+x0y1+x0y2"",""B"":""x0y3+x1y0+x2y0"",""b"":""X"",""d"":12,""excl_opp_detectors"":""True"",""k"":12,""l"":12,""leak_heralds"":""False"",""leak_repump"":""False"",""leakage"":""False"",""loss"":""False"",""m"":6,""n"":144,""p"":0.001,""prllel_1q"":Infinity,""prllel_2q"":6,""r"":20,""repump_cycles"":3,""seq_meas"":""False"",""seq_ops"":""True"",""swapLRC"":""False""}",
       256,         0,         0,   0.800,bposd,1d42788997c955656e1579c9a1cc0f31acae501b320f438e36e23d7b8de7dc11,"{""A"":""x3y0+x0y1+x0y2"",""B"":""x0y3+x1y0+x2y0"",""b"":""X"",""d"":12,""excl_opp_detectors"":""True"",""k"":12,""l"":12,""leak_heralds"":""False"",""leak_repump"":""False"",""leakage"":""False"",""loss"":""False"",""m"":6,""n"":144,""p"":0.001,""prllel_1q"":Infinity,""prllel_2q"":6,""r"":20,""repump_cycles"":3,""seq_meas"":""False"",""seq_ops"":""True"",""swapLRC"":""False""}",
       256,         0,         0,   0.762,bposd,1d42788997c955656e1579c9a1cc0f31acae501b320f438e36e23d7b8de7dc11,"{""A"":""x3y0+x0y1+x0y2"",""B"":""x0y3+x1y0+x2y0"",""b"":""X"",""d"":12,""excl_opp_detectors"":""True"",""k"":12,""l"":12,""leak_heralds"":""False"",""leak_repump"":""False"",""leakage"":""False"",""loss"":""False"",""m"":6,""n"":144,""p"":0.001,""prllel_1q"":Infinity,""prllel_2q"":6,""r"":20,""repump_cycles"":3,""seq_meas"":""False"",""seq_ops"":""True"",""swapLRC"":""False""}",
       256,         0,         0,   0.869,bposd,1d42788997c955656e1579c9a1cc0f31acae501b320f438e36e23d7b8de7dc11,"{""A"":""x3y0+x0y1+x0y2"",""B"":""x0y3+x1y0+x2y0"",""b"":""X"",""d"":12,""excl_opp_detectors"":""True"",""k"":12,""l"":12,""leak_heralds"":""False"",""leak_repump"":""False"",""leakage"":""False"",""loss"":""False"",""m"":6,""n"":144,""p"":0.001,""prllel_1q"":Infinity,""prllel_2q"":6,""r"":20,""repump_cycles"":3,""seq_meas"":""False"",""seq_ops"":""True"",""swapLRC"":""False""}",
       256,         0,         0,   0.793,bposd,1d42788997c955656e1579c9a1cc0f31acae501b320f438e36e23d7b8de7dc11,"{""A"":""x3y0+x0y1+x0y2"",""B"":""x0y3+x1y0+x2y0"",""b"":""X"",""d"":12,""excl_opp_detectors"":""True"",""k"":12,""l"":12,""leak_heralds"":""False"",""leak_repump"":""False"",""leakage"":""False"",""loss"":""False"",""m"":6,""n"":144,""p"":0.001,""prllel_1q"":Infinity,""prllel_2q"":6,""r"":20,""repump_cycles"":3,""seq_meas"":""False"",""seq_ops"":""True"",""swapLRC"":""False""}",
       256,         0,         0,   0.782,bposd,1d42788997c955656e1579c9a1cc0f31acae501b320f438e36e23d7b8de7dc11,"{""A"":""x3y0+x0y1+x0y2"",""B"":""x0y3+x1y0+x2y0"",""b"":""X"",""d"":12,""excl_opp_detectors"":""True"",""k"":12,""l"":12,""leak_heralds"":""False"",""leak_repump"":""False"",""leakage"":""False"",""loss"":""False"",""m"":6,""n"":144,""p"":0.001,""prllel_1q"":Infinity,""prllel_2q"":6,""r"":20,""repump_cycles"":3,""seq_meas"":""False"",""seq_ops"":""True"",""swapLRC"":""False""}",
       128,         0,         0,   0.587,bposd,1d42788997c955656e1579c9a1cc0f31acae501b320f438e36e23d7b8de7dc11,"{""A"":""x3y0+x0y1+x0y2"",""B"":""x0y3+x1y0+x2y0"",""b"":""X"",""d"":12,""excl_opp_detectors"":""True"",""k"":12,""l"":12,""leak_heralds"":""False"",""leak_repump"":""False"",""leakage"":""False"",""loss"":""False"",""m"":6,""n"":144,""p"":0.001,""prllel_1q"":Infinity,""prllel_2q"":6,""r"":20,""repump_cycles"":3,""seq_meas"":""False"",""seq_ops"":""True"",""swapLRC"":""False""}",
       128,         0,         0,   0.360,bposd,1d42788997c955656e1579c9a1cc0f31acae501b320f438e36e23d7b8de7dc11,"{""A"":""x3y0+x0y1+x0y2"",""B"":""x0y3+x1y0+x2y0"",""b"":""X"",""d"":12,""excl_opp_detectors"":""True"",""k"":12,""l"":12,""leak_heralds"":""False"",""leak_repump"":""False"",""leakage"":""False"",""loss"":""False"",""m"":6,""n"":144,""p"":0.001,""prllel_1q"":Infinity,""prllel_2q"":6,""r"":20,""repump_cycles"":3,""seq_meas"":""False"",""seq_ops"":""True"",""swapLRC"":""False""}",
       256,         0,         0,   0.922,bposd,1d42788997c955656e1579c9a1cc0f31acae501b320f438e36e23d7b8de7dc11,"{""A"":""x3y0+x0y1+x0y2"",""B"":""x0y3+x1y0+x2y0"",""b"":""X"",""d"":12,""excl_opp_detectors"":""True"",""k"":12,""l"":12,""leak_heralds"":""False"",""leak_repump"":""False"",""leakage"":""False"",""loss"":""False"",""m"":6,""n"":144,""p"":0.001,""prllel_1q"":Infinity,""prllel_2q"":6,""r"":20,""repump_cycles"":3,""seq_meas"":""False"",""seq_ops"":""True"",""swapLRC"":""False""}",
       128,         0,         0,    4.94,bposd,1d42788997c955656e1579c9a1cc0f31acae501b320f438e36e23d7b8de7dc11,"{""A"":""x3y0+x0y1+x0y2"",""B"":""x0y3+x1y0+x2y0"",""b"":""X"",""d"":12,""excl_opp_detectors"":""True"",""k"":12,""l"":12,""leak_heralds"":""False"",""leak_repump"":""False"",""leakage"":""False"",""loss"":""False"",""m"":6,""n"":144,""p"":0.001,""prllel_1q"":Infinity,""prllel_2q"":6,""r"":20,""repump_cycles"":3,""seq_meas"":""False"",""seq_ops"":""True"",""swapLRC"":""False""}",
       256,         0,         0,   0.758,bposd,1d42788997c955656e1579c9a1cc0f31acae501b320f438e36e23d7b8de7dc11,"{""A"":""x3y0+x0y1+x0y2"",""B"":""x0y3+x1y0+x2y0"",""b"":""X"",""d"":12,""excl_opp_detectors"":""True"",""k"":12,""l"":12,""leak_heralds"":""False"",""leak_repump"":""False"",""leakage"":""False"",""loss"":""False"",""m"":6,""n"":144,""p"":0.001,""prllel_1q"":Infinity,""prllel_2q"":6,""r"":20,""repump_cycles"":3,""seq_meas"":""False"",""seq_ops"":""True"",""swapLRC"":""False""}",
       256,         0,         0,   0.776,bposd,1d42788997c955656e1579c9a1cc0f31acae501b320f438e36e23d7b8de7dc11,"{""A"":""x3y0+x0y1+x0y2"",""B"":""x0y3+x1y0+x2y0"",""b"":""X"",""d"":12,""excl_opp_detectors"":""True"",""k"":12,""l"":12,""leak_heralds"":""False"",""leak_repump"":""False"",""leakage"":""False"",""loss"":""False"",""m"":6,""n"":144,""p"":0.001,""prllel_1q"":Infinity,""prllel_2q"":6,""r"":20,""repump_cycles"":3,""seq_meas"":""False"",""seq_ops"":""True"",""swapLRC"":""False""}",
       256,         0,         0,   0.808,bposd,1d42788997c955656e1579c9a1cc0f31acae501b320f438e36e23d7b8de7dc11,"{""A"":""x3y0+x0y1+x0y2"",""B"":""x0y3+x1y0+x2y0"",""b"":""X"",""d"":12,""excl_opp_detectors"":""True"",""k"":12,""l"":12,""leak_heralds"":""False"",""leak_repump"":""False"",""leakage"":""False"",""loss"":""False"",""m"":6,""n"":144,""p"":0.001,""prllel_1q"":Infinity,""prllel_2q"":6,""r"":20,""repump_cycles"":3,""seq_meas"":""False"",""seq_ops"":""True"",""swapLRC"":""False""}",
       256,         0,         0,   0.816,bposd,1d42788997c955656e1579c9a1cc0f31acae501b320f438e36e23d7b8de7dc11,"{""A"":""x3y0+x0y1+x0y2"",""B"":""x0y3+x1y0+x2y0"",""b"":""X"",""d"":12,""excl_opp_detectors"":""True"",""k"":12,""l"":12,""leak_heralds"":""False"",""leak_repump"":""False"",""leakage"":""False"",""loss"":""False"",""m"":6,""n"":144,""p"":0.001,""prllel_1q"":Infinity,""prllel_2q"":6,""r"":20,""repump_cycles"":3,""seq_meas"":""False"",""seq_ops"":""True"",""swapLRC"":""False""}",
       256,         0,         0,   0.807,bposd,1d42788997c955656e1579c9a1cc0f31acae501b320f438e36e23d7b8de7dc11,"{""A"":""x3y0+x0y1+x0y2"",""B"":""x0y3+x1y0+x2y0"",""b"":""X"",""d"":12,""excl_opp_detectors"":""True"",""k"":12,""l"":12,""leak_heralds"":""False"",""leak_repump"":""False"",""leakage"":""False"",""loss"":""False"",""m"":6,""n"":144,""p"":0.001,""prllel_1q"":Infinity,""prllel_2q"":6,""r"":20,""repump_cycles"":3,""seq_meas"":""False"",""seq_ops"":""True"",""swapLRC"":""False""}",
       256,         0,         0,   0.808,bposd,1d42788997c955656e1579c9a1cc0f31acae501b320f438e36e23d7b8de7dc11,"{""A"":""x3y0+x0y1+x0y2"",""B"":""x0y3+x1y0+x2y0"",""b"":""X"",""d"":12,""excl_opp_detectors"":""True"",""k"":12,""l"":12,""leak_heralds"":""False"",""leak_repump"":""False"",""leakage"":""False"",""loss"":""False"",""m"":6,""n"":144,""p"":0.001,""prllel_1q"":Infinity,""prllel_2q"":6,""r"":20,""repump_cycles"":3,""seq_meas"":""False"",""seq_ops"":""True"",""swapLRC"":""False""}",
       128,         0,         0,   0.416,bposd,1d42788997c955656e1579c9a1cc0f31acae501b320f438e36e23d7b8de7dc11,"{""A"":""x3y0+x0y1+x0y2"",""B"":""x0y3+x1y0+x2y0"",""b"":""X"",""d"":12,""excl_opp_detectors"":""True"",""k"":12,""l"":12,""leak_heralds"":""False"",""leak_repump"":""False"",""leakage"":""False"",""loss"":""False"",""m"":6,""n"":144,""p"":0.001,""prllel_1q"":Infinity,""prllel_2q"":6,""r"":20,""repump_cycles"":3,""seq_meas"":""False"",""seq_ops"":""True"",""swapLRC"":""False""}",
       256,         0,         0,   0.814,bposd,1d42788997c955656e1579c9a1cc0f31acae501b320f438e36e23d7b8de7dc11,"{""A"":""x3y0+x0y1+x0y2"",""B"":""x0y3+x1y0+x2y0"",""b"":""X"",""d"":12,""excl_opp_detectors"":""True"",""k"":12,""l"":12,""leak_heralds"":""False"",""leak_repump"":""False"",""leakage"":""False"",""loss"":""False"",""m"":6,""n"":144,""p"":0.001,""prllel_1q"":Infinity,""prllel_2q"":6,""r"":20,""repump_cycles"":3,""seq_meas"":""False"",""seq_ops"":""True"",""swapLRC"":""False""}",
       256,         0,         0,   0.944,bposd,1d42788997c955656e1579c9a1cc0f31acae501b320f438e36e23d7b8de7dc11,"{""A"":""x3y0+x0y1+x0y2"",""B"":""x0y3+x1y0+x2y0"",""b"":""X"",""d"":12,""excl_opp_detectors"":""True"",""k"":12,""l"":12,""leak_heralds"":""False"",""leak_repump"":""False"",""leakage"":""False"",""loss"":""False"",""m"":6,""n"":144,""p"":0.001,""prllel_1q"":Infinity,""prllel_2q"":6,""r"":20,""repump_cycles"":3,""seq_meas"":""False"",""seq_ops"":""True"",""swapLRC"":""False""}",
       256,         0,         0,   0.820,bposd,1d42788997c955656e1579c9a1cc0f31acae501b320f438e36e23d7b8de7dc11,"{""A"":""x3y0+x0y1+x0y2"",""B"":""x0y3+x1y0+x2y0"",""b"":""X"",""d"":12,""excl_opp_detectors"":""True"",""k"":12,""l"":12,""leak_heralds"":""False"",""leak_repump"":""False"",""leakage"":""False"",""loss"":""False"",""m"":6,""n"":144,""p"":0.001,""prllel_1q"":Infinity,""prllel_2q"":6,""r"":20,""repump_cycles"":3,""seq_meas"":""False"",""seq_ops"":""True"",""swapLRC"":""False""}",
       256,         0,         0,   0.783,bposd,1d42788997c955656e1579c9a1cc0f31acae501b320f438e36e23d7b8de7dc11,"{""A"":""x3y0+x0y1+x0y2"",""B"":""x0y3+x1y0+x2y0"",""b"":""X"",""d"":12,""excl_opp_detectors"":""True"",""k"":12,""l"":12,""leak_heralds"":""False"",""leak_repump"":""False"",""leakage"":""False"",""loss"":""False"",""m"":6,""n"":144,""p"":0.001,""prllel_1q"":Infinity,""prllel_2q"":6,""r"":20,""repump_cycles"":3,""seq_meas"":""False"",""seq_ops"":""True"",""swapLRC"":""False""}",
       256,         0,         0,    1.00,bposd,1d42788997c955656e1579c9a1cc0f31acae501b320f438e36e23d7b8de7dc11,"{""A"":""x3y0+x0y1+x0y2"",""B"":""x0y3+x1y0+x2y0"",""b"":""X"",""d"":12,""excl_opp_detectors"":""True"",""k"":12,""l"":12,""leak_heralds"":""False"",""leak_repump"":""False"",""leakage"":""False"",""loss"":""False"",""m"":6,""n"":144,""p"":0.001,""prllel_1q"":Infinity,""prllel_2q"":6,""r"":20,""repump_cycles"":3,""seq_meas"":""False"",""seq_ops"":""True"",""swapLRC"":""False""}",
       256,         0,         0,   0.759,bposd,1d42788997c955656e1579c9a1cc0f31acae501b320f438e36e23d7b8de7dc11,"{""A"":""x3y0+x0y1+x0y2"",""B"":""x0y3+x1y0+x2y0"",""b"":""X"",""d"":12,""excl_opp_detectors"":""True"",""k"":12,""l"":12,""leak_heralds"":""False"",""leak_repump"":""False"",""leakage"":""False"",""loss"":""False"",""m"":6,""n"":144,""p"":0.001,""prllel_1q"":Infinity,""prllel_2q"":6,""r"":20,""repump_cycles"":3,""seq_meas"":""False"",""seq_ops"":""True"",""swapLRC"":""False""}",
        64,         0,         0,   0.181,bposd,1d42788997c955656e1579c9a1cc0f31acae501b320f438e36e23d7b8de7dc11,"{""A"":""x3y0+x0y1+x0y2"",""B"":""x0y3+x1y0+x2y0"",""b"":""X"",""d"":12,""excl_opp_detectors"":""True"",""k"":12,""l"":12,""leak_heralds"":""False"",""leak_repump"":""False"",""leakage"":""False"",""loss"":""False"",""m"":6,""n"":144,""p"":0.001,""prllel_1q"":Infinity,""prllel_2q"":6,""r"":20,""repump_cycles"":3,""seq_meas"":""False"",""seq_ops"":""True"",""swapLRC"":""False""}",
       128,         0,         0,   0.424,bposd,1d42788997c955656e1579c9a1cc0f31acae501b320f438e36e23d7b8de7dc11,"{""A"":""x3y0+x0y1+x0y2"",""B"":""x0y3+x1y0+x2y0"",""b"":""X"",""d"":12,""excl_opp_detectors"":""True"",""k"":12,""l"":12,""leak_heralds"":""False"",""leak_repump"":""False"",""leakage"":""False"",""loss"":""False"",""m"":6,""n"":144,""p"":0.001,""prllel_1q"":Infinity,""prllel_2q"":6,""r"":20,""repump_cycles"":3,""seq_meas"":""False"",""seq_ops"":""True"",""swapLRC"":""False""}",
       256,         0,         0,   0.872,bposd,1d42788997c955656e1579c9a1cc0f31acae501b320f438e36e23d7b8de7dc11,"{""A"":""x3y0+x0y1+x0y2"",""B"":""x0y3+x1y0+x2y0"",""b"":""X"",""d"":12,""excl_opp_detectors"":""True"",""k"":12,""l"":12,""leak_heralds"":""False"",""leak_repump"":""False"",""leakage"":""False"",""loss"":""False"",""m"":6,""n"":144,""p"":0.001,""prllel_1q"":Infinity,""prllel_2q"":6,""r"":20,""repump_cycles"":3,""seq_meas"":""False"",""seq_ops"":""True"",""swapLRC"":""False""}",
       256,         0,         0,   0.841,bposd,1d42788997c955656e1579c9a1cc0f31acae501b320f438e36e23d7b8de7dc11,"{""A"":""x3y0+x0y1+x0y2"",""B"":""x0y3+x1y0+x2y0"",""b"":""X"",""d"":12,""excl_opp_detectors"":""True"",""k"":12,""l"":12,""leak_heralds"":""False"",""leak_repump"":""False"",""leakage"":""False"",""loss"":""False"",""m"":6,""n"":144,""p"":0.001,""prllel_1q"":Infinity,""prllel_2q"":6,""r"":20,""repump_cycles"":3,""seq_meas"":""False"",""seq_ops"":""True"",""swapLRC"":""False""}",
       256,         0,         0,    1.03,bposd,1d42788997c955656e1579c9a1cc0f31acae501b320f438e36e23d7b8de7dc11,"{""A"":""x3y0+x0y1+x0y2"",""B"":""x0y3+x1y0+x2y0"",""b"":""X"",""d"":12,""excl_opp_detectors"":""True"",""k"":12,""l"":12,""leak_heralds"":""False"",""leak_repump"":""False"",""leakage"":""False"",""loss"":""False"",""m"":6,""n"":144,""p"":0.001,""prllel_1q"":Infinity,""prllel_2q"":6,""r"":20,""repump_cycles"":3,""seq_meas"":""False"",""seq_ops"":""True"",""swapLRC"":""False""}",
       256,         0,         0,   0.931,bposd,1d42788997c955656e1579c9a1cc0f31acae501b320f438e36e23d7b8de7dc11,"{""A"":""x3y0+x0y1+x0y2"",""B"":""x0y3+x1y0+x2y0"",""b"":""X"",""d"":12,""excl_opp_detectors"":""True"",""k"":12,""l"":12,""leak_heralds"":""False"",""leak_repump"":""False"",""leakage"":""False"",""loss"":""False"",""m"":6,""n"":144,""p"":0.001,""prllel_1q"":Infinity,""prllel_2q"":6,""r"":20,""repump_cycles"":3,""seq_meas"":""False"",""seq_ops"":""True"",""swapLRC"":""False""}",
       256,         0,         0,    1.01,bposd,1d42788997c955656e1579c9a1cc0f31acae501b320f438e36e23d7b8de7dc11,"{""A"":""x3y0+x0y1+x0y2"",""B"":""x0y3+x1y0+x2y0"",""b"":""X"",""d"":12,""excl_opp_detectors"":""True"",""k"":12,""l"":12,""leak_heralds"":""False"",""leak_repump"":""False"",""leakage"":""False"",""loss"":""False"",""m"":6,""n"":144,""p"":0.001,""prllel_1q"":Infinity,""prllel_2q"":6,""r"":20,""repump_cycles"":3,""seq_meas"":""False"",""seq_ops"":""True"",""swapLRC"":""False""}",
       128,         0,         0,   0.643,bposd,1d42788997c955656e1579c9a1cc0f31acae501b320f438e36e23d7b8de7dc11,"{""A"":""x3y0+x0y1+x0y2"",""B"":""x0y3+x1y0+x2y0"",""b"":""X"",""d"":12,""excl_opp_detectors"":""True"",""k"":12,""l"":12,""leak_heralds"":""False"",""leak_repump"":""False"",""leakage"":""False"",""loss"":""False"",""m"":6,""n"":144,""p"":0.001,""prllel_1q"":Infinity,""prllel_2q"":6,""r"":20,""repump_cycles"":3,""seq_meas"":""False"",""seq_ops"":""True"",""swapLRC"":""False""}",
       256,         0,         0,   0.877,bposd,1d42788997c955656e1579c9a1cc0f31acae501b320f438e36e23d7b8de7dc11,"{""A"":""x3y0+x0y1+x0y2"",""B"":""x0y3+x1y0+x2y0"",""b"":""X"",""d"":12,""excl_opp_detectors"":""True"",""k"":12,""l"":12,""leak_heralds"":""False"",""leak_repump"":""False"",""leakage"":""False"",""loss"":""False"",""m"":6,""n"":144,""p"":0.001,""prllel_1q"":Infinity,""prllel_2q"":6,""r"":20,""repump_cycles"":3,""seq_meas"":""False"",""seq_ops"":""True"",""swapLRC"":""False""}",
       128,         0,         0,   0.379,bposd,1d42788997c955656e1579c9a1cc0f31acae501b320f438e36e23d7b8de7dc11,"{""A"":""x3y0+x0y1+x0y2"",""B"":""x0y3+x1y0+x2y0"",""b"":""X"",""d"":12,""excl_opp_detectors"":""True"",""k"":12,""l"":12,""leak_heralds"":""False"",""leak_repump"":""False"",""leakage"":""False"",""loss"":""False"",""m"":6,""n"":144,""p"":0.001,""prllel_1q"":Infinity,""prllel_2q"":6,""r"":20,""repump_cycles"":3,""seq_meas"":""False"",""seq_ops"":""True"",""swapLRC"":""False""}",
       256,         0,         0,   0.804,bposd,1d42788997c955656e1579c9a1cc0f31acae501b320f438e36e23d7b8de7dc11,"{""A"":""x3y0+x0y1+x0y2"",""B"":""x0y3+x1y0+x2y0"",""b"":""X"",""d"":12,""excl_opp_detectors"":""True"",""k"":12,""l"":12,""leak_heralds"":""False"",""leak_repump"":""False"",""leakage"":""False"",""loss"":""False"",""m"":6,""n"":144,""p"":0.001,""prllel_1q"":Infinity,""prllel_2q"":6,""r"":20,""repump_cycles"":3,""seq_meas"":""False"",""seq_ops"":""True"",""swapLRC"":""False""}",
       256,         0,         0,   0.798,bposd,1d42788997c955656e1579c9a1cc0f31acae501b320f438e36e23d7b8de7dc11,"{""A"":""x3y0+x0y1+x0y2"",""B"":""x0y3+x1y0+x2y0"",""b"":""X"",""d"":12,""excl_opp_detectors"":""True"",""k"":12,""l"":12,""leak_heralds"":""False"",""leak_repump"":""False"",""leakage"":""False"",""loss"":""False"",""m"":6,""n"":144,""p"":0.001,""prllel_1q"":Infinity,""prllel_2q"":6,""r"":20,""repump_cycles"":3,""seq_meas"":""False"",""seq_ops"":""True"",""swapLRC"":""False""}",
       256,         0,         0,   0.821,bposd,1d42788997c955656e1579c9a1cc0f31acae501b320f438e36e23d7b8de7dc11,"{""A"":""x3y0+x0y1+x0y2"",""B"":""x0y3+x1y0+x2y0"",""b"":""X"",""d"":12,""excl_opp_detectors"":""True"",""k"":12,""l"":12,""leak_heralds"":""False"",""leak_repump"":""False"",""leakage"":""False"",""loss"":""False"",""m"":6,""n"":144,""p"":0.001,""prllel_1q"":Infinity,""prllel_2q"":6,""r"":20,""repump_cycles"":3,""seq_meas"":""False"",""seq_ops"":""True"",""swapLRC"":""False""}",
       256,         0,         0,   0.774,bposd,1d42788997c955656e1579c9a1cc0f31acae501b320f438e36e23d7b8de7dc11,"{""A"":""x3y0+x0y1+x0y2"",""B"":""x0y3+x1y0+x2y0"",""b"":""X"",""d"":12,""excl_opp_detectors"":""True"",""k"":12,""l"":12,""leak_heralds"":""False"",""leak_repump"":""False"",""leakage"":""False"",""loss"":""False"",""m"":6,""n"":144,""p"":0.001,""prllel_1q"":Infinity,""prllel_2q"":6,""r"":20,""repump_cycles"":3,""seq_meas"":""False"",""seq_ops"":""True"",""swapLRC"":""False""}",
       256,         0,         0,   0.798,bposd,1d42788997c955656e1579c9a1cc0f31acae501b320f438e36e23d7b8de7dc11,"{""A"":""x3y0+x0y1+x0y2"",""B"":""x0y3+x1y0+x2y0"",""b"":""X"",""d"":12,""excl_opp_detectors"":""True"",""k"":12,""l"":12,""leak_heralds"":""False"",""leak_repump"":""False"",""leakage"":""False"",""loss"":""False"",""m"":6,""n"":144,""p"":0.001,""prllel_1q"":Infinity,""prllel_2q"":6,""r"":20,""repump_cycles"":3,""seq_meas"":""False"",""seq_ops"":""True"",""swapLRC"":""False""}",
       256,         0,         0,   0.832,bposd,1d42788997c955656e1579c9a1cc0f31acae501b320f438e36e23d7b8de7dc11,"{""A"":""x3y0+x0y1+x0y2"",""B"":""x0y3+x1y0+x2y0"",""b"":""X"",""d"":12,""excl_opp_detectors"":""True"",""k"":12,""l"":12,""leak_heralds"":""False"",""leak_repump"":""False"",""leakage"":""False"",""loss"":""False"",""m"":6,""n"":144,""p"":0.001,""prllel_1q"":Infinity,""prllel_2q"":6,""r"":20,""repump_cycles"":3,""seq_meas"":""False"",""seq_ops"":""True"",""swapLRC"":""False""}",
       256,         0,         0,   0.795,bposd,1d42788997c955656e1579c9a1cc0f31acae501b320f438e36e23d7b8de7dc11,"{""A"":""x3y0+x0y1+x0y2"",""B"":""x0y3+x1y0+x2y0"",""b"":""X"",""d"":12,""excl_opp_detectors"":""True"",""k"":12,""l"":12,""leak_heralds"":""False"",""leak_repump"":""False"",""leakage"":""False"",""loss"":""False"",""m"":6,""n"":144,""p"":0.001,""prllel_1q"":Infinity,""prllel_2q"":6,""r"":20,""repump_cycles"":3,""seq_meas"":""False"",""seq_ops"":""True"",""swapLRC"":""False""}",
       256,         0,         0,   0.891,bposd,1d42788997c955656e1579c9a1cc0f31acae501b320f438e36e23d7b8de7dc11,"{""A"":""x3y0+x0y1+x0y2"",""B"":""x0y3+x1y0+x2y0"",""b"":""X"",""d"":12,""excl_opp_detectors"":""True"",""k"":12,""l"":12,""leak_heralds"":""False"",""leak_repump"":""False"",""leakage"":""False"",""loss"":""False"",""m"":6,""n"":144,""p"":0.001,""prllel_1q"":Infinity,""prllel_2q"":6,""r"":20,""repump_cycles"":3,""seq_meas"":""False"",""seq_ops"":""True"",""swapLRC"":""False""}",
       128,         0,         0,    4.85,bposd,1d42788997c955656e1579c9a1cc0f31acae501b320f438e36e23d7b8de7dc11,"{""A"":""x3y0+x0y1+x0y2"",""B"":""x0y3+x1y0+x2y0"",""b"":""X"",""d"":12,""excl_opp_detectors"":""True"",""k"":12,""l"":12,""leak_heralds"":""False"",""leak_repump"":""False"",""leakage"":""False"",""loss"":""False"",""m"":6,""n"":144,""p"":0.001,""prllel_1q"":Infinity,""prllel_2q"":6,""r"":20,""repump_cycles"":3,""seq_meas"":""False"",""seq_ops"":""True"",""swapLRC"":""False""}",
       128,         0,         0,    4.82,bposd,1d42788997c955656e1579c9a1cc0f31acae501b320f438e36e23d7b8de7dc11,"{""A"":""x3y0+x0y1+x0y2"",""B"":""x0y3+x1y0+x2y0"",""b"":""X"",""d"":12,""excl_opp_detectors"":""True"",""k"":12,""l"":12,""leak_heralds"":""False"",""leak_repump"":""False"",""leakage"":""False"",""loss"":""False"",""m"":6,""n"":144,""p"":0.001,""prllel_1q"":Infinity,""prllel_2q"":6,""r"":20,""repump_cycles"":3,""seq_meas"":""False"",""seq_ops"":""True"",""swapLRC"":""False""}",
       256,         0,         0,   0.834,bposd,1d42788997c955656e1579c9a1cc0f31acae501b320f438e36e23d7b8de7dc11,"{""A"":""x3y0+x0y1+x0y2"",""B"":""x0y3+x1y0+x2y0"",""b"":""X"",""d"":12,""excl_opp_detectors"":""True"",""k"":12,""l"":12,""leak_heralds"":""False"",""leak_repump"":""False"",""leakage"":""False"",""loss"":""False"",""m"":6,""n"":144,""p"":0.001,""prllel_1q"":Infinity,""prllel_2q"":6,""r"":20,""repump_cycles"":3,""seq_meas"":""False"",""seq_ops"":""True"",""swapLRC"":""False""}",
       128,         0,         0,   0.396,bposd,1d42788997c955656e1579c9a1cc0f31acae501b320f438e36e23d7b8de7dc11,"{""A"":""x3y0+x0y1+x0y2"",""B"":""x0y3+x1y0+x2y0"",""b"":""X"",""d"":12,""excl_opp_detectors"":""True"",""k"":12,""l"":12,""leak_heralds"":""False"",""leak_repump"":""False"",""leakage"":""False"",""loss"":""False"",""m"":6,""n"":144,""p"":0.001,""prllel_1q"":Infinity,""prllel_2q"":6,""r"":20,""repump_cycles"":3,""seq_meas"":""False"",""seq_ops"":""True"",""swapLRC"":""False""}",
       256,         0,         0,   0.986,bposd,1d42788997c955656e1579c9a1cc0f31acae501b320f438e36e23d7b8de7dc11,"{""A"":""x3y0+x0y1+x0y2"",""B"":""x0y3+x1y0+x2y0"",""b"":""X"",""d"":12,""excl_opp_detectors"":""True"",""k"":12,""l"":12,""leak_heralds"":""False"",""leak_repump"":""False"",""leakage"":""False"",""loss"":""False"",""m"":6,""n"":144,""p"":0.001,""prllel_1q"":Infinity,""prllel_2q"":6,""r"":20,""repump_cycles"":3,""seq_meas"":""False"",""seq_ops"":""True"",""swapLRC"":""False""}",
       256,         0,         0,   0.955,bposd,1d42788997c955656e1579c9a1cc0f31acae501b320f438e36e23d7b8de7dc11,"{""A"":""x3y0+x0y1+x0y2"",""B"":""x0y3+x1y0+x2y0"",""b"":""X"",""d"":12,""excl_opp_detectors"":""True"",""k"":12,""l"":12,""leak_heralds"":""False"",""leak_repump"":""False"",""leakage"":""False"",""loss"":""False"",""m"":6,""n"":144,""p"":0.001,""prllel_1q"":Infinity,""prllel_2q"":6,""r"":20,""repump_cycles"":3,""seq_meas"":""False"",""seq_ops"":""True"",""swapLRC"":""False""}",
       256,         0,         0,    1.85,bposd,1d42788997c955656e1579c9a1cc0f31acae501b320f438e36e23d7b8de7dc11,"{""A"":""x3y0+x0y1+x0y2"",""B"":""x0y3+x1y0+x2y0"",""b"":""X"",""d"":12,""excl_opp_detectors"":""True"",""k"":12,""l"":12,""leak_heralds"":""False"",""leak_repump"":""False"",""leakage"":""False"",""loss"":""False"",""m"":6,""n"":144,""p"":0.001,""prllel_1q"":Infinity,""prllel_2q"":6,""r"":20,""repump_cycles"":3,""seq_meas"":""False"",""seq_ops"":""True"",""swapLRC"":""False""}",
       256,         0,         0,    1.11,bposd,1d42788997c955656e1579c9a1cc0f31acae501b320f438e36e23d7b8de7dc11,"{""A"":""x3y0+x0y1+x0y2"",""B"":""x0y3+x1y0+x2y0"",""b"":""X"",""d"":12,""excl_opp_detectors"":""True"",""k"":12,""l"":12,""leak_heralds"":""False"",""leak_repump"":""False"",""leakage"":""False"",""loss"":""False"",""m"":6,""n"":144,""p"":0.001,""prllel_1q"":Infinity,""prllel_2q"":6,""r"":20,""repump_cycles"":3,""seq_meas"":""False"",""seq_ops"":""True"",""swapLRC"":""False""}",
       256,         0,         0,   0.942,bposd,1d42788997c955656e1579c9a1cc0f31acae501b320f438e36e23d7b8de7dc11,"{""A"":""x3y0+x0y1+x0y2"",""B"":""x0y3+x1y0+x2y0"",""b"":""X"",""d"":12,""excl_opp_detectors"":""True"",""k"":12,""l"":12,""leak_heralds"":""False"",""leak_repump"":""False"",""leakage"":""False"",""loss"":""False"",""m"":6,""n"":144,""p"":0.001,""prllel_1q"":Infinity,""prllel_2q"":6,""r"":20,""repump_cycles"":3,""seq_meas"":""False"",""seq_ops"":""True"",""swapLRC"":""False""}",
       256,         0,         0,   0.927,bposd,1d42788997c955656e1579c9a1cc0f31acae501b320f438e36e23d7b8de7dc11,"{""A"":""x3y0+x0y1+x0y2"",""B"":""x0y3+x1y0+x2y0"",""b"":""X"",""d"":12,""excl_opp_detectors"":""True"",""k"":12,""l"":12,""leak_heralds"":""False"",""leak_repump"":""False"",""leakage"":""False"",""loss"":""False"",""m"":6,""n"":144,""p"":0.001,""prllel_1q"":Infinity,""prllel_2q"":6,""r"":20,""repump_cycles"":3,""seq_meas"":""False"",""seq_ops"":""True"",""swapLRC"":""False""}",
       256,         0,         0,   0.889,bposd,1d42788997c955656e1579c9a1cc0f31acae501b320f438e36e23d7b8de7dc11,"{""A"":""x3y0+x0y1+x0y2"",""B"":""x0y3+x1y0+x2y0"",""b"":""X"",""d"":12,""excl_opp_detectors"":""True"",""k"":12,""l"":12,""leak_heralds"":""False"",""leak_repump"":""False"",""leakage"":""False"",""loss"":""False"",""m"":6,""n"":144,""p"":0.001,""prllel_1q"":Infinity,""prllel_2q"":6,""r"":20,""repump_cycles"":3,""seq_meas"":""False"",""seq_ops"":""True"",""swapLRC"":""False""}",
       256,         0,         0,   0.903,bposd,1d42788997c955656e1579c9a1cc0f31acae501b320f438e36e23d7b8de7dc11,"{""A"":""x3y0+x0y1+x0y2"",""B"":""x0y3+x1y0+x2y0"",""b"":""X"",""d"":12,""excl_opp_detectors"":""True"",""k"":12,""l"":12,""leak_heralds"":""False"",""leak_repump"":""False"",""leakage"":""False"",""loss"":""False"",""m"":6,""n"":144,""p"":0.001,""prllel_1q"":Infinity,""prllel_2q"":6,""r"":20,""repump_cycles"":3,""seq_meas"":""False"",""seq_ops"":""True"",""swapLRC"":""False""}",
       256,         0,         0,    1.00,bposd,1d42788997c955656e1579c9a1cc0f31acae501b320f438e36e23d7b8de7dc11,"{""A"":""x3y0+x0y1+x0y2"",""B"":""x0y3+x1y0+x2y0"",""b"":""X"",""d"":12,""excl_opp_detectors"":""True"",""k"":12,""l"":12,""leak_heralds"":""False"",""leak_repump"":""False"",""leakage"":""False"",""loss"":""False"",""m"":6,""n"":144,""p"":0.001,""prllel_1q"":Infinity,""prllel_2q"":6,""r"":20,""repump_cycles"":3,""seq_meas"":""False"",""seq_ops"":""True"",""swapLRC"":""False""}",
       256,         0,         0,   0.877,bposd,1d42788997c955656e1579c9a1cc0f31acae501b320f438e36e23d7b8de7dc11,"{""A"":""x3y0+x0y1+x0y2"",""B"":""x0y3+x1y0+x2y0"",""b"":""X"",""d"":12,""excl_opp_detectors"":""True"",""k"":12,""l"":12,""leak_heralds"":""False"",""leak_repump"":""False"",""leakage"":""False"",""loss"":""False"",""m"":6,""n"":144,""p"":0.001,""prllel_1q"":Infinity,""prllel_2q"":6,""r"":20,""repump_cycles"":3,""seq_meas"":""False"",""seq_ops"":""True"",""swapLRC"":""False""}",
       256,         0,         0,   0.780,bposd,1d42788997c955656e1579c9a1cc0f31acae501b320f438e36e23d7b8de7dc11,"{""A"":""x3y0+x0y1+x0y2"",""B"":""x0y3+x1y0+x2y0"",""b"":""X"",""d"":12,""excl_opp_detectors"":""True"",""k"":12,""l"":12,""leak_heralds"":""False"",""leak_repump"":""False"",""leakage"":""False"",""loss"":""False"",""m"":6,""n"":144,""p"":0.001,""prllel_1q"":Infinity,""prllel_2q"":6,""r"":20,""repump_cycles"":3,""seq_meas"":""False"",""seq_ops"":""True"",""swapLRC"":""False""}",
       256,         0,         0,   0.938,bposd,1d42788997c955656e1579c9a1cc0f31acae501b320f438e36e23d7b8de7dc11,"{""A"":""x3y0+x0y1+x0y2"",""B"":""x0y3+x1y0+x2y0"",""b"":""X"",""d"":12,""excl_opp_detectors"":""True"",""k"":12,""l"":12,""leak_heralds"":""False"",""leak_repump"":""False"",""leakage"":""False"",""loss"":""False"",""m"":6,""n"":144,""p"":0.001,""prllel_1q"":Infinity,""prllel_2q"":6,""r"":20,""repump_cycles"":3,""seq_meas"":""False"",""seq_ops"":""True"",""swapLRC"":""False""}",
        64,         0,         0,   0.214,bposd,1d42788997c955656e1579c9a1cc0f31acae501b320f438e36e23d7b8de7dc11,"{""A"":""x3y0+x0y1+x0y2"",""B"":""x0y3+x1y0+x2y0"",""b"":""X"",""d"":12,""excl_opp_detectors"":""True"",""k"":12,""l"":12,""leak_heralds"":""False"",""leak_repump"":""False"",""leakage"":""False"",""loss"":""False"",""m"":6,""n"":144,""p"":0.001,""prllel_1q"":Infinity,""prllel_2q"":6,""r"":20,""repump_cycles"":3,""seq_meas"":""False"",""seq_ops"":""True"",""swapLRC"":""False""}",
       256,         0,         0,   0.820,bposd,1d42788997c955656e1579c9a1cc0f31acae501b320f438e36e23d7b8de7dc11,"{""A"":""x3y0+x0y1+x0y2"",""B"":""x0y3+x1y0+x2y0"",""b"":""X"",""d"":12,""excl_opp_detectors"":""True"",""k"":12,""l"":12,""leak_heralds"":""False"",""leak_repump"":""False"",""leakage"":""False"",""loss"":""False"",""m"":6,""n"":144,""p"":0.001,""prllel_1q"":Infinity,""prllel_2q"":6,""r"":20,""repump_cycles"":3,""seq_meas"":""False"",""seq_ops"":""True"",""swapLRC"":""False""}",
       128,         0,         0,    2.41,bposd,1d42788997c955656e1579c9a1cc0f31acae501b320f438e36e23d7b8de7dc11,"{""A"":""x3y0+x0y1+x0y2"",""B"":""x0y3+x1y0+x2y0"",""b"":""X"",""d"":12,""excl_opp_detectors"":""True"",""k"":12,""l"":12,""leak_heralds"":""False"",""leak_repump"":""False"",""leakage"":""False"",""loss"":""False"",""m"":6,""n"":144,""p"":0.001,""prllel_1q"":Infinity,""prllel_2q"":6,""r"":20,""repump_cycles"":3,""seq_meas"":""False"",""seq_ops"":""True"",""swapLRC"":""False""}",
       256,         0,         0,   0.795,bposd,1d42788997c955656e1579c9a1cc0f31acae501b320f438e36e23d7b8de7dc11,"{""A"":""x3y0+x0y1+x0y2"",""B"":""x0y3+x1y0+x2y0"",""b"":""X"",""d"":12,""excl_opp_detectors"":""True"",""k"":12,""l"":12,""leak_heralds"":""False"",""leak_repump"":""False"",""leakage"":""False"",""loss"":""False"",""m"":6,""n"":144,""p"":0.001,""prllel_1q"":Infinity,""prllel_2q"":6,""r"":20,""repump_cycles"":3,""seq_meas"":""False"",""seq_ops"":""True"",""swapLRC"":""False""}",
       256,         0,         0,   0.895,bposd,1d42788997c955656e1579c9a1cc0f31acae501b320f438e36e23d7b8de7dc11,"{""A"":""x3y0+x0y1+x0y2"",""B"":""x0y3+x1y0+x2y0"",""b"":""X"",""d"":12,""excl_opp_detectors"":""True"",""k"":12,""l"":12,""leak_heralds"":""False"",""leak_repump"":""False"",""leakage"":""False"",""loss"":""False"",""m"":6,""n"":144,""p"":0.001,""prllel_1q"":Infinity,""prllel_2q"":6,""r"":20,""repump_cycles"":3,""seq_meas"":""False"",""seq_ops"":""True"",""swapLRC"":""False""}",
        64,         0,         0,   0.272,bposd,1d42788997c955656e1579c9a1cc0f31acae501b320f438e36e23d7b8de7dc11,"{""A"":""x3y0+x0y1+x0y2"",""B"":""x0y3+x1y0+x2y0"",""b"":""X"",""d"":12,""excl_opp_detectors"":""True"",""k"":12,""l"":12,""leak_heralds"":""False"",""leak_repump"":""False"",""leakage"":""False"",""loss"":""False"",""m"":6,""n"":144,""p"":0.001,""prllel_1q"":Infinity,""prllel_2q"":6,""r"":20,""repump_cycles"":3,""seq_meas"":""False"",""seq_ops"":""True"",""swapLRC"":""False""}",
       384,         0,         0,    1.14,bposd,1d42788997c955656e1579c9a1cc0f31acae501b320f438e36e23d7b8de7dc11,"{""A"":""x3y0+x0y1+x0y2"",""B"":""x0y3+x1y0+x2y0"",""b"":""X"",""d"":12,""excl_opp_detectors"":""True"",""k"":12,""l"":12,""leak_heralds"":""False"",""leak_repump"":""False"",""leakage"":""False"",""loss"":""False"",""m"":6,""n"":144,""p"":0.001,""prllel_1q"":Infinity,""prllel_2q"":6,""r"":20,""repump_cycles"":3,""seq_meas"":""False"",""seq_ops"":""True"",""swapLRC"":""False""}",
       128,         0,         0,   0.457,bposd,1d42788997c955656e1579c9a1cc0f31acae501b320f438e36e23d7b8de7dc11,"{""A"":""x3y0+x0y1+x0y2"",""B"":""x0y3+x1y0+x2y0"",""b"":""X"",""d"":12,""excl_opp_detectors"":""True"",""k"":12,""l"":12,""leak_heralds"":""False"",""leak_repump"":""False"",""leakage"":""False"",""loss"":""False"",""m"":6,""n"":144,""p"":0.001,""prllel_1q"":Infinity,""prllel_2q"":6,""r"":20,""repump_cycles"":3,""seq_meas"":""False"",""seq_ops"":""True"",""swapLRC"":""False""}",
       256,         0,         0,   0.832,bposd,1d42788997c955656e1579c9a1cc0f31acae501b320f438e36e23d7b8de7dc11,"{""A"":""x3y0+x0y1+x0y2"",""B"":""x0y3+x1y0+x2y0"",""b"":""X"",""d"":12,""excl_opp_detectors"":""True"",""k"":12,""l"":12,""leak_heralds"":""False"",""leak_repump"":""False"",""leakage"":""False"",""loss"":""False"",""m"":6,""n"":144,""p"":0.001,""prllel_1q"":Infinity,""prllel_2q"":6,""r"":20,""repump_cycles"":3,""seq_meas"":""False"",""seq_ops"":""True"",""swapLRC"":""False""}",
       256,         0,         0,   0.944,bposd,1d42788997c955656e1579c9a1cc0f31acae501b320f438e36e23d7b8de7dc11,"{""A"":""x3y0+x0y1+x0y2"",""B"":""x0y3+x1y0+x2y0"",""b"":""X"",""d"":12,""excl_opp_detectors"":""True"",""k"":12,""l"":12,""leak_heralds"":""False"",""leak_repump"":""False"",""leakage"":""False"",""loss"":""False"",""m"":6,""n"":144,""p"":0.001,""prllel_1q"":Infinity,""prllel_2q"":6,""r"":20,""repump_cycles"":3,""seq_meas"":""False"",""seq_ops"":""True"",""swapLRC"":""False""}",
       256,         0,         0,   0.875,bposd,1d42788997c955656e1579c9a1cc0f31acae501b320f438e36e23d7b8de7dc11,"{""A"":""x3y0+x0y1+x0y2"",""B"":""x0y3+x1y0+x2y0"",""b"":""X"",""d"":12,""excl_opp_detectors"":""True"",""k"":12,""l"":12,""leak_heralds"":""False"",""leak_repump"":""False"",""leakage"":""False"",""loss"":""False"",""m"":6,""n"":144,""p"":0.001,""prllel_1q"":Infinity,""prllel_2q"":6,""r"":20,""repump_cycles"":3,""seq_meas"":""False"",""seq_ops"":""True"",""swapLRC"":""False""}",
       256,         0,         0,   0.945,bposd,1d42788997c955656e1579c9a1cc0f31acae501b320f438e36e23d7b8de7dc11,"{""A"":""x3y0+x0y1+x0y2"",""B"":""x0y3+x1y0+x2y0"",""b"":""X"",""d"":12,""excl_opp_detectors"":""True"",""k"":12,""l"":12,""leak_heralds"":""False"",""leak_repump"":""False"",""leakage"":""False"",""loss"":""False"",""m"":6,""n"":144,""p"":0.001,""prllel_1q"":Infinity,""prllel_2q"":6,""r"":20,""repump_cycles"":3,""seq_meas"":""False"",""seq_ops"":""True"",""swapLRC"":""False""}",
       256,         0,         0,   0.828,bposd,1d42788997c955656e1579c9a1cc0f31acae501b320f438e36e23d7b8de7dc11,"{""A"":""x3y0+x0y1+x0y2"",""B"":""x0y3+x1y0+x2y0"",""b"":""X"",""d"":12,""excl_opp_detectors"":""True"",""k"":12,""l"":12,""leak_heralds"":""False"",""leak_repump"":""False"",""leakage"":""False"",""loss"":""False"",""m"":6,""n"":144,""p"":0.001,""prllel_1q"":Infinity,""prllel_2q"":6,""r"":20,""repump_cycles"":3,""seq_meas"":""False"",""seq_ops"":""True"",""swapLRC"":""False""}",
       128,         0,         0,   0.420,bposd,1d42788997c955656e1579c9a1cc0f31acae501b320f438e36e23d7b8de7dc11,"{""A"":""x3y0+x0y1+x0y2"",""B"":""x0y3+x1y0+x2y0"",""b"":""X"",""d"":12,""excl_opp_detectors"":""True"",""k"":12,""l"":12,""leak_heralds"":""False"",""leak_repump"":""False"",""leakage"":""False"",""loss"":""False"",""m"":6,""n"":144,""p"":0.001,""prllel_1q"":Infinity,""prllel_2q"":6,""r"":20,""repump_cycles"":3,""seq_meas"":""False"",""seq_ops"":""True"",""swapLRC"":""False""}",
       256,         0,         0,   0.859,bposd,1d42788997c955656e1579c9a1cc0f31acae501b320f438e36e23d7b8de7dc11,"{""A"":""x3y0+x0y1+x0y2"",""B"":""x0y3+x1y0+x2y0"",""b"":""X"",""d"":12,""excl_opp_detectors"":""True"",""k"":12,""l"":12,""leak_heralds"":""False"",""leak_repump"":""False"",""leakage"":""False"",""loss"":""False"",""m"":6,""n"":144,""p"":0.001,""prllel_1q"":Infinity,""prllel_2q"":6,""r"":20,""repump_cycles"":3,""seq_meas"":""False"",""seq_ops"":""True"",""swapLRC"":""False""}",
       256,         0,         0,   0.889,bposd,1d42788997c955656e1579c9a1cc0f31acae501b320f438e36e23d7b8de7dc11,"{""A"":""x3y0+x0y1+x0y2"",""B"":""x0y3+x1y0+x2y0"",""b"":""X"",""d"":12,""excl_opp_detectors"":""True"",""k"":12,""l"":12,""leak_heralds"":""False"",""leak_repump"":""False"",""leakage"":""False"",""loss"":""False"",""m"":6,""n"":144,""p"":0.001,""prllel_1q"":Infinity,""prllel_2q"":6,""r"":20,""repump_cycles"":3,""seq_meas"":""False"",""seq_ops"":""True"",""swapLRC"":""False""}",
       384,         0,         0,    1.18,bposd,1d42788997c955656e1579c9a1cc0f31acae501b320f438e36e23d7b8de7dc11,"{""A"":""x3y0+x0y1+x0y2"",""B"":""x0y3+x1y0+x2y0"",""b"":""X"",""d"":12,""excl_opp_detectors"":""True"",""k"":12,""l"":12,""leak_heralds"":""False"",""leak_repump"":""False"",""leakage"":""False"",""loss"":""False"",""m"":6,""n"":144,""p"":0.001,""prllel_1q"":Infinity,""prllel_2q"":6,""r"":20,""repump_cycles"":3,""seq_meas"":""False"",""seq_ops"":""True"",""swapLRC"":""False""}",
       256,         0,         0,   0.922,bposd,1d42788997c955656e1579c9a1cc0f31acae501b320f438e36e23d7b8de7dc11,"{""A"":""x3y0+x0y1+x0y2"",""B"":""x0y3+x1y0+x2y0"",""b"":""X"",""d"":12,""excl_opp_detectors"":""True"",""k"":12,""l"":12,""leak_heralds"":""False"",""leak_repump"":""False"",""leakage"":""False"",""loss"":""False"",""m"":6,""n"":144,""p"":0.001,""prllel_1q"":Infinity,""prllel_2q"":6,""r"":20,""repump_cycles"":3,""seq_meas"":""False"",""seq_ops"":""True"",""swapLRC"":""False""}",
       384,         0,         0,    1.19,bposd,1d42788997c955656e1579c9a1cc0f31acae501b320f438e36e23d7b8de7dc11,"{""A"":""x3y0+x0y1+x0y2"",""B"":""x0y3+x1y0+x2y0"",""b"":""X"",""d"":12,""excl_opp_detectors"":""True"",""k"":12,""l"":12,""leak_heralds"":""False"",""leak_repump"":""False"",""leakage"":""False"",""loss"":""False"",""m"":6,""n"":144,""p"":0.001,""prllel_1q"":Infinity,""prllel_2q"":6,""r"":20,""repump_cycles"":3,""seq_meas"":""False"",""seq_ops"":""True"",""swapLRC"":""False""}",
       256,         0,         0,   0.900,bposd,1d42788997c955656e1579c9a1cc0f31acae501b320f438e36e23d7b8de7dc11,"{""A"":""x3y0+x0y1+x0y2"",""B"":""x0y3+x1y0+x2y0"",""b"":""X"",""d"":12,""excl_opp_detectors"":""True"",""k"":12,""l"":12,""leak_heralds"":""False"",""leak_repump"":""False"",""leakage"":""False"",""loss"":""False"",""m"":6,""n"":144,""p"":0.001,""prllel_1q"":Infinity,""prllel_2q"":6,""r"":20,""repump_cycles"":3,""seq_meas"":""False"",""seq_ops"":""True"",""swapLRC"":""False""}",
       384,         0,         0,    1.11,bposd,1d42788997c955656e1579c9a1cc0f31acae501b320f438e36e23d7b8de7dc11,"{""A"":""x3y0+x0y1+x0y2"",""B"":""x0y3+x1y0+x2y0"",""b"":""X"",""d"":12,""excl_opp_detectors"":""True"",""k"":12,""l"":12,""leak_heralds"":""False"",""leak_repump"":""False"",""leakage"":""False"",""loss"":""False"",""m"":6,""n"":144,""p"":0.001,""prllel_1q"":Infinity,""prllel_2q"":6,""r"":20,""repump_cycles"":3,""seq_meas"":""False"",""seq_ops"":""True"",""swapLRC"":""False""}",
       256,         0,         0,   0.867,bposd,1d42788997c955656e1579c9a1cc0f31acae501b320f438e36e23d7b8de7dc11,"{""A"":""x3y0+x0y1+x0y2"",""B"":""x0y3+x1y0+x2y0"",""b"":""X"",""d"":12,""excl_opp_detectors"":""True"",""k"":12,""l"":12,""leak_heralds"":""False"",""leak_repump"":""False"",""leakage"":""False"",""loss"":""False"",""m"":6,""n"":144,""p"":0.001,""prllel_1q"":Infinity,""prllel_2q"":6,""r"":20,""repump_cycles"":3,""seq_meas"":""False"",""seq_ops"":""True"",""swapLRC"":""False""}",
       128,         0,         0,    1.15,bposd,1d42788997c955656e1579c9a1cc0f31acae501b320f438e36e23d7b8de7dc11,"{""A"":""x3y0+x0y1+x0y2"",""B"":""x0y3+x1y0+x2y0"",""b"":""X"",""d"":12,""excl_opp_detectors"":""True"",""k"":12,""l"":12,""leak_heralds"":""False"",""leak_repump"":""False"",""leakage"":""False"",""loss"":""False"",""m"":6,""n"":144,""p"":0.001,""prllel_1q"":Infinity,""prllel_2q"":6,""r"":20,""repump_cycles"":3,""seq_meas"":""False"",""seq_ops"":""True"",""swapLRC"":""False""}",
       256,         0,         0,   0.822,bposd,1d42788997c955656e1579c9a1cc0f31acae501b320f438e36e23d7b8de7dc11,"{""A"":""x3y0+x0y1+x0y2"",""B"":""x0y3+x1y0+x2y0"",""b"":""X"",""d"":12,""excl_opp_detectors"":""True"",""k"":12,""l"":12,""leak_heralds"":""False"",""leak_repump"":""False"",""leakage"":""False"",""loss"":""False"",""m"":6,""n"":144,""p"":0.001,""prllel_1q"":Infinity,""prllel_2q"":6,""r"":20,""repump_cycles"":3,""seq_meas"":""False"",""seq_ops"":""True"",""swapLRC"":""False""}",
       128,         0,         0,   0.420,bposd,1d42788997c955656e1579c9a1cc0f31acae501b320f438e36e23d7b8de7dc11,"{""A"":""x3y0+x0y1+x0y2"",""B"":""x0y3+x1y0+x2y0"",""b"":""X"",""d"":12,""excl_opp_detectors"":""True"",""k"":12,""l"":12,""leak_heralds"":""False"",""leak_repump"":""False"",""leakage"":""False"",""loss"":""False"",""m"":6,""n"":144,""p"":0.001,""prllel_1q"":Infinity,""prllel_2q"":6,""r"":20,""repump_cycles"":3,""seq_meas"":""False"",""seq_ops"":""True"",""swapLRC"":""False""}",
       128,         0,         0,    4.93,bposd,1d42788997c955656e1579c9a1cc0f31acae501b320f438e36e23d7b8de7dc11,"{""A"":""x3y0+x0y1+x0y2"",""B"":""x0y3+x1y0+x2y0"",""b"":""X"",""d"":12,""excl_opp_detectors"":""True"",""k"":12,""l"":12,""leak_heralds"":""False"",""leak_repump"":""False"",""leakage"":""False"",""loss"":""False"",""m"":6,""n"":144,""p"":0.001,""prllel_1q"":Infinity,""prllel_2q"":6,""r"":20,""repump_cycles"":3,""seq_meas"":""False"",""seq_ops"":""True"",""swapLRC"":""False""}",
       256,         0,         0,   0.888,bposd,1d42788997c955656e1579c9a1cc0f31acae501b320f438e36e23d7b8de7dc11,"{""A"":""x3y0+x0y1+x0y2"",""B"":""x0y3+x1y0+x2y0"",""b"":""X"",""d"":12,""excl_opp_detectors"":""True"",""k"":12,""l"":12,""leak_heralds"":""False"",""leak_repump"":""False"",""leakage"":""False"",""loss"":""False"",""m"":6,""n"":144,""p"":0.001,""prllel_1q"":Infinity,""prllel_2q"":6,""r"":20,""repump_cycles"":3,""seq_meas"":""False"",""seq_ops"":""True"",""swapLRC"":""False""}",
       384,         0,         0,    1.22,bposd,1d42788997c955656e1579c9a1cc0f31acae501b320f438e36e23d7b8de7dc11,"{""A"":""x3y0+x0y1+x0y2"",""B"":""x0y3+x1y0+x2y0"",""b"":""X"",""d"":12,""excl_opp_detectors"":""True"",""k"":12,""l"":12,""leak_heralds"":""False"",""leak_repump"":""False"",""leakage"":""False"",""loss"":""False"",""m"":6,""n"":144,""p"":0.001,""prllel_1q"":Infinity,""prllel_2q"":6,""r"":20,""repump_cycles"":3,""seq_meas"":""False"",""seq_ops"":""True"",""swapLRC"":""False""}",
       256,         0,         0,   0.915,bposd,1d42788997c955656e1579c9a1cc0f31acae501b320f438e36e23d7b8de7dc11,"{""A"":""x3y0+x0y1+x0y2"",""B"":""x0y3+x1y0+x2y0"",""b"":""X"",""d"":12,""excl_opp_detectors"":""True"",""k"":12,""l"":12,""leak_heralds"":""False"",""leak_repump"":""False"",""leakage"":""False"",""loss"":""False"",""m"":6,""n"":144,""p"":0.001,""prllel_1q"":Infinity,""prllel_2q"":6,""r"":20,""repump_cycles"":3,""seq_meas"":""False"",""seq_ops"":""True"",""swapLRC"":""False""}",
       256,         0,         0,   0.851,bposd,1d42788997c955656e1579c9a1cc0f31acae501b320f438e36e23d7b8de7dc11,"{""A"":""x3y0+x0y1+x0y2"",""B"":""x0y3+x1y0+x2y0"",""b"":""X"",""d"":12,""excl_opp_detectors"":""True"",""k"":12,""l"":12,""leak_heralds"":""False"",""leak_repump"":""False"",""leakage"":""False"",""loss"":""False"",""m"":6,""n"":144,""p"":0.001,""prllel_1q"":Infinity,""prllel_2q"":6,""r"":20,""repump_cycles"":3,""seq_meas"":""False"",""seq_ops"":""True"",""swapLRC"":""False""}",
       128,         0,         0,   0.454,bposd,1d42788997c955656e1579c9a1cc0f31acae501b320f438e36e23d7b8de7dc11,"{""A"":""x3y0+x0y1+x0y2"",""B"":""x0y3+x1y0+x2y0"",""b"":""X"",""d"":12,""excl_opp_detectors"":""True"",""k"":12,""l"":12,""leak_heralds"":""False"",""leak_repump"":""False"",""leakage"":""False"",""loss"":""False"",""m"":6,""n"":144,""p"":0.001,""prllel_1q"":Infinity,""prllel_2q"":6,""r"":20,""repump_cycles"":3,""seq_meas"":""False"",""seq_ops"":""True"",""swapLRC"":""False""}",
       256,         0,         0,   0.883,bposd,1d42788997c955656e1579c9a1cc0f31acae501b320f438e36e23d7b8de7dc11,"{""A"":""x3y0+x0y1+x0y2"",""B"":""x0y3+x1y0+x2y0"",""b"":""X"",""d"":12,""excl_opp_detectors"":""True"",""k"":12,""l"":12,""leak_heralds"":""False"",""leak_repump"":""False"",""leakage"":""False"",""loss"":""False"",""m"":6,""n"":144,""p"":0.001,""prllel_1q"":Infinity,""prllel_2q"":6,""r"":20,""repump_cycles"":3,""seq_meas"":""False"",""seq_ops"":""True"",""swapLRC"":""False""}",
       384,         0,         0,    1.15,bposd,1d42788997c955656e1579c9a1cc0f31acae501b320f438e36e23d7b8de7dc11,"{""A"":""x3y0+x0y1+x0y2"",""B"":""x0y3+x1y0+x2y0"",""b"":""X"",""d"":12,""excl_opp_detectors"":""True"",""k"":12,""l"":12,""leak_heralds"":""False"",""leak_repump"":""False"",""leakage"":""False"",""loss"":""False"",""m"":6,""n"":144,""p"":0.001,""prllel_1q"":Infinity,""prllel_2q"":6,""r"":20,""repump_cycles"":3,""seq_meas"":""False"",""seq_ops"":""True"",""swapLRC"":""False""}",
       128,         0,         0,   0.524,bposd,1d42788997c955656e1579c9a1cc0f31acae501b320f438e36e23d7b8de7dc11,"{""A"":""x3y0+x0y1+x0y2"",""B"":""x0y3+x1y0+x2y0"",""b"":""X"",""d"":12,""excl_opp_detectors"":""True"",""k"":12,""l"":12,""leak_heralds"":""False"",""leak_repump"":""False"",""leakage"":""False"",""loss"":""False"",""m"":6,""n"":144,""p"":0.001,""prllel_1q"":Infinity,""prllel_2q"":6,""r"":20,""repump_cycles"":3,""seq_meas"":""False"",""seq_ops"":""True"",""swapLRC"":""False""}",
       256,         0,         0,   0.879,bposd,1d42788997c955656e1579c9a1cc0f31acae501b320f438e36e23d7b8de7dc11,"{""A"":""x3y0+x0y1+x0y2"",""B"":""x0y3+x1y0+x2y0"",""b"":""X"",""d"":12,""excl_opp_detectors"":""True"",""k"":12,""l"":12,""leak_heralds"":""False"",""leak_repump"":""False"",""leakage"":""False"",""loss"":""False"",""m"":6,""n"":144,""p"":0.001,""prllel_1q"":Infinity,""prllel_2q"":6,""r"":20,""repump_cycles"":3,""seq_meas"":""False"",""seq_ops"":""True"",""swapLRC"":""False""}",
       256,         0,         0,   0.941,bposd,1d42788997c955656e1579c9a1cc0f31acae501b320f438e36e23d7b8de7dc11,"{""A"":""x3y0+x0y1+x0y2"",""B"":""x0y3+x1y0+x2y0"",""b"":""X"",""d"":12,""excl_opp_detectors"":""True"",""k"":12,""l"":12,""leak_heralds"":""False"",""leak_repump"":""False"",""leakage"":""False"",""loss"":""False"",""m"":6,""n"":144,""p"":0.001,""prllel_1q"":Infinity,""prllel_2q"":6,""r"":20,""repump_cycles"":3,""seq_meas"":""False"",""seq_ops"":""True"",""swapLRC"":""False""}",
       384,         0,         0,    1.18,bposd,1d42788997c955656e1579c9a1cc0f31acae501b320f438e36e23d7b8de7dc11,"{""A"":""x3y0+x0y1+x0y2"",""B"":""x0y3+x1y0+x2y0"",""b"":""X"",""d"":12,""excl_opp_detectors"":""True"",""k"":12,""l"":12,""leak_heralds"":""False"",""leak_repump"":""False"",""leakage"":""False"",""loss"":""False"",""m"":6,""n"":144,""p"":0.001,""prllel_1q"":Infinity,""prllel_2q"":6,""r"":20,""repump_cycles"":3,""seq_meas"":""False"",""seq_ops"":""True"",""swapLRC"":""False""}",
       256,         0,         0,    1.20,bposd,1d42788997c955656e1579c9a1cc0f31acae501b320f438e36e23d7b8de7dc11,"{""A"":""x3y0+x0y1+x0y2"",""B"":""x0y3+x1y0+x2y0"",""b"":""X"",""d"":12,""excl_opp_detectors"":""True"",""k"":12,""l"":12,""leak_heralds"":""False"",""leak_repump"":""False"",""leakage"":""False"",""loss"":""False"",""m"":6,""n"":144,""p"":0.001,""prllel_1q"":Infinity,""prllel_2q"":6,""r"":20,""repump_cycles"":3,""seq_meas"":""False"",""seq_ops"":""True"",""swapLRC"":""False""}",
        64,         0,         0,   0.202,bposd,1d42788997c955656e1579c9a1cc0f31acae501b320f438e36e23d7b8de7dc11,"{""A"":""x3y0+x0y1+x0y2"",""B"":""x0y3+x1y0+x2y0"",""b"":""X"",""d"":12,""excl_opp_detectors"":""True"",""k"":12,""l"":12,""leak_heralds"":""False"",""leak_repump"":""False"",""leakage"":""False"",""loss"":""False"",""m"":6,""n"":144,""p"":0.001,""prllel_1q"":Infinity,""prllel_2q"":6,""r"":20,""repump_cycles"":3,""seq_meas"":""False"",""seq_ops"":""True"",""swapLRC"":""False""}",
       128,         0,         0,   0.390,bposd,1d42788997c955656e1579c9a1cc0f31acae501b320f438e36e23d7b8de7dc11,"{""A"":""x3y0+x0y1+x0y2"",""B"":""x0y3+x1y0+x2y0"",""b"":""X"",""d"":12,""excl_opp_detectors"":""True"",""k"":12,""l"":12,""leak_heralds"":""False"",""leak_repump"":""False"",""leakage"":""False"",""loss"":""False"",""m"":6,""n"":144,""p"":0.001,""prllel_1q"":Infinity,""prllel_2q"":6,""r"":20,""repump_cycles"":3,""seq_meas"":""False"",""seq_ops"":""True"",""swapLRC"":""False""}",
       384,         0,         0,    1.14,bposd,1d42788997c955656e1579c9a1cc0f31acae501b320f438e36e23d7b8de7dc11,"{""A"":""x3y0+x0y1+x0y2"",""B"":""x0y3+x1y0+x2y0"",""b"":""X"",""d"":12,""excl_opp_detectors"":""True"",""k"":12,""l"":12,""leak_heralds"":""False"",""leak_repump"":""False"",""leakage"":""False"",""loss"":""False"",""m"":6,""n"":144,""p"":0.001,""prllel_1q"":Infinity,""prllel_2q"":6,""r"":20,""repump_cycles"":3,""seq_meas"":""False"",""seq_ops"":""True"",""swapLRC"":""False""}",
       256,         0,         0,   0.800,bposd,1d42788997c955656e1579c9a1cc0f31acae501b320f438e36e23d7b8de7dc11,"{""A"":""x3y0+x0y1+x0y2"",""B"":""x0y3+x1y0+x2y0"",""b"":""X"",""d"":12,""excl_opp_detectors"":""True"",""k"":12,""l"":12,""leak_heralds"":""False"",""leak_repump"":""False"",""leakage"":""False"",""loss"":""False"",""m"":6,""n"":144,""p"":0.001,""prllel_1q"":Infinity,""prllel_2q"":6,""r"":20,""repump_cycles"":3,""seq_meas"":""False"",""seq_ops"":""True"",""swapLRC"":""False""}",
       256,         0,         0,   0.981,bposd,1d42788997c955656e1579c9a1cc0f31acae501b320f438e36e23d7b8de7dc11,"{""A"":""x3y0+x0y1+x0y2"",""B"":""x0y3+x1y0+x2y0"",""b"":""X"",""d"":12,""excl_opp_detectors"":""True"",""k"":12,""l"":12,""leak_heralds"":""False"",""leak_repump"":""False"",""leakage"":""False"",""loss"":""False"",""m"":6,""n"":144,""p"":0.001,""prllel_1q"":Infinity,""prllel_2q"":6,""r"":20,""repump_cycles"":3,""seq_meas"":""False"",""seq_ops"":""True"",""swapLRC"":""False""}",
       256,         0,         0,   0.885,bposd,1d42788997c955656e1579c9a1cc0f31acae501b320f438e36e23d7b8de7dc11,"{""A"":""x3y0+x0y1+x0y2"",""B"":""x0y3+x1y0+x2y0"",""b"":""X"",""d"":12,""excl_opp_detectors"":""True"",""k"":12,""l"":12,""leak_heralds"":""False"",""leak_repump"":""False"",""leakage"":""False"",""loss"":""False"",""m"":6,""n"":144,""p"":0.001,""prllel_1q"":Infinity,""prllel_2q"":6,""r"":20,""repump_cycles"":3,""seq_meas"":""False"",""seq_ops"":""True"",""swapLRC"":""False""}",
       128,         0,         0,   0.445,bposd,1d42788997c955656e1579c9a1cc0f31acae501b320f438e36e23d7b8de7dc11,"{""A"":""x3y0+x0y1+x0y2"",""B"":""x0y3+x1y0+x2y0"",""b"":""X"",""d"":12,""excl_opp_detectors"":""True"",""k"":12,""l"":12,""leak_heralds"":""False"",""leak_repump"":""False"",""leakage"":""False"",""loss"":""False"",""m"":6,""n"":144,""p"":0.001,""prllel_1q"":Infinity,""prllel_2q"":6,""r"":20,""repump_cycles"":3,""seq_meas"":""False"",""seq_ops"":""True"",""swapLRC"":""False""}",
       128,         0,         0,   0.389,bposd,1d42788997c955656e1579c9a1cc0f31acae501b320f438e36e23d7b8de7dc11,"{""A"":""x3y0+x0y1+x0y2"",""B"":""x0y3+x1y0+x2y0"",""b"":""X"",""d"":12,""excl_opp_detectors"":""True"",""k"":12,""l"":12,""leak_heralds"":""False"",""leak_repump"":""False"",""leakage"":""False"",""loss"":""False"",""m"":6,""n"":144,""p"":0.001,""prllel_1q"":Infinity,""prllel_2q"":6,""r"":20,""repump_cycles"":3,""seq_meas"":""False"",""seq_ops"":""True"",""swapLRC"":""False""}",
       384,         0,         0,    1.20,bposd,1d42788997c955656e1579c9a1cc0f31acae501b320f438e36e23d7b8de7dc11,"{""A"":""x3y0+x0y1+x0y2"",""B"":""x0y3+x1y0+x2y0"",""b"":""X"",""d"":12,""excl_opp_detectors"":""True"",""k"":12,""l"":12,""leak_heralds"":""False"",""leak_repump"":""False"",""leakage"":""False"",""loss"":""False"",""m"":6,""n"":144,""p"":0.001,""prllel_1q"":Infinity,""prllel_2q"":6,""r"":20,""repump_cycles"":3,""seq_meas"":""False"",""seq_ops"":""True"",""swapLRC"":""False""}",
       384,         0,         0,    1.15,bposd,1d42788997c955656e1579c9a1cc0f31acae501b320f438e36e23d7b8de7dc11,"{""A"":""x3y0+x0y1+x0y2"",""B"":""x0y3+x1y0+x2y0"",""b"":""X"",""d"":12,""excl_opp_detectors"":""True"",""k"":12,""l"":12,""leak_heralds"":""False"",""leak_repump"":""False"",""leakage"":""False"",""loss"":""False"",""m"":6,""n"":144,""p"":0.001,""prllel_1q"":Infinity,""prllel_2q"":6,""r"":20,""repump_cycles"":3,""seq_meas"":""False"",""seq_ops"":""True"",""swapLRC"":""False""}",
       384,         0,         0,    1.16,bposd,1d42788997c955656e1579c9a1cc0f31acae501b320f438e36e23d7b8de7dc11,"{""A"":""x3y0+x0y1+x0y2"",""B"":""x0y3+x1y0+x2y0"",""b"":""X"",""d"":12,""excl_opp_detectors"":""True"",""k"":12,""l"":12,""leak_heralds"":""False"",""leak_repump"":""False"",""leakage"":""False"",""loss"":""False"",""m"":6,""n"":144,""p"":0.001,""prllel_1q"":Infinity,""prllel_2q"":6,""r"":20,""repump_cycles"":3,""seq_meas"":""False"",""seq_ops"":""True"",""swapLRC"":""False""}",
       128,         0,         0,    4.81,bposd,1d42788997c955656e1579c9a1cc0f31acae501b320f438e36e23d7b8de7dc11,"{""A"":""x3y0+x0y1+x0y2"",""B"":""x0y3+x1y0+x2y0"",""b"":""X"",""d"":12,""excl_opp_detectors"":""True"",""k"":12,""l"":12,""leak_heralds"":""False"",""leak_repump"":""False"",""leakage"":""False"",""loss"":""False"",""m"":6,""n"":144,""p"":0.001,""prllel_1q"":Infinity,""prllel_2q"":6,""r"":20,""repump_cycles"":3,""seq_meas"":""False"",""seq_ops"":""True"",""swapLRC"":""False""}",
       384,         0,         0,    1.70,bposd,1d42788997c955656e1579c9a1cc0f31acae501b320f438e36e23d7b8de7dc11,"{""A"":""x3y0+x0y1+x0y2"",""B"":""x0y3+x1y0+x2y0"",""b"":""X"",""d"":12,""excl_opp_detectors"":""True"",""k"":12,""l"":12,""leak_heralds"":""False"",""leak_repump"":""False"",""leakage"":""False"",""loss"":""False"",""m"":6,""n"":144,""p"":0.001,""prllel_1q"":Infinity,""prllel_2q"":6,""r"":20,""repump_cycles"":3,""seq_meas"":""False"",""seq_ops"":""True"",""swapLRC"":""False""}",
       256,         0,         0,   0.935,bposd,1d42788997c955656e1579c9a1cc0f31acae501b320f438e36e23d7b8de7dc11,"{""A"":""x3y0+x0y1+x0y2"",""B"":""x0y3+x1y0+x2y0"",""b"":""X"",""d"":12,""excl_opp_detectors"":""True"",""k"":12,""l"":12,""leak_heralds"":""False"",""leak_repump"":""False"",""leakage"":""False"",""loss"":""False"",""m"":6,""n"":144,""p"":0.001,""prllel_1q"":Infinity,""prllel_2q"":6,""r"":20,""repump_cycles"":3,""seq_meas"":""False"",""seq_ops"":""True"",""swapLRC"":""False""}",
       128,         0,         0,   0.414,bposd,1d42788997c955656e1579c9a1cc0f31acae501b320f438e36e23d7b8de7dc11,"{""A"":""x3y0+x0y1+x0y2"",""B"":""x0y3+x1y0+x2y0"",""b"":""X"",""d"":12,""excl_opp_detectors"":""True"",""k"":12,""l"":12,""leak_heralds"":""False"",""leak_repump"":""False"",""leakage"":""False"",""loss"":""False"",""m"":6,""n"":144,""p"":0.001,""prllel_1q"":Infinity,""prllel_2q"":6,""r"":20,""repump_cycles"":3,""seq_meas"":""False"",""seq_ops"":""True"",""swapLRC"":""False""}",
       384,         0,         0,    1.33,bposd,1d42788997c955656e1579c9a1cc0f31acae501b320f438e36e23d7b8de7dc11,"{""A"":""x3y0+x0y1+x0y2"",""B"":""x0y3+x1y0+x2y0"",""b"":""X"",""d"":12,""excl_opp_detectors"":""True"",""k"":12,""l"":12,""leak_heralds"":""False"",""leak_repump"":""False"",""leakage"":""False"",""loss"":""False"",""m"":6,""n"":144,""p"":0.001,""prllel_1q"":Infinity,""prllel_2q"":6,""r"":20,""repump_cycles"":3,""seq_meas"":""False"",""seq_ops"":""True"",""swapLRC"":""False""}",
       128,         0,         0,   0.430,bposd,1d42788997c955656e1579c9a1cc0f31acae501b320f438e36e23d7b8de7dc11,"{""A"":""x3y0+x0y1+x0y2"",""B"":""x0y3+x1y0+x2y0"",""b"":""X"",""d"":12,""excl_opp_detectors"":""True"",""k"":12,""l"":12,""leak_heralds"":""False"",""leak_repump"":""False"",""leakage"":""False"",""loss"":""False"",""m"":6,""n"":144,""p"":0.001,""prllel_1q"":Infinity,""prllel_2q"":6,""r"":20,""repump_cycles"":3,""seq_meas"":""False"",""seq_ops"":""True"",""swapLRC"":""False""}",
       384,         0,         0,    1.19,bposd,1d42788997c955656e1579c9a1cc0f31acae501b320f438e36e23d7b8de7dc11,"{""A"":""x3y0+x0y1+x0y2"",""B"":""x0y3+x1y0+x2y0"",""b"":""X"",""d"":12,""excl_opp_detectors"":""True"",""k"":12,""l"":12,""leak_heralds"":""False"",""leak_repump"":""False"",""leakage"":""False"",""loss"":""False"",""m"":6,""n"":144,""p"":0.001,""prllel_1q"":Infinity,""prllel_2q"":6,""r"":20,""repump_cycles"":3,""seq_meas"":""False"",""seq_ops"":""True"",""swapLRC"":""False""}",
       320,         0,         0,    1.22,bposd,1d42788997c955656e1579c9a1cc0f31acae501b320f438e36e23d7b8de7dc11,"{""A"":""x3y0+x0y1+x0y2"",""B"":""x0y3+x1y0+x2y0"",""b"":""X"",""d"":12,""excl_opp_detectors"":""True"",""k"":12,""l"":12,""leak_heralds"":""False"",""leak_repump"":""False"",""leakage"":""False"",""loss"":""False"",""m"":6,""n"":144,""p"":0.001,""prllel_1q"":Infinity,""prllel_2q"":6,""r"":20,""repump_cycles"":3,""seq_meas"":""False"",""seq_ops"":""True"",""swapLRC"":""False""}",
        64,         0,         0,   0.177,bposd,1d42788997c955656e1579c9a1cc0f31acae501b320f438e36e23d7b8de7dc11,"{""A"":""x3y0+x0y1+x0y2"",""B"":""x0y3+x1y0+x2y0"",""b"":""X"",""d"":12,""excl_opp_detectors"":""True"",""k"":12,""l"":12,""leak_heralds"":""False"",""leak_repump"":""False"",""leakage"":""False"",""loss"":""False"",""m"":6,""n"":144,""p"":0.001,""prllel_1q"":Infinity,""prllel_2q"":6,""r"":20,""repump_cycles"":3,""seq_meas"":""False"",""seq_ops"":""True"",""swapLRC"":""False""}",
       384,         0,         0,    1.10,bposd,1d42788997c955656e1579c9a1cc0f31acae501b320f438e36e23d7b8de7dc11,"{""A"":""x3y0+x0y1+x0y2"",""B"":""x0y3+x1y0+x2y0"",""b"":""X"",""d"":12,""excl_opp_detectors"":""True"",""k"":12,""l"":12,""leak_heralds"":""False"",""leak_repump"":""False"",""leakage"":""False"",""loss"":""False"",""m"":6,""n"":144,""p"":0.001,""prllel_1q"":Infinity,""prllel_2q"":6,""r"":20,""repump_cycles"":3,""seq_meas"":""False"",""seq_ops"":""True"",""swapLRC"":""False""}",
       384,         0,         0,    1.13,bposd,1d42788997c955656e1579c9a1cc0f31acae501b320f438e36e23d7b8de7dc11,"{""A"":""x3y0+x0y1+x0y2"",""B"":""x0y3+x1y0+x2y0"",""b"":""X"",""d"":12,""excl_opp_detectors"":""True"",""k"":12,""l"":12,""leak_heralds"":""False"",""leak_repump"":""False"",""leakage"":""False"",""loss"":""False"",""m"":6,""n"":144,""p"":0.001,""prllel_1q"":Infinity,""prllel_2q"":6,""r"":20,""repump_cycles"":3,""seq_meas"":""False"",""seq_ops"":""True"",""swapLRC"":""False""}",
       384,         0,         0,    1.17,bposd,1d42788997c955656e1579c9a1cc0f31acae501b320f438e36e23d7b8de7dc11,"{""A"":""x3y0+x0y1+x0y2"",""B"":""x0y3+x1y0+x2y0"",""b"":""X"",""d"":12,""excl_opp_detectors"":""True"",""k"":12,""l"":12,""leak_heralds"":""False"",""leak_repump"":""False"",""leakage"":""False"",""loss"":""False"",""m"":6,""n"":144,""p"":0.001,""prllel_1q"":Infinity,""prllel_2q"":6,""r"":20,""repump_cycles"":3,""seq_meas"":""False"",""seq_ops"":""True"",""swapLRC"":""False""}",
       384,         0,         0,    1.28,bposd,1d42788997c955656e1579c9a1cc0f31acae501b320f438e36e23d7b8de7dc11,"{""A"":""x3y0+x0y1+x0y2"",""B"":""x0y3+x1y0+x2y0"",""b"":""X"",""d"":12,""excl_opp_detectors"":""True"",""k"":12,""l"":12,""leak_heralds"":""False"",""leak_repump"":""False"",""leakage"":""False"",""loss"":""False"",""m"":6,""n"":144,""p"":0.001,""prllel_1q"":Infinity,""prllel_2q"":6,""r"":20,""repump_cycles"":3,""seq_meas"":""False"",""seq_ops"":""True"",""swapLRC"":""False""}",
       256,         0,         0,   0.819,bposd,1d42788997c955656e1579c9a1cc0f31acae501b320f438e36e23d7b8de7dc11,"{""A"":""x3y0+x0y1+x0y2"",""B"":""x0y3+x1y0+x2y0"",""b"":""X"",""d"":12,""excl_opp_detectors"":""True"",""k"":12,""l"":12,""leak_heralds"":""False"",""leak_repump"":""False"",""leakage"":""False"",""loss"":""False"",""m"":6,""n"":144,""p"":0.001,""prllel_1q"":Infinity,""prllel_2q"":6,""r"":20,""repump_cycles"":3,""seq_meas"":""False"",""seq_ops"":""True"",""swapLRC"":""False""}",
       384,         0,         0,    1.28,bposd,1d42788997c955656e1579c9a1cc0f31acae501b320f438e36e23d7b8de7dc11,"{""A"":""x3y0+x0y1+x0y2"",""B"":""x0y3+x1y0+x2y0"",""b"":""X"",""d"":12,""excl_opp_detectors"":""True"",""k"":12,""l"":12,""leak_heralds"":""False"",""leak_repump"":""False"",""leakage"":""False"",""loss"":""False"",""m"":6,""n"":144,""p"":0.001,""prllel_1q"":Infinity,""prllel_2q"":6,""r"":20,""repump_cycles"":3,""seq_meas"":""False"",""seq_ops"":""True"",""swapLRC"":""False""}",
       384,         0,         0,    1.27,bposd,1d42788997c955656e1579c9a1cc0f31acae501b320f438e36e23d7b8de7dc11,"{""A"":""x3y0+x0y1+x0y2"",""B"":""x0y3+x1y0+x2y0"",""b"":""X"",""d"":12,""excl_opp_detectors"":""True"",""k"":12,""l"":12,""leak_heralds"":""False"",""leak_repump"":""False"",""leakage"":""False"",""loss"":""False"",""m"":6,""n"":144,""p"":0.001,""prllel_1q"":Infinity,""prllel_2q"":6,""r"":20,""repump_cycles"":3,""seq_meas"":""False"",""seq_ops"":""True"",""swapLRC"":""False""}",
       256,         0,         0,   0.852,bposd,1d42788997c955656e1579c9a1cc0f31acae501b320f438e36e23d7b8de7dc11,"{""A"":""x3y0+x0y1+x0y2"",""B"":""x0y3+x1y0+x2y0"",""b"":""X"",""d"":12,""excl_opp_detectors"":""True"",""k"":12,""l"":12,""leak_heralds"":""False"",""leak_repump"":""False"",""leakage"":""False"",""loss"":""False"",""m"":6,""n"":144,""p"":0.001,""prllel_1q"":Infinity,""prllel_2q"":6,""r"":20,""repump_cycles"":3,""seq_meas"":""False"",""seq_ops"":""True"",""swapLRC"":""False""}",
       256,         0,         0,    1.31,bposd,1d42788997c955656e1579c9a1cc0f31acae501b320f438e36e23d7b8de7dc11,"{""A"":""x3y0+x0y1+x0y2"",""B"":""x0y3+x1y0+x2y0"",""b"":""X"",""d"":12,""excl_opp_detectors"":""True"",""k"":12,""l"":12,""leak_heralds"":""False"",""leak_repump"":""False"",""leakage"":""False"",""loss"":""False"",""m"":6,""n"":144,""p"":0.001,""prllel_1q"":Infinity,""prllel_2q"":6,""r"":20,""repump_cycles"":3,""seq_meas"":""False"",""seq_ops"":""True"",""swapLRC"":""False""}",
       128,         0,         0,    5.09,bposd,1d42788997c955656e1579c9a1cc0f31acae501b320f438e36e23d7b8de7dc11,"{""A"":""x3y0+x0y1+x0y2"",""B"":""x0y3+x1y0+x2y0"",""b"":""X"",""d"":12,""excl_opp_detectors"":""True"",""k"":12,""l"":12,""leak_heralds"":""False"",""leak_repump"":""False"",""leakage"":""False"",""loss"":""False"",""m"":6,""n"":144,""p"":0.001,""prllel_1q"":Infinity,""prllel_2q"":6,""r"":20,""repump_cycles"":3,""seq_meas"":""False"",""seq_ops"":""True"",""swapLRC"":""False""}",
       384,         0,         0,    1.42,bposd,1d42788997c955656e1579c9a1cc0f31acae501b320f438e36e23d7b8de7dc11,"{""A"":""x3y0+x0y1+x0y2"",""B"":""x0y3+x1y0+x2y0"",""b"":""X"",""d"":12,""excl_opp_detectors"":""True"",""k"":12,""l"":12,""leak_heralds"":""False"",""leak_repump"":""False"",""leakage"":""False"",""loss"":""False"",""m"":6,""n"":144,""p"":0.001,""prllel_1q"":Infinity,""prllel_2q"":6,""r"":20,""repump_cycles"":3,""seq_meas"":""False"",""seq_ops"":""True"",""swapLRC"":""False""}",
       384,         0,         0,    1.36,bposd,1d42788997c955656e1579c9a1cc0f31acae501b320f438e36e23d7b8de7dc11,"{""A"":""x3y0+x0y1+x0y2"",""B"":""x0y3+x1y0+x2y0"",""b"":""X"",""d"":12,""excl_opp_detectors"":""True"",""k"":12,""l"":12,""leak_heralds"":""False"",""leak_repump"":""False"",""leakage"":""False"",""loss"":""False"",""m"":6,""n"":144,""p"":0.001,""prllel_1q"":Infinity,""prllel_2q"":6,""r"":20,""repump_cycles"":3,""seq_meas"":""False"",""seq_ops"":""True"",""swapLRC"":""False""}",
       256,         0,         0,    1.17,bposd,1d42788997c955656e1579c9a1cc0f31acae501b320f438e36e23d7b8de7dc11,"{""A"":""x3y0+x0y1+x0y2"",""B"":""x0y3+x1y0+x2y0"",""b"":""X"",""d"":12,""excl_opp_detectors"":""True"",""k"":12,""l"":12,""leak_heralds"":""False"",""leak_repump"":""False"",""leakage"":""False"",""loss"":""False"",""m"":6,""n"":144,""p"":0.001,""prllel_1q"":Infinity,""prllel_2q"":6,""r"":20,""repump_cycles"":3,""seq_meas"":""False"",""seq_ops"":""True"",""swapLRC"":""False""}",
       384,         0,         0,    1.16,bposd,1d42788997c955656e1579c9a1cc0f31acae501b320f438e36e23d7b8de7dc11,"{""A"":""x3y0+x0y1+x0y2"",""B"":""x0y3+x1y0+x2y0"",""b"":""X"",""d"":12,""excl_opp_detectors"":""True"",""k"":12,""l"":12,""leak_heralds"":""False"",""leak_repump"":""False"",""leakage"":""False"",""loss"":""False"",""m"":6,""n"":144,""p"":0.001,""prllel_1q"":Infinity,""prllel_2q"":6,""r"":20,""repump_cycles"":3,""seq_meas"":""False"",""seq_ops"":""True"",""swapLRC"":""False""}",
       128,         0,         0,    1.45,bposd,1d42788997c955656e1579c9a1cc0f31acae501b320f438e36e23d7b8de7dc11,"{""A"":""x3y0+x0y1+x0y2"",""B"":""x0y3+x1y0+x2y0"",""b"":""X"",""d"":12,""excl_opp_detectors"":""True"",""k"":12,""l"":12,""leak_heralds"":""False"",""leak_repump"":""False"",""leakage"":""False"",""loss"":""False"",""m"":6,""n"":144,""p"":0.001,""prllel_1q"":Infinity,""prllel_2q"":6,""r"":20,""repump_cycles"":3,""seq_meas"":""False"",""seq_ops"":""True"",""swapLRC"":""False""}",
       256,         0,         0,   0.782,bposd,1d42788997c955656e1579c9a1cc0f31acae501b320f438e36e23d7b8de7dc11,"{""A"":""x3y0+x0y1+x0y2"",""B"":""x0y3+x1y0+x2y0"",""b"":""X"",""d"":12,""excl_opp_detectors"":""True"",""k"":12,""l"":12,""leak_heralds"":""False"",""leak_repump"":""False"",""leakage"":""False"",""loss"":""False"",""m"":6,""n"":144,""p"":0.001,""prllel_1q"":Infinity,""prllel_2q"":6,""r"":20,""repump_cycles"":3,""seq_meas"":""False"",""seq_ops"":""True"",""swapLRC"":""False""}",
       128,         0,         0,   0.485,bposd,1d42788997c955656e1579c9a1cc0f31acae501b320f438e36e23d7b8de7dc11,"{""A"":""x3y0+x0y1+x0y2"",""B"":""x0y3+x1y0+x2y0"",""b"":""X"",""d"":12,""excl_opp_detectors"":""True"",""k"":12,""l"":12,""leak_heralds"":""False"",""leak_repump"":""False"",""leakage"":""False"",""loss"":""False"",""m"":6,""n"":144,""p"":0.001,""prllel_1q"":Infinity,""prllel_2q"":6,""r"":20,""repump_cycles"":3,""seq_meas"":""False"",""seq_ops"":""True"",""swapLRC"":""False""}",
       128,         0,         0,   0.458,bposd,1d42788997c955656e1579c9a1cc0f31acae501b320f438e36e23d7b8de7dc11,"{""A"":""x3y0+x0y1+x0y2"",""B"":""x0y3+x1y0+x2y0"",""b"":""X"",""d"":12,""excl_opp_detectors"":""True"",""k"":12,""l"":12,""leak_heralds"":""False"",""leak_repump"":""False"",""leakage"":""False"",""loss"":""False"",""m"":6,""n"":144,""p"":0.001,""prllel_1q"":Infinity,""prllel_2q"":6,""r"":20,""repump_cycles"":3,""seq_meas"":""False"",""seq_ops"":""True"",""swapLRC"":""False""}",
       384,         0,         0,    1.17,bposd,1d42788997c955656e1579c9a1cc0f31acae501b320f438e36e23d7b8de7dc11,"{""A"":""x3y0+x0y1+x0y2"",""B"":""x0y3+x1y0+x2y0"",""b"":""X"",""d"":12,""excl_opp_detectors"":""True"",""k"":12,""l"":12,""leak_heralds"":""False"",""leak_repump"":""False"",""leakage"":""False"",""loss"":""False"",""m"":6,""n"":144,""p"":0.001,""prllel_1q"":Infinity,""prllel_2q"":6,""r"":20,""repump_cycles"":3,""seq_meas"":""False"",""seq_ops"":""True"",""swapLRC"":""False""}",
        64,         0,         0,   0.183,bposd,1d42788997c955656e1579c9a1cc0f31acae501b320f438e36e23d7b8de7dc11,"{""A"":""x3y0+x0y1+x0y2"",""B"":""x0y3+x1y0+x2y0"",""b"":""X"",""d"":12,""excl_opp_detectors"":""True"",""k"":12,""l"":12,""leak_heralds"":""False"",""leak_repump"":""False"",""leakage"":""False"",""loss"":""False"",""m"":6,""n"":144,""p"":0.001,""prllel_1q"":Infinity,""prllel_2q"":6,""r"":20,""repump_cycles"":3,""seq_meas"":""False"",""seq_ops"":""True"",""swapLRC"":""False""}",
       384,         0,         0,    1.32,bposd,1d42788997c955656e1579c9a1cc0f31acae501b320f438e36e23d7b8de7dc11,"{""A"":""x3y0+x0y1+x0y2"",""B"":""x0y3+x1y0+x2y0"",""b"":""X"",""d"":12,""excl_opp_detectors"":""True"",""k"":12,""l"":12,""leak_heralds"":""False"",""leak_repump"":""False"",""leakage"":""False"",""loss"":""False"",""m"":6,""n"":144,""p"":0.001,""prllel_1q"":Infinity,""prllel_2q"":6,""r"":20,""repump_cycles"":3,""seq_meas"":""False"",""seq_ops"":""True"",""swapLRC"":""False""}",
       128,         0,         0,   0.401,bposd,1d42788997c955656e1579c9a1cc0f31acae501b320f438e36e23d7b8de7dc11,"{""A"":""x3y0+x0y1+x0y2"",""B"":""x0y3+x1y0+x2y0"",""b"":""X"",""d"":12,""excl_opp_detectors"":""True"",""k"":12,""l"":12,""leak_heralds"":""False"",""leak_repump"":""False"",""leakage"":""False"",""loss"":""False"",""m"":6,""n"":144,""p"":0.001,""prllel_1q"":Infinity,""prllel_2q"":6,""r"":20,""repump_cycles"":3,""seq_meas"":""False"",""seq_ops"":""True"",""swapLRC"":""False""}",
       256,         0,         0,    1.54,bposd,1d42788997c955656e1579c9a1cc0f31acae501b320f438e36e23d7b8de7dc11,"{""A"":""x3y0+x0y1+x0y2"",""B"":""x0y3+x1y0+x2y0"",""b"":""X"",""d"":12,""excl_opp_detectors"":""True"",""k"":12,""l"":12,""leak_heralds"":""False"",""leak_repump"":""False"",""leakage"":""False"",""loss"":""False"",""m"":6,""n"":144,""p"":0.001,""prllel_1q"":Infinity,""prllel_2q"":6,""r"":20,""repump_cycles"":3,""seq_meas"":""False"",""seq_ops"":""True"",""swapLRC"":""False""}",
       128,         0,         0,   0.369,bposd,1d42788997c955656e1579c9a1cc0f31acae501b320f438e36e23d7b8de7dc11,"{""A"":""x3y0+x0y1+x0y2"",""B"":""x0y3+x1y0+x2y0"",""b"":""X"",""d"":12,""excl_opp_detectors"":""True"",""k"":12,""l"":12,""leak_heralds"":""False"",""leak_repump"":""False"",""leakage"":""False"",""loss"":""False"",""m"":6,""n"":144,""p"":0.001,""prllel_1q"":Infinity,""prllel_2q"":6,""r"":20,""repump_cycles"":3,""seq_meas"":""False"",""seq_ops"":""True"",""swapLRC"":""False""}",
       128,         0,         0,   0.411,bposd,1d42788997c955656e1579c9a1cc0f31acae501b320f438e36e23d7b8de7dc11,"{""A"":""x3y0+x0y1+x0y2"",""B"":""x0y3+x1y0+x2y0"",""b"":""X"",""d"":12,""excl_opp_detectors"":""True"",""k"":12,""l"":12,""leak_heralds"":""False"",""leak_repump"":""False"",""leakage"":""False"",""loss"":""False"",""m"":6,""n"":144,""p"":0.001,""prllel_1q"":Infinity,""prllel_2q"":6,""r"":20,""repump_cycles"":3,""seq_meas"":""False"",""seq_ops"":""True"",""swapLRC"":""False""}",
       128,         0,         0,    3.06,bposd,1d42788997c955656e1579c9a1cc0f31acae501b320f438e36e23d7b8de7dc11,"{""A"":""x3y0+x0y1+x0y2"",""B"":""x0y3+x1y0+x2y0"",""b"":""X"",""d"":12,""excl_opp_detectors"":""True"",""k"":12,""l"":12,""leak_heralds"":""False"",""leak_repump"":""False"",""leakage"":""False"",""loss"":""False"",""m"":6,""n"":144,""p"":0.001,""prllel_1q"":Infinity,""prllel_2q"":6,""r"":20,""repump_cycles"":3,""seq_meas"":""False"",""seq_ops"":""True"",""swapLRC"":""False""}",
       384,         0,         0,    1.27,bposd,1d42788997c955656e1579c9a1cc0f31acae501b320f438e36e23d7b8de7dc11,"{""A"":""x3y0+x0y1+x0y2"",""B"":""x0y3+x1y0+x2y0"",""b"":""X"",""d"":12,""excl_opp_detectors"":""True"",""k"":12,""l"":12,""leak_heralds"":""False"",""leak_repump"":""False"",""leakage"":""False"",""loss"":""False"",""m"":6,""n"":144,""p"":0.001,""prllel_1q"":Infinity,""prllel_2q"":6,""r"":20,""repump_cycles"":3,""seq_meas"":""False"",""seq_ops"":""True"",""swapLRC"":""False""}",
       384,         0,         0,    1.34,bposd,1d42788997c955656e1579c9a1cc0f31acae501b320f438e36e23d7b8de7dc11,"{""A"":""x3y0+x0y1+x0y2"",""B"":""x0y3+x1y0+x2y0"",""b"":""X"",""d"":12,""excl_opp_detectors"":""True"",""k"":12,""l"":12,""leak_heralds"":""False"",""leak_repump"":""False"",""leakage"":""False"",""loss"":""False"",""m"":6,""n"":144,""p"":0.001,""prllel_1q"":Infinity,""prllel_2q"":6,""r"":20,""repump_cycles"":3,""seq_meas"":""False"",""seq_ops"":""True"",""swapLRC"":""False""}",
       128,         0,         0,    4.92,bposd,1d42788997c955656e1579c9a1cc0f31acae501b320f438e36e23d7b8de7dc11,"{""A"":""x3y0+x0y1+x0y2"",""B"":""x0y3+x1y0+x2y0"",""b"":""X"",""d"":12,""excl_opp_detectors"":""True"",""k"":12,""l"":12,""leak_heralds"":""False"",""leak_repump"":""False"",""leakage"":""False"",""loss"":""False"",""m"":6,""n"":144,""p"":0.001,""prllel_1q"":Infinity,""prllel_2q"":6,""r"":20,""repump_cycles"":3,""seq_meas"":""False"",""seq_ops"":""True"",""swapLRC"":""False""}",
       384,         0,         0,    1.29,bposd,1d42788997c955656e1579c9a1cc0f31acae501b320f438e36e23d7b8de7dc11,"{""A"":""x3y0+x0y1+x0y2"",""B"":""x0y3+x1y0+x2y0"",""b"":""X"",""d"":12,""excl_opp_detectors"":""True"",""k"":12,""l"":12,""leak_heralds"":""False"",""leak_repump"":""False"",""leakage"":""False"",""loss"":""False"",""m"":6,""n"":144,""p"":0.001,""prllel_1q"":Infinity,""prllel_2q"":6,""r"":20,""repump_cycles"":3,""seq_meas"":""False"",""seq_ops"":""True"",""swapLRC"":""False""}",
       384,         0,         0,    1.24,bposd,1d42788997c955656e1579c9a1cc0f31acae501b320f438e36e23d7b8de7dc11,"{""A"":""x3y0+x0y1+x0y2"",""B"":""x0y3+x1y0+x2y0"",""b"":""X"",""d"":12,""excl_opp_detectors"":""True"",""k"":12,""l"":12,""leak_heralds"":""False"",""leak_repump"":""False"",""leakage"":""False"",""loss"":""False"",""m"":6,""n"":144,""p"":0.001,""prllel_1q"":Infinity,""prllel_2q"":6,""r"":20,""repump_cycles"":3,""seq_meas"":""False"",""seq_ops"":""True"",""swapLRC"":""False""}",
       384,         0,         0,    1.19,bposd,1d42788997c955656e1579c9a1cc0f31acae501b320f438e36e23d7b8de7dc11,"{""A"":""x3y0+x0y1+x0y2"",""B"":""x0y3+x1y0+x2y0"",""b"":""X"",""d"":12,""excl_opp_detectors"":""True"",""k"":12,""l"":12,""leak_heralds"":""False"",""leak_repump"":""False"",""leakage"":""False"",""loss"":""False"",""m"":6,""n"":144,""p"":0.001,""prllel_1q"":Infinity,""prllel_2q"":6,""r"":20,""repump_cycles"":3,""seq_meas"":""False"",""seq_ops"":""True"",""swapLRC"":""False""}",
       384,         0,         0,    1.32,bposd,1d42788997c955656e1579c9a1cc0f31acae501b320f438e36e23d7b8de7dc11,"{""A"":""x3y0+x0y1+x0y2"",""B"":""x0y3+x1y0+x2y0"",""b"":""X"",""d"":12,""excl_opp_detectors"":""True"",""k"":12,""l"":12,""leak_heralds"":""False"",""leak_repump"":""False"",""leakage"":""False"",""loss"":""False"",""m"":6,""n"":144,""p"":0.001,""prllel_1q"":Infinity,""prllel_2q"":6,""r"":20,""repump_cycles"":3,""seq_meas"":""False"",""seq_ops"":""True"",""swapLRC"":""False""}",
       128,         0,         0,   0.419,bposd,1d42788997c955656e1579c9a1cc0f31acae501b320f438e36e23d7b8de7dc11,"{""A"":""x3y0+x0y1+x0y2"",""B"":""x0y3+x1y0+x2y0"",""b"":""X"",""d"":12,""excl_opp_detectors"":""True"",""k"":12,""l"":12,""leak_heralds"":""False"",""leak_repump"":""False"",""leakage"":""False"",""loss"":""False"",""m"":6,""n"":144,""p"":0.001,""prllel_1q"":Infinity,""prllel_2q"":6,""r"":20,""repump_cycles"":3,""seq_meas"":""False"",""seq_ops"":""True"",""swapLRC"":""False""}",
        64,         0,         0,   0.209,bposd,1d42788997c955656e1579c9a1cc0f31acae501b320f438e36e23d7b8de7dc11,"{""A"":""x3y0+x0y1+x0y2"",""B"":""x0y3+x1y0+x2y0"",""b"":""X"",""d"":12,""excl_opp_detectors"":""True"",""k"":12,""l"":12,""leak_heralds"":""False"",""leak_repump"":""False"",""leakage"":""False"",""loss"":""False"",""m"":6,""n"":144,""p"":0.001,""prllel_1q"":Infinity,""prllel_2q"":6,""r"":20,""repump_cycles"":3,""seq_meas"":""False"",""seq_ops"":""True"",""swapLRC"":""False""}",
       128,         0,         0,   0.457,bposd,1d42788997c955656e1579c9a1cc0f31acae501b320f438e36e23d7b8de7dc11,"{""A"":""x3y0+x0y1+x0y2"",""B"":""x0y3+x1y0+x2y0"",""b"":""X"",""d"":12,""excl_opp_detectors"":""True"",""k"":12,""l"":12,""leak_heralds"":""False"",""leak_repump"":""False"",""leakage"":""False"",""loss"":""False"",""m"":6,""n"":144,""p"":0.001,""prllel_1q"":Infinity,""prllel_2q"":6,""r"":20,""repump_cycles"":3,""seq_meas"":""False"",""seq_ops"":""True"",""swapLRC"":""False""}",
       384,         0,         0,    1.44,bposd,1d42788997c955656e1579c9a1cc0f31acae501b320f438e36e23d7b8de7dc11,"{""A"":""x3y0+x0y1+x0y2"",""B"":""x0y3+x1y0+x2y0"",""b"":""X"",""d"":12,""excl_opp_detectors"":""True"",""k"":12,""l"":12,""leak_heralds"":""False"",""leak_repump"":""False"",""leakage"":""False"",""loss"":""False"",""m"":6,""n"":144,""p"":0.001,""prllel_1q"":Infinity,""prllel_2q"":6,""r"":20,""repump_cycles"":3,""seq_meas"":""False"",""seq_ops"":""True"",""swapLRC"":""False""}",
       384,         0,         0,    1.45,bposd,1d42788997c955656e1579c9a1cc0f31acae501b320f438e36e23d7b8de7dc11,"{""A"":""x3y0+x0y1+x0y2"",""B"":""x0y3+x1y0+x2y0"",""b"":""X"",""d"":12,""excl_opp_detectors"":""True"",""k"":12,""l"":12,""leak_heralds"":""False"",""leak_repump"":""False"",""leakage"":""False"",""loss"":""False"",""m"":6,""n"":144,""p"":0.001,""prllel_1q"":Infinity,""prllel_2q"":6,""r"":20,""repump_cycles"":3,""seq_meas"":""False"",""seq_ops"":""True"",""swapLRC"":""False""}",
       384,         0,         0,    1.23,bposd,1d42788997c955656e1579c9a1cc0f31acae501b320f438e36e23d7b8de7dc11,"{""A"":""x3y0+x0y1+x0y2"",""B"":""x0y3+x1y0+x2y0"",""b"":""X"",""d"":12,""excl_opp_detectors"":""True"",""k"":12,""l"":12,""leak_heralds"":""False"",""leak_repump"":""False"",""leakage"":""False"",""loss"":""False"",""m"":6,""n"":144,""p"":0.001,""prllel_1q"":Infinity,""prllel_2q"":6,""r"":20,""repump_cycles"":3,""seq_meas"":""False"",""seq_ops"":""True"",""swapLRC"":""False""}",
       384,         0,         0,    1.44,bposd,1d42788997c955656e1579c9a1cc0f31acae501b320f438e36e23d7b8de7dc11,"{""A"":""x3y0+x0y1+x0y2"",""B"":""x0y3+x1y0+x2y0"",""b"":""X"",""d"":12,""excl_opp_detectors"":""True"",""k"":12,""l"":12,""leak_heralds"":""False"",""leak_repump"":""False"",""leakage"":""False"",""loss"":""False"",""m"":6,""n"":144,""p"":0.001,""prllel_1q"":Infinity,""prllel_2q"":6,""r"":20,""repump_cycles"":3,""seq_meas"":""False"",""seq_ops"":""True"",""swapLRC"":""False""}",
       128,         0,         0,   0.403,bposd,1d42788997c955656e1579c9a1cc0f31acae501b320f438e36e23d7b8de7dc11,"{""A"":""x3y0+x0y1+x0y2"",""B"":""x0y3+x1y0+x2y0"",""b"":""X"",""d"":12,""excl_opp_detectors"":""True"",""k"":12,""l"":12,""leak_heralds"":""False"",""leak_repump"":""False"",""leakage"":""False"",""loss"":""False"",""m"":6,""n"":144,""p"":0.001,""prllel_1q"":Infinity,""prllel_2q"":6,""r"":20,""repump_cycles"":3,""seq_meas"":""False"",""seq_ops"":""True"",""swapLRC"":""False""}",
       384,         0,         0,    1.34,bposd,1d42788997c955656e1579c9a1cc0f31acae501b320f438e36e23d7b8de7dc11,"{""A"":""x3y0+x0y1+x0y2"",""B"":""x0y3+x1y0+x2y0"",""b"":""X"",""d"":12,""excl_opp_detectors"":""True"",""k"":12,""l"":12,""leak_heralds"":""False"",""leak_repump"":""False"",""leakage"":""False"",""loss"":""False"",""m"":6,""n"":144,""p"":0.001,""prllel_1q"":Infinity,""prllel_2q"":6,""r"":20,""repump_cycles"":3,""seq_meas"":""False"",""seq_ops"":""True"",""swapLRC"":""False""}",
       128,         0,         0,    4.51,bposd,1d42788997c955656e1579c9a1cc0f31acae501b320f438e36e23d7b8de7dc11,"{""A"":""x3y0+x0y1+x0y2"",""B"":""x0y3+x1y0+x2y0"",""b"":""X"",""d"":12,""excl_opp_detectors"":""True"",""k"":12,""l"":12,""leak_heralds"":""False"",""leak_repump"":""False"",""leakage"":""False"",""loss"":""False"",""m"":6,""n"":144,""p"":0.001,""prllel_1q"":Infinity,""prllel_2q"":6,""r"":20,""repump_cycles"":3,""seq_meas"":""False"",""seq_ops"":""True"",""swapLRC"":""False""}",
       128,         0,         0,   0.398,bposd,1d42788997c955656e1579c9a1cc0f31acae501b320f438e36e23d7b8de7dc11,"{""A"":""x3y0+x0y1+x0y2"",""B"":""x0y3+x1y0+x2y0"",""b"":""X"",""d"":12,""excl_opp_detectors"":""True"",""k"":12,""l"":12,""leak_heralds"":""False"",""leak_repump"":""False"",""leakage"":""False"",""loss"":""False"",""m"":6,""n"":144,""p"":0.001,""prllel_1q"":Infinity,""prllel_2q"":6,""r"":20,""repump_cycles"":3,""seq_meas"":""False"",""seq_ops"":""True"",""swapLRC"":""False""}",
       128,         0,         0,   0.489,bposd,1d42788997c955656e1579c9a1cc0f31acae501b320f438e36e23d7b8de7dc11,"{""A"":""x3y0+x0y1+x0y2"",""B"":""x0y3+x1y0+x2y0"",""b"":""X"",""d"":12,""excl_opp_detectors"":""True"",""k"":12,""l"":12,""leak_heralds"":""False"",""leak_repump"":""False"",""leakage"":""False"",""loss"":""False"",""m"":6,""n"":144,""p"":0.001,""prllel_1q"":Infinity,""prllel_2q"":6,""r"":20,""repump_cycles"":3,""seq_meas"":""False"",""seq_ops"":""True"",""swapLRC"":""False""}",
       128,         0,         0,   0.632,bposd,1d42788997c955656e1579c9a1cc0f31acae501b320f438e36e23d7b8de7dc11,"{""A"":""x3y0+x0y1+x0y2"",""B"":""x0y3+x1y0+x2y0"",""b"":""X"",""d"":12,""excl_opp_detectors"":""True"",""k"":12,""l"":12,""leak_heralds"":""False"",""leak_repump"":""False"",""leakage"":""False"",""loss"":""False"",""m"":6,""n"":144,""p"":0.001,""prllel_1q"":Infinity,""prllel_2q"":6,""r"":20,""repump_cycles"":3,""seq_meas"":""False"",""seq_ops"":""True"",""swapLRC"":""False""}",
       384,         0,         0,    1.44,bposd,1d42788997c955656e1579c9a1cc0f31acae501b320f438e36e23d7b8de7dc11,"{""A"":""x3y0+x0y1+x0y2"",""B"":""x0y3+x1y0+x2y0"",""b"":""X"",""d"":12,""excl_opp_detectors"":""True"",""k"":12,""l"":12,""leak_heralds"":""False"",""leak_repump"":""False"",""leakage"":""False"",""loss"":""False"",""m"":6,""n"":144,""p"":0.001,""prllel_1q"":Infinity,""prllel_2q"":6,""r"":20,""repump_cycles"":3,""seq_meas"":""False"",""seq_ops"":""True"",""swapLRC"":""False""}",
       512,         0,         0,    1.52,bposd,1d42788997c955656e1579c9a1cc0f31acae501b320f438e36e23d7b8de7dc11,"{""A"":""x3y0+x0y1+x0y2"",""B"":""x0y3+x1y0+x2y0"",""b"":""X"",""d"":12,""excl_opp_detectors"":""True"",""k"":12,""l"":12,""leak_heralds"":""False"",""leak_repump"":""False"",""leakage"":""False"",""loss"":""False"",""m"":6,""n"":144,""p"":0.001,""prllel_1q"":Infinity,""prllel_2q"":6,""r"":20,""repump_cycles"":3,""seq_meas"":""False"",""seq_ops"":""True"",""swapLRC"":""False""}",
       384,         0,         0,    1.51,bposd,1d42788997c955656e1579c9a1cc0f31acae501b320f438e36e23d7b8de7dc11,"{""A"":""x3y0+x0y1+x0y2"",""B"":""x0y3+x1y0+x2y0"",""b"":""X"",""d"":12,""excl_opp_detectors"":""True"",""k"":12,""l"":12,""leak_heralds"":""False"",""leak_repump"":""False"",""leakage"":""False"",""loss"":""False"",""m"":6,""n"":144,""p"":0.001,""prllel_1q"":Infinity,""prllel_2q"":6,""r"":20,""repump_cycles"":3,""seq_meas"":""False"",""seq_ops"":""True"",""swapLRC"":""False""}",
       384,         0,         0,    1.38,bposd,1d42788997c955656e1579c9a1cc0f31acae501b320f438e36e23d7b8de7dc11,"{""A"":""x3y0+x0y1+x0y2"",""B"":""x0y3+x1y0+x2y0"",""b"":""X"",""d"":12,""excl_opp_detectors"":""True"",""k"":12,""l"":12,""leak_heralds"":""False"",""leak_repump"":""False"",""leakage"":""False"",""loss"":""False"",""m"":6,""n"":144,""p"":0.001,""prllel_1q"":Infinity,""prllel_2q"":6,""r"":20,""repump_cycles"":3,""seq_meas"":""False"",""seq_ops"":""True"",""swapLRC"":""False""}",
       384,         0,         0,    1.14,bposd,1d42788997c955656e1579c9a1cc0f31acae501b320f438e36e23d7b8de7dc11,"{""A"":""x3y0+x0y1+x0y2"",""B"":""x0y3+x1y0+x2y0"",""b"":""X"",""d"":12,""excl_opp_detectors"":""True"",""k"":12,""l"":12,""leak_heralds"":""False"",""leak_repump"":""False"",""leakage"":""False"",""loss"":""False"",""m"":6,""n"":144,""p"":0.001,""prllel_1q"":Infinity,""prllel_2q"":6,""r"":20,""repump_cycles"":3,""seq_meas"":""False"",""seq_ops"":""True"",""swapLRC"":""False""}",
       384,         0,         0,    1.34,bposd,1d42788997c955656e1579c9a1cc0f31acae501b320f438e36e23d7b8de7dc11,"{""A"":""x3y0+x0y1+x0y2"",""B"":""x0y3+x1y0+x2y0"",""b"":""X"",""d"":12,""excl_opp_detectors"":""True"",""k"":12,""l"":12,""leak_heralds"":""False"",""leak_repump"":""False"",""leakage"":""False"",""loss"":""False"",""m"":6,""n"":144,""p"":0.001,""prllel_1q"":Infinity,""prllel_2q"":6,""r"":20,""repump_cycles"":3,""seq_meas"":""False"",""seq_ops"":""True"",""swapLRC"":""False""}",
       384,         0,         0,    1.31,bposd,1d42788997c955656e1579c9a1cc0f31acae501b320f438e36e23d7b8de7dc11,"{""A"":""x3y0+x0y1+x0y2"",""B"":""x0y3+x1y0+x2y0"",""b"":""X"",""d"":12,""excl_opp_detectors"":""True"",""k"":12,""l"":12,""leak_heralds"":""False"",""leak_repump"":""False"",""leakage"":""False"",""loss"":""False"",""m"":6,""n"":144,""p"":0.001,""prllel_1q"":Infinity,""prllel_2q"":6,""r"":20,""repump_cycles"":3,""seq_meas"":""False"",""seq_ops"":""True"",""swapLRC"":""False""}",
       384,         0,         0,    1.36,bposd,1d42788997c955656e1579c9a1cc0f31acae501b320f438e36e23d7b8de7dc11,"{""A"":""x3y0+x0y1+x0y2"",""B"":""x0y3+x1y0+x2y0"",""b"":""X"",""d"":12,""excl_opp_detectors"":""True"",""k"":12,""l"":12,""leak_heralds"":""False"",""leak_repump"":""False"",""leakage"":""False"",""loss"":""False"",""m"":6,""n"":144,""p"":0.001,""prllel_1q"":Infinity,""prllel_2q"":6,""r"":20,""repump_cycles"":3,""seq_meas"":""False"",""seq_ops"":""True"",""swapLRC"":""False""}",
       128,         0,         0,    1.80,bposd,1d42788997c955656e1579c9a1cc0f31acae501b320f438e36e23d7b8de7dc11,"{""A"":""x3y0+x0y1+x0y2"",""B"":""x0y3+x1y0+x2y0"",""b"":""X"",""d"":12,""excl_opp_detectors"":""True"",""k"":12,""l"":12,""leak_heralds"":""False"",""leak_repump"":""False"",""leakage"":""False"",""loss"":""False"",""m"":6,""n"":144,""p"":0.001,""prllel_1q"":Infinity,""prllel_2q"":6,""r"":20,""repump_cycles"":3,""seq_meas"":""False"",""seq_ops"":""True"",""swapLRC"":""False""}",
       384,         0,         0,    1.21,bposd,1d42788997c955656e1579c9a1cc0f31acae501b320f438e36e23d7b8de7dc11,"{""A"":""x3y0+x0y1+x0y2"",""B"":""x0y3+x1y0+x2y0"",""b"":""X"",""d"":12,""excl_opp_detectors"":""True"",""k"":12,""l"":12,""leak_heralds"":""False"",""leak_repump"":""False"",""leakage"":""False"",""loss"":""False"",""m"":6,""n"":144,""p"":0.001,""prllel_1q"":Infinity,""prllel_2q"":6,""r"":20,""repump_cycles"":3,""seq_meas"":""False"",""seq_ops"":""True"",""swapLRC"":""False""}",
       384,         0,         0,    1.15,bposd,1d42788997c955656e1579c9a1cc0f31acae501b320f438e36e23d7b8de7dc11,"{""A"":""x3y0+x0y1+x0y2"",""B"":""x0y3+x1y0+x2y0"",""b"":""X"",""d"":12,""excl_opp_detectors"":""True"",""k"":12,""l"":12,""leak_heralds"":""False"",""leak_repump"":""False"",""leakage"":""False"",""loss"":""False"",""m"":6,""n"":144,""p"":0.001,""prllel_1q"":Infinity,""prllel_2q"":6,""r"":20,""repump_cycles"":3,""seq_meas"":""False"",""seq_ops"":""True"",""swapLRC"":""False""}",
       384,         0,         0,    1.75,bposd,1d42788997c955656e1579c9a1cc0f31acae501b320f438e36e23d7b8de7dc11,"{""A"":""x3y0+x0y1+x0y2"",""B"":""x0y3+x1y0+x2y0"",""b"":""X"",""d"":12,""excl_opp_detectors"":""True"",""k"":12,""l"":12,""leak_heralds"":""False"",""leak_repump"":""False"",""leakage"":""False"",""loss"":""False"",""m"":6,""n"":144,""p"":0.001,""prllel_1q"":Infinity,""prllel_2q"":6,""r"":20,""repump_cycles"":3,""seq_meas"":""False"",""seq_ops"":""True"",""swapLRC"":""False""}",
        64,         0,         0,   0.267,bposd,1d42788997c955656e1579c9a1cc0f31acae501b320f438e36e23d7b8de7dc11,"{""A"":""x3y0+x0y1+x0y2"",""B"":""x0y3+x1y0+x2y0"",""b"":""X"",""d"":12,""excl_opp_detectors"":""True"",""k"":12,""l"":12,""leak_heralds"":""False"",""leak_repump"":""False"",""leakage"":""False"",""loss"":""False"",""m"":6,""n"":144,""p"":0.001,""prllel_1q"":Infinity,""prllel_2q"":6,""r"":20,""repump_cycles"":3,""seq_meas"":""False"",""seq_ops"":""True"",""swapLRC"":""False""}",
       384,         0,         0,    1.27,bposd,1d42788997c955656e1579c9a1cc0f31acae501b320f438e36e23d7b8de7dc11,"{""A"":""x3y0+x0y1+x0y2"",""B"":""x0y3+x1y0+x2y0"",""b"":""X"",""d"":12,""excl_opp_detectors"":""True"",""k"":12,""l"":12,""leak_heralds"":""False"",""leak_repump"":""False"",""leakage"":""False"",""loss"":""False"",""m"":6,""n"":144,""p"":0.001,""prllel_1q"":Infinity,""prllel_2q"":6,""r"":20,""repump_cycles"":3,""seq_meas"":""False"",""seq_ops"":""True"",""swapLRC"":""False""}",
       128,         0,         0,   0.416,bposd,1d42788997c955656e1579c9a1cc0f31acae501b320f438e36e23d7b8de7dc11,"{""A"":""x3y0+x0y1+x0y2"",""B"":""x0y3+x1y0+x2y0"",""b"":""X"",""d"":12,""excl_opp_detectors"":""True"",""k"":12,""l"":12,""leak_heralds"":""False"",""leak_repump"":""False"",""leakage"":""False"",""loss"":""False"",""m"":6,""n"":144,""p"":0.001,""prllel_1q"":Infinity,""prllel_2q"":6,""r"":20,""repump_cycles"":3,""seq_meas"":""False"",""seq_ops"":""True"",""swapLRC"":""False""}",
       128,         0,         0,   0.446,bposd,1d42788997c955656e1579c9a1cc0f31acae501b320f438e36e23d7b8de7dc11,"{""A"":""x3y0+x0y1+x0y2"",""B"":""x0y3+x1y0+x2y0"",""b"":""X"",""d"":12,""excl_opp_detectors"":""True"",""k"":12,""l"":12,""leak_heralds"":""False"",""leak_repump"":""False"",""leakage"":""False"",""loss"":""False"",""m"":6,""n"":144,""p"":0.001,""prllel_1q"":Infinity,""prllel_2q"":6,""r"":20,""repump_cycles"":3,""seq_meas"":""False"",""seq_ops"":""True"",""swapLRC"":""False""}",
       384,         0,         0,    1.19,bposd,1d42788997c955656e1579c9a1cc0f31acae501b320f438e36e23d7b8de7dc11,"{""A"":""x3y0+x0y1+x0y2"",""B"":""x0y3+x1y0+x2y0"",""b"":""X"",""d"":12,""excl_opp_detectors"":""True"",""k"":12,""l"":12,""leak_heralds"":""False"",""leak_repump"":""False"",""leakage"":""False"",""loss"":""False"",""m"":6,""n"":144,""p"":0.001,""prllel_1q"":Infinity,""prllel_2q"":6,""r"":20,""repump_cycles"":3,""seq_meas"":""False"",""seq_ops"":""True"",""swapLRC"":""False""}",
       512,         0,         0,    1.64,bposd,1d42788997c955656e1579c9a1cc0f31acae501b320f438e36e23d7b8de7dc11,"{""A"":""x3y0+x0y1+x0y2"",""B"":""x0y3+x1y0+x2y0"",""b"":""X"",""d"":12,""excl_opp_detectors"":""True"",""k"":12,""l"":12,""leak_heralds"":""False"",""leak_repump"":""False"",""leakage"":""False"",""loss"":""False"",""m"":6,""n"":144,""p"":0.001,""prllel_1q"":Infinity,""prllel_2q"":6,""r"":20,""repump_cycles"":3,""seq_meas"":""False"",""seq_ops"":""True"",""swapLRC"":""False""}",
       384,         0,         0,    1.18,bposd,1d42788997c955656e1579c9a1cc0f31acae501b320f438e36e23d7b8de7dc11,"{""A"":""x3y0+x0y1+x0y2"",""B"":""x0y3+x1y0+x2y0"",""b"":""X"",""d"":12,""excl_opp_detectors"":""True"",""k"":12,""l"":12,""leak_heralds"":""False"",""leak_repump"":""False"",""leakage"":""False"",""loss"":""False"",""m"":6,""n"":144,""p"":0.001,""prllel_1q"":Infinity,""prllel_2q"":6,""r"":20,""repump_cycles"":3,""seq_meas"":""False"",""seq_ops"":""True"",""swapLRC"":""False""}",
       384,         0,         0,    1.16,bposd,1d42788997c955656e1579c9a1cc0f31acae501b320f438e36e23d7b8de7dc11,"{""A"":""x3y0+x0y1+x0y2"",""B"":""x0y3+x1y0+x2y0"",""b"":""X"",""d"":12,""excl_opp_detectors"":""True"",""k"":12,""l"":12,""leak_heralds"":""False"",""leak_repump"":""False"",""leakage"":""False"",""loss"":""False"",""m"":6,""n"":144,""p"":0.001,""prllel_1q"":Infinity,""prllel_2q"":6,""r"":20,""repump_cycles"":3,""seq_meas"":""False"",""seq_ops"":""True"",""swapLRC"":""False""}",
       128,         0,         0,   0.497,bposd,1d42788997c955656e1579c9a1cc0f31acae501b320f438e36e23d7b8de7dc11,"{""A"":""x3y0+x0y1+x0y2"",""B"":""x0y3+x1y0+x2y0"",""b"":""X"",""d"":12,""excl_opp_detectors"":""True"",""k"":12,""l"":12,""leak_heralds"":""False"",""leak_repump"":""False"",""leakage"":""False"",""loss"":""False"",""m"":6,""n"":144,""p"":0.001,""prllel_1q"":Infinity,""prllel_2q"":6,""r"":20,""repump_cycles"":3,""seq_meas"":""False"",""seq_ops"":""True"",""swapLRC"":""False""}",
       320,         0,         0,    1.09,bposd,1d42788997c955656e1579c9a1cc0f31acae501b320f438e36e23d7b8de7dc11,"{""A"":""x3y0+x0y1+x0y2"",""B"":""x0y3+x1y0+x2y0"",""b"":""X"",""d"":12,""excl_opp_detectors"":""True"",""k"":12,""l"":12,""leak_heralds"":""False"",""leak_repump"":""False"",""leakage"":""False"",""loss"":""False"",""m"":6,""n"":144,""p"":0.001,""prllel_1q"":Infinity,""prllel_2q"":6,""r"":20,""repump_cycles"":3,""seq_meas"":""False"",""seq_ops"":""True"",""swapLRC"":""False""}",
       128,         0,         0,   0.420,bposd,1d42788997c955656e1579c9a1cc0f31acae501b320f438e36e23d7b8de7dc11,"{""A"":""x3y0+x0y1+x0y2"",""B"":""x0y3+x1y0+x2y0"",""b"":""X"",""d"":12,""excl_opp_detectors"":""True"",""k"":12,""l"":12,""leak_heralds"":""False"",""leak_repump"":""False"",""leakage"":""False"",""loss"":""False"",""m"":6,""n"":144,""p"":0.001,""prllel_1q"":Infinity,""prllel_2q"":6,""r"":20,""repump_cycles"":3,""seq_meas"":""False"",""seq_ops"":""True"",""swapLRC"":""False""}",
       128,         0,         0,   0.492,bposd,1d42788997c955656e1579c9a1cc0f31acae501b320f438e36e23d7b8de7dc11,"{""A"":""x3y0+x0y1+x0y2"",""B"":""x0y3+x1y0+x2y0"",""b"":""X"",""d"":12,""excl_opp_detectors"":""True"",""k"":12,""l"":12,""leak_heralds"":""False"",""leak_repump"":""False"",""leakage"":""False"",""loss"":""False"",""m"":6,""n"":144,""p"":0.001,""prllel_1q"":Infinity,""prllel_2q"":6,""r"":20,""repump_cycles"":3,""seq_meas"":""False"",""seq_ops"":""True"",""swapLRC"":""False""}",
       128,         0,         0,   0.482,bposd,1d42788997c955656e1579c9a1cc0f31acae501b320f438e36e23d7b8de7dc11,"{""A"":""x3y0+x0y1+x0y2"",""B"":""x0y3+x1y0+x2y0"",""b"":""X"",""d"":12,""excl_opp_detectors"":""True"",""k"":12,""l"":12,""leak_heralds"":""False"",""leak_repump"":""False"",""leakage"":""False"",""loss"":""False"",""m"":6,""n"":144,""p"":0.001,""prllel_1q"":Infinity,""prllel_2q"":6,""r"":20,""repump_cycles"":3,""seq_meas"":""False"",""seq_ops"":""True"",""swapLRC"":""False""}",
       384,         0,         0,    1.21,bposd,1d42788997c955656e1579c9a1cc0f31acae501b320f438e36e23d7b8de7dc11,"{""A"":""x3y0+x0y1+x0y2"",""B"":""x0y3+x1y0+x2y0"",""b"":""X"",""d"":12,""excl_opp_detectors"":""True"",""k"":12,""l"":12,""leak_heralds"":""False"",""leak_repump"":""False"",""leakage"":""False"",""loss"":""False"",""m"":6,""n"":144,""p"":0.001,""prllel_1q"":Infinity,""prllel_2q"":6,""r"":20,""repump_cycles"":3,""seq_meas"":""False"",""seq_ops"":""True"",""swapLRC"":""False""}",
       384,         0,         0,    1.16,bposd,1d42788997c955656e1579c9a1cc0f31acae501b320f438e36e23d7b8de7dc11,"{""A"":""x3y0+x0y1+x0y2"",""B"":""x0y3+x1y0+x2y0"",""b"":""X"",""d"":12,""excl_opp_detectors"":""True"",""k"":12,""l"":12,""leak_heralds"":""False"",""leak_repump"":""False"",""leakage"":""False"",""loss"":""False"",""m"":6,""n"":144,""p"":0.001,""prllel_1q"":Infinity,""prllel_2q"":6,""r"":20,""repump_cycles"":3,""seq_meas"":""False"",""seq_ops"":""True"",""swapLRC"":""False""}",
       128,         0,         0,   0.348,bposd,1d42788997c955656e1579c9a1cc0f31acae501b320f438e36e23d7b8de7dc11,"{""A"":""x3y0+x0y1+x0y2"",""B"":""x0y3+x1y0+x2y0"",""b"":""X"",""d"":12,""excl_opp_detectors"":""True"",""k"":12,""l"":12,""leak_heralds"":""False"",""leak_repump"":""False"",""leakage"":""False"",""loss"":""False"",""m"":6,""n"":144,""p"":0.001,""prllel_1q"":Infinity,""prllel_2q"":6,""r"":20,""repump_cycles"":3,""seq_meas"":""False"",""seq_ops"":""True"",""swapLRC"":""False""}",
       320,         0,         0,    1.05,bposd,1d42788997c955656e1579c9a1cc0f31acae501b320f438e36e23d7b8de7dc11,"{""A"":""x3y0+x0y1+x0y2"",""B"":""x0y3+x1y0+x2y0"",""b"":""X"",""d"":12,""excl_opp_detectors"":""True"",""k"":12,""l"":12,""leak_heralds"":""False"",""leak_repump"":""False"",""leakage"":""False"",""loss"":""False"",""m"":6,""n"":144,""p"":0.001,""prllel_1q"":Infinity,""prllel_2q"":6,""r"":20,""repump_cycles"":3,""seq_meas"":""False"",""seq_ops"":""True"",""swapLRC"":""False""}",
       512,         0,         0,    1.56,bposd,1d42788997c955656e1579c9a1cc0f31acae501b320f438e36e23d7b8de7dc11,"{""A"":""x3y0+x0y1+x0y2"",""B"":""x0y3+x1y0+x2y0"",""b"":""X"",""d"":12,""excl_opp_detectors"":""True"",""k"":12,""l"":12,""leak_heralds"":""False"",""leak_repump"":""False"",""leakage"":""False"",""loss"":""False"",""m"":6,""n"":144,""p"":0.001,""prllel_1q"":Infinity,""prllel_2q"":6,""r"":20,""repump_cycles"":3,""seq_meas"":""False"",""seq_ops"":""True"",""swapLRC"":""False""}",
       512,         0,         0,    1.46,bposd,1d42788997c955656e1579c9a1cc0f31acae501b320f438e36e23d7b8de7dc11,"{""A"":""x3y0+x0y1+x0y2"",""B"":""x0y3+x1y0+x2y0"",""b"":""X"",""d"":12,""excl_opp_detectors"":""True"",""k"":12,""l"":12,""leak_heralds"":""False"",""leak_repump"":""False"",""leakage"":""False"",""loss"":""False"",""m"":6,""n"":144,""p"":0.001,""prllel_1q"":Infinity,""prllel_2q"":6,""r"":20,""repump_cycles"":3,""seq_meas"":""False"",""seq_ops"":""True"",""swapLRC"":""False""}",
       128,         0,         0,    4.91,bposd,1d42788997c955656e1579c9a1cc0f31acae501b320f438e36e23d7b8de7dc11,"{""A"":""x3y0+x0y1+x0y2"",""B"":""x0y3+x1y0+x2y0"",""b"":""X"",""d"":12,""excl_opp_detectors"":""True"",""k"":12,""l"":12,""leak_heralds"":""False"",""leak_repump"":""False"",""leakage"":""False"",""loss"":""False"",""m"":6,""n"":144,""p"":0.001,""prllel_1q"":Infinity,""prllel_2q"":6,""r"":20,""repump_cycles"":3,""seq_meas"":""False"",""seq_ops"":""True"",""swapLRC"":""False""}",
       128,         0,         0,   0.409,bposd,1d42788997c955656e1579c9a1cc0f31acae501b320f438e36e23d7b8de7dc11,"{""A"":""x3y0+x0y1+x0y2"",""B"":""x0y3+x1y0+x2y0"",""b"":""X"",""d"":12,""excl_opp_detectors"":""True"",""k"":12,""l"":12,""leak_heralds"":""False"",""leak_repump"":""False"",""leakage"":""False"",""loss"":""False"",""m"":6,""n"":144,""p"":0.001,""prllel_1q"":Infinity,""prllel_2q"":6,""r"":20,""repump_cycles"":3,""seq_meas"":""False"",""seq_ops"":""True"",""swapLRC"":""False""}",
       128,         0,         0,   0.396,bposd,1d42788997c955656e1579c9a1cc0f31acae501b320f438e36e23d7b8de7dc11,"{""A"":""x3y0+x0y1+x0y2"",""B"":""x0y3+x1y0+x2y0"",""b"":""X"",""d"":12,""excl_opp_detectors"":""True"",""k"":12,""l"":12,""leak_heralds"":""False"",""leak_repump"":""False"",""leakage"":""False"",""loss"":""False"",""m"":6,""n"":144,""p"":0.001,""prllel_1q"":Infinity,""prllel_2q"":6,""r"":20,""repump_cycles"":3,""seq_meas"":""False"",""seq_ops"":""True"",""swapLRC"":""False""}",
       512,         0,         0,    1.64,bposd,1d42788997c955656e1579c9a1cc0f31acae501b320f438e36e23d7b8de7dc11,"{""A"":""x3y0+x0y1+x0y2"",""B"":""x0y3+x1y0+x2y0"",""b"":""X"",""d"":12,""excl_opp_detectors"":""True"",""k"":12,""l"":12,""leak_heralds"":""False"",""leak_repump"":""False"",""leakage"":""False"",""loss"":""False"",""m"":6,""n"":144,""p"":0.001,""prllel_1q"":Infinity,""prllel_2q"":6,""r"":20,""repump_cycles"":3,""seq_meas"":""False"",""seq_ops"":""True"",""swapLRC"":""False""}",
       384,         0,         0,    1.65,bposd,1d42788997c955656e1579c9a1cc0f31acae501b320f438e36e23d7b8de7dc11,"{""A"":""x3y0+x0y1+x0y2"",""B"":""x0y3+x1y0+x2y0"",""b"":""X"",""d"":12,""excl_opp_detectors"":""True"",""k"":12,""l"":12,""leak_heralds"":""False"",""leak_repump"":""False"",""leakage"":""False"",""loss"":""False"",""m"":6,""n"":144,""p"":0.001,""prllel_1q"":Infinity,""prllel_2q"":6,""r"":20,""repump_cycles"":3,""seq_meas"":""False"",""seq_ops"":""True"",""swapLRC"":""False""}",
       512,         0,         0,    1.59,bposd,1d42788997c955656e1579c9a1cc0f31acae501b320f438e36e23d7b8de7dc11,"{""A"":""x3y0+x0y1+x0y2"",""B"":""x0y3+x1y0+x2y0"",""b"":""X"",""d"":12,""excl_opp_detectors"":""True"",""k"":12,""l"":12,""leak_heralds"":""False"",""leak_repump"":""False"",""leakage"":""False"",""loss"":""False"",""m"":6,""n"":144,""p"":0.001,""prllel_1q"":Infinity,""prllel_2q"":6,""r"":20,""repump_cycles"":3,""seq_meas"":""False"",""seq_ops"":""True"",""swapLRC"":""False""}",
       128,         0,         0,    2.61,bposd,1d42788997c955656e1579c9a1cc0f31acae501b320f438e36e23d7b8de7dc11,"{""A"":""x3y0+x0y1+x0y2"",""B"":""x0y3+x1y0+x2y0"",""b"":""X"",""d"":12,""excl_opp_detectors"":""True"",""k"":12,""l"":12,""leak_heralds"":""False"",""leak_repump"":""False"",""leakage"":""False"",""loss"":""False"",""m"":6,""n"":144,""p"":0.001,""prllel_1q"":Infinity,""prllel_2q"":6,""r"":20,""repump_cycles"":3,""seq_meas"":""False"",""seq_ops"":""True"",""swapLRC"":""False""}",
       512,         0,         0,    1.72,bposd,1d42788997c955656e1579c9a1cc0f31acae501b320f438e36e23d7b8de7dc11,"{""A"":""x3y0+x0y1+x0y2"",""B"":""x0y3+x1y0+x2y0"",""b"":""X"",""d"":12,""excl_opp_detectors"":""True"",""k"":12,""l"":12,""leak_heralds"":""False"",""leak_repump"":""False"",""leakage"":""False"",""loss"":""False"",""m"":6,""n"":144,""p"":0.001,""prllel_1q"":Infinity,""prllel_2q"":6,""r"":20,""repump_cycles"":3,""seq_meas"":""False"",""seq_ops"":""True"",""swapLRC"":""False""}",
       512,         0,         0,    1.74,bposd,1d42788997c955656e1579c9a1cc0f31acae501b320f438e36e23d7b8de7dc11,"{""A"":""x3y0+x0y1+x0y2"",""B"":""x0y3+x1y0+x2y0"",""b"":""X"",""d"":12,""excl_opp_detectors"":""True"",""k"":12,""l"":12,""leak_heralds"":""False"",""leak_repump"":""False"",""leakage"":""False"",""loss"":""False"",""m"":6,""n"":144,""p"":0.001,""prllel_1q"":Infinity,""prllel_2q"":6,""r"":20,""repump_cycles"":3,""seq_meas"":""False"",""seq_ops"":""True"",""swapLRC"":""False""}",
       128,         0,         0,    1.10,bposd,1d42788997c955656e1579c9a1cc0f31acae501b320f438e36e23d7b8de7dc11,"{""A"":""x3y0+x0y1+x0y2"",""B"":""x0y3+x1y0+x2y0"",""b"":""X"",""d"":12,""excl_opp_detectors"":""True"",""k"":12,""l"":12,""leak_heralds"":""False"",""leak_repump"":""False"",""leakage"":""False"",""loss"":""False"",""m"":6,""n"":144,""p"":0.001,""prllel_1q"":Infinity,""prllel_2q"":6,""r"":20,""repump_cycles"":3,""seq_meas"":""False"",""seq_ops"":""True"",""swapLRC"":""False""}",
       512,         0,         0,    1.77,bposd,1d42788997c955656e1579c9a1cc0f31acae501b320f438e36e23d7b8de7dc11,"{""A"":""x3y0+x0y1+x0y2"",""B"":""x0y3+x1y0+x2y0"",""b"":""X"",""d"":12,""excl_opp_detectors"":""True"",""k"":12,""l"":12,""leak_heralds"":""False"",""leak_repump"":""False"",""leakage"":""False"",""loss"":""False"",""m"":6,""n"":144,""p"":0.001,""prllel_1q"":Infinity,""prllel_2q"":6,""r"":20,""repump_cycles"":3,""seq_meas"":""False"",""seq_ops"":""True"",""swapLRC"":""False""}",
       128,         0,         0,   0.744,bposd,1d42788997c955656e1579c9a1cc0f31acae501b320f438e36e23d7b8de7dc11,"{""A"":""x3y0+x0y1+x0y2"",""B"":""x0y3+x1y0+x2y0"",""b"":""X"",""d"":12,""excl_opp_detectors"":""True"",""k"":12,""l"":12,""leak_heralds"":""False"",""leak_repump"":""False"",""leakage"":""False"",""loss"":""False"",""m"":6,""n"":144,""p"":0.001,""prllel_1q"":Infinity,""prllel_2q"":6,""r"":20,""repump_cycles"":3,""seq_meas"":""False"",""seq_ops"":""True"",""swapLRC"":""False""}",
       128,         0,         0,    3.62,bposd,1d42788997c955656e1579c9a1cc0f31acae501b320f438e36e23d7b8de7dc11,"{""A"":""x3y0+x0y1+x0y2"",""B"":""x0y3+x1y0+x2y0"",""b"":""X"",""d"":12,""excl_opp_detectors"":""True"",""k"":12,""l"":12,""leak_heralds"":""False"",""leak_repump"":""False"",""leakage"":""False"",""loss"":""False"",""m"":6,""n"":144,""p"":0.001,""prllel_1q"":Infinity,""prllel_2q"":6,""r"":20,""repump_cycles"":3,""seq_meas"":""False"",""seq_ops"":""True"",""swapLRC"":""False""}",
       512,         0,         0,    1.64,bposd,1d42788997c955656e1579c9a1cc0f31acae501b320f438e36e23d7b8de7dc11,"{""A"":""x3y0+x0y1+x0y2"",""B"":""x0y3+x1y0+x2y0"",""b"":""X"",""d"":12,""excl_opp_detectors"":""True"",""k"":12,""l"":12,""leak_heralds"":""False"",""leak_repump"":""False"",""leakage"":""False"",""loss"":""False"",""m"":6,""n"":144,""p"":0.001,""prllel_1q"":Infinity,""prllel_2q"":6,""r"":20,""repump_cycles"":3,""seq_meas"":""False"",""seq_ops"":""True"",""swapLRC"":""False""}",
       256,         0,         0,   0.860,bposd,1d42788997c955656e1579c9a1cc0f31acae501b320f438e36e23d7b8de7dc11,"{""A"":""x3y0+x0y1+x0y2"",""B"":""x0y3+x1y0+x2y0"",""b"":""X"",""d"":12,""excl_opp_detectors"":""True"",""k"":12,""l"":12,""leak_heralds"":""False"",""leak_repump"":""False"",""leakage"":""False"",""loss"":""False"",""m"":6,""n"":144,""p"":0.001,""prllel_1q"":Infinity,""prllel_2q"":6,""r"":20,""repump_cycles"":3,""seq_meas"":""False"",""seq_ops"":""True"",""swapLRC"":""False""}",
       640,         0,         0,    1.93,bposd,1d42788997c955656e1579c9a1cc0f31acae501b320f438e36e23d7b8de7dc11,"{""A"":""x3y0+x0y1+x0y2"",""B"":""x0y3+x1y0+x2y0"",""b"":""X"",""d"":12,""excl_opp_detectors"":""True"",""k"":12,""l"":12,""leak_heralds"":""False"",""leak_repump"":""False"",""leakage"":""False"",""loss"":""False"",""m"":6,""n"":144,""p"":0.001,""prllel_1q"":Infinity,""prllel_2q"":6,""r"":20,""repump_cycles"":3,""seq_meas"":""False"",""seq_ops"":""True"",""swapLRC"":""False""}",
       256,         0,         0,   0.744,bposd,1d42788997c955656e1579c9a1cc0f31acae501b320f438e36e23d7b8de7dc11,"{""A"":""x3y0+x0y1+x0y2"",""B"":""x0y3+x1y0+x2y0"",""b"":""X"",""d"":12,""excl_opp_detectors"":""True"",""k"":12,""l"":12,""leak_heralds"":""False"",""leak_repump"":""False"",""leakage"":""False"",""loss"":""False"",""m"":6,""n"":144,""p"":0.001,""prllel_1q"":Infinity,""prllel_2q"":6,""r"":20,""repump_cycles"":3,""seq_meas"":""False"",""seq_ops"":""True"",""swapLRC"":""False""}",
       512,         0,         0,    1.80,bposd,1d42788997c955656e1579c9a1cc0f31acae501b320f438e36e23d7b8de7dc11,"{""A"":""x3y0+x0y1+x0y2"",""B"":""x0y3+x1y0+x2y0"",""b"":""X"",""d"":12,""excl_opp_detectors"":""True"",""k"":12,""l"":12,""leak_heralds"":""False"",""leak_repump"":""False"",""leakage"":""False"",""loss"":""False"",""m"":6,""n"":144,""p"":0.001,""prllel_1q"":Infinity,""prllel_2q"":6,""r"":20,""repump_cycles"":3,""seq_meas"":""False"",""seq_ops"":""True"",""swapLRC"":""False""}",
       512,         0,         0,    2.10,bposd,1d42788997c955656e1579c9a1cc0f31acae501b320f438e36e23d7b8de7dc11,"{""A"":""x3y0+x0y1+x0y2"",""B"":""x0y3+x1y0+x2y0"",""b"":""X"",""d"":12,""excl_opp_detectors"":""True"",""k"":12,""l"":12,""leak_heralds"":""False"",""leak_repump"":""False"",""leakage"":""False"",""loss"":""False"",""m"":6,""n"":144,""p"":0.001,""prllel_1q"":Infinity,""prllel_2q"":6,""r"":20,""repump_cycles"":3,""seq_meas"":""False"",""seq_ops"":""True"",""swapLRC"":""False""}",
       512,         0,         0,    1.66,bposd,1d42788997c955656e1579c9a1cc0f31acae501b320f438e36e23d7b8de7dc11,"{""A"":""x3y0+x0y1+x0y2"",""B"":""x0y3+x1y0+x2y0"",""b"":""X"",""d"":12,""excl_opp_detectors"":""True"",""k"":12,""l"":12,""leak_heralds"":""False"",""leak_repump"":""False"",""leakage"":""False"",""loss"":""False"",""m"":6,""n"":144,""p"":0.001,""prllel_1q"":Infinity,""prllel_2q"":6,""r"":20,""repump_cycles"":3,""seq_meas"":""False"",""seq_ops"":""True"",""swapLRC"":""False""}",
       640,         0,         0,    2.01,bposd,1d42788997c955656e1579c9a1cc0f31acae501b320f438e36e23d7b8de7dc11,"{""A"":""x3y0+x0y1+x0y2"",""B"":""x0y3+x1y0+x2y0"",""b"":""X"",""d"":12,""excl_opp_detectors"":""True"",""k"":12,""l"":12,""leak_heralds"":""False"",""leak_repump"":""False"",""leakage"":""False"",""loss"":""False"",""m"":6,""n"":144,""p"":0.001,""prllel_1q"":Infinity,""prllel_2q"":6,""r"":20,""repump_cycles"":3,""seq_meas"":""False"",""seq_ops"":""True"",""swapLRC"":""False""}",
       512,         0,         0,    1.78,bposd,1d42788997c955656e1579c9a1cc0f31acae501b320f438e36e23d7b8de7dc11,"{""A"":""x3y0+x0y1+x0y2"",""B"":""x0y3+x1y0+x2y0"",""b"":""X"",""d"":12,""excl_opp_detectors"":""True"",""k"":12,""l"":12,""leak_heralds"":""False"",""leak_repump"":""False"",""leakage"":""False"",""loss"":""False"",""m"":6,""n"":144,""p"":0.001,""prllel_1q"":Infinity,""prllel_2q"":6,""r"":20,""repump_cycles"":3,""seq_meas"":""False"",""seq_ops"":""True"",""swapLRC"":""False""}",
       256,         0,         0,   0.787,bposd,1d42788997c955656e1579c9a1cc0f31acae501b320f438e36e23d7b8de7dc11,"{""A"":""x3y0+x0y1+x0y2"",""B"":""x0y3+x1y0+x2y0"",""b"":""X"",""d"":12,""excl_opp_detectors"":""True"",""k"":12,""l"":12,""leak_heralds"":""False"",""leak_repump"":""False"",""leakage"":""False"",""loss"":""False"",""m"":6,""n"":144,""p"":0.001,""prllel_1q"":Infinity,""prllel_2q"":6,""r"":20,""repump_cycles"":3,""seq_meas"":""False"",""seq_ops"":""True"",""swapLRC"":""False""}",
       640,         0,         0,    1.92,bposd,1d42788997c955656e1579c9a1cc0f31acae501b320f438e36e23d7b8de7dc11,"{""A"":""x3y0+x0y1+x0y2"",""B"":""x0y3+x1y0+x2y0"",""b"":""X"",""d"":12,""excl_opp_detectors"":""True"",""k"":12,""l"":12,""leak_heralds"":""False"",""leak_repump"":""False"",""leakage"":""False"",""loss"":""False"",""m"":6,""n"":144,""p"":0.001,""prllel_1q"":Infinity,""prllel_2q"":6,""r"":20,""repump_cycles"":3,""seq_meas"":""False"",""seq_ops"":""True"",""swapLRC"":""False""}",
       256,         0,         0,   0.954,bposd,1d42788997c955656e1579c9a1cc0f31acae501b320f438e36e23d7b8de7dc11,"{""A"":""x3y0+x0y1+x0y2"",""B"":""x0y3+x1y0+x2y0"",""b"":""X"",""d"":12,""excl_opp_detectors"":""True"",""k"":12,""l"":12,""leak_heralds"":""False"",""leak_repump"":""False"",""leakage"":""False"",""loss"":""False"",""m"":6,""n"":144,""p"":0.001,""prllel_1q"":Infinity,""prllel_2q"":6,""r"":20,""repump_cycles"":3,""seq_meas"":""False"",""seq_ops"":""True"",""swapLRC"":""False""}",
       192,         0,         0,   0.698,bposd,1d42788997c955656e1579c9a1cc0f31acae501b320f438e36e23d7b8de7dc11,"{""A"":""x3y0+x0y1+x0y2"",""B"":""x0y3+x1y0+x2y0"",""b"":""X"",""d"":12,""excl_opp_detectors"":""True"",""k"":12,""l"":12,""leak_heralds"":""False"",""leak_repump"":""False"",""leakage"":""False"",""loss"":""False"",""m"":6,""n"":144,""p"":0.001,""prllel_1q"":Infinity,""prllel_2q"":6,""r"":20,""repump_cycles"":3,""seq_meas"":""False"",""seq_ops"":""True"",""swapLRC"":""False""}",
       512,         0,         0,    1.57,bposd,1d42788997c955656e1579c9a1cc0f31acae501b320f438e36e23d7b8de7dc11,"{""A"":""x3y0+x0y1+x0y2"",""B"":""x0y3+x1y0+x2y0"",""b"":""X"",""d"":12,""excl_opp_detectors"":""True"",""k"":12,""l"":12,""leak_heralds"":""False"",""leak_repump"":""False"",""leakage"":""False"",""loss"":""False"",""m"":6,""n"":144,""p"":0.001,""prllel_1q"":Infinity,""prllel_2q"":6,""r"":20,""repump_cycles"":3,""seq_meas"":""False"",""seq_ops"":""True"",""swapLRC"":""False""}",
       512,         0,         0,    1.59,bposd,1d42788997c955656e1579c9a1cc0f31acae501b320f438e36e23d7b8de7dc11,"{""A"":""x3y0+x0y1+x0y2"",""B"":""x0y3+x1y0+x2y0"",""b"":""X"",""d"":12,""excl_opp_detectors"":""True"",""k"":12,""l"":12,""leak_heralds"":""False"",""leak_repump"":""False"",""leakage"":""False"",""loss"":""False"",""m"":6,""n"":144,""p"":0.001,""prllel_1q"":Infinity,""prllel_2q"":6,""r"":20,""repump_cycles"":3,""seq_meas"":""False"",""seq_ops"":""True"",""swapLRC"":""False""}",
       128,         0,         0,   0.421,bposd,1d42788997c955656e1579c9a1cc0f31acae501b320f438e36e23d7b8de7dc11,"{""A"":""x3y0+x0y1+x0y2"",""B"":""x0y3+x1y0+x2y0"",""b"":""X"",""d"":12,""excl_opp_detectors"":""True"",""k"":12,""l"":12,""leak_heralds"":""False"",""leak_repump"":""False"",""leakage"":""False"",""loss"":""False"",""m"":6,""n"":144,""p"":0.001,""prllel_1q"":Infinity,""prllel_2q"":6,""r"":20,""repump_cycles"":3,""seq_meas"":""False"",""seq_ops"":""True"",""swapLRC"":""False""}",
       512,         0,         0,    1.62,bposd,1d42788997c955656e1579c9a1cc0f31acae501b320f438e36e23d7b8de7dc11,"{""A"":""x3y0+x0y1+x0y2"",""B"":""x0y3+x1y0+x2y0"",""b"":""X"",""d"":12,""excl_opp_detectors"":""True"",""k"":12,""l"":12,""leak_heralds"":""False"",""leak_repump"":""False"",""leakage"":""False"",""loss"":""False"",""m"":6,""n"":144,""p"":0.001,""prllel_1q"":Infinity,""prllel_2q"":6,""r"":20,""repump_cycles"":3,""seq_meas"":""False"",""seq_ops"":""True"",""swapLRC"":""False""}",
       512,         0,         0,    1.75,bposd,1d42788997c955656e1579c9a1cc0f31acae501b320f438e36e23d7b8de7dc11,"{""A"":""x3y0+x0y1+x0y2"",""B"":""x0y3+x1y0+x2y0"",""b"":""X"",""d"":12,""excl_opp_detectors"":""True"",""k"":12,""l"":12,""leak_heralds"":""False"",""leak_repump"":""False"",""leakage"":""False"",""loss"":""False"",""m"":6,""n"":144,""p"":0.001,""prllel_1q"":Infinity,""prllel_2q"":6,""r"":20,""repump_cycles"":3,""seq_meas"":""False"",""seq_ops"":""True"",""swapLRC"":""False""}",
       512,         0,         0,    1.78,bposd,1d42788997c955656e1579c9a1cc0f31acae501b320f438e36e23d7b8de7dc11,"{""A"":""x3y0+x0y1+x0y2"",""B"":""x0y3+x1y0+x2y0"",""b"":""X"",""d"":12,""excl_opp_detectors"":""True"",""k"":12,""l"":12,""leak_heralds"":""False"",""leak_repump"":""False"",""leakage"":""False"",""loss"":""False"",""m"":6,""n"":144,""p"":0.001,""prllel_1q"":Infinity,""prllel_2q"":6,""r"":20,""repump_cycles"":3,""seq_meas"":""False"",""seq_ops"":""True"",""swapLRC"":""False""}",
       512,         0,         0,    1.63,bposd,1d42788997c955656e1579c9a1cc0f31acae501b320f438e36e23d7b8de7dc11,"{""A"":""x3y0+x0y1+x0y2"",""B"":""x0y3+x1y0+x2y0"",""b"":""X"",""d"":12,""excl_opp_detectors"":""True"",""k"":12,""l"":12,""leak_heralds"":""False"",""leak_repump"":""False"",""leakage"":""False"",""loss"":""False"",""m"":6,""n"":144,""p"":0.001,""prllel_1q"":Infinity,""prllel_2q"":6,""r"":20,""repump_cycles"":3,""seq_meas"":""False"",""seq_ops"":""True"",""swapLRC"":""False""}",
       256,         0,         0,   0.789,bposd,1d42788997c955656e1579c9a1cc0f31acae501b320f438e36e23d7b8de7dc11,"{""A"":""x3y0+x0y1+x0y2"",""B"":""x0y3+x1y0+x2y0"",""b"":""X"",""d"":12,""excl_opp_detectors"":""True"",""k"":12,""l"":12,""leak_heralds"":""False"",""leak_repump"":""False"",""leakage"":""False"",""loss"":""False"",""m"":6,""n"":144,""p"":0.001,""prllel_1q"":Infinity,""prllel_2q"":6,""r"":20,""repump_cycles"":3,""seq_meas"":""False"",""seq_ops"":""True"",""swapLRC"":""False""}",
       512,         0,         0,    1.85,bposd,1d42788997c955656e1579c9a1cc0f31acae501b320f438e36e23d7b8de7dc11,"{""A"":""x3y0+x0y1+x0y2"",""B"":""x0y3+x1y0+x2y0"",""b"":""X"",""d"":12,""excl_opp_detectors"":""True"",""k"":12,""l"":12,""leak_heralds"":""False"",""leak_repump"":""False"",""leakage"":""False"",""loss"":""False"",""m"":6,""n"":144,""p"":0.001,""prllel_1q"":Infinity,""prllel_2q"":6,""r"":20,""repump_cycles"":3,""seq_meas"":""False"",""seq_ops"":""True"",""swapLRC"":""False""}",
       384,         0,         0,    1.58,bposd,1d42788997c955656e1579c9a1cc0f31acae501b320f438e36e23d7b8de7dc11,"{""A"":""x3y0+x0y1+x0y2"",""B"":""x0y3+x1y0+x2y0"",""b"":""X"",""d"":12,""excl_opp_detectors"":""True"",""k"":12,""l"":12,""leak_heralds"":""False"",""leak_repump"":""False"",""leakage"":""False"",""loss"":""False"",""m"":6,""n"":144,""p"":0.001,""prllel_1q"":Infinity,""prllel_2q"":6,""r"":20,""repump_cycles"":3,""seq_meas"":""False"",""seq_ops"":""True"",""swapLRC"":""False""}",
       128,         0,         0,    4.78,bposd,1d42788997c955656e1579c9a1cc0f31acae501b320f438e36e23d7b8de7dc11,"{""A"":""x3y0+x0y1+x0y2"",""B"":""x0y3+x1y0+x2y0"",""b"":""X"",""d"":12,""excl_opp_detectors"":""True"",""k"":12,""l"":12,""leak_heralds"":""False"",""leak_repump"":""False"",""leakage"":""False"",""loss"":""False"",""m"":6,""n"":144,""p"":0.001,""prllel_1q"":Infinity,""prllel_2q"":6,""r"":20,""repump_cycles"":3,""seq_meas"":""False"",""seq_ops"":""True"",""swapLRC"":""False""}",
       256,         0,         0,   0.798,bposd,1d42788997c955656e1579c9a1cc0f31acae501b320f438e36e23d7b8de7dc11,"{""A"":""x3y0+x0y1+x0y2"",""B"":""x0y3+x1y0+x2y0"",""b"":""X"",""d"":12,""excl_opp_detectors"":""True"",""k"":12,""l"":12,""leak_heralds"":""False"",""leak_repump"":""False"",""leakage"":""False"",""loss"":""False"",""m"":6,""n"":144,""p"":0.001,""prllel_1q"":Infinity,""prllel_2q"":6,""r"":20,""repump_cycles"":3,""seq_meas"":""False"",""seq_ops"":""True"",""swapLRC"":""False""}",
       256,         0,         0,   0.772,bposd,1d42788997c955656e1579c9a1cc0f31acae501b320f438e36e23d7b8de7dc11,"{""A"":""x3y0+x0y1+x0y2"",""B"":""x0y3+x1y0+x2y0"",""b"":""X"",""d"":12,""excl_opp_detectors"":""True"",""k"":12,""l"":12,""leak_heralds"":""False"",""leak_repump"":""False"",""leakage"":""False"",""loss"":""False"",""m"":6,""n"":144,""p"":0.001,""prllel_1q"":Infinity,""prllel_2q"":6,""r"":20,""repump_cycles"":3,""seq_meas"":""False"",""seq_ops"":""True"",""swapLRC"":""False""}",
       512,         0,         0,    1.98,bposd,1d42788997c955656e1579c9a1cc0f31acae501b320f438e36e23d7b8de7dc11,"{""A"":""x3y0+x0y1+x0y2"",""B"":""x0y3+x1y0+x2y0"",""b"":""X"",""d"":12,""excl_opp_detectors"":""True"",""k"":12,""l"":12,""leak_heralds"":""False"",""leak_repump"":""False"",""leakage"":""False"",""loss"":""False"",""m"":6,""n"":144,""p"":0.001,""prllel_1q"":Infinity,""prllel_2q"":6,""r"":20,""repump_cycles"":3,""seq_meas"":""False"",""seq_ops"":""True"",""swapLRC"":""False""}",
       384,         0,         0,    1.74,bposd,1d42788997c955656e1579c9a1cc0f31acae501b320f438e36e23d7b8de7dc11,"{""A"":""x3y0+x0y1+x0y2"",""B"":""x0y3+x1y0+x2y0"",""b"":""X"",""d"":12,""excl_opp_detectors"":""True"",""k"":12,""l"":12,""leak_heralds"":""False"",""leak_repump"":""False"",""leakage"":""False"",""loss"":""False"",""m"":6,""n"":144,""p"":0.001,""prllel_1q"":Infinity,""prllel_2q"":6,""r"":20,""repump_cycles"":3,""seq_meas"":""False"",""seq_ops"":""True"",""swapLRC"":""False""}",
       512,         0,         0,    1.73,bposd,1d42788997c955656e1579c9a1cc0f31acae501b320f438e36e23d7b8de7dc11,"{""A"":""x3y0+x0y1+x0y2"",""B"":""x0y3+x1y0+x2y0"",""b"":""X"",""d"":12,""excl_opp_detectors"":""True"",""k"":12,""l"":12,""leak_heralds"":""False"",""leak_repump"":""False"",""leakage"":""False"",""loss"":""False"",""m"":6,""n"":144,""p"":0.001,""prllel_1q"":Infinity,""prllel_2q"":6,""r"":20,""repump_cycles"":3,""seq_meas"":""False"",""seq_ops"":""True"",""swapLRC"":""False""}",
       512,         0,         0,    1.70,bposd,1d42788997c955656e1579c9a1cc0f31acae501b320f438e36e23d7b8de7dc11,"{""A"":""x3y0+x0y1+x0y2"",""B"":""x0y3+x1y0+x2y0"",""b"":""X"",""d"":12,""excl_opp_detectors"":""True"",""k"":12,""l"":12,""leak_heralds"":""False"",""leak_repump"":""False"",""leakage"":""False"",""loss"":""False"",""m"":6,""n"":144,""p"":0.001,""prllel_1q"":Infinity,""prllel_2q"":6,""r"":20,""repump_cycles"":3,""seq_meas"":""False"",""seq_ops"":""True"",""swapLRC"":""False""}",
       640,         0,         0,    1.93,bposd,1d42788997c955656e1579c9a1cc0f31acae501b320f438e36e23d7b8de7dc11,"{""A"":""x3y0+x0y1+x0y2"",""B"":""x0y3+x1y0+x2y0"",""b"":""X"",""d"":12,""excl_opp_detectors"":""True"",""k"":12,""l"":12,""leak_heralds"":""False"",""leak_repump"":""False"",""leakage"":""False"",""loss"":""False"",""m"":6,""n"":144,""p"":0.001,""prllel_1q"":Infinity,""prllel_2q"":6,""r"":20,""repump_cycles"":3,""seq_meas"":""False"",""seq_ops"":""True"",""swapLRC"":""False""}",
       384,         0,         0,    1.39,bposd,1d42788997c955656e1579c9a1cc0f31acae501b320f438e36e23d7b8de7dc11,"{""A"":""x3y0+x0y1+x0y2"",""B"":""x0y3+x1y0+x2y0"",""b"":""X"",""d"":12,""excl_opp_detectors"":""True"",""k"":12,""l"":12,""leak_heralds"":""False"",""leak_repump"":""False"",""leakage"":""False"",""loss"":""False"",""m"":6,""n"":144,""p"":0.001,""prllel_1q"":Infinity,""prllel_2q"":6,""r"":20,""repump_cycles"":3,""seq_meas"":""False"",""seq_ops"":""True"",""swapLRC"":""False""}",
       512,         0,         0,    1.81,bposd,1d42788997c955656e1579c9a1cc0f31acae501b320f438e36e23d7b8de7dc11,"{""A"":""x3y0+x0y1+x0y2"",""B"":""x0y3+x1y0+x2y0"",""b"":""X"",""d"":12,""excl_opp_detectors"":""True"",""k"":12,""l"":12,""leak_heralds"":""False"",""leak_repump"":""False"",""leakage"":""False"",""loss"":""False"",""m"":6,""n"":144,""p"":0.001,""prllel_1q"":Infinity,""prllel_2q"":6,""r"":20,""repump_cycles"":3,""seq_meas"":""False"",""seq_ops"":""True"",""swapLRC"":""False""}",
       384,         0,         0,    1.25,bposd,1d42788997c955656e1579c9a1cc0f31acae501b320f438e36e23d7b8de7dc11,"{""A"":""x3y0+x0y1+x0y2"",""B"":""x0y3+x1y0+x2y0"",""b"":""X"",""d"":12,""excl_opp_detectors"":""True"",""k"":12,""l"":12,""leak_heralds"":""False"",""leak_repump"":""False"",""leakage"":""False"",""loss"":""False"",""m"":6,""n"":144,""p"":0.001,""prllel_1q"":Infinity,""prllel_2q"":6,""r"":20,""repump_cycles"":3,""seq_meas"":""False"",""seq_ops"":""True"",""swapLRC"":""False""}",
       512,         0,         0,    1.77,bposd,1d42788997c955656e1579c9a1cc0f31acae501b320f438e36e23d7b8de7dc11,"{""A"":""x3y0+x0y1+x0y2"",""B"":""x0y3+x1y0+x2y0"",""b"":""X"",""d"":12,""excl_opp_detectors"":""True"",""k"":12,""l"":12,""leak_heralds"":""False"",""leak_repump"":""False"",""leakage"":""False"",""loss"":""False"",""m"":6,""n"":144,""p"":0.001,""prllel_1q"":Infinity,""prllel_2q"":6,""r"":20,""repump_cycles"":3,""seq_meas"":""False"",""seq_ops"":""True"",""swapLRC"":""False""}",
       512,         0,         0,    1.70,bposd,1d42788997c955656e1579c9a1cc0f31acae501b320f438e36e23d7b8de7dc11,"{""A"":""x3y0+x0y1+x0y2"",""B"":""x0y3+x1y0+x2y0"",""b"":""X"",""d"":12,""excl_opp_detectors"":""True"",""k"":12,""l"":12,""leak_heralds"":""False"",""leak_repump"":""False"",""leakage"":""False"",""loss"":""False"",""m"":6,""n"":144,""p"":0.001,""prllel_1q"":Infinity,""prllel_2q"":6,""r"":20,""repump_cycles"":3,""seq_meas"":""False"",""seq_ops"":""True"",""swapLRC"":""False""}",
       512,         0,         0,    1.72,bposd,1d42788997c955656e1579c9a1cc0f31acae501b320f438e36e23d7b8de7dc11,"{""A"":""x3y0+x0y1+x0y2"",""B"":""x0y3+x1y0+x2y0"",""b"":""X"",""d"":12,""excl_opp_detectors"":""True"",""k"":12,""l"":12,""leak_heralds"":""False"",""leak_repump"":""False"",""leakage"":""False"",""loss"":""False"",""m"":6,""n"":144,""p"":0.001,""prllel_1q"":Infinity,""prllel_2q"":6,""r"":20,""repump_cycles"":3,""seq_meas"":""False"",""seq_ops"":""True"",""swapLRC"":""False""}",
       384,         0,         0,    1.63,bposd,1d42788997c955656e1579c9a1cc0f31acae501b320f438e36e23d7b8de7dc11,"{""A"":""x3y0+x0y1+x0y2"",""B"":""x0y3+x1y0+x2y0"",""b"":""X"",""d"":12,""excl_opp_detectors"":""True"",""k"":12,""l"":12,""leak_heralds"":""False"",""leak_repump"":""False"",""leakage"":""False"",""loss"":""False"",""m"":6,""n"":144,""p"":0.001,""prllel_1q"":Infinity,""prllel_2q"":6,""r"":20,""repump_cycles"":3,""seq_meas"":""False"",""seq_ops"":""True"",""swapLRC"":""False""}",
       576,         0,         0,    1.78,bposd,1d42788997c955656e1579c9a1cc0f31acae501b320f438e36e23d7b8de7dc11,"{""A"":""x3y0+x0y1+x0y2"",""B"":""x0y3+x1y0+x2y0"",""b"":""X"",""d"":12,""excl_opp_detectors"":""True"",""k"":12,""l"":12,""leak_heralds"":""False"",""leak_repump"":""False"",""leakage"":""False"",""loss"":""False"",""m"":6,""n"":144,""p"":0.001,""prllel_1q"":Infinity,""prllel_2q"":6,""r"":20,""repump_cycles"":3,""seq_meas"":""False"",""seq_ops"":""True"",""swapLRC"":""False""}",
       512,         0,         0,    1.85,bposd,1d42788997c955656e1579c9a1cc0f31acae501b320f438e36e23d7b8de7dc11,"{""A"":""x3y0+x0y1+x0y2"",""B"":""x0y3+x1y0+x2y0"",""b"":""X"",""d"":12,""excl_opp_detectors"":""True"",""k"":12,""l"":12,""leak_heralds"":""False"",""leak_repump"":""False"",""leakage"":""False"",""loss"":""False"",""m"":6,""n"":144,""p"":0.001,""prllel_1q"":Infinity,""prllel_2q"":6,""r"":20,""repump_cycles"":3,""seq_meas"":""False"",""seq_ops"":""True"",""swapLRC"":""False""}",
       256,         0,         0,   0.802,bposd,1d42788997c955656e1579c9a1cc0f31acae501b320f438e36e23d7b8de7dc11,"{""A"":""x3y0+x0y1+x0y2"",""B"":""x0y3+x1y0+x2y0"",""b"":""X"",""d"":12,""excl_opp_detectors"":""True"",""k"":12,""l"":12,""leak_heralds"":""False"",""leak_repump"":""False"",""leakage"":""False"",""loss"":""False"",""m"":6,""n"":144,""p"":0.001,""prllel_1q"":Infinity,""prllel_2q"":6,""r"":20,""repump_cycles"":3,""seq_meas"":""False"",""seq_ops"":""True"",""swapLRC"":""False""}",
       256,         0,         0,   0.888,bposd,1d42788997c955656e1579c9a1cc0f31acae501b320f438e36e23d7b8de7dc11,"{""A"":""x3y0+x0y1+x0y2"",""B"":""x0y3+x1y0+x2y0"",""b"":""X"",""d"":12,""excl_opp_detectors"":""True"",""k"":12,""l"":12,""leak_heralds"":""False"",""leak_repump"":""False"",""leakage"":""False"",""loss"":""False"",""m"":6,""n"":144,""p"":0.001,""prllel_1q"":Infinity,""prllel_2q"":6,""r"":20,""repump_cycles"":3,""seq_meas"":""False"",""seq_ops"":""True"",""swapLRC"":""False""}",
       512,         0,         0,    1.56,bposd,1d42788997c955656e1579c9a1cc0f31acae501b320f438e36e23d7b8de7dc11,"{""A"":""x3y0+x0y1+x0y2"",""B"":""x0y3+x1y0+x2y0"",""b"":""X"",""d"":12,""excl_opp_detectors"":""True"",""k"":12,""l"":12,""leak_heralds"":""False"",""leak_repump"":""False"",""leakage"":""False"",""loss"":""False"",""m"":6,""n"":144,""p"":0.001,""prllel_1q"":Infinity,""prllel_2q"":6,""r"":20,""repump_cycles"":3,""seq_meas"":""False"",""seq_ops"":""True"",""swapLRC"":""False""}",
       640,         0,         0,    1.91,bposd,1d42788997c955656e1579c9a1cc0f31acae501b320f438e36e23d7b8de7dc11,"{""A"":""x3y0+x0y1+x0y2"",""B"":""x0y3+x1y0+x2y0"",""b"":""X"",""d"":12,""excl_opp_detectors"":""True"",""k"":12,""l"":12,""leak_heralds"":""False"",""leak_repump"":""False"",""leakage"":""False"",""loss"":""False"",""m"":6,""n"":144,""p"":0.001,""prllel_1q"":Infinity,""prllel_2q"":6,""r"":20,""repump_cycles"":3,""seq_meas"":""False"",""seq_ops"":""True"",""swapLRC"":""False""}",
       320,         0,         0,    1.05,bposd,1d42788997c955656e1579c9a1cc0f31acae501b320f438e36e23d7b8de7dc11,"{""A"":""x3y0+x0y1+x0y2"",""B"":""x0y3+x1y0+x2y0"",""b"":""X"",""d"":12,""excl_opp_detectors"":""True"",""k"":12,""l"":12,""leak_heralds"":""False"",""leak_repump"":""False"",""leakage"":""False"",""loss"":""False"",""m"":6,""n"":144,""p"":0.001,""prllel_1q"":Infinity,""prllel_2q"":6,""r"":20,""repump_cycles"":3,""seq_meas"":""False"",""seq_ops"":""True"",""swapLRC"":""False""}",
       512,         0,         0,    1.76,bposd,1d42788997c955656e1579c9a1cc0f31acae501b320f438e36e23d7b8de7dc11,"{""A"":""x3y0+x0y1+x0y2"",""B"":""x0y3+x1y0+x2y0"",""b"":""X"",""d"":12,""excl_opp_detectors"":""True"",""k"":12,""l"":12,""leak_heralds"":""False"",""leak_repump"":""False"",""leakage"":""False"",""loss"":""False"",""m"":6,""n"":144,""p"":0.001,""prllel_1q"":Infinity,""prllel_2q"":6,""r"":20,""repump_cycles"":3,""seq_meas"":""False"",""seq_ops"":""True"",""swapLRC"":""False""}",
       640,         0,         0,    1.99,bposd,1d42788997c955656e1579c9a1cc0f31acae501b320f438e36e23d7b8de7dc11,"{""A"":""x3y0+x0y1+x0y2"",""B"":""x0y3+x1y0+x2y0"",""b"":""X"",""d"":12,""excl_opp_detectors"":""True"",""k"":12,""l"":12,""leak_heralds"":""False"",""leak_repump"":""False"",""leakage"":""False"",""loss"":""False"",""m"":6,""n"":144,""p"":0.001,""prllel_1q"":Infinity,""prllel_2q"":6,""r"":20,""repump_cycles"":3,""seq_meas"":""False"",""seq_ops"":""True"",""swapLRC"":""False""}",
       192,         0,         0,   0.605,bposd,1d42788997c955656e1579c9a1cc0f31acae501b320f438e36e23d7b8de7dc11,"{""A"":""x3y0+x0y1+x0y2"",""B"":""x0y3+x1y0+x2y0"",""b"":""X"",""d"":12,""excl_opp_detectors"":""True"",""k"":12,""l"":12,""leak_heralds"":""False"",""leak_repump"":""False"",""leakage"":""False"",""loss"":""False"",""m"":6,""n"":144,""p"":0.001,""prllel_1q"":Infinity,""prllel_2q"":6,""r"":20,""repump_cycles"":3,""seq_meas"":""False"",""seq_ops"":""True"",""swapLRC"":""False""}",
       512,         0,         0,    1.90,bposd,1d42788997c955656e1579c9a1cc0f31acae501b320f438e36e23d7b8de7dc11,"{""A"":""x3y0+x0y1+x0y2"",""B"":""x0y3+x1y0+x2y0"",""b"":""X"",""d"":12,""excl_opp_detectors"":""True"",""k"":12,""l"":12,""leak_heralds"":""False"",""leak_repump"":""False"",""leakage"":""False"",""loss"":""False"",""m"":6,""n"":144,""p"":0.001,""prllel_1q"":Infinity,""prllel_2q"":6,""r"":20,""repump_cycles"":3,""seq_meas"":""False"",""seq_ops"":""True"",""swapLRC"":""False""}",
       256,         0,         0,   0.854,bposd,1d42788997c955656e1579c9a1cc0f31acae501b320f438e36e23d7b8de7dc11,"{""A"":""x3y0+x0y1+x0y2"",""B"":""x0y3+x1y0+x2y0"",""b"":""X"",""d"":12,""excl_opp_detectors"":""True"",""k"":12,""l"":12,""leak_heralds"":""False"",""leak_repump"":""False"",""leakage"":""False"",""loss"":""False"",""m"":6,""n"":144,""p"":0.001,""prllel_1q"":Infinity,""prllel_2q"":6,""r"":20,""repump_cycles"":3,""seq_meas"":""False"",""seq_ops"":""True"",""swapLRC"":""False""}",
       256,         0,         0,   0.936,bposd,1d42788997c955656e1579c9a1cc0f31acae501b320f438e36e23d7b8de7dc11,"{""A"":""x3y0+x0y1+x0y2"",""B"":""x0y3+x1y0+x2y0"",""b"":""X"",""d"":12,""excl_opp_detectors"":""True"",""k"":12,""l"":12,""leak_heralds"":""False"",""leak_repump"":""False"",""leakage"":""False"",""loss"":""False"",""m"":6,""n"":144,""p"":0.001,""prllel_1q"":Infinity,""prllel_2q"":6,""r"":20,""repump_cycles"":3,""seq_meas"":""False"",""seq_ops"":""True"",""swapLRC"":""False""}",
       256,         0,         0,   0.902,bposd,1d42788997c955656e1579c9a1cc0f31acae501b320f438e36e23d7b8de7dc11,"{""A"":""x3y0+x0y1+x0y2"",""B"":""x0y3+x1y0+x2y0"",""b"":""X"",""d"":12,""excl_opp_detectors"":""True"",""k"":12,""l"":12,""leak_heralds"":""False"",""leak_repump"":""False"",""leakage"":""False"",""loss"":""False"",""m"":6,""n"":144,""p"":0.001,""prllel_1q"":Infinity,""prllel_2q"":6,""r"":20,""repump_cycles"":3,""seq_meas"":""False"",""seq_ops"":""True"",""swapLRC"":""False""}",
       512,         0,         0,    1.91,bposd,1d42788997c955656e1579c9a1cc0f31acae501b320f438e36e23d7b8de7dc11,"{""A"":""x3y0+x0y1+x0y2"",""B"":""x0y3+x1y0+x2y0"",""b"":""X"",""d"":12,""excl_opp_detectors"":""True"",""k"":12,""l"":12,""leak_heralds"":""False"",""leak_repump"":""False"",""leakage"":""False"",""loss"":""False"",""m"":6,""n"":144,""p"":0.001,""prllel_1q"":Infinity,""prllel_2q"":6,""r"":20,""repump_cycles"":3,""seq_meas"":""False"",""seq_ops"":""True"",""swapLRC"":""False""}",
       256,         0,         0,   0.834,bposd,1d42788997c955656e1579c9a1cc0f31acae501b320f438e36e23d7b8de7dc11,"{""A"":""x3y0+x0y1+x0y2"",""B"":""x0y3+x1y0+x2y0"",""b"":""X"",""d"":12,""excl_opp_detectors"":""True"",""k"":12,""l"":12,""leak_heralds"":""False"",""leak_repump"":""False"",""leakage"":""False"",""loss"":""False"",""m"":6,""n"":144,""p"":0.001,""prllel_1q"":Infinity,""prllel_2q"":6,""r"":20,""repump_cycles"":3,""seq_meas"":""False"",""seq_ops"":""True"",""swapLRC"":""False""}",
       512,         0,         0,    1.63,bposd,1d42788997c955656e1579c9a1cc0f31acae501b320f438e36e23d7b8de7dc11,"{""A"":""x3y0+x0y1+x0y2"",""B"":""x0y3+x1y0+x2y0"",""b"":""X"",""d"":12,""excl_opp_detectors"":""True"",""k"":12,""l"":12,""leak_heralds"":""False"",""leak_repump"":""False"",""leakage"":""False"",""loss"":""False"",""m"":6,""n"":144,""p"":0.001,""prllel_1q"":Infinity,""prllel_2q"":6,""r"":20,""repump_cycles"":3,""seq_meas"":""False"",""seq_ops"":""True"",""swapLRC"":""False""}",
       256,         0,         0,   0.942,bposd,1d42788997c955656e1579c9a1cc0f31acae501b320f438e36e23d7b8de7dc11,"{""A"":""x3y0+x0y1+x0y2"",""B"":""x0y3+x1y0+x2y0"",""b"":""X"",""d"":12,""excl_opp_detectors"":""True"",""k"":12,""l"":12,""leak_heralds"":""False"",""leak_repump"":""False"",""leakage"":""False"",""loss"":""False"",""m"":6,""n"":144,""p"":0.001,""prllel_1q"":Infinity,""prllel_2q"":6,""r"":20,""repump_cycles"":3,""seq_meas"":""False"",""seq_ops"":""True"",""swapLRC"":""False""}",
       256,         0,         0,   0.788,bposd,1d42788997c955656e1579c9a1cc0f31acae501b320f438e36e23d7b8de7dc11,"{""A"":""x3y0+x0y1+x0y2"",""B"":""x0y3+x1y0+x2y0"",""b"":""X"",""d"":12,""excl_opp_detectors"":""True"",""k"":12,""l"":12,""leak_heralds"":""False"",""leak_repump"":""False"",""leakage"":""False"",""loss"":""False"",""m"":6,""n"":144,""p"":0.001,""prllel_1q"":Infinity,""prllel_2q"":6,""r"":20,""repump_cycles"":3,""seq_meas"":""False"",""seq_ops"":""True"",""swapLRC"":""False""}",
       640,         0,         0,    2.19,bposd,1d42788997c955656e1579c9a1cc0f31acae501b320f438e36e23d7b8de7dc11,"{""A"":""x3y0+x0y1+x0y2"",""B"":""x0y3+x1y0+x2y0"",""b"":""X"",""d"":12,""excl_opp_detectors"":""True"",""k"":12,""l"":12,""leak_heralds"":""False"",""leak_repump"":""False"",""leakage"":""False"",""loss"":""False"",""m"":6,""n"":144,""p"":0.001,""prllel_1q"":Infinity,""prllel_2q"":6,""r"":20,""repump_cycles"":3,""seq_meas"":""False"",""seq_ops"":""True"",""swapLRC"":""False""}",
       256,         0,         0,    5.15,bposd,1d42788997c955656e1579c9a1cc0f31acae501b320f438e36e23d7b8de7dc11,"{""A"":""x3y0+x0y1+x0y2"",""B"":""x0y3+x1y0+x2y0"",""b"":""X"",""d"":12,""excl_opp_detectors"":""True"",""k"":12,""l"":12,""leak_heralds"":""False"",""leak_repump"":""False"",""leakage"":""False"",""loss"":""False"",""m"":6,""n"":144,""p"":0.001,""prllel_1q"":Infinity,""prllel_2q"":6,""r"":20,""repump_cycles"":3,""seq_meas"":""False"",""seq_ops"":""True"",""swapLRC"":""False""}",
       576,         0,         0,    1.82,bposd,1d42788997c955656e1579c9a1cc0f31acae501b320f438e36e23d7b8de7dc11,"{""A"":""x3y0+x0y1+x0y2"",""B"":""x0y3+x1y0+x2y0"",""b"":""X"",""d"":12,""excl_opp_detectors"":""True"",""k"":12,""l"":12,""leak_heralds"":""False"",""leak_repump"":""False"",""leakage"":""False"",""loss"":""False"",""m"":6,""n"":144,""p"":0.001,""prllel_1q"":Infinity,""prllel_2q"":6,""r"":20,""repump_cycles"":3,""seq_meas"":""False"",""seq_ops"":""True"",""swapLRC"":""False""}",
       128,         0,         0,   0.868,bposd,1d42788997c955656e1579c9a1cc0f31acae501b320f438e36e23d7b8de7dc11,"{""A"":""x3y0+x0y1+x0y2"",""B"":""x0y3+x1y0+x2y0"",""b"":""X"",""d"":12,""excl_opp_detectors"":""True"",""k"":12,""l"":12,""leak_heralds"":""False"",""leak_repump"":""False"",""leakage"":""False"",""loss"":""False"",""m"":6,""n"":144,""p"":0.001,""prllel_1q"":Infinity,""prllel_2q"":6,""r"":20,""repump_cycles"":3,""seq_meas"":""False"",""seq_ops"":""True"",""swapLRC"":""False""}",
       128,         0,         0,    4.84,bposd,1d42788997c955656e1579c9a1cc0f31acae501b320f438e36e23d7b8de7dc11,"{""A"":""x3y0+x0y1+x0y2"",""B"":""x0y3+x1y0+x2y0"",""b"":""X"",""d"":12,""excl_opp_detectors"":""True"",""k"":12,""l"":12,""leak_heralds"":""False"",""leak_repump"":""False"",""leakage"":""False"",""loss"":""False"",""m"":6,""n"":144,""p"":0.001,""prllel_1q"":Infinity,""prllel_2q"":6,""r"":20,""repump_cycles"":3,""seq_meas"":""False"",""seq_ops"":""True"",""swapLRC"":""False""}",
       512,         0,         0,    2.33,bposd,1d42788997c955656e1579c9a1cc0f31acae501b320f438e36e23d7b8de7dc11,"{""A"":""x3y0+x0y1+x0y2"",""B"":""x0y3+x1y0+x2y0"",""b"":""X"",""d"":12,""excl_opp_detectors"":""True"",""k"":12,""l"":12,""leak_heralds"":""False"",""leak_repump"":""False"",""leakage"":""False"",""loss"":""False"",""m"":6,""n"":144,""p"":0.001,""prllel_1q"":Infinity,""prllel_2q"":6,""r"":20,""repump_cycles"":3,""seq_meas"":""False"",""seq_ops"":""True"",""swapLRC"":""False""}",
       256,         0,         0,   0.841,bposd,1d42788997c955656e1579c9a1cc0f31acae501b320f438e36e23d7b8de7dc11,"{""A"":""x3y0+x0y1+x0y2"",""B"":""x0y3+x1y0+x2y0"",""b"":""X"",""d"":12,""excl_opp_detectors"":""True"",""k"":12,""l"":12,""leak_heralds"":""False"",""leak_repump"":""False"",""leakage"":""False"",""loss"":""False"",""m"":6,""n"":144,""p"":0.001,""prllel_1q"":Infinity,""prllel_2q"":6,""r"":20,""repump_cycles"":3,""seq_meas"":""False"",""seq_ops"":""True"",""swapLRC"":""False""}",
       128,         0,         0,    4.70,bposd,1d42788997c955656e1579c9a1cc0f31acae501b320f438e36e23d7b8de7dc11,"{""A"":""x3y0+x0y1+x0y2"",""B"":""x0y3+x1y0+x2y0"",""b"":""X"",""d"":12,""excl_opp_detectors"":""True"",""k"":12,""l"":12,""leak_heralds"":""False"",""leak_repump"":""False"",""leakage"":""False"",""loss"":""False"",""m"":6,""n"":144,""p"":0.001,""prllel_1q"":Infinity,""prllel_2q"":6,""r"":20,""repump_cycles"":3,""seq_meas"":""False"",""seq_ops"":""True"",""swapLRC"":""False""}",
       384,         0,         0,    1.13,bposd,1d42788997c955656e1579c9a1cc0f31acae501b320f438e36e23d7b8de7dc11,"{""A"":""x3y0+x0y1+x0y2"",""B"":""x0y3+x1y0+x2y0"",""b"":""X"",""d"":12,""excl_opp_detectors"":""True"",""k"":12,""l"":12,""leak_heralds"":""False"",""leak_repump"":""False"",""leakage"":""False"",""loss"":""False"",""m"":6,""n"":144,""p"":0.001,""prllel_1q"":Infinity,""prllel_2q"":6,""r"":20,""repump_cycles"":3,""seq_meas"":""False"",""seq_ops"":""True"",""swapLRC"":""False""}",
       256,         0,         0,   0.805,bposd,1d42788997c955656e1579c9a1cc0f31acae501b320f438e36e23d7b8de7dc11,"{""A"":""x3y0+x0y1+x0y2"",""B"":""x0y3+x1y0+x2y0"",""b"":""X"",""d"":12,""excl_opp_detectors"":""True"",""k"":12,""l"":12,""leak_heralds"":""False"",""leak_repump"":""False"",""leakage"":""False"",""loss"":""False"",""m"":6,""n"":144,""p"":0.001,""prllel_1q"":Infinity,""prllel_2q"":6,""r"":20,""repump_cycles"":3,""seq_meas"":""False"",""seq_ops"":""True"",""swapLRC"":""False""}",
       768,         0,         0,    2.49,bposd,1d42788997c955656e1579c9a1cc0f31acae501b320f438e36e23d7b8de7dc11,"{""A"":""x3y0+x0y1+x0y2"",""B"":""x0y3+x1y0+x2y0"",""b"":""X"",""d"":12,""excl_opp_detectors"":""True"",""k"":12,""l"":12,""leak_heralds"":""False"",""leak_repump"":""False"",""leakage"":""False"",""loss"":""False"",""m"":6,""n"":144,""p"":0.001,""prllel_1q"":Infinity,""prllel_2q"":6,""r"":20,""repump_cycles"":3,""seq_meas"":""False"",""seq_ops"":""True"",""swapLRC"":""False""}",
       256,         0,         0,   0.979,bposd,1d42788997c955656e1579c9a1cc0f31acae501b320f438e36e23d7b8de7dc11,"{""A"":""x3y0+x0y1+x0y2"",""B"":""x0y3+x1y0+x2y0"",""b"":""X"",""d"":12,""excl_opp_detectors"":""True"",""k"":12,""l"":12,""leak_heralds"":""False"",""leak_repump"":""False"",""leakage"":""False"",""loss"":""False"",""m"":6,""n"":144,""p"":0.001,""prllel_1q"":Infinity,""prllel_2q"":6,""r"":20,""repump_cycles"":3,""seq_meas"":""False"",""seq_ops"":""True"",""swapLRC"":""False""}",
       640,         0,         0,    2.41,bposd,1d42788997c955656e1579c9a1cc0f31acae501b320f438e36e23d7b8de7dc11,"{""A"":""x3y0+x0y1+x0y2"",""B"":""x0y3+x1y0+x2y0"",""b"":""X"",""d"":12,""excl_opp_detectors"":""True"",""k"":12,""l"":12,""leak_heralds"":""False"",""leak_repump"":""False"",""leakage"":""False"",""loss"":""False"",""m"":6,""n"":144,""p"":0.001,""prllel_1q"":Infinity,""prllel_2q"":6,""r"":20,""repump_cycles"":3,""seq_meas"":""False"",""seq_ops"":""True"",""swapLRC"":""False""}",
       768,         0,         0,    2.43,bposd,1d42788997c955656e1579c9a1cc0f31acae501b320f438e36e23d7b8de7dc11,"{""A"":""x3y0+x0y1+x0y2"",""B"":""x0y3+x1y0+x2y0"",""b"":""X"",""d"":12,""excl_opp_detectors"":""True"",""k"":12,""l"":12,""leak_heralds"":""False"",""leak_repump"":""False"",""leakage"":""False"",""loss"":""False"",""m"":6,""n"":144,""p"":0.001,""prllel_1q"":Infinity,""prllel_2q"":6,""r"":20,""repump_cycles"":3,""seq_meas"":""False"",""seq_ops"":""True"",""swapLRC"":""False""}",
       256,         0,         0,    1.05,bposd,1d42788997c955656e1579c9a1cc0f31acae501b320f438e36e23d7b8de7dc11,"{""A"":""x3y0+x0y1+x0y2"",""B"":""x0y3+x1y0+x2y0"",""b"":""X"",""d"":12,""excl_opp_detectors"":""True"",""k"":12,""l"":12,""leak_heralds"":""False"",""leak_repump"":""False"",""leakage"":""False"",""loss"":""False"",""m"":6,""n"":144,""p"":0.001,""prllel_1q"":Infinity,""prllel_2q"":6,""r"":20,""repump_cycles"":3,""seq_meas"":""False"",""seq_ops"":""True"",""swapLRC"":""False""}",
       640,         0,         0,    2.38,bposd,1d42788997c955656e1579c9a1cc0f31acae501b320f438e36e23d7b8de7dc11,"{""A"":""x3y0+x0y1+x0y2"",""B"":""x0y3+x1y0+x2y0"",""b"":""X"",""d"":12,""excl_opp_detectors"":""True"",""k"":12,""l"":12,""leak_heralds"":""False"",""leak_repump"":""False"",""leakage"":""False"",""loss"":""False"",""m"":6,""n"":144,""p"":0.001,""prllel_1q"":Infinity,""prllel_2q"":6,""r"":20,""repump_cycles"":3,""seq_meas"":""False"",""seq_ops"":""True"",""swapLRC"":""False""}",
       640,         0,         0,    2.22,bposd,1d42788997c955656e1579c9a1cc0f31acae501b320f438e36e23d7b8de7dc11,"{""A"":""x3y0+x0y1+x0y2"",""B"":""x0y3+x1y0+x2y0"",""b"":""X"",""d"":12,""excl_opp_detectors"":""True"",""k"":12,""l"":12,""leak_heralds"":""False"",""leak_repump"":""False"",""leakage"":""False"",""loss"":""False"",""m"":6,""n"":144,""p"":0.001,""prllel_1q"":Infinity,""prllel_2q"":6,""r"":20,""repump_cycles"":3,""seq_meas"":""False"",""seq_ops"":""True"",""swapLRC"":""False""}",
       640,         0,         0,    2.52,bposd,1d42788997c955656e1579c9a1cc0f31acae501b320f438e36e23d7b8de7dc11,"{""A"":""x3y0+x0y1+x0y2"",""B"":""x0y3+x1y0+x2y0"",""b"":""X"",""d"":12,""excl_opp_detectors"":""True"",""k"":12,""l"":12,""leak_heralds"":""False"",""leak_repump"":""False"",""leakage"":""False"",""loss"":""False"",""m"":6,""n"":144,""p"":0.001,""prllel_1q"":Infinity,""prllel_2q"":6,""r"":20,""repump_cycles"":3,""seq_meas"":""False"",""seq_ops"":""True"",""swapLRC"":""False""}",
       512,         0,         0,    1.60,bposd,1d42788997c955656e1579c9a1cc0f31acae501b320f438e36e23d7b8de7dc11,"{""A"":""x3y0+x0y1+x0y2"",""B"":""x0y3+x1y0+x2y0"",""b"":""X"",""d"":12,""excl_opp_detectors"":""True"",""k"":12,""l"":12,""leak_heralds"":""False"",""leak_repump"":""False"",""leakage"":""False"",""loss"":""False"",""m"":6,""n"":144,""p"":0.001,""prllel_1q"":Infinity,""prllel_2q"":6,""r"":20,""repump_cycles"":3,""seq_meas"":""False"",""seq_ops"":""True"",""swapLRC"":""False""}",
       512,         0,         0,    1.57,bposd,1d42788997c955656e1579c9a1cc0f31acae501b320f438e36e23d7b8de7dc11,"{""A"":""x3y0+x0y1+x0y2"",""B"":""x0y3+x1y0+x2y0"",""b"":""X"",""d"":12,""excl_opp_detectors"":""True"",""k"":12,""l"":12,""leak_heralds"":""False"",""leak_repump"":""False"",""leakage"":""False"",""loss"":""False"",""m"":6,""n"":144,""p"":0.001,""prllel_1q"":Infinity,""prllel_2q"":6,""r"":20,""repump_cycles"":3,""seq_meas"":""False"",""seq_ops"":""True"",""swapLRC"":""False""}",
       640,         0,         0,    2.24,bposd,1d42788997c955656e1579c9a1cc0f31acae501b320f438e36e23d7b8de7dc11,"{""A"":""x3y0+x0y1+x0y2"",""B"":""x0y3+x1y0+x2y0"",""b"":""X"",""d"":12,""excl_opp_detectors"":""True"",""k"":12,""l"":12,""leak_heralds"":""False"",""leak_repump"":""False"",""leakage"":""False"",""loss"":""False"",""m"":6,""n"":144,""p"":0.001,""prllel_1q"":Infinity,""prllel_2q"":6,""r"":20,""repump_cycles"":3,""seq_meas"":""False"",""seq_ops"":""True"",""swapLRC"":""False""}",
       384,         0,         0,    1.22,bposd,1d42788997c955656e1579c9a1cc0f31acae501b320f438e36e23d7b8de7dc11,"{""A"":""x3y0+x0y1+x0y2"",""B"":""x0y3+x1y0+x2y0"",""b"":""X"",""d"":12,""excl_opp_detectors"":""True"",""k"":12,""l"":12,""leak_heralds"":""False"",""leak_repump"":""False"",""leakage"":""False"",""loss"":""False"",""m"":6,""n"":144,""p"":0.001,""prllel_1q"":Infinity,""prllel_2q"":6,""r"":20,""repump_cycles"":3,""seq_meas"":""False"",""seq_ops"":""True"",""swapLRC"":""False""}",
       128,         0,         0,    4.91,bposd,1d42788997c955656e1579c9a1cc0f31acae501b320f438e36e23d7b8de7dc11,"{""A"":""x3y0+x0y1+x0y2"",""B"":""x0y3+x1y0+x2y0"",""b"":""X"",""d"":12,""excl_opp_detectors"":""True"",""k"":12,""l"":12,""leak_heralds"":""False"",""leak_repump"":""False"",""leakage"":""False"",""loss"":""False"",""m"":6,""n"":144,""p"":0.001,""prllel_1q"":Infinity,""prllel_2q"":6,""r"":20,""repump_cycles"":3,""seq_meas"":""False"",""seq_ops"":""True"",""swapLRC"":""False""}",
       640,         0,         0,    2.25,bposd,1d42788997c955656e1579c9a1cc0f31acae501b320f438e36e23d7b8de7dc11,"{""A"":""x3y0+x0y1+x0y2"",""B"":""x0y3+x1y0+x2y0"",""b"":""X"",""d"":12,""excl_opp_detectors"":""True"",""k"":12,""l"":12,""leak_heralds"":""False"",""leak_repump"":""False"",""leakage"":""False"",""loss"":""False"",""m"":6,""n"":144,""p"":0.001,""prllel_1q"":Infinity,""prllel_2q"":6,""r"":20,""repump_cycles"":3,""seq_meas"":""False"",""seq_ops"":""True"",""swapLRC"":""False""}",
       768,         0,         0,    2.45,bposd,1d42788997c955656e1579c9a1cc0f31acae501b320f438e36e23d7b8de7dc11,"{""A"":""x3y0+x0y1+x0y2"",""B"":""x0y3+x1y0+x2y0"",""b"":""X"",""d"":12,""excl_opp_detectors"":""True"",""k"":12,""l"":12,""leak_heralds"":""False"",""leak_repump"":""False"",""leakage"":""False"",""loss"":""False"",""m"":6,""n"":144,""p"":0.001,""prllel_1q"":Infinity,""prllel_2q"":6,""r"":20,""repump_cycles"":3,""seq_meas"":""False"",""seq_ops"":""True"",""swapLRC"":""False""}",
       512,         0,         0,    2.91,bposd,1d42788997c955656e1579c9a1cc0f31acae501b320f438e36e23d7b8de7dc11,"{""A"":""x3y0+x0y1+x0y2"",""B"":""x0y3+x1y0+x2y0"",""b"":""X"",""d"":12,""excl_opp_detectors"":""True"",""k"":12,""l"":12,""leak_heralds"":""False"",""leak_repump"":""False"",""leakage"":""False"",""loss"":""False"",""m"":6,""n"":144,""p"":0.001,""prllel_1q"":Infinity,""prllel_2q"":6,""r"":20,""repump_cycles"":3,""seq_meas"":""False"",""seq_ops"":""True"",""swapLRC"":""False""}",
       768,         0,         0,    2.37,bposd,1d42788997c955656e1579c9a1cc0f31acae501b320f438e36e23d7b8de7dc11,"{""A"":""x3y0+x0y1+x0y2"",""B"":""x0y3+x1y0+x2y0"",""b"":""X"",""d"":12,""excl_opp_detectors"":""True"",""k"":12,""l"":12,""leak_heralds"":""False"",""leak_repump"":""False"",""leakage"":""False"",""loss"":""False"",""m"":6,""n"":144,""p"":0.001,""prllel_1q"":Infinity,""prllel_2q"":6,""r"":20,""repump_cycles"":3,""seq_meas"":""False"",""seq_ops"":""True"",""swapLRC"":""False""}",
       320,         0,         0,   0.992,bposd,1d42788997c955656e1579c9a1cc0f31acae501b320f438e36e23d7b8de7dc11,"{""A"":""x3y0+x0y1+x0y2"",""B"":""x0y3+x1y0+x2y0"",""b"":""X"",""d"":12,""excl_opp_detectors"":""True"",""k"":12,""l"":12,""leak_heralds"":""False"",""leak_repump"":""False"",""leakage"":""False"",""loss"":""False"",""m"":6,""n"":144,""p"":0.001,""prllel_1q"":Infinity,""prllel_2q"":6,""r"":20,""repump_cycles"":3,""seq_meas"":""False"",""seq_ops"":""True"",""swapLRC"":""False""}",
       512,         0,         0,    2.25,bposd,1d42788997c955656e1579c9a1cc0f31acae501b320f438e36e23d7b8de7dc11,"{""A"":""x3y0+x0y1+x0y2"",""B"":""x0y3+x1y0+x2y0"",""b"":""X"",""d"":12,""excl_opp_detectors"":""True"",""k"":12,""l"":12,""leak_heralds"":""False"",""leak_repump"":""False"",""leakage"":""False"",""loss"":""False"",""m"":6,""n"":144,""p"":0.001,""prllel_1q"":Infinity,""prllel_2q"":6,""r"":20,""repump_cycles"":3,""seq_meas"":""False"",""seq_ops"":""True"",""swapLRC"":""False""}",
       640,         0,         0,    2.33,bposd,1d42788997c955656e1579c9a1cc0f31acae501b320f438e36e23d7b8de7dc11,"{""A"":""x3y0+x0y1+x0y2"",""B"":""x0y3+x1y0+x2y0"",""b"":""X"",""d"":12,""excl_opp_detectors"":""True"",""k"":12,""l"":12,""leak_heralds"":""False"",""leak_repump"":""False"",""leakage"":""False"",""loss"":""False"",""m"":6,""n"":144,""p"":0.001,""prllel_1q"":Infinity,""prllel_2q"":6,""r"":20,""repump_cycles"":3,""seq_meas"":""False"",""seq_ops"":""True"",""swapLRC"":""False""}",
       384,         0,         0,    2.25,bposd,1d42788997c955656e1579c9a1cc0f31acae501b320f438e36e23d7b8de7dc11,"{""A"":""x3y0+x0y1+x0y2"",""B"":""x0y3+x1y0+x2y0"",""b"":""X"",""d"":12,""excl_opp_detectors"":""True"",""k"":12,""l"":12,""leak_heralds"":""False"",""leak_repump"":""False"",""leakage"":""False"",""loss"":""False"",""m"":6,""n"":144,""p"":0.001,""prllel_1q"":Infinity,""prllel_2q"":6,""r"":20,""repump_cycles"":3,""seq_meas"":""False"",""seq_ops"":""True"",""swapLRC"":""False""}",
       640,         0,         0,    2.21,bposd,1d42788997c955656e1579c9a1cc0f31acae501b320f438e36e23d7b8de7dc11,"{""A"":""x3y0+x0y1+x0y2"",""B"":""x0y3+x1y0+x2y0"",""b"":""X"",""d"":12,""excl_opp_detectors"":""True"",""k"":12,""l"":12,""leak_heralds"":""False"",""leak_repump"":""False"",""leakage"":""False"",""loss"":""False"",""m"":6,""n"":144,""p"":0.001,""prllel_1q"":Infinity,""prllel_2q"":6,""r"":20,""repump_cycles"":3,""seq_meas"":""False"",""seq_ops"":""True"",""swapLRC"":""False""}",
       256,         0,         0,    1.26,bposd,1d42788997c955656e1579c9a1cc0f31acae501b320f438e36e23d7b8de7dc11,"{""A"":""x3y0+x0y1+x0y2"",""B"":""x0y3+x1y0+x2y0"",""b"":""X"",""d"":12,""excl_opp_detectors"":""True"",""k"":12,""l"":12,""leak_heralds"":""False"",""leak_repump"":""False"",""leakage"":""False"",""loss"":""False"",""m"":6,""n"":144,""p"":0.001,""prllel_1q"":Infinity,""prllel_2q"":6,""r"":20,""repump_cycles"":3,""seq_meas"":""False"",""seq_ops"":""True"",""swapLRC"":""False""}",
       512,         0,         0,    1.73,bposd,1d42788997c955656e1579c9a1cc0f31acae501b320f438e36e23d7b8de7dc11,"{""A"":""x3y0+x0y1+x0y2"",""B"":""x0y3+x1y0+x2y0"",""b"":""X"",""d"":12,""excl_opp_detectors"":""True"",""k"":12,""l"":12,""leak_heralds"":""False"",""leak_repump"":""False"",""leakage"":""False"",""loss"":""False"",""m"":6,""n"":144,""p"":0.001,""prllel_1q"":Infinity,""prllel_2q"":6,""r"":20,""repump_cycles"":3,""seq_meas"":""False"",""seq_ops"":""True"",""swapLRC"":""False""}",
       512,         0,         0,    2.33,bposd,1d42788997c955656e1579c9a1cc0f31acae501b320f438e36e23d7b8de7dc11,"{""A"":""x3y0+x0y1+x0y2"",""B"":""x0y3+x1y0+x2y0"",""b"":""X"",""d"":12,""excl_opp_detectors"":""True"",""k"":12,""l"":12,""leak_heralds"":""False"",""leak_repump"":""False"",""leakage"":""False"",""loss"":""False"",""m"":6,""n"":144,""p"":0.001,""prllel_1q"":Infinity,""prllel_2q"":6,""r"":20,""repump_cycles"":3,""seq_meas"":""False"",""seq_ops"":""True"",""swapLRC"":""False""}",
       640,         0,         0,    2.26,bposd,1d42788997c955656e1579c9a1cc0f31acae501b320f438e36e23d7b8de7dc11,"{""A"":""x3y0+x0y1+x0y2"",""B"":""x0y3+x1y0+x2y0"",""b"":""X"",""d"":12,""excl_opp_detectors"":""True"",""k"":12,""l"":12,""leak_heralds"":""False"",""leak_repump"":""False"",""leakage"":""False"",""loss"":""False"",""m"":6,""n"":144,""p"":0.001,""prllel_1q"":Infinity,""prllel_2q"":6,""r"":20,""repump_cycles"":3,""seq_meas"":""False"",""seq_ops"":""True"",""swapLRC"":""False""}",
       768,         0,         0,    2.48,bposd,1d42788997c955656e1579c9a1cc0f31acae501b320f438e36e23d7b8de7dc11,"{""A"":""x3y0+x0y1+x0y2"",""B"":""x0y3+x1y0+x2y0"",""b"":""X"",""d"":12,""excl_opp_detectors"":""True"",""k"":12,""l"":12,""leak_heralds"":""False"",""leak_repump"":""False"",""leakage"":""False"",""loss"":""False"",""m"":6,""n"":144,""p"":0.001,""prllel_1q"":Infinity,""prllel_2q"":6,""r"":20,""repump_cycles"":3,""seq_meas"":""False"",""seq_ops"":""True"",""swapLRC"":""False""}",
       768,         0,         0,    2.38,bposd,1d42788997c955656e1579c9a1cc0f31acae501b320f438e36e23d7b8de7dc11,"{""A"":""x3y0+x0y1+x0y2"",""B"":""x0y3+x1y0+x2y0"",""b"":""X"",""d"":12,""excl_opp_detectors"":""True"",""k"":12,""l"":12,""leak_heralds"":""False"",""leak_repump"":""False"",""leakage"":""False"",""loss"":""False"",""m"":6,""n"":144,""p"":0.001,""prllel_1q"":Infinity,""prllel_2q"":6,""r"":20,""repump_cycles"":3,""seq_meas"":""False"",""seq_ops"":""True"",""swapLRC"":""False""}",
       640,         0,         0,    2.37,bposd,1d42788997c955656e1579c9a1cc0f31acae501b320f438e36e23d7b8de7dc11,"{""A"":""x3y0+x0y1+x0y2"",""B"":""x0y3+x1y0+x2y0"",""b"":""X"",""d"":12,""excl_opp_detectors"":""True"",""k"":12,""l"":12,""leak_heralds"":""False"",""leak_repump"":""False"",""leakage"":""False"",""loss"":""False"",""m"":6,""n"":144,""p"":0.001,""prllel_1q"":Infinity,""prllel_2q"":6,""r"":20,""repump_cycles"":3,""seq_meas"":""False"",""seq_ops"":""True"",""swapLRC"":""False""}",
       384,         0,         0,    1.17,bposd,1d42788997c955656e1579c9a1cc0f31acae501b320f438e36e23d7b8de7dc11,"{""A"":""x3y0+x0y1+x0y2"",""B"":""x0y3+x1y0+x2y0"",""b"":""X"",""d"":12,""excl_opp_detectors"":""True"",""k"":12,""l"":12,""leak_heralds"":""False"",""leak_repump"":""False"",""leakage"":""False"",""loss"":""False"",""m"":6,""n"":144,""p"":0.001,""prllel_1q"":Infinity,""prllel_2q"":6,""r"":20,""repump_cycles"":3,""seq_meas"":""False"",""seq_ops"":""True"",""swapLRC"":""False""}",
       640,         0,         0,    2.28,bposd,1d42788997c955656e1579c9a1cc0f31acae501b320f438e36e23d7b8de7dc11,"{""A"":""x3y0+x0y1+x0y2"",""B"":""x0y3+x1y0+x2y0"",""b"":""X"",""d"":12,""excl_opp_detectors"":""True"",""k"":12,""l"":12,""leak_heralds"":""False"",""leak_repump"":""False"",""leakage"":""False"",""loss"":""False"",""m"":6,""n"":144,""p"":0.001,""prllel_1q"":Infinity,""prllel_2q"":6,""r"":20,""repump_cycles"":3,""seq_meas"":""False"",""seq_ops"":""True"",""swapLRC"":""False""}",
       640,         0,         0,    2.31,bposd,1d42788997c955656e1579c9a1cc0f31acae501b320f438e36e23d7b8de7dc11,"{""A"":""x3y0+x0y1+x0y2"",""B"":""x0y3+x1y0+x2y0"",""b"":""X"",""d"":12,""excl_opp_detectors"":""True"",""k"":12,""l"":12,""leak_heralds"":""False"",""leak_repump"":""False"",""leakage"":""False"",""loss"":""False"",""m"":6,""n"":144,""p"":0.001,""prllel_1q"":Infinity,""prllel_2q"":6,""r"":20,""repump_cycles"":3,""seq_meas"":""False"",""seq_ops"":""True"",""swapLRC"":""False""}",
       768,         0,         0,    2.48,bposd,1d42788997c955656e1579c9a1cc0f31acae501b320f438e36e23d7b8de7dc11,"{""A"":""x3y0+x0y1+x0y2"",""B"":""x0y3+x1y0+x2y0"",""b"":""X"",""d"":12,""excl_opp_detectors"":""True"",""k"":12,""l"":12,""leak_heralds"":""False"",""leak_repump"":""False"",""leakage"":""False"",""loss"":""False"",""m"":6,""n"":144,""p"":0.001,""prllel_1q"":Infinity,""prllel_2q"":6,""r"":20,""repump_cycles"":3,""seq_meas"":""False"",""seq_ops"":""True"",""swapLRC"":""False""}",
       384,         0,         0,    1.40,bposd,1d42788997c955656e1579c9a1cc0f31acae501b320f438e36e23d7b8de7dc11,"{""A"":""x3y0+x0y1+x0y2"",""B"":""x0y3+x1y0+x2y0"",""b"":""X"",""d"":12,""excl_opp_detectors"":""True"",""k"":12,""l"":12,""leak_heralds"":""False"",""leak_repump"":""False"",""leakage"":""False"",""loss"":""False"",""m"":6,""n"":144,""p"":0.001,""prllel_1q"":Infinity,""prllel_2q"":6,""r"":20,""repump_cycles"":3,""seq_meas"":""False"",""seq_ops"":""True"",""swapLRC"":""False""}",
       256,         0,         0,    5.23,bposd,1d42788997c955656e1579c9a1cc0f31acae501b320f438e36e23d7b8de7dc11,"{""A"":""x3y0+x0y1+x0y2"",""B"":""x0y3+x1y0+x2y0"",""b"":""X"",""d"":12,""excl_opp_detectors"":""True"",""k"":12,""l"":12,""leak_heralds"":""False"",""leak_repump"":""False"",""leakage"":""False"",""loss"":""False"",""m"":6,""n"":144,""p"":0.001,""prllel_1q"":Infinity,""prllel_2q"":6,""r"":20,""repump_cycles"":3,""seq_meas"":""False"",""seq_ops"":""True"",""swapLRC"":""False""}",
       768,         0,         0,    2.64,bposd,1d42788997c955656e1579c9a1cc0f31acae501b320f438e36e23d7b8de7dc11,"{""A"":""x3y0+x0y1+x0y2"",""B"":""x0y3+x1y0+x2y0"",""b"":""X"",""d"":12,""excl_opp_detectors"":""True"",""k"":12,""l"":12,""leak_heralds"":""False"",""leak_repump"":""False"",""leakage"":""False"",""loss"":""False"",""m"":6,""n"":144,""p"":0.001,""prllel_1q"":Infinity,""prllel_2q"":6,""r"":20,""repump_cycles"":3,""seq_meas"":""False"",""seq_ops"":""True"",""swapLRC"":""False""}",
       768,         0,         0,    2.61,bposd,1d42788997c955656e1579c9a1cc0f31acae501b320f438e36e23d7b8de7dc11,"{""A"":""x3y0+x0y1+x0y2"",""B"":""x0y3+x1y0+x2y0"",""b"":""X"",""d"":12,""excl_opp_detectors"":""True"",""k"":12,""l"":12,""leak_heralds"":""False"",""leak_repump"":""False"",""leakage"":""False"",""loss"":""False"",""m"":6,""n"":144,""p"":0.001,""prllel_1q"":Infinity,""prllel_2q"":6,""r"":20,""repump_cycles"":3,""seq_meas"":""False"",""seq_ops"":""True"",""swapLRC"":""False""}",
       512,         0,         0,    2.25,bposd,1d42788997c955656e1579c9a1cc0f31acae501b320f438e36e23d7b8de7dc11,"{""A"":""x3y0+x0y1+x0y2"",""B"":""x0y3+x1y0+x2y0"",""b"":""X"",""d"":12,""excl_opp_detectors"":""True"",""k"":12,""l"":12,""leak_heralds"":""False"",""leak_repump"":""False"",""leakage"":""False"",""loss"":""False"",""m"":6,""n"":144,""p"":0.001,""prllel_1q"":Infinity,""prllel_2q"":6,""r"":20,""repump_cycles"":3,""seq_meas"":""False"",""seq_ops"":""True"",""swapLRC"":""False""}",
       384,         0,         0,    1.19,bposd,1d42788997c955656e1579c9a1cc0f31acae501b320f438e36e23d7b8de7dc11,"{""A"":""x3y0+x0y1+x0y2"",""B"":""x0y3+x1y0+x2y0"",""b"":""X"",""d"":12,""excl_opp_detectors"":""True"",""k"":12,""l"":12,""leak_heralds"":""False"",""leak_repump"":""False"",""leakage"":""False"",""loss"":""False"",""m"":6,""n"":144,""p"":0.001,""prllel_1q"":Infinity,""prllel_2q"":6,""r"":20,""repump_cycles"":3,""seq_meas"":""False"",""seq_ops"":""True"",""swapLRC"":""False""}",
       768,         0,         0,    2.45,bposd,1d42788997c955656e1579c9a1cc0f31acae501b320f438e36e23d7b8de7dc11,"{""A"":""x3y0+x0y1+x0y2"",""B"":""x0y3+x1y0+x2y0"",""b"":""X"",""d"":12,""excl_opp_detectors"":""True"",""k"":12,""l"":12,""leak_heralds"":""False"",""leak_repump"":""False"",""leakage"":""False"",""loss"":""False"",""m"":6,""n"":144,""p"":0.001,""prllel_1q"":Infinity,""prllel_2q"":6,""r"":20,""repump_cycles"":3,""seq_meas"":""False"",""seq_ops"":""True"",""swapLRC"":""False""}",
       768,         0,         0,    2.66,bposd,1d42788997c955656e1579c9a1cc0f31acae501b320f438e36e23d7b8de7dc11,"{""A"":""x3y0+x0y1+x0y2"",""B"":""x0y3+x1y0+x2y0"",""b"":""X"",""d"":12,""excl_opp_detectors"":""True"",""k"":12,""l"":12,""leak_heralds"":""False"",""leak_repump"":""False"",""leakage"":""False"",""loss"":""False"",""m"":6,""n"":144,""p"":0.001,""prllel_1q"":Infinity,""prllel_2q"":6,""r"":20,""repump_cycles"":3,""seq_meas"":""False"",""seq_ops"":""True"",""swapLRC"":""False""}",
       384,         0,         0,    1.29,bposd,1d42788997c955656e1579c9a1cc0f31acae501b320f438e36e23d7b8de7dc11,"{""A"":""x3y0+x0y1+x0y2"",""B"":""x0y3+x1y0+x2y0"",""b"":""X"",""d"":12,""excl_opp_detectors"":""True"",""k"":12,""l"":12,""leak_heralds"":""False"",""leak_repump"":""False"",""leakage"":""False"",""loss"":""False"",""m"":6,""n"":144,""p"":0.001,""prllel_1q"":Infinity,""prllel_2q"":6,""r"":20,""repump_cycles"":3,""seq_meas"":""False"",""seq_ops"":""True"",""swapLRC"":""False""}",
       640,         0,         0,    2.25,bposd,1d42788997c955656e1579c9a1cc0f31acae501b320f438e36e23d7b8de7dc11,"{""A"":""x3y0+x0y1+x0y2"",""B"":""x0y3+x1y0+x2y0"",""b"":""X"",""d"":12,""excl_opp_detectors"":""True"",""k"":12,""l"":12,""leak_heralds"":""False"",""leak_repump"":""False"",""leakage"":""False"",""loss"":""False"",""m"":6,""n"":144,""p"":0.001,""prllel_1q"":Infinity,""prllel_2q"":6,""r"":20,""repump_cycles"":3,""seq_meas"":""False"",""seq_ops"":""True"",""swapLRC"":""False""}",
       768,         0,         0,    2.47,bposd,1d42788997c955656e1579c9a1cc0f31acae501b320f438e36e23d7b8de7dc11,"{""A"":""x3y0+x0y1+x0y2"",""B"":""x0y3+x1y0+x2y0"",""b"":""X"",""d"":12,""excl_opp_detectors"":""True"",""k"":12,""l"":12,""leak_heralds"":""False"",""leak_repump"":""False"",""leakage"":""False"",""loss"":""False"",""m"":6,""n"":144,""p"":0.001,""prllel_1q"":Infinity,""prllel_2q"":6,""r"":20,""repump_cycles"":3,""seq_meas"":""False"",""seq_ops"":""True"",""swapLRC"":""False""}",
       512,         0,         0,    2.53,bposd,1d42788997c955656e1579c9a1cc0f31acae501b320f438e36e23d7b8de7dc11,"{""A"":""x3y0+x0y1+x0y2"",""B"":""x0y3+x1y0+x2y0"",""b"":""X"",""d"":12,""excl_opp_detectors"":""True"",""k"":12,""l"":12,""leak_heralds"":""False"",""leak_repump"":""False"",""leakage"":""False"",""loss"":""False"",""m"":6,""n"":144,""p"":0.001,""prllel_1q"":Infinity,""prllel_2q"":6,""r"":20,""repump_cycles"":3,""seq_meas"":""False"",""seq_ops"":""True"",""swapLRC"":""False""}",
       384,         0,         0,    1.48,bposd,1d42788997c955656e1579c9a1cc0f31acae501b320f438e36e23d7b8de7dc11,"{""A"":""x3y0+x0y1+x0y2"",""B"":""x0y3+x1y0+x2y0"",""b"":""X"",""d"":12,""excl_opp_detectors"":""True"",""k"":12,""l"":12,""leak_heralds"":""False"",""leak_repump"":""False"",""leakage"":""False"",""loss"":""False"",""m"":6,""n"":144,""p"":0.001,""prllel_1q"":Infinity,""prllel_2q"":6,""r"":20,""repump_cycles"":3,""seq_meas"":""False"",""seq_ops"":""True"",""swapLRC"":""False""}",
       576,         0,         0,    1.96,bposd,1d42788997c955656e1579c9a1cc0f31acae501b320f438e36e23d7b8de7dc11,"{""A"":""x3y0+x0y1+x0y2"",""B"":""x0y3+x1y0+x2y0"",""b"":""X"",""d"":12,""excl_opp_detectors"":""True"",""k"":12,""l"":12,""leak_heralds"":""False"",""leak_repump"":""False"",""leakage"":""False"",""loss"":""False"",""m"":6,""n"":144,""p"":0.001,""prllel_1q"":Infinity,""prllel_2q"":6,""r"":20,""repump_cycles"":3,""seq_meas"":""False"",""seq_ops"":""True"",""swapLRC"":""False""}",
       128,         0,         0,    4.91,bposd,1d42788997c955656e1579c9a1cc0f31acae501b320f438e36e23d7b8de7dc11,"{""A"":""x3y0+x0y1+x0y2"",""B"":""x0y3+x1y0+x2y0"",""b"":""X"",""d"":12,""excl_opp_detectors"":""True"",""k"":12,""l"":12,""leak_heralds"":""False"",""leak_repump"":""False"",""leakage"":""False"",""loss"":""False"",""m"":6,""n"":144,""p"":0.001,""prllel_1q"":Infinity,""prllel_2q"":6,""r"":20,""repump_cycles"":3,""seq_meas"":""False"",""seq_ops"":""True"",""swapLRC"":""False""}",
       512,         0,         0,    1.79,bposd,1d42788997c955656e1579c9a1cc0f31acae501b320f438e36e23d7b8de7dc11,"{""A"":""x3y0+x0y1+x0y2"",""B"":""x0y3+x1y0+x2y0"",""b"":""X"",""d"":12,""excl_opp_detectors"":""True"",""k"":12,""l"":12,""leak_heralds"":""False"",""leak_repump"":""False"",""leakage"":""False"",""loss"":""False"",""m"":6,""n"":144,""p"":0.001,""prllel_1q"":Infinity,""prllel_2q"":6,""r"":20,""repump_cycles"":3,""seq_meas"":""False"",""seq_ops"":""True"",""swapLRC"":""False""}",
       576,         0,         0,    1.84,bposd,1d42788997c955656e1579c9a1cc0f31acae501b320f438e36e23d7b8de7dc11,"{""A"":""x3y0+x0y1+x0y2"",""B"":""x0y3+x1y0+x2y0"",""b"":""X"",""d"":12,""excl_opp_detectors"":""True"",""k"":12,""l"":12,""leak_heralds"":""False"",""leak_repump"":""False"",""leakage"":""False"",""loss"":""False"",""m"":6,""n"":144,""p"":0.001,""prllel_1q"":Infinity,""prllel_2q"":6,""r"":20,""repump_cycles"":3,""seq_meas"":""False"",""seq_ops"":""True"",""swapLRC"":""False""}",
       768,         0,         0,    2.60,bposd,1d42788997c955656e1579c9a1cc0f31acae501b320f438e36e23d7b8de7dc11,"{""A"":""x3y0+x0y1+x0y2"",""B"":""x0y3+x1y0+x2y0"",""b"":""X"",""d"":12,""excl_opp_detectors"":""True"",""k"":12,""l"":12,""leak_heralds"":""False"",""leak_repump"":""False"",""leakage"":""False"",""loss"":""False"",""m"":6,""n"":144,""p"":0.001,""prllel_1q"":Infinity,""prllel_2q"":6,""r"":20,""repump_cycles"":3,""seq_meas"":""False"",""seq_ops"":""True"",""swapLRC"":""False""}",
       384,         0,         0,    5.81,bposd,1d42788997c955656e1579c9a1cc0f31acae501b320f438e36e23d7b8de7dc11,"{""A"":""x3y0+x0y1+x0y2"",""B"":""x0y3+x1y0+x2y0"",""b"":""X"",""d"":12,""excl_opp_detectors"":""True"",""k"":12,""l"":12,""leak_heralds"":""False"",""leak_repump"":""False"",""leakage"":""False"",""loss"":""False"",""m"":6,""n"":144,""p"":0.001,""prllel_1q"":Infinity,""prllel_2q"":6,""r"":20,""repump_cycles"":3,""seq_meas"":""False"",""seq_ops"":""True"",""swapLRC"":""False""}",
       512,         0,         0,    1.65,bposd,1d42788997c955656e1579c9a1cc0f31acae501b320f438e36e23d7b8de7dc11,"{""A"":""x3y0+x0y1+x0y2"",""B"":""x0y3+x1y0+x2y0"",""b"":""X"",""d"":12,""excl_opp_detectors"":""True"",""k"":12,""l"":12,""leak_heralds"":""False"",""leak_repump"":""False"",""leakage"":""False"",""loss"":""False"",""m"":6,""n"":144,""p"":0.001,""prllel_1q"":Infinity,""prllel_2q"":6,""r"":20,""repump_cycles"":3,""seq_meas"":""False"",""seq_ops"":""True"",""swapLRC"":""False""}",
       576,         0,         0,    1.75,bposd,1d42788997c955656e1579c9a1cc0f31acae501b320f438e36e23d7b8de7dc11,"{""A"":""x3y0+x0y1+x0y2"",""B"":""x0y3+x1y0+x2y0"",""b"":""X"",""d"":12,""excl_opp_detectors"":""True"",""k"":12,""l"":12,""leak_heralds"":""False"",""leak_repump"":""False"",""leakage"":""False"",""loss"":""False"",""m"":6,""n"":144,""p"":0.001,""prllel_1q"":Infinity,""prllel_2q"":6,""r"":20,""repump_cycles"":3,""seq_meas"":""False"",""seq_ops"":""True"",""swapLRC"":""False""}",
       640,         0,         0,    2.62,bposd,1d42788997c955656e1579c9a1cc0f31acae501b320f438e36e23d7b8de7dc11,"{""A"":""x3y0+x0y1+x0y2"",""B"":""x0y3+x1y0+x2y0"",""b"":""X"",""d"":12,""excl_opp_detectors"":""True"",""k"":12,""l"":12,""leak_heralds"":""False"",""leak_repump"":""False"",""leakage"":""False"",""loss"":""False"",""m"":6,""n"":144,""p"":0.001,""prllel_1q"":Infinity,""prllel_2q"":6,""r"":20,""repump_cycles"":3,""seq_meas"":""False"",""seq_ops"":""True"",""swapLRC"":""False""}",
       448,         0,         0,    1.41,bposd,1d42788997c955656e1579c9a1cc0f31acae501b320f438e36e23d7b8de7dc11,"{""A"":""x3y0+x0y1+x0y2"",""B"":""x0y3+x1y0+x2y0"",""b"":""X"",""d"":12,""excl_opp_detectors"":""True"",""k"":12,""l"":12,""leak_heralds"":""False"",""leak_repump"":""False"",""leakage"":""False"",""loss"":""False"",""m"":6,""n"":144,""p"":0.001,""prllel_1q"":Infinity,""prllel_2q"":6,""r"":20,""repump_cycles"":3,""seq_meas"":""False"",""seq_ops"":""True"",""swapLRC"":""False""}",
       640,         0,         0,    1.94,bposd,1d42788997c955656e1579c9a1cc0f31acae501b320f438e36e23d7b8de7dc11,"{""A"":""x3y0+x0y1+x0y2"",""B"":""x0y3+x1y0+x2y0"",""b"":""X"",""d"":12,""excl_opp_detectors"":""True"",""k"":12,""l"":12,""leak_heralds"":""False"",""leak_repump"":""False"",""leakage"":""False"",""loss"":""False"",""m"":6,""n"":144,""p"":0.001,""prllel_1q"":Infinity,""prllel_2q"":6,""r"":20,""repump_cycles"":3,""seq_meas"":""False"",""seq_ops"":""True"",""swapLRC"":""False""}",
       768,         0,         0,    2.40,bposd,1d42788997c955656e1579c9a1cc0f31acae501b320f438e36e23d7b8de7dc11,"{""A"":""x3y0+x0y1+x0y2"",""B"":""x0y3+x1y0+x2y0"",""b"":""X"",""d"":12,""excl_opp_detectors"":""True"",""k"":12,""l"":12,""leak_heralds"":""False"",""leak_repump"":""False"",""leakage"":""False"",""loss"":""False"",""m"":6,""n"":144,""p"":0.001,""prllel_1q"":Infinity,""prllel_2q"":6,""r"":20,""repump_cycles"":3,""seq_meas"":""False"",""seq_ops"":""True"",""swapLRC"":""False""}",
      1024,         0,         0,    3.37,bposd,1d42788997c955656e1579c9a1cc0f31acae501b320f438e36e23d7b8de7dc11,"{""A"":""x3y0+x0y1+x0y2"",""B"":""x0y3+x1y0+x2y0"",""b"":""X"",""d"":12,""excl_opp_detectors"":""True"",""k"":12,""l"":12,""leak_heralds"":""False"",""leak_repump"":""False"",""leakage"":""False"",""loss"":""False"",""m"":6,""n"":144,""p"":0.001,""prllel_1q"":Infinity,""prllel_2q"":6,""r"":20,""repump_cycles"":3,""seq_meas"":""False"",""seq_ops"":""True"",""swapLRC"":""False""}",
       512,         0,         0,    1.64,bposd,1d42788997c955656e1579c9a1cc0f31acae501b320f438e36e23d7b8de7dc11,"{""A"":""x3y0+x0y1+x0y2"",""B"":""x0y3+x1y0+x2y0"",""b"":""X"",""d"":12,""excl_opp_detectors"":""True"",""k"":12,""l"":12,""leak_heralds"":""False"",""leak_repump"":""False"",""leakage"":""False"",""loss"":""False"",""m"":6,""n"":144,""p"":0.001,""prllel_1q"":Infinity,""prllel_2q"":6,""r"":20,""repump_cycles"":3,""seq_meas"":""False"",""seq_ops"":""True"",""swapLRC"":""False""}",
       768,         0,         0,    4.05,bposd,1d42788997c955656e1579c9a1cc0f31acae501b320f438e36e23d7b8de7dc11,"{""A"":""x3y0+x0y1+x0y2"",""B"":""x0y3+x1y0+x2y0"",""b"":""X"",""d"":12,""excl_opp_detectors"":""True"",""k"":12,""l"":12,""leak_heralds"":""False"",""leak_repump"":""False"",""leakage"":""False"",""loss"":""False"",""m"":6,""n"":144,""p"":0.001,""prllel_1q"":Infinity,""prllel_2q"":6,""r"":20,""repump_cycles"":3,""seq_meas"":""False"",""seq_ops"":""True"",""swapLRC"":""False""}",
       512,         0,         0,    1.72,bposd,1d42788997c955656e1579c9a1cc0f31acae501b320f438e36e23d7b8de7dc11,"{""A"":""x3y0+x0y1+x0y2"",""B"":""x0y3+x1y0+x2y0"",""b"":""X"",""d"":12,""excl_opp_detectors"":""True"",""k"":12,""l"":12,""leak_heralds"":""False"",""leak_repump"":""False"",""leakage"":""False"",""loss"":""False"",""m"":6,""n"":144,""p"":0.001,""prllel_1q"":Infinity,""prllel_2q"":6,""r"":20,""repump_cycles"":3,""seq_meas"":""False"",""seq_ops"":""True"",""swapLRC"":""False""}",
       128,         0,         0,    4.89,bposd,1d42788997c955656e1579c9a1cc0f31acae501b320f438e36e23d7b8de7dc11,"{""A"":""x3y0+x0y1+x0y2"",""B"":""x0y3+x1y0+x2y0"",""b"":""X"",""d"":12,""excl_opp_detectors"":""True"",""k"":12,""l"":12,""leak_heralds"":""False"",""leak_repump"":""False"",""leakage"":""False"",""loss"":""False"",""m"":6,""n"":144,""p"":0.001,""prllel_1q"":Infinity,""prllel_2q"":6,""r"":20,""repump_cycles"":3,""seq_meas"":""False"",""seq_ops"":""True"",""swapLRC"":""False""}",
       768,         0,         0,    2.67,bposd,1d42788997c955656e1579c9a1cc0f31acae501b320f438e36e23d7b8de7dc11,"{""A"":""x3y0+x0y1+x0y2"",""B"":""x0y3+x1y0+x2y0"",""b"":""X"",""d"":12,""excl_opp_detectors"":""True"",""k"":12,""l"":12,""leak_heralds"":""False"",""leak_repump"":""False"",""leakage"":""False"",""loss"":""False"",""m"":6,""n"":144,""p"":0.001,""prllel_1q"":Infinity,""prllel_2q"":6,""r"":20,""repump_cycles"":3,""seq_meas"":""False"",""seq_ops"":""True"",""swapLRC"":""False""}",
       512,         0,         0,    1.58,bposd,1d42788997c955656e1579c9a1cc0f31acae501b320f438e36e23d7b8de7dc11,"{""A"":""x3y0+x0y1+x0y2"",""B"":""x0y3+x1y0+x2y0"",""b"":""X"",""d"":12,""excl_opp_detectors"":""True"",""k"":12,""l"":12,""leak_heralds"":""False"",""leak_repump"":""False"",""leakage"":""False"",""loss"":""False"",""m"":6,""n"":144,""p"":0.001,""prllel_1q"":Infinity,""prllel_2q"":6,""r"":20,""repump_cycles"":3,""seq_meas"":""False"",""seq_ops"":""True"",""swapLRC"":""False""}",
       768,         0,         0,    2.58,bposd,1d42788997c955656e1579c9a1cc0f31acae501b320f438e36e23d7b8de7dc11,"{""A"":""x3y0+x0y1+x0y2"",""B"":""x0y3+x1y0+x2y0"",""b"":""X"",""d"":12,""excl_opp_detectors"":""True"",""k"":12,""l"":12,""leak_heralds"":""False"",""leak_repump"":""False"",""leakage"":""False"",""loss"":""False"",""m"":6,""n"":144,""p"":0.001,""prllel_1q"":Infinity,""prllel_2q"":6,""r"":20,""repump_cycles"":3,""seq_meas"":""False"",""seq_ops"":""True"",""swapLRC"":""False""}",
       128,         0,         0,    4.83,bposd,1d42788997c955656e1579c9a1cc0f31acae501b320f438e36e23d7b8de7dc11,"{""A"":""x3y0+x0y1+x0y2"",""B"":""x0y3+x1y0+x2y0"",""b"":""X"",""d"":12,""excl_opp_detectors"":""True"",""k"":12,""l"":12,""leak_heralds"":""False"",""leak_repump"":""False"",""leakage"":""False"",""loss"":""False"",""m"":6,""n"":144,""p"":0.001,""prllel_1q"":Infinity,""prllel_2q"":6,""r"":20,""repump_cycles"":3,""seq_meas"":""False"",""seq_ops"":""True"",""swapLRC"":""False""}",
      1152,         0,         0,    3.46,bposd,1d42788997c955656e1579c9a1cc0f31acae501b320f438e36e23d7b8de7dc11,"{""A"":""x3y0+x0y1+x0y2"",""B"":""x0y3+x1y0+x2y0"",""b"":""X"",""d"":12,""excl_opp_detectors"":""True"",""k"":12,""l"":12,""leak_heralds"":""False"",""leak_repump"":""False"",""leakage"":""False"",""loss"":""False"",""m"":6,""n"":144,""p"":0.001,""prllel_1q"":Infinity,""prllel_2q"":6,""r"":20,""repump_cycles"":3,""seq_meas"":""False"",""seq_ops"":""True"",""swapLRC"":""False""}",
       512,         0,         0,    1.77,bposd,1d42788997c955656e1579c9a1cc0f31acae501b320f438e36e23d7b8de7dc11,"{""A"":""x3y0+x0y1+x0y2"",""B"":""x0y3+x1y0+x2y0"",""b"":""X"",""d"":12,""excl_opp_detectors"":""True"",""k"":12,""l"":12,""leak_heralds"":""False"",""leak_repump"":""False"",""leakage"":""False"",""loss"":""False"",""m"":6,""n"":144,""p"":0.001,""prllel_1q"":Infinity,""prllel_2q"":6,""r"":20,""repump_cycles"":3,""seq_meas"":""False"",""seq_ops"":""True"",""swapLRC"":""False""}",
       448,         0,         0,    3.12,bposd,1d42788997c955656e1579c9a1cc0f31acae501b320f438e36e23d7b8de7dc11,"{""A"":""x3y0+x0y1+x0y2"",""B"":""x0y3+x1y0+x2y0"",""b"":""X"",""d"":12,""excl_opp_detectors"":""True"",""k"":12,""l"":12,""leak_heralds"":""False"",""leak_repump"":""False"",""leakage"":""False"",""loss"":""False"",""m"":6,""n"":144,""p"":0.001,""prllel_1q"":Infinity,""prllel_2q"":6,""r"":20,""repump_cycles"":3,""seq_meas"":""False"",""seq_ops"":""True"",""swapLRC"":""False""}",
      1024,         0,         0,    3.37,bposd,1d42788997c955656e1579c9a1cc0f31acae501b320f438e36e23d7b8de7dc11,"{""A"":""x3y0+x0y1+x0y2"",""B"":""x0y3+x1y0+x2y0"",""b"":""X"",""d"":12,""excl_opp_detectors"":""True"",""k"":12,""l"":12,""leak_heralds"":""False"",""leak_repump"":""False"",""leakage"":""False"",""loss"":""False"",""m"":6,""n"":144,""p"":0.001,""prllel_1q"":Infinity,""prllel_2q"":6,""r"":20,""repump_cycles"":3,""seq_meas"":""False"",""seq_ops"":""True"",""swapLRC"":""False""}",
       256,         0,         0,    5.34,bposd,1d42788997c955656e1579c9a1cc0f31acae501b320f438e36e23d7b8de7dc11,"{""A"":""x3y0+x0y1+x0y2"",""B"":""x0y3+x1y0+x2y0"",""b"":""X"",""d"":12,""excl_opp_detectors"":""True"",""k"":12,""l"":12,""leak_heralds"":""False"",""leak_repump"":""False"",""leakage"":""False"",""loss"":""False"",""m"":6,""n"":144,""p"":0.001,""prllel_1q"":Infinity,""prllel_2q"":6,""r"":20,""repump_cycles"":3,""seq_meas"":""False"",""seq_ops"":""True"",""swapLRC"":""False""}",
       128,         0,         0,    4.78,bposd,1d42788997c955656e1579c9a1cc0f31acae501b320f438e36e23d7b8de7dc11,"{""A"":""x3y0+x0y1+x0y2"",""B"":""x0y3+x1y0+x2y0"",""b"":""X"",""d"":12,""excl_opp_detectors"":""True"",""k"":12,""l"":12,""leak_heralds"":""False"",""leak_repump"":""False"",""leakage"":""False"",""loss"":""False"",""m"":6,""n"":144,""p"":0.001,""prllel_1q"":Infinity,""prllel_2q"":6,""r"":20,""repump_cycles"":3,""seq_meas"":""False"",""seq_ops"":""True"",""swapLRC"":""False""}",
      1024,         0,         0,    3.23,bposd,1d42788997c955656e1579c9a1cc0f31acae501b320f438e36e23d7b8de7dc11,"{""A"":""x3y0+x0y1+x0y2"",""B"":""x0y3+x1y0+x2y0"",""b"":""X"",""d"":12,""excl_opp_detectors"":""True"",""k"":12,""l"":12,""leak_heralds"":""False"",""leak_repump"":""False"",""leakage"":""False"",""loss"":""False"",""m"":6,""n"":144,""p"":0.001,""prllel_1q"":Infinity,""prllel_2q"":6,""r"":20,""repump_cycles"":3,""seq_meas"":""False"",""seq_ops"":""True"",""swapLRC"":""False""}",
       896,         0,         0,    3.11,bposd,1d42788997c955656e1579c9a1cc0f31acae501b320f438e36e23d7b8de7dc11,"{""A"":""x3y0+x0y1+x0y2"",""B"":""x0y3+x1y0+x2y0"",""b"":""X"",""d"":12,""excl_opp_detectors"":""True"",""k"":12,""l"":12,""leak_heralds"":""False"",""leak_repump"":""False"",""leakage"":""False"",""loss"":""False"",""m"":6,""n"":144,""p"":0.001,""prllel_1q"":Infinity,""prllel_2q"":6,""r"":20,""repump_cycles"":3,""seq_meas"":""False"",""seq_ops"":""True"",""swapLRC"":""False""}",
       896,         0,         0,    3.45,bposd,1d42788997c955656e1579c9a1cc0f31acae501b320f438e36e23d7b8de7dc11,"{""A"":""x3y0+x0y1+x0y2"",""B"":""x0y3+x1y0+x2y0"",""b"":""X"",""d"":12,""excl_opp_detectors"":""True"",""k"":12,""l"":12,""leak_heralds"":""False"",""leak_repump"":""False"",""leakage"":""False"",""loss"":""False"",""m"":6,""n"":144,""p"":0.001,""prllel_1q"":Infinity,""prllel_2q"":6,""r"":20,""repump_cycles"":3,""seq_meas"":""False"",""seq_ops"":""True"",""swapLRC"":""False""}",
      1024,         0,         0,    3.26,bposd,1d42788997c955656e1579c9a1cc0f31acae501b320f438e36e23d7b8de7dc11,"{""A"":""x3y0+x0y1+x0y2"",""B"":""x0y3+x1y0+x2y0"",""b"":""X"",""d"":12,""excl_opp_detectors"":""True"",""k"":12,""l"":12,""leak_heralds"":""False"",""leak_repump"":""False"",""leakage"":""False"",""loss"":""False"",""m"":6,""n"":144,""p"":0.001,""prllel_1q"":Infinity,""prllel_2q"":6,""r"":20,""repump_cycles"":3,""seq_meas"":""False"",""seq_ops"":""True"",""swapLRC"":""False""}",
       256,         0,         0,    5.30,bposd,1d42788997c955656e1579c9a1cc0f31acae501b320f438e36e23d7b8de7dc11,"{""A"":""x3y0+x0y1+x0y2"",""B"":""x0y3+x1y0+x2y0"",""b"":""X"",""d"":12,""excl_opp_detectors"":""True"",""k"":12,""l"":12,""leak_heralds"":""False"",""leak_repump"":""False"",""leakage"":""False"",""loss"":""False"",""m"":6,""n"":144,""p"":0.001,""prllel_1q"":Infinity,""prllel_2q"":6,""r"":20,""repump_cycles"":3,""seq_meas"":""False"",""seq_ops"":""True"",""swapLRC"":""False""}",
       192,         0,         0,    3.09,bposd,1d42788997c955656e1579c9a1cc0f31acae501b320f438e36e23d7b8de7dc11,"{""A"":""x3y0+x0y1+x0y2"",""B"":""x0y3+x1y0+x2y0"",""b"":""X"",""d"":12,""excl_opp_detectors"":""True"",""k"":12,""l"":12,""leak_heralds"":""False"",""leak_repump"":""False"",""leakage"":""False"",""loss"":""False"",""m"":6,""n"":144,""p"":0.001,""prllel_1q"":Infinity,""prllel_2q"":6,""r"":20,""repump_cycles"":3,""seq_meas"":""False"",""seq_ops"":""True"",""swapLRC"":""False""}",
      1024,         0,         0,    3.48,bposd,1d42788997c955656e1579c9a1cc0f31acae501b320f438e36e23d7b8de7dc11,"{""A"":""x3y0+x0y1+x0y2"",""B"":""x0y3+x1y0+x2y0"",""b"":""X"",""d"":12,""excl_opp_detectors"":""True"",""k"":12,""l"":12,""leak_heralds"":""False"",""leak_repump"":""False"",""leakage"":""False"",""loss"":""False"",""m"":6,""n"":144,""p"":0.001,""prllel_1q"":Infinity,""prllel_2q"":6,""r"":20,""repump_cycles"":3,""seq_meas"":""False"",""seq_ops"":""True"",""swapLRC"":""False""}",
      1024,         0,         0,    3.54,bposd,1d42788997c955656e1579c9a1cc0f31acae501b320f438e36e23d7b8de7dc11,"{""A"":""x3y0+x0y1+x0y2"",""B"":""x0y3+x1y0+x2y0"",""b"":""X"",""d"":12,""excl_opp_detectors"":""True"",""k"":12,""l"":12,""leak_heralds"":""False"",""leak_repump"":""False"",""leakage"":""False"",""loss"":""False"",""m"":6,""n"":144,""p"":0.001,""prllel_1q"":Infinity,""prllel_2q"":6,""r"":20,""repump_cycles"":3,""seq_meas"":""False"",""seq_ops"":""True"",""swapLRC"":""False""}",
       896,         0,         0,    3.42,bposd,1d42788997c955656e1579c9a1cc0f31acae501b320f438e36e23d7b8de7dc11,"{""A"":""x3y0+x0y1+x0y2"",""B"":""x0y3+x1y0+x2y0"",""b"":""X"",""d"":12,""excl_opp_detectors"":""True"",""k"":12,""l"":12,""leak_heralds"":""False"",""leak_repump"":""False"",""leakage"":""False"",""loss"":""False"",""m"":6,""n"":144,""p"":0.001,""prllel_1q"":Infinity,""prllel_2q"":6,""r"":20,""repump_cycles"":3,""seq_meas"":""False"",""seq_ops"":""True"",""swapLRC"":""False""}",
       768,         0,         0,    5.47,bposd,1d42788997c955656e1579c9a1cc0f31acae501b320f438e36e23d7b8de7dc11,"{""A"":""x3y0+x0y1+x0y2"",""B"":""x0y3+x1y0+x2y0"",""b"":""X"",""d"":12,""excl_opp_detectors"":""True"",""k"":12,""l"":12,""leak_heralds"":""False"",""leak_repump"":""False"",""leakage"":""False"",""loss"":""False"",""m"":6,""n"":144,""p"":0.001,""prllel_1q"":Infinity,""prllel_2q"":6,""r"":20,""repump_cycles"":3,""seq_meas"":""False"",""seq_ops"":""True"",""swapLRC"":""False""}",
       256,         0,         0,    3.27,bposd,1d42788997c955656e1579c9a1cc0f31acae501b320f438e36e23d7b8de7dc11,"{""A"":""x3y0+x0y1+x0y2"",""B"":""x0y3+x1y0+x2y0"",""b"":""X"",""d"":12,""excl_opp_detectors"":""True"",""k"":12,""l"":12,""leak_heralds"":""False"",""leak_repump"":""False"",""leakage"":""False"",""loss"":""False"",""m"":6,""n"":144,""p"":0.001,""prllel_1q"":Infinity,""prllel_2q"":6,""r"":20,""repump_cycles"":3,""seq_meas"":""False"",""seq_ops"":""True"",""swapLRC"":""False""}",
      1024,         0,         0,    3.30,bposd,1d42788997c955656e1579c9a1cc0f31acae501b320f438e36e23d7b8de7dc11,"{""A"":""x3y0+x0y1+x0y2"",""B"":""x0y3+x1y0+x2y0"",""b"":""X"",""d"":12,""excl_opp_detectors"":""True"",""k"":12,""l"":12,""leak_heralds"":""False"",""leak_repump"":""False"",""leakage"":""False"",""loss"":""False"",""m"":6,""n"":144,""p"":0.001,""prllel_1q"":Infinity,""prllel_2q"":6,""r"":20,""repump_cycles"":3,""seq_meas"":""False"",""seq_ops"":""True"",""swapLRC"":""False""}",
       640,         0,         0,    2.21,bposd,1d42788997c955656e1579c9a1cc0f31acae501b320f438e36e23d7b8de7dc11,"{""A"":""x3y0+x0y1+x0y2"",""B"":""x0y3+x1y0+x2y0"",""b"":""X"",""d"":12,""excl_opp_detectors"":""True"",""k"":12,""l"":12,""leak_heralds"":""False"",""leak_repump"":""False"",""leakage"":""False"",""loss"":""False"",""m"":6,""n"":144,""p"":0.001,""prllel_1q"":Infinity,""prllel_2q"":6,""r"":20,""repump_cycles"":3,""seq_meas"":""False"",""seq_ops"":""True"",""swapLRC"":""False""}",
       896,         0,         0,    3.30,bposd,1d42788997c955656e1579c9a1cc0f31acae501b320f438e36e23d7b8de7dc11,"{""A"":""x3y0+x0y1+x0y2"",""B"":""x0y3+x1y0+x2y0"",""b"":""X"",""d"":12,""excl_opp_detectors"":""True"",""k"":12,""l"":12,""leak_heralds"":""False"",""leak_repump"":""False"",""leakage"":""False"",""loss"":""False"",""m"":6,""n"":144,""p"":0.001,""prllel_1q"":Infinity,""prllel_2q"":6,""r"":20,""repump_cycles"":3,""seq_meas"":""False"",""seq_ops"":""True"",""swapLRC"":""False""}",
       896,         0,         0,    3.24,bposd,1d42788997c955656e1579c9a1cc0f31acae501b320f438e36e23d7b8de7dc11,"{""A"":""x3y0+x0y1+x0y2"",""B"":""x0y3+x1y0+x2y0"",""b"":""X"",""d"":12,""excl_opp_detectors"":""True"",""k"":12,""l"":12,""leak_heralds"":""False"",""leak_repump"":""False"",""leakage"":""False"",""loss"":""False"",""m"":6,""n"":144,""p"":0.001,""prllel_1q"":Infinity,""prllel_2q"":6,""r"":20,""repump_cycles"":3,""seq_meas"":""False"",""seq_ops"":""True"",""swapLRC"":""False""}",
      1024,         0,         0,    3.40,bposd,1d42788997c955656e1579c9a1cc0f31acae501b320f438e36e23d7b8de7dc11,"{""A"":""x3y0+x0y1+x0y2"",""B"":""x0y3+x1y0+x2y0"",""b"":""X"",""d"":12,""excl_opp_detectors"":""True"",""k"":12,""l"":12,""leak_heralds"":""False"",""leak_repump"":""False"",""leakage"":""False"",""loss"":""False"",""m"":6,""n"":144,""p"":0.001,""prllel_1q"":Infinity,""prllel_2q"":6,""r"":20,""repump_cycles"":3,""seq_meas"":""False"",""seq_ops"":""True"",""swapLRC"":""False""}",
       896,         0,         0,    3.30,bposd,1d42788997c955656e1579c9a1cc0f31acae501b320f438e36e23d7b8de7dc11,"{""A"":""x3y0+x0y1+x0y2"",""B"":""x0y3+x1y0+x2y0"",""b"":""X"",""d"":12,""excl_opp_detectors"":""True"",""k"":12,""l"":12,""leak_heralds"":""False"",""leak_repump"":""False"",""leakage"":""False"",""loss"":""False"",""m"":6,""n"":144,""p"":0.001,""prllel_1q"":Infinity,""prllel_2q"":6,""r"":20,""repump_cycles"":3,""seq_meas"":""False"",""seq_ops"":""True"",""swapLRC"":""False""}",
      1024,         0,         0,    3.34,bposd,1d42788997c955656e1579c9a1cc0f31acae501b320f438e36e23d7b8de7dc11,"{""A"":""x3y0+x0y1+x0y2"",""B"":""x0y3+x1y0+x2y0"",""b"":""X"",""d"":12,""excl_opp_detectors"":""True"",""k"":12,""l"":12,""leak_heralds"":""False"",""leak_repump"":""False"",""leakage"":""False"",""loss"":""False"",""m"":6,""n"":144,""p"":0.001,""prllel_1q"":Infinity,""prllel_2q"":6,""r"":20,""repump_cycles"":3,""seq_meas"":""False"",""seq_ops"":""True"",""swapLRC"":""False""}",
       256,         0,         0,    5.34,bposd,1d42788997c955656e1579c9a1cc0f31acae501b320f438e36e23d7b8de7dc11,"{""A"":""x3y0+x0y1+x0y2"",""B"":""x0y3+x1y0+x2y0"",""b"":""X"",""d"":12,""excl_opp_detectors"":""True"",""k"":12,""l"":12,""leak_heralds"":""False"",""leak_repump"":""False"",""leakage"":""False"",""loss"":""False"",""m"":6,""n"":144,""p"":0.001,""prllel_1q"":Infinity,""prllel_2q"":6,""r"":20,""repump_cycles"":3,""seq_meas"":""False"",""seq_ops"":""True"",""swapLRC"":""False""}",
       704,         0,         0,    2.29,bposd,1d42788997c955656e1579c9a1cc0f31acae501b320f438e36e23d7b8de7dc11,"{""A"":""x3y0+x0y1+x0y2"",""B"":""x0y3+x1y0+x2y0"",""b"":""X"",""d"":12,""excl_opp_detectors"":""True"",""k"":12,""l"":12,""leak_heralds"":""False"",""leak_repump"":""False"",""leakage"":""False"",""loss"":""False"",""m"":6,""n"":144,""p"":0.001,""prllel_1q"":Infinity,""prllel_2q"":6,""r"":20,""repump_cycles"":3,""seq_meas"":""False"",""seq_ops"":""True"",""swapLRC"":""False""}",
       128,         0,         0,    4.84,bposd,1d42788997c955656e1579c9a1cc0f31acae501b320f438e36e23d7b8de7dc11,"{""A"":""x3y0+x0y1+x0y2"",""B"":""x0y3+x1y0+x2y0"",""b"":""X"",""d"":12,""excl_opp_detectors"":""True"",""k"":12,""l"":12,""leak_heralds"":""False"",""leak_repump"":""False"",""leakage"":""False"",""loss"":""False"",""m"":6,""n"":144,""p"":0.001,""prllel_1q"":Infinity,""prllel_2q"":6,""r"":20,""repump_cycles"":3,""seq_meas"":""False"",""seq_ops"":""True"",""swapLRC"":""False""}",
       640,         0,         0,    2.22,bposd,1d42788997c955656e1579c9a1cc0f31acae501b320f438e36e23d7b8de7dc11,"{""A"":""x3y0+x0y1+x0y2"",""B"":""x0y3+x1y0+x2y0"",""b"":""X"",""d"":12,""excl_opp_detectors"":""True"",""k"":12,""l"":12,""leak_heralds"":""False"",""leak_repump"":""False"",""leakage"":""False"",""loss"":""False"",""m"":6,""n"":144,""p"":0.001,""prllel_1q"":Infinity,""prllel_2q"":6,""r"":20,""repump_cycles"":3,""seq_meas"":""False"",""seq_ops"":""True"",""swapLRC"":""False""}",
       256,         0,         0,    5.37,bposd,1d42788997c955656e1579c9a1cc0f31acae501b320f438e36e23d7b8de7dc11,"{""A"":""x3y0+x0y1+x0y2"",""B"":""x0y3+x1y0+x2y0"",""b"":""X"",""d"":12,""excl_opp_detectors"":""True"",""k"":12,""l"":12,""leak_heralds"":""False"",""leak_repump"":""False"",""leakage"":""False"",""loss"":""False"",""m"":6,""n"":144,""p"":0.001,""prllel_1q"":Infinity,""prllel_2q"":6,""r"":20,""repump_cycles"":3,""seq_meas"":""False"",""seq_ops"":""True"",""swapLRC"":""False""}",
       768,         0,         0,    2.38,bposd,1d42788997c955656e1579c9a1cc0f31acae501b320f438e36e23d7b8de7dc11,"{""A"":""x3y0+x0y1+x0y2"",""B"":""x0y3+x1y0+x2y0"",""b"":""X"",""d"":12,""excl_opp_detectors"":""True"",""k"":12,""l"":12,""leak_heralds"":""False"",""leak_repump"":""False"",""leakage"":""False"",""loss"":""False"",""m"":6,""n"":144,""p"":0.001,""prllel_1q"":Infinity,""prllel_2q"":6,""r"":20,""repump_cycles"":3,""seq_meas"":""False"",""seq_ops"":""True"",""swapLRC"":""False""}",
       512,         0,         0,    1.72,bposd,1d42788997c955656e1579c9a1cc0f31acae501b320f438e36e23d7b8de7dc11,"{""A"":""x3y0+x0y1+x0y2"",""B"":""x0y3+x1y0+x2y0"",""b"":""X"",""d"":12,""excl_opp_detectors"":""True"",""k"":12,""l"":12,""leak_heralds"":""False"",""leak_repump"":""False"",""leakage"":""False"",""loss"":""False"",""m"":6,""n"":144,""p"":0.001,""prllel_1q"":Infinity,""prllel_2q"":6,""r"":20,""repump_cycles"":3,""seq_meas"":""False"",""seq_ops"":""True"",""swapLRC"":""False""}",
       640,         0,         0,    2.20,bposd,1d42788997c955656e1579c9a1cc0f31acae501b320f438e36e23d7b8de7dc11,"{""A"":""x3y0+x0y1+x0y2"",""B"":""x0y3+x1y0+x2y0"",""b"":""X"",""d"":12,""excl_opp_detectors"":""True"",""k"":12,""l"":12,""leak_heralds"":""False"",""leak_repump"":""False"",""leakage"":""False"",""loss"":""False"",""m"":6,""n"":144,""p"":0.001,""prllel_1q"":Infinity,""prllel_2q"":6,""r"":20,""repump_cycles"":3,""seq_meas"":""False"",""seq_ops"":""True"",""swapLRC"":""False""}",
       896,         0,         0,    3.12,bposd,1d42788997c955656e1579c9a1cc0f31acae501b320f438e36e23d7b8de7dc11,"{""A"":""x3y0+x0y1+x0y2"",""B"":""x0y3+x1y0+x2y0"",""b"":""X"",""d"":12,""excl_opp_detectors"":""True"",""k"":12,""l"":12,""leak_heralds"":""False"",""leak_repump"":""False"",""leakage"":""False"",""loss"":""False"",""m"":6,""n"":144,""p"":0.001,""prllel_1q"":Infinity,""prllel_2q"":6,""r"":20,""repump_cycles"":3,""seq_meas"":""False"",""seq_ops"":""True"",""swapLRC"":""False""}",
      1024,         0,         0,    3.31,bposd,1d42788997c955656e1579c9a1cc0f31acae501b320f438e36e23d7b8de7dc11,"{""A"":""x3y0+x0y1+x0y2"",""B"":""x0y3+x1y0+x2y0"",""b"":""X"",""d"":12,""excl_opp_detectors"":""True"",""k"":12,""l"":12,""leak_heralds"":""False"",""leak_repump"":""False"",""leakage"":""False"",""loss"":""False"",""m"":6,""n"":144,""p"":0.001,""prllel_1q"":Infinity,""prllel_2q"":6,""r"":20,""repump_cycles"":3,""seq_meas"":""False"",""seq_ops"":""True"",""swapLRC"":""False""}",
      1024,         0,         0,    3.40,bposd,1d42788997c955656e1579c9a1cc0f31acae501b320f438e36e23d7b8de7dc11,"{""A"":""x3y0+x0y1+x0y2"",""B"":""x0y3+x1y0+x2y0"",""b"":""X"",""d"":12,""excl_opp_detectors"":""True"",""k"":12,""l"":12,""leak_heralds"":""False"",""leak_repump"":""False"",""leakage"":""False"",""loss"":""False"",""m"":6,""n"":144,""p"":0.001,""prllel_1q"":Infinity,""prllel_2q"":6,""r"":20,""repump_cycles"":3,""seq_meas"":""False"",""seq_ops"":""True"",""swapLRC"":""False""}",
       768,         0,         0,    2.51,bposd,1d42788997c955656e1579c9a1cc0f31acae501b320f438e36e23d7b8de7dc11,"{""A"":""x3y0+x0y1+x0y2"",""B"":""x0y3+x1y0+x2y0"",""b"":""X"",""d"":12,""excl_opp_detectors"":""True"",""k"":12,""l"":12,""leak_heralds"":""False"",""leak_repump"":""False"",""leakage"":""False"",""loss"":""False"",""m"":6,""n"":144,""p"":0.001,""prllel_1q"":Infinity,""prllel_2q"":6,""r"":20,""repump_cycles"":3,""seq_meas"":""False"",""seq_ops"":""True"",""swapLRC"":""False""}",
       704,         0,         0,    2.45,bposd,1d42788997c955656e1579c9a1cc0f31acae501b320f438e36e23d7b8de7dc11,"{""A"":""x3y0+x0y1+x0y2"",""B"":""x0y3+x1y0+x2y0"",""b"":""X"",""d"":12,""excl_opp_detectors"":""True"",""k"":12,""l"":12,""leak_heralds"":""False"",""leak_repump"":""False"",""leakage"":""False"",""loss"":""False"",""m"":6,""n"":144,""p"":0.001,""prllel_1q"":Infinity,""prllel_2q"":6,""r"":20,""repump_cycles"":3,""seq_meas"":""False"",""seq_ops"":""True"",""swapLRC"":""False""}",
      1024,         0,         0,    3.32,bposd,1d42788997c955656e1579c9a1cc0f31acae501b320f438e36e23d7b8de7dc11,"{""A"":""x3y0+x0y1+x0y2"",""B"":""x0y3+x1y0+x2y0"",""b"":""X"",""d"":12,""excl_opp_detectors"":""True"",""k"":12,""l"":12,""leak_heralds"":""False"",""leak_repump"":""False"",""leakage"":""False"",""loss"":""False"",""m"":6,""n"":144,""p"":0.001,""prllel_1q"":Infinity,""prllel_2q"":6,""r"":20,""repump_cycles"":3,""seq_meas"":""False"",""seq_ops"":""True"",""swapLRC"":""False""}",
      1024,         0,         0,    3.41,bposd,1d42788997c955656e1579c9a1cc0f31acae501b320f438e36e23d7b8de7dc11,"{""A"":""x3y0+x0y1+x0y2"",""B"":""x0y3+x1y0+x2y0"",""b"":""X"",""d"":12,""excl_opp_detectors"":""True"",""k"":12,""l"":12,""leak_heralds"":""False"",""leak_repump"":""False"",""leakage"":""False"",""loss"":""False"",""m"":6,""n"":144,""p"":0.001,""prllel_1q"":Infinity,""prllel_2q"":6,""r"":20,""repump_cycles"":3,""seq_meas"":""False"",""seq_ops"":""True"",""swapLRC"":""False""}",
       896,         0,         0,    3.16,bposd,1d42788997c955656e1579c9a1cc0f31acae501b320f438e36e23d7b8de7dc11,"{""A"":""x3y0+x0y1+x0y2"",""B"":""x0y3+x1y0+x2y0"",""b"":""X"",""d"":12,""excl_opp_detectors"":""True"",""k"":12,""l"":12,""leak_heralds"":""False"",""leak_repump"":""False"",""leakage"":""False"",""loss"":""False"",""m"":6,""n"":144,""p"":0.001,""prllel_1q"":Infinity,""prllel_2q"":6,""r"":20,""repump_cycles"":3,""seq_meas"":""False"",""seq_ops"":""True"",""swapLRC"":""False""}",
      1024,         0,         0,    3.22,bposd,1d42788997c955656e1579c9a1cc0f31acae501b320f438e36e23d7b8de7dc11,"{""A"":""x3y0+x0y1+x0y2"",""B"":""x0y3+x1y0+x2y0"",""b"":""X"",""d"":12,""excl_opp_detectors"":""True"",""k"":12,""l"":12,""leak_heralds"":""False"",""leak_repump"":""False"",""leakage"":""False"",""loss"":""False"",""m"":6,""n"":144,""p"":0.001,""prllel_1q"":Infinity,""prllel_2q"":6,""r"":20,""repump_cycles"":3,""seq_meas"":""False"",""seq_ops"":""True"",""swapLRC"":""False""}",
       896,         0,         0,    3.31,bposd,1d42788997c955656e1579c9a1cc0f31acae501b320f438e36e23d7b8de7dc11,"{""A"":""x3y0+x0y1+x0y2"",""B"":""x0y3+x1y0+x2y0"",""b"":""X"",""d"":12,""excl_opp_detectors"":""True"",""k"":12,""l"":12,""leak_heralds"":""False"",""leak_repump"":""False"",""leakage"":""False"",""loss"":""False"",""m"":6,""n"":144,""p"":0.001,""prllel_1q"":Infinity,""prllel_2q"":6,""r"":20,""repump_cycles"":3,""seq_meas"":""False"",""seq_ops"":""True"",""swapLRC"":""False""}",
      1024,         0,         0,    3.32,bposd,1d42788997c955656e1579c9a1cc0f31acae501b320f438e36e23d7b8de7dc11,"{""A"":""x3y0+x0y1+x0y2"",""B"":""x0y3+x1y0+x2y0"",""b"":""X"",""d"":12,""excl_opp_detectors"":""True"",""k"":12,""l"":12,""leak_heralds"":""False"",""leak_repump"":""False"",""leakage"":""False"",""loss"":""False"",""m"":6,""n"":144,""p"":0.001,""prllel_1q"":Infinity,""prllel_2q"":6,""r"":20,""repump_cycles"":3,""seq_meas"":""False"",""seq_ops"":""True"",""swapLRC"":""False""}",
       896,         0,         0,    3.35,bposd,1d42788997c955656e1579c9a1cc0f31acae501b320f438e36e23d7b8de7dc11,"{""A"":""x3y0+x0y1+x0y2"",""B"":""x0y3+x1y0+x2y0"",""b"":""X"",""d"":12,""excl_opp_detectors"":""True"",""k"":12,""l"":12,""leak_heralds"":""False"",""leak_repump"":""False"",""leakage"":""False"",""loss"":""False"",""m"":6,""n"":144,""p"":0.001,""prllel_1q"":Infinity,""prllel_2q"":6,""r"":20,""repump_cycles"":3,""seq_meas"":""False"",""seq_ops"":""True"",""swapLRC"":""False""}",
      1024,         0,         0,    3.39,bposd,1d42788997c955656e1579c9a1cc0f31acae501b320f438e36e23d7b8de7dc11,"{""A"":""x3y0+x0y1+x0y2"",""B"":""x0y3+x1y0+x2y0"",""b"":""X"",""d"":12,""excl_opp_detectors"":""True"",""k"":12,""l"":12,""leak_heralds"":""False"",""leak_repump"":""False"",""leakage"":""False"",""loss"":""False"",""m"":6,""n"":144,""p"":0.001,""prllel_1q"":Infinity,""prllel_2q"":6,""r"":20,""repump_cycles"":3,""seq_meas"":""False"",""seq_ops"":""True"",""swapLRC"":""False""}",
       448,         0,         0,    1.41,bposd,1d42788997c955656e1579c9a1cc0f31acae501b320f438e36e23d7b8de7dc11,"{""A"":""x3y0+x0y1+x0y2"",""B"":""x0y3+x1y0+x2y0"",""b"":""X"",""d"":12,""excl_opp_detectors"":""True"",""k"":12,""l"":12,""leak_heralds"":""False"",""leak_repump"":""False"",""leakage"":""False"",""loss"":""False"",""m"":6,""n"":144,""p"":0.001,""prllel_1q"":Infinity,""prllel_2q"":6,""r"":20,""repump_cycles"":3,""seq_meas"":""False"",""seq_ops"":""True"",""swapLRC"":""False""}",
      1024,         0,         0,    3.11,bposd,1d42788997c955656e1579c9a1cc0f31acae501b320f438e36e23d7b8de7dc11,"{""A"":""x3y0+x0y1+x0y2"",""B"":""x0y3+x1y0+x2y0"",""b"":""X"",""d"":12,""excl_opp_detectors"":""True"",""k"":12,""l"":12,""leak_heralds"":""False"",""leak_repump"":""False"",""leakage"":""False"",""loss"":""False"",""m"":6,""n"":144,""p"":0.001,""prllel_1q"":Infinity,""prllel_2q"":6,""r"":20,""repump_cycles"":3,""seq_meas"":""False"",""seq_ops"":""True"",""swapLRC"":""False""}",
       640,         0,         0,    6.61,bposd,1d42788997c955656e1579c9a1cc0f31acae501b320f438e36e23d7b8de7dc11,"{""A"":""x3y0+x0y1+x0y2"",""B"":""x0y3+x1y0+x2y0"",""b"":""X"",""d"":12,""excl_opp_detectors"":""True"",""k"":12,""l"":12,""leak_heralds"":""False"",""leak_repump"":""False"",""leakage"":""False"",""loss"":""False"",""m"":6,""n"":144,""p"":0.001,""prllel_1q"":Infinity,""prllel_2q"":6,""r"":20,""repump_cycles"":3,""seq_meas"":""False"",""seq_ops"":""True"",""swapLRC"":""False""}",
       768,         0,         0,    3.05,bposd,1d42788997c955656e1579c9a1cc0f31acae501b320f438e36e23d7b8de7dc11,"{""A"":""x3y0+x0y1+x0y2"",""B"":""x0y3+x1y0+x2y0"",""b"":""X"",""d"":12,""excl_opp_detectors"":""True"",""k"":12,""l"":12,""leak_heralds"":""False"",""leak_repump"":""False"",""leakage"":""False"",""loss"":""False"",""m"":6,""n"":144,""p"":0.001,""prllel_1q"":Infinity,""prllel_2q"":6,""r"":20,""repump_cycles"":3,""seq_meas"":""False"",""seq_ops"":""True"",""swapLRC"":""False""}",
       768,         0,         0,    2.49,bposd,1d42788997c955656e1579c9a1cc0f31acae501b320f438e36e23d7b8de7dc11,"{""A"":""x3y0+x0y1+x0y2"",""B"":""x0y3+x1y0+x2y0"",""b"":""X"",""d"":12,""excl_opp_detectors"":""True"",""k"":12,""l"":12,""leak_heralds"":""False"",""leak_repump"":""False"",""leakage"":""False"",""loss"":""False"",""m"":6,""n"":144,""p"":0.001,""prllel_1q"":Infinity,""prllel_2q"":6,""r"":20,""repump_cycles"":3,""seq_meas"":""False"",""seq_ops"":""True"",""swapLRC"":""False""}",
       768,         0,         0,    2.53,bposd,1d42788997c955656e1579c9a1cc0f31acae501b320f438e36e23d7b8de7dc11,"{""A"":""x3y0+x0y1+x0y2"",""B"":""x0y3+x1y0+x2y0"",""b"":""X"",""d"":12,""excl_opp_detectors"":""True"",""k"":12,""l"":12,""leak_heralds"":""False"",""leak_repump"":""False"",""leakage"":""False"",""loss"":""False"",""m"":6,""n"":144,""p"":0.001,""prllel_1q"":Infinity,""prllel_2q"":6,""r"":20,""repump_cycles"":3,""seq_meas"":""False"",""seq_ops"":""True"",""swapLRC"":""False""}",
       768,         0,         0,    2.43,bposd,1d42788997c955656e1579c9a1cc0f31acae501b320f438e36e23d7b8de7dc11,"{""A"":""x3y0+x0y1+x0y2"",""B"":""x0y3+x1y0+x2y0"",""b"":""X"",""d"":12,""excl_opp_detectors"":""True"",""k"":12,""l"":12,""leak_heralds"":""False"",""leak_repump"":""False"",""leakage"":""False"",""loss"":""False"",""m"":6,""n"":144,""p"":0.001,""prllel_1q"":Infinity,""prllel_2q"":6,""r"":20,""repump_cycles"":3,""seq_meas"":""False"",""seq_ops"":""True"",""swapLRC"":""False""}",
       384,         0,         0,    4.38,bposd,1d42788997c955656e1579c9a1cc0f31acae501b320f438e36e23d7b8de7dc11,"{""A"":""x3y0+x0y1+x0y2"",""B"":""x0y3+x1y0+x2y0"",""b"":""X"",""d"":12,""excl_opp_detectors"":""True"",""k"":12,""l"":12,""leak_heralds"":""False"",""leak_repump"":""False"",""leakage"":""False"",""loss"":""False"",""m"":6,""n"":144,""p"":0.001,""prllel_1q"":Infinity,""prllel_2q"":6,""r"":20,""repump_cycles"":3,""seq_meas"":""False"",""seq_ops"":""True"",""swapLRC"":""False""}",
       640,         0,         0,    2.20,bposd,1d42788997c955656e1579c9a1cc0f31acae501b320f438e36e23d7b8de7dc11,"{""A"":""x3y0+x0y1+x0y2"",""B"":""x0y3+x1y0+x2y0"",""b"":""X"",""d"":12,""excl_opp_detectors"":""True"",""k"":12,""l"":12,""leak_heralds"":""False"",""leak_repump"":""False"",""leakage"":""False"",""loss"":""False"",""m"":6,""n"":144,""p"":0.001,""prllel_1q"":Infinity,""prllel_2q"":6,""r"":20,""repump_cycles"":3,""seq_meas"":""False"",""seq_ops"":""True"",""swapLRC"":""False""}",
       448,         0,         0,    1.51,bposd,1d42788997c955656e1579c9a1cc0f31acae501b320f438e36e23d7b8de7dc11,"{""A"":""x3y0+x0y1+x0y2"",""B"":""x0y3+x1y0+x2y0"",""b"":""X"",""d"":12,""excl_opp_detectors"":""True"",""k"":12,""l"":12,""leak_heralds"":""False"",""leak_repump"":""False"",""leakage"":""False"",""loss"":""False"",""m"":6,""n"":144,""p"":0.001,""prllel_1q"":Infinity,""prllel_2q"":6,""r"":20,""repump_cycles"":3,""seq_meas"":""False"",""seq_ops"":""True"",""swapLRC"":""False""}",
      1024,         0,         0,    3.30,bposd,1d42788997c955656e1579c9a1cc0f31acae501b320f438e36e23d7b8de7dc11,"{""A"":""x3y0+x0y1+x0y2"",""B"":""x0y3+x1y0+x2y0"",""b"":""X"",""d"":12,""excl_opp_detectors"":""True"",""k"":12,""l"":12,""leak_heralds"":""False"",""leak_repump"":""False"",""leakage"":""False"",""loss"":""False"",""m"":6,""n"":144,""p"":0.001,""prllel_1q"":Infinity,""prllel_2q"":6,""r"":20,""repump_cycles"":3,""seq_meas"":""False"",""seq_ops"":""True"",""swapLRC"":""False""}",
       960,         0,         0,    3.22,bposd,1d42788997c955656e1579c9a1cc0f31acae501b320f438e36e23d7b8de7dc11,"{""A"":""x3y0+x0y1+x0y2"",""B"":""x0y3+x1y0+x2y0"",""b"":""X"",""d"":12,""excl_opp_detectors"":""True"",""k"":12,""l"":12,""leak_heralds"":""False"",""leak_repump"":""False"",""leakage"":""False"",""loss"":""False"",""m"":6,""n"":144,""p"":0.001,""prllel_1q"":Infinity,""prllel_2q"":6,""r"":20,""repump_cycles"":3,""seq_meas"":""False"",""seq_ops"":""True"",""swapLRC"":""False""}",
       960,         0,         0,    3.15,bposd,1d42788997c955656e1579c9a1cc0f31acae501b320f438e36e23d7b8de7dc11,"{""A"":""x3y0+x0y1+x0y2"",""B"":""x0y3+x1y0+x2y0"",""b"":""X"",""d"":12,""excl_opp_detectors"":""True"",""k"":12,""l"":12,""leak_heralds"":""False"",""leak_repump"":""False"",""leakage"":""False"",""loss"":""False"",""m"":6,""n"":144,""p"":0.001,""prllel_1q"":Infinity,""prllel_2q"":6,""r"":20,""repump_cycles"":3,""seq_meas"":""False"",""seq_ops"":""True"",""swapLRC"":""False""}",
       512,         0,         0,    6.00,bposd,1d42788997c955656e1579c9a1cc0f31acae501b320f438e36e23d7b8de7dc11,"{""A"":""x3y0+x0y1+x0y2"",""B"":""x0y3+x1y0+x2y0"",""b"":""X"",""d"":12,""excl_opp_detectors"":""True"",""k"":12,""l"":12,""leak_heralds"":""False"",""leak_repump"":""False"",""leakage"":""False"",""loss"":""False"",""m"":6,""n"":144,""p"":0.001,""prllel_1q"":Infinity,""prllel_2q"":6,""r"":20,""repump_cycles"":3,""seq_meas"":""False"",""seq_ops"":""True"",""swapLRC"":""False""}",
      1024,         0,         0,    3.26,bposd,1d42788997c955656e1579c9a1cc0f31acae501b320f438e36e23d7b8de7dc11,"{""A"":""x3y0+x0y1+x0y2"",""B"":""x0y3+x1y0+x2y0"",""b"":""X"",""d"":12,""excl_opp_detectors"":""True"",""k"":12,""l"":12,""leak_heralds"":""False"",""leak_repump"":""False"",""leakage"":""False"",""loss"":""False"",""m"":6,""n"":144,""p"":0.001,""prllel_1q"":Infinity,""prllel_2q"":6,""r"":20,""repump_cycles"":3,""seq_meas"":""False"",""seq_ops"":""True"",""swapLRC"":""False""}",
      1024,         0,         0,    3.63,bposd,1d42788997c955656e1579c9a1cc0f31acae501b320f438e36e23d7b8de7dc11,"{""A"":""x3y0+x0y1+x0y2"",""B"":""x0y3+x1y0+x2y0"",""b"":""X"",""d"":12,""excl_opp_detectors"":""True"",""k"":12,""l"":12,""leak_heralds"":""False"",""leak_repump"":""False"",""leakage"":""False"",""loss"":""False"",""m"":6,""n"":144,""p"":0.001,""prllel_1q"":Infinity,""prllel_2q"":6,""r"":20,""repump_cycles"":3,""seq_meas"":""False"",""seq_ops"":""True"",""swapLRC"":""False""}",
      1088,         0,         0,    3.40,bposd,1d42788997c955656e1579c9a1cc0f31acae501b320f438e36e23d7b8de7dc11,"{""A"":""x3y0+x0y1+x0y2"",""B"":""x0y3+x1y0+x2y0"",""b"":""X"",""d"":12,""excl_opp_detectors"":""True"",""k"":12,""l"":12,""leak_heralds"":""False"",""leak_repump"":""False"",""leakage"":""False"",""loss"":""False"",""m"":6,""n"":144,""p"":0.001,""prllel_1q"":Infinity,""prllel_2q"":6,""r"":20,""repump_cycles"":3,""seq_meas"":""False"",""seq_ops"":""True"",""swapLRC"":""False""}",
       512,         0,         0,    1.71,bposd,1d42788997c955656e1579c9a1cc0f31acae501b320f438e36e23d7b8de7dc11,"{""A"":""x3y0+x0y1+x0y2"",""B"":""x0y3+x1y0+x2y0"",""b"":""X"",""d"":12,""excl_opp_detectors"":""True"",""k"":12,""l"":12,""leak_heralds"":""False"",""leak_repump"":""False"",""leakage"":""False"",""loss"":""False"",""m"":6,""n"":144,""p"":0.001,""prllel_1q"":Infinity,""prllel_2q"":6,""r"":20,""repump_cycles"":3,""seq_meas"":""False"",""seq_ops"":""True"",""swapLRC"":""False""}",
       960,         0,         0,    3.10,bposd,1d42788997c955656e1579c9a1cc0f31acae501b320f438e36e23d7b8de7dc11,"{""A"":""x3y0+x0y1+x0y2"",""B"":""x0y3+x1y0+x2y0"",""b"":""X"",""d"":12,""excl_opp_detectors"":""True"",""k"":12,""l"":12,""leak_heralds"":""False"",""leak_repump"":""False"",""leakage"":""False"",""loss"":""False"",""m"":6,""n"":144,""p"":0.001,""prllel_1q"":Infinity,""prllel_2q"":6,""r"":20,""repump_cycles"":3,""seq_meas"":""False"",""seq_ops"":""True"",""swapLRC"":""False""}",
       960,         0,         0,    3.28,bposd,1d42788997c955656e1579c9a1cc0f31acae501b320f438e36e23d7b8de7dc11,"{""A"":""x3y0+x0y1+x0y2"",""B"":""x0y3+x1y0+x2y0"",""b"":""X"",""d"":12,""excl_opp_detectors"":""True"",""k"":12,""l"":12,""leak_heralds"":""False"",""leak_repump"":""False"",""leakage"":""False"",""loss"":""False"",""m"":6,""n"":144,""p"":0.001,""prllel_1q"":Infinity,""prllel_2q"":6,""r"":20,""repump_cycles"":3,""seq_meas"":""False"",""seq_ops"":""True"",""swapLRC"":""False""}",
       960,         0,         0,    3.21,bposd,1d42788997c955656e1579c9a1cc0f31acae501b320f438e36e23d7b8de7dc11,"{""A"":""x3y0+x0y1+x0y2"",""B"":""x0y3+x1y0+x2y0"",""b"":""X"",""d"":12,""excl_opp_detectors"":""True"",""k"":12,""l"":12,""leak_heralds"":""False"",""leak_repump"":""False"",""leakage"":""False"",""loss"":""False"",""m"":6,""n"":144,""p"":0.001,""prllel_1q"":Infinity,""prllel_2q"":6,""r"":20,""repump_cycles"":3,""seq_meas"":""False"",""seq_ops"":""True"",""swapLRC"":""False""}",
       640,         0,         0,    6.71,bposd,1d42788997c955656e1579c9a1cc0f31acae501b320f438e36e23d7b8de7dc11,"{""A"":""x3y0+x0y1+x0y2"",""B"":""x0y3+x1y0+x2y0"",""b"":""X"",""d"":12,""excl_opp_detectors"":""True"",""k"":12,""l"":12,""leak_heralds"":""False"",""leak_repump"":""False"",""leakage"":""False"",""loss"":""False"",""m"":6,""n"":144,""p"":0.001,""prllel_1q"":Infinity,""prllel_2q"":6,""r"":20,""repump_cycles"":3,""seq_meas"":""False"",""seq_ops"":""True"",""swapLRC"":""False""}",
       512,         0,         0,    1.57,bposd,1d42788997c955656e1579c9a1cc0f31acae501b320f438e36e23d7b8de7dc11,"{""A"":""x3y0+x0y1+x0y2"",""B"":""x0y3+x1y0+x2y0"",""b"":""X"",""d"":12,""excl_opp_detectors"":""True"",""k"":12,""l"":12,""leak_heralds"":""False"",""leak_repump"":""False"",""leakage"":""False"",""loss"":""False"",""m"":6,""n"":144,""p"":0.001,""prllel_1q"":Infinity,""prllel_2q"":6,""r"":20,""repump_cycles"":3,""seq_meas"":""False"",""seq_ops"":""True"",""swapLRC"":""False""}",
       384,         0,         0,    5.77,bposd,1d42788997c955656e1579c9a1cc0f31acae501b320f438e36e23d7b8de7dc11,"{""A"":""x3y0+x0y1+x0y2"",""B"":""x0y3+x1y0+x2y0"",""b"":""X"",""d"":12,""excl_opp_detectors"":""True"",""k"":12,""l"":12,""leak_heralds"":""False"",""leak_repump"":""False"",""leakage"":""False"",""loss"":""False"",""m"":6,""n"":144,""p"":0.001,""prllel_1q"":Infinity,""prllel_2q"":6,""r"":20,""repump_cycles"":3,""seq_meas"":""False"",""seq_ops"":""True"",""swapLRC"":""False""}",
      1088,         0,         0,    3.50,bposd,1d42788997c955656e1579c9a1cc0f31acae501b320f438e36e23d7b8de7dc11,"{""A"":""x3y0+x0y1+x0y2"",""B"":""x0y3+x1y0+x2y0"",""b"":""X"",""d"":12,""excl_opp_detectors"":""True"",""k"":12,""l"":12,""leak_heralds"":""False"",""leak_repump"":""False"",""leakage"":""False"",""loss"":""False"",""m"":6,""n"":144,""p"":0.001,""prllel_1q"":Infinity,""prllel_2q"":6,""r"":20,""repump_cycles"":3,""seq_meas"":""False"",""seq_ops"":""True"",""swapLRC"":""False""}",
       960,         0,         0,    3.28,bposd,1d42788997c955656e1579c9a1cc0f31acae501b320f438e36e23d7b8de7dc11,"{""A"":""x3y0+x0y1+x0y2"",""B"":""x0y3+x1y0+x2y0"",""b"":""X"",""d"":12,""excl_opp_detectors"":""True"",""k"":12,""l"":12,""leak_heralds"":""False"",""leak_repump"":""False"",""leakage"":""False"",""loss"":""False"",""m"":6,""n"":144,""p"":0.001,""prllel_1q"":Infinity,""prllel_2q"":6,""r"":20,""repump_cycles"":3,""seq_meas"":""False"",""seq_ops"":""True"",""swapLRC"":""False""}",
      1280,         0,         0,    4.64,bposd,1d42788997c955656e1579c9a1cc0f31acae501b320f438e36e23d7b8de7dc11,"{""A"":""x3y0+x0y1+x0y2"",""B"":""x0y3+x1y0+x2y0"",""b"":""X"",""d"":12,""excl_opp_detectors"":""True"",""k"":12,""l"":12,""leak_heralds"":""False"",""leak_repump"":""False"",""leakage"":""False"",""loss"":""False"",""m"":6,""n"":144,""p"":0.001,""prllel_1q"":Infinity,""prllel_2q"":6,""r"":20,""repump_cycles"":3,""seq_meas"":""False"",""seq_ops"":""True"",""swapLRC"":""False""}",
       896,         0,         0,    3.50,bposd,1d42788997c955656e1579c9a1cc0f31acae501b320f438e36e23d7b8de7dc11,"{""A"":""x3y0+x0y1+x0y2"",""B"":""x0y3+x1y0+x2y0"",""b"":""X"",""d"":12,""excl_opp_detectors"":""True"",""k"":12,""l"":12,""leak_heralds"":""False"",""leak_repump"":""False"",""leakage"":""False"",""loss"":""False"",""m"":6,""n"":144,""p"":0.001,""prllel_1q"":Infinity,""prllel_2q"":6,""r"":20,""repump_cycles"":3,""seq_meas"":""False"",""seq_ops"":""True"",""swapLRC"":""False""}",
       896,         0,         0,    3.19,bposd,1d42788997c955656e1579c9a1cc0f31acae501b320f438e36e23d7b8de7dc11,"{""A"":""x3y0+x0y1+x0y2"",""B"":""x0y3+x1y0+x2y0"",""b"":""X"",""d"":12,""excl_opp_detectors"":""True"",""k"":12,""l"":12,""leak_heralds"":""False"",""leak_repump"":""False"",""leakage"":""False"",""loss"":""False"",""m"":6,""n"":144,""p"":0.001,""prllel_1q"":Infinity,""prllel_2q"":6,""r"":20,""repump_cycles"":3,""seq_meas"":""False"",""seq_ops"":""True"",""swapLRC"":""False""}",
      1024,         0,         0,    3.25,bposd,1d42788997c955656e1579c9a1cc0f31acae501b320f438e36e23d7b8de7dc11,"{""A"":""x3y0+x0y1+x0y2"",""B"":""x0y3+x1y0+x2y0"",""b"":""X"",""d"":12,""excl_opp_detectors"":""True"",""k"":12,""l"":12,""leak_heralds"":""False"",""leak_repump"":""False"",""leakage"":""False"",""loss"":""False"",""m"":6,""n"":144,""p"":0.001,""prllel_1q"":Infinity,""prllel_2q"":6,""r"":20,""repump_cycles"":3,""seq_meas"":""False"",""seq_ops"":""True"",""swapLRC"":""False""}",
       896,         0,         0,    3.12,bposd,1d42788997c955656e1579c9a1cc0f31acae501b320f438e36e23d7b8de7dc11,"{""A"":""x3y0+x0y1+x0y2"",""B"":""x0y3+x1y0+x2y0"",""b"":""X"",""d"":12,""excl_opp_detectors"":""True"",""k"":12,""l"":12,""leak_heralds"":""False"",""leak_repump"":""False"",""leakage"":""False"",""loss"":""False"",""m"":6,""n"":144,""p"":0.001,""prllel_1q"":Infinity,""prllel_2q"":6,""r"":20,""repump_cycles"":3,""seq_meas"":""False"",""seq_ops"":""True"",""swapLRC"":""False""}",
      1024,         0,         0,    3.46,bposd,1d42788997c955656e1579c9a1cc0f31acae501b320f438e36e23d7b8de7dc11,"{""A"":""x3y0+x0y1+x0y2"",""B"":""x0y3+x1y0+x2y0"",""b"":""X"",""d"":12,""excl_opp_detectors"":""True"",""k"":12,""l"":12,""leak_heralds"":""False"",""leak_repump"":""False"",""leakage"":""False"",""loss"":""False"",""m"":6,""n"":144,""p"":0.001,""prllel_1q"":Infinity,""prllel_2q"":6,""r"":20,""repump_cycles"":3,""seq_meas"":""False"",""seq_ops"":""True"",""swapLRC"":""False""}",
      1024,         0,         0,    3.29,bposd,1d42788997c955656e1579c9a1cc0f31acae501b320f438e36e23d7b8de7dc11,"{""A"":""x3y0+x0y1+x0y2"",""B"":""x0y3+x1y0+x2y0"",""b"":""X"",""d"":12,""excl_opp_detectors"":""True"",""k"":12,""l"":12,""leak_heralds"":""False"",""leak_repump"":""False"",""leakage"":""False"",""loss"":""False"",""m"":6,""n"":144,""p"":0.001,""prllel_1q"":Infinity,""prllel_2q"":6,""r"":20,""repump_cycles"":3,""seq_meas"":""False"",""seq_ops"":""True"",""swapLRC"":""False""}",
      1280,         0,         0,    4.28,bposd,1d42788997c955656e1579c9a1cc0f31acae501b320f438e36e23d7b8de7dc11,"{""A"":""x3y0+x0y1+x0y2"",""B"":""x0y3+x1y0+x2y0"",""b"":""X"",""d"":12,""excl_opp_detectors"":""True"",""k"":12,""l"":12,""leak_heralds"":""False"",""leak_repump"":""False"",""leakage"":""False"",""loss"":""False"",""m"":6,""n"":144,""p"":0.001,""prllel_1q"":Infinity,""prllel_2q"":6,""r"":20,""repump_cycles"":3,""seq_meas"":""False"",""seq_ops"":""True"",""swapLRC"":""False""}",
      1408,         0,         0,    4.35,bposd,1d42788997c955656e1579c9a1cc0f31acae501b320f438e36e23d7b8de7dc11,"{""A"":""x3y0+x0y1+x0y2"",""B"":""x0y3+x1y0+x2y0"",""b"":""X"",""d"":12,""excl_opp_detectors"":""True"",""k"":12,""l"":12,""leak_heralds"":""False"",""leak_repump"":""False"",""leakage"":""False"",""loss"":""False"",""m"":6,""n"":144,""p"":0.001,""prllel_1q"":Infinity,""prllel_2q"":6,""r"":20,""repump_cycles"":3,""seq_meas"":""False"",""seq_ops"":""True"",""swapLRC"":""False""}",
      1152,         0,         0,    4.71,bposd,1d42788997c955656e1579c9a1cc0f31acae501b320f438e36e23d7b8de7dc11,"{""A"":""x3y0+x0y1+x0y2"",""B"":""x0y3+x1y0+x2y0"",""b"":""X"",""d"":12,""excl_opp_detectors"":""True"",""k"":12,""l"":12,""leak_heralds"":""False"",""leak_repump"":""False"",""leakage"":""False"",""loss"":""False"",""m"":6,""n"":144,""p"":0.001,""prllel_1q"":Infinity,""prllel_2q"":6,""r"":20,""repump_cycles"":3,""seq_meas"":""False"",""seq_ops"":""True"",""swapLRC"":""False""}",
      1408,         0,         0,    4.39,bposd,1d42788997c955656e1579c9a1cc0f31acae501b320f438e36e23d7b8de7dc11,"{""A"":""x3y0+x0y1+x0y2"",""B"":""x0y3+x1y0+x2y0"",""b"":""X"",""d"":12,""excl_opp_detectors"":""True"",""k"":12,""l"":12,""leak_heralds"":""False"",""leak_repump"":""False"",""leakage"":""False"",""loss"":""False"",""m"":6,""n"":144,""p"":0.001,""prllel_1q"":Infinity,""prllel_2q"":6,""r"":20,""repump_cycles"":3,""seq_meas"":""False"",""seq_ops"":""True"",""swapLRC"":""False""}",
      1408,         0,         0,    4.38,bposd,1d42788997c955656e1579c9a1cc0f31acae501b320f438e36e23d7b8de7dc11,"{""A"":""x3y0+x0y1+x0y2"",""B"":""x0y3+x1y0+x2y0"",""b"":""X"",""d"":12,""excl_opp_detectors"":""True"",""k"":12,""l"":12,""leak_heralds"":""False"",""leak_repump"":""False"",""leakage"":""False"",""loss"":""False"",""m"":6,""n"":144,""p"":0.001,""prllel_1q"":Infinity,""prllel_2q"":6,""r"":20,""repump_cycles"":3,""seq_meas"":""False"",""seq_ops"":""True"",""swapLRC"":""False""}",
      1280,         0,         0,    4.34,bposd,1d42788997c955656e1579c9a1cc0f31acae501b320f438e36e23d7b8de7dc11,"{""A"":""x3y0+x0y1+x0y2"",""B"":""x0y3+x1y0+x2y0"",""b"":""X"",""d"":12,""excl_opp_detectors"":""True"",""k"":12,""l"":12,""leak_heralds"":""False"",""leak_repump"":""False"",""leakage"":""False"",""loss"":""False"",""m"":6,""n"":144,""p"":0.001,""prllel_1q"":Infinity,""prllel_2q"":6,""r"":20,""repump_cycles"":3,""seq_meas"":""False"",""seq_ops"":""True"",""swapLRC"":""False""}",
      1408,         0,         0,    4.63,bposd,1d42788997c955656e1579c9a1cc0f31acae501b320f438e36e23d7b8de7dc11,"{""A"":""x3y0+x0y1+x0y2"",""B"":""x0y3+x1y0+x2y0"",""b"":""X"",""d"":12,""excl_opp_detectors"":""True"",""k"":12,""l"":12,""leak_heralds"":""False"",""leak_repump"":""False"",""leakage"":""False"",""loss"":""False"",""m"":6,""n"":144,""p"":0.001,""prllel_1q"":Infinity,""prllel_2q"":6,""r"":20,""repump_cycles"":3,""seq_meas"":""False"",""seq_ops"":""True"",""swapLRC"":""False""}",
      1344,         0,         0,    4.60,bposd,1d42788997c955656e1579c9a1cc0f31acae501b320f438e36e23d7b8de7dc11,"{""A"":""x3y0+x0y1+x0y2"",""B"":""x0y3+x1y0+x2y0"",""b"":""X"",""d"":12,""excl_opp_detectors"":""True"",""k"":12,""l"":12,""leak_heralds"":""False"",""leak_repump"":""False"",""leakage"":""False"",""loss"":""False"",""m"":6,""n"":144,""p"":0.001,""prllel_1q"":Infinity,""prllel_2q"":6,""r"":20,""repump_cycles"":3,""seq_meas"":""False"",""seq_ops"":""True"",""swapLRC"":""False""}",
      1408,         0,         0,    4.58,bposd,1d42788997c955656e1579c9a1cc0f31acae501b320f438e36e23d7b8de7dc11,"{""A"":""x3y0+x0y1+x0y2"",""B"":""x0y3+x1y0+x2y0"",""b"":""X"",""d"":12,""excl_opp_detectors"":""True"",""k"":12,""l"":12,""leak_heralds"":""False"",""leak_repump"":""False"",""leakage"":""False"",""loss"":""False"",""m"":6,""n"":144,""p"":0.001,""prllel_1q"":Infinity,""prllel_2q"":6,""r"":20,""repump_cycles"":3,""seq_meas"":""False"",""seq_ops"":""True"",""swapLRC"":""False""}",
      1280,         0,         0,    4.46,bposd,1d42788997c955656e1579c9a1cc0f31acae501b320f438e36e23d7b8de7dc11,"{""A"":""x3y0+x0y1+x0y2"",""B"":""x0y3+x1y0+x2y0"",""b"":""X"",""d"":12,""excl_opp_detectors"":""True"",""k"":12,""l"":12,""leak_heralds"":""False"",""leak_repump"":""False"",""leakage"":""False"",""loss"":""False"",""m"":6,""n"":144,""p"":0.001,""prllel_1q"":Infinity,""prllel_2q"":6,""r"":20,""repump_cycles"":3,""seq_meas"":""False"",""seq_ops"":""True"",""swapLRC"":""False""}",
       960,         0,         0,    3.18,bposd,1d42788997c955656e1579c9a1cc0f31acae501b320f438e36e23d7b8de7dc11,"{""A"":""x3y0+x0y1+x0y2"",""B"":""x0y3+x1y0+x2y0"",""b"":""X"",""d"":12,""excl_opp_detectors"":""True"",""k"":12,""l"":12,""leak_heralds"":""False"",""leak_repump"":""False"",""leakage"":""False"",""loss"":""False"",""m"":6,""n"":144,""p"":0.001,""prllel_1q"":Infinity,""prllel_2q"":6,""r"":20,""repump_cycles"":3,""seq_meas"":""False"",""seq_ops"":""True"",""swapLRC"":""False""}",
      1280,         0,         0,    4.77,bposd,1d42788997c955656e1579c9a1cc0f31acae501b320f438e36e23d7b8de7dc11,"{""A"":""x3y0+x0y1+x0y2"",""B"":""x0y3+x1y0+x2y0"",""b"":""X"",""d"":12,""excl_opp_detectors"":""True"",""k"":12,""l"":12,""leak_heralds"":""False"",""leak_repump"":""False"",""leakage"":""False"",""loss"":""False"",""m"":6,""n"":144,""p"":0.001,""prllel_1q"":Infinity,""prllel_2q"":6,""r"":20,""repump_cycles"":3,""seq_meas"":""False"",""seq_ops"":""True"",""swapLRC"":""False""}",
      1408,         0,         0,    4.50,bposd,1d42788997c955656e1579c9a1cc0f31acae501b320f438e36e23d7b8de7dc11,"{""A"":""x3y0+x0y1+x0y2"",""B"":""x0y3+x1y0+x2y0"",""b"":""X"",""d"":12,""excl_opp_detectors"":""True"",""k"":12,""l"":12,""leak_heralds"":""False"",""leak_repump"":""False"",""leakage"":""False"",""loss"":""False"",""m"":6,""n"":144,""p"":0.001,""prllel_1q"":Infinity,""prllel_2q"":6,""r"":20,""repump_cycles"":3,""seq_meas"":""False"",""seq_ops"":""True"",""swapLRC"":""False""}",
      1024,         0,         0,    3.23,bposd,1d42788997c955656e1579c9a1cc0f31acae501b320f438e36e23d7b8de7dc11,"{""A"":""x3y0+x0y1+x0y2"",""B"":""x0y3+x1y0+x2y0"",""b"":""X"",""d"":12,""excl_opp_detectors"":""True"",""k"":12,""l"":12,""leak_heralds"":""False"",""leak_repump"":""False"",""leakage"":""False"",""loss"":""False"",""m"":6,""n"":144,""p"":0.001,""prllel_1q"":Infinity,""prllel_2q"":6,""r"":20,""repump_cycles"":3,""seq_meas"":""False"",""seq_ops"":""True"",""swapLRC"":""False""}",
      1408,         0,         0,    4.61,bposd,1d42788997c955656e1579c9a1cc0f31acae501b320f438e36e23d7b8de7dc11,"{""A"":""x3y0+x0y1+x0y2"",""B"":""x0y3+x1y0+x2y0"",""b"":""X"",""d"":12,""excl_opp_detectors"":""True"",""k"":12,""l"":12,""leak_heralds"":""False"",""leak_repump"":""False"",""leakage"":""False"",""loss"":""False"",""m"":6,""n"":144,""p"":0.001,""prllel_1q"":Infinity,""prllel_2q"":6,""r"":20,""repump_cycles"":3,""seq_meas"":""False"",""seq_ops"":""True"",""swapLRC"":""False""}",
      1408,         0,         0,    4.56,bposd,1d42788997c955656e1579c9a1cc0f31acae501b320f438e36e23d7b8de7dc11,"{""A"":""x3y0+x0y1+x0y2"",""B"":""x0y3+x1y0+x2y0"",""b"":""X"",""d"":12,""excl_opp_detectors"":""True"",""k"":12,""l"":12,""leak_heralds"":""False"",""leak_repump"":""False"",""leakage"":""False"",""loss"":""False"",""m"":6,""n"":144,""p"":0.001,""prllel_1q"":Infinity,""prllel_2q"":6,""r"":20,""repump_cycles"":3,""seq_meas"":""False"",""seq_ops"":""True"",""swapLRC"":""False""}",
       896,         0,         0,    7.55,bposd,1d42788997c955656e1579c9a1cc0f31acae501b320f438e36e23d7b8de7dc11,"{""A"":""x3y0+x0y1+x0y2"",""B"":""x0y3+x1y0+x2y0"",""b"":""X"",""d"":12,""excl_opp_detectors"":""True"",""k"":12,""l"":12,""leak_heralds"":""False"",""leak_repump"":""False"",""leakage"":""False"",""loss"":""False"",""m"":6,""n"":144,""p"":0.001,""prllel_1q"":Infinity,""prllel_2q"":6,""r"":20,""repump_cycles"":3,""seq_meas"":""False"",""seq_ops"":""True"",""swapLRC"":""False""}",
      1408,         0,         0,    4.28,bposd,1d42788997c955656e1579c9a1cc0f31acae501b320f438e36e23d7b8de7dc11,"{""A"":""x3y0+x0y1+x0y2"",""B"":""x0y3+x1y0+x2y0"",""b"":""X"",""d"":12,""excl_opp_detectors"":""True"",""k"":12,""l"":12,""leak_heralds"":""False"",""leak_repump"":""False"",""leakage"":""False"",""loss"":""False"",""m"":6,""n"":144,""p"":0.001,""prllel_1q"":Infinity,""prllel_2q"":6,""r"":20,""repump_cycles"":3,""seq_meas"":""False"",""seq_ops"":""True"",""swapLRC"":""False""}",
      1280,         0,         0,    4.39,bposd,1d42788997c955656e1579c9a1cc0f31acae501b320f438e36e23d7b8de7dc11,"{""A"":""x3y0+x0y1+x0y2"",""B"":""x0y3+x1y0+x2y0"",""b"":""X"",""d"":12,""excl_opp_detectors"":""True"",""k"":12,""l"":12,""leak_heralds"":""False"",""leak_repump"":""False"",""leakage"":""False"",""loss"":""False"",""m"":6,""n"":144,""p"":0.001,""prllel_1q"":Infinity,""prllel_2q"":6,""r"":20,""repump_cycles"":3,""seq_meas"":""False"",""seq_ops"":""True"",""swapLRC"":""False""}",
      1024,         0,         0,    3.48,bposd,1d42788997c955656e1579c9a1cc0f31acae501b320f438e36e23d7b8de7dc11,"{""A"":""x3y0+x0y1+x0y2"",""B"":""x0y3+x1y0+x2y0"",""b"":""X"",""d"":12,""excl_opp_detectors"":""True"",""k"":12,""l"":12,""leak_heralds"":""False"",""leak_repump"":""False"",""leakage"":""False"",""loss"":""False"",""m"":6,""n"":144,""p"":0.001,""prllel_1q"":Infinity,""prllel_2q"":6,""r"":20,""repump_cycles"":3,""seq_meas"":""False"",""seq_ops"":""True"",""swapLRC"":""False""}",
      1280,         0,         0,    4.32,bposd,1d42788997c955656e1579c9a1cc0f31acae501b320f438e36e23d7b8de7dc11,"{""A"":""x3y0+x0y1+x0y2"",""B"":""x0y3+x1y0+x2y0"",""b"":""X"",""d"":12,""excl_opp_detectors"":""True"",""k"":12,""l"":12,""leak_heralds"":""False"",""leak_repump"":""False"",""leakage"":""False"",""loss"":""False"",""m"":6,""n"":144,""p"":0.001,""prllel_1q"":Infinity,""prllel_2q"":6,""r"":20,""repump_cycles"":3,""seq_meas"":""False"",""seq_ops"":""True"",""swapLRC"":""False""}",
      1152,         0,         0,    4.51,bposd,1d42788997c955656e1579c9a1cc0f31acae501b320f438e36e23d7b8de7dc11,"{""A"":""x3y0+x0y1+x0y2"",""B"":""x0y3+x1y0+x2y0"",""b"":""X"",""d"":12,""excl_opp_detectors"":""True"",""k"":12,""l"":12,""leak_heralds"":""False"",""leak_repump"":""False"",""leakage"":""False"",""loss"":""False"",""m"":6,""n"":144,""p"":0.001,""prllel_1q"":Infinity,""prllel_2q"":6,""r"":20,""repump_cycles"":3,""seq_meas"":""False"",""seq_ops"":""True"",""swapLRC"":""False""}",
      1152,         0,         0,    4.54,bposd,1d42788997c955656e1579c9a1cc0f31acae501b320f438e36e23d7b8de7dc11,"{""A"":""x3y0+x0y1+x0y2"",""B"":""x0y3+x1y0+x2y0"",""b"":""X"",""d"":12,""excl_opp_detectors"":""True"",""k"":12,""l"":12,""leak_heralds"":""False"",""leak_repump"":""False"",""leakage"":""False"",""loss"":""False"",""m"":6,""n"":144,""p"":0.001,""prllel_1q"":Infinity,""prllel_2q"":6,""r"":20,""repump_cycles"":3,""seq_meas"":""False"",""seq_ops"":""True"",""swapLRC"":""False""}",
       768,         0,         0,    2.52,bposd,1d42788997c955656e1579c9a1cc0f31acae501b320f438e36e23d7b8de7dc11,"{""A"":""x3y0+x0y1+x0y2"",""B"":""x0y3+x1y0+x2y0"",""b"":""X"",""d"":12,""excl_opp_detectors"":""True"",""k"":12,""l"":12,""leak_heralds"":""False"",""leak_repump"":""False"",""leakage"":""False"",""loss"":""False"",""m"":6,""n"":144,""p"":0.001,""prllel_1q"":Infinity,""prllel_2q"":6,""r"":20,""repump_cycles"":3,""seq_meas"":""False"",""seq_ops"":""True"",""swapLRC"":""False""}",
      1280,         0,         0,    4.44,bposd,1d42788997c955656e1579c9a1cc0f31acae501b320f438e36e23d7b8de7dc11,"{""A"":""x3y0+x0y1+x0y2"",""B"":""x0y3+x1y0+x2y0"",""b"":""X"",""d"":12,""excl_opp_detectors"":""True"",""k"":12,""l"":12,""leak_heralds"":""False"",""leak_repump"":""False"",""leakage"":""False"",""loss"":""False"",""m"":6,""n"":144,""p"":0.001,""prllel_1q"":Infinity,""prllel_2q"":6,""r"":20,""repump_cycles"":3,""seq_meas"":""False"",""seq_ops"":""True"",""swapLRC"":""False""}",
       192,         0,         0,    5.10,bposd,1d42788997c955656e1579c9a1cc0f31acae501b320f438e36e23d7b8de7dc11,"{""A"":""x3y0+x0y1+x0y2"",""B"":""x0y3+x1y0+x2y0"",""b"":""X"",""d"":12,""excl_opp_detectors"":""True"",""k"":12,""l"":12,""leak_heralds"":""False"",""leak_repump"":""False"",""leakage"":""False"",""loss"":""False"",""m"":6,""n"":144,""p"":0.001,""prllel_1q"":Infinity,""prllel_2q"":6,""r"":20,""repump_cycles"":3,""seq_meas"":""False"",""seq_ops"":""True"",""swapLRC"":""False""}",
      1408,         0,         0,    4.57,bposd,1d42788997c955656e1579c9a1cc0f31acae501b320f438e36e23d7b8de7dc11,"{""A"":""x3y0+x0y1+x0y2"",""B"":""x0y3+x1y0+x2y0"",""b"":""X"",""d"":12,""excl_opp_detectors"":""True"",""k"":12,""l"":12,""leak_heralds"":""False"",""leak_repump"":""False"",""leakage"":""False"",""loss"":""False"",""m"":6,""n"":144,""p"":0.001,""prllel_1q"":Infinity,""prllel_2q"":6,""r"":20,""repump_cycles"":3,""seq_meas"":""False"",""seq_ops"":""True"",""swapLRC"":""False""}",
      1152,         0,         0,    4.86,bposd,1d42788997c955656e1579c9a1cc0f31acae501b320f438e36e23d7b8de7dc11,"{""A"":""x3y0+x0y1+x0y2"",""B"":""x0y3+x1y0+x2y0"",""b"":""X"",""d"":12,""excl_opp_detectors"":""True"",""k"":12,""l"":12,""leak_heralds"":""False"",""leak_repump"":""False"",""leakage"":""False"",""loss"":""False"",""m"":6,""n"":144,""p"":0.001,""prllel_1q"":Infinity,""prllel_2q"":6,""r"":20,""repump_cycles"":3,""seq_meas"":""False"",""seq_ops"":""True"",""swapLRC"":""False""}",
      1408,         0,         0,    4.70,bposd,1d42788997c955656e1579c9a1cc0f31acae501b320f438e36e23d7b8de7dc11,"{""A"":""x3y0+x0y1+x0y2"",""B"":""x0y3+x1y0+x2y0"",""b"":""X"",""d"":12,""excl_opp_detectors"":""True"",""k"":12,""l"":12,""leak_heralds"":""False"",""leak_repump"":""False"",""leakage"":""False"",""loss"":""False"",""m"":6,""n"":144,""p"":0.001,""prllel_1q"":Infinity,""prllel_2q"":6,""r"":20,""repump_cycles"":3,""seq_meas"":""False"",""seq_ops"":""True"",""swapLRC"":""False""}",
       768,         0,         0,    7.01,bposd,1d42788997c955656e1579c9a1cc0f31acae501b320f438e36e23d7b8de7dc11,"{""A"":""x3y0+x0y1+x0y2"",""B"":""x0y3+x1y0+x2y0"",""b"":""X"",""d"":12,""excl_opp_detectors"":""True"",""k"":12,""l"":12,""leak_heralds"":""False"",""leak_repump"":""False"",""leakage"":""False"",""loss"":""False"",""m"":6,""n"":144,""p"":0.001,""prllel_1q"":Infinity,""prllel_2q"":6,""r"":20,""repump_cycles"":3,""seq_meas"":""False"",""seq_ops"":""True"",""swapLRC"":""False""}",
       704,         0,         0,    2.40,bposd,1d42788997c955656e1579c9a1cc0f31acae501b320f438e36e23d7b8de7dc11,"{""A"":""x3y0+x0y1+x0y2"",""B"":""x0y3+x1y0+x2y0"",""b"":""X"",""d"":12,""excl_opp_detectors"":""True"",""k"":12,""l"":12,""leak_heralds"":""False"",""leak_repump"":""False"",""leakage"":""False"",""loss"":""False"",""m"":6,""n"":144,""p"":0.001,""prllel_1q"":Infinity,""prllel_2q"":6,""r"":20,""repump_cycles"":3,""seq_meas"":""False"",""seq_ops"":""True"",""swapLRC"":""False""}",
       576,         0,         0,    6.18,bposd,1d42788997c955656e1579c9a1cc0f31acae501b320f438e36e23d7b8de7dc11,"{""A"":""x3y0+x0y1+x0y2"",""B"":""x0y3+x1y0+x2y0"",""b"":""X"",""d"":12,""excl_opp_detectors"":""True"",""k"":12,""l"":12,""leak_heralds"":""False"",""leak_repump"":""False"",""leakage"":""False"",""loss"":""False"",""m"":6,""n"":144,""p"":0.001,""prllel_1q"":Infinity,""prllel_2q"":6,""r"":20,""repump_cycles"":3,""seq_meas"":""False"",""seq_ops"":""True"",""swapLRC"":""False""}",
      1216,         0,         0,    4.38,bposd,1d42788997c955656e1579c9a1cc0f31acae501b320f438e36e23d7b8de7dc11,"{""A"":""x3y0+x0y1+x0y2"",""B"":""x0y3+x1y0+x2y0"",""b"":""X"",""d"":12,""excl_opp_detectors"":""True"",""k"":12,""l"":12,""leak_heralds"":""False"",""leak_repump"":""False"",""leakage"":""False"",""loss"":""False"",""m"":6,""n"":144,""p"":0.001,""prllel_1q"":Infinity,""prllel_2q"":6,""r"":20,""repump_cycles"":3,""seq_meas"":""False"",""seq_ops"":""True"",""swapLRC"":""False""}",
       384,         0,         0,    5.77,bposd,1d42788997c955656e1579c9a1cc0f31acae501b320f438e36e23d7b8de7dc11,"{""A"":""x3y0+x0y1+x0y2"",""B"":""x0y3+x1y0+x2y0"",""b"":""X"",""d"":12,""excl_opp_detectors"":""True"",""k"":12,""l"":12,""leak_heralds"":""False"",""leak_repump"":""False"",""leakage"":""False"",""loss"":""False"",""m"":6,""n"":144,""p"":0.001,""prllel_1q"":Infinity,""prllel_2q"":6,""r"":20,""repump_cycles"":3,""seq_meas"":""False"",""seq_ops"":""True"",""swapLRC"":""False""}",
       128,         0,         0,    4.74,bposd,1d42788997c955656e1579c9a1cc0f31acae501b320f438e36e23d7b8de7dc11,"{""A"":""x3y0+x0y1+x0y2"",""B"":""x0y3+x1y0+x2y0"",""b"":""X"",""d"":12,""excl_opp_detectors"":""True"",""k"":12,""l"":12,""leak_heralds"":""False"",""leak_repump"":""False"",""leakage"":""False"",""loss"":""False"",""m"":6,""n"":144,""p"":0.001,""prllel_1q"":Infinity,""prllel_2q"":6,""r"":20,""repump_cycles"":3,""seq_meas"":""False"",""seq_ops"":""True"",""swapLRC"":""False""}",
       640,         0,         0,    6.48,bposd,1d42788997c955656e1579c9a1cc0f31acae501b320f438e36e23d7b8de7dc11,"{""A"":""x3y0+x0y1+x0y2"",""B"":""x0y3+x1y0+x2y0"",""b"":""X"",""d"":12,""excl_opp_detectors"":""True"",""k"":12,""l"":12,""leak_heralds"":""False"",""leak_repump"":""False"",""leakage"":""False"",""loss"":""False"",""m"":6,""n"":144,""p"":0.001,""prllel_1q"":Infinity,""prllel_2q"":6,""r"":20,""repump_cycles"":3,""seq_meas"":""False"",""seq_ops"":""True"",""swapLRC"":""False""}",
      1280,         0,         0,    4.28,bposd,1d42788997c955656e1579c9a1cc0f31acae501b320f438e36e23d7b8de7dc11,"{""A"":""x3y0+x0y1+x0y2"",""B"":""x0y3+x1y0+x2y0"",""b"":""X"",""d"":12,""excl_opp_detectors"":""True"",""k"":12,""l"":12,""leak_heralds"":""False"",""leak_repump"":""False"",""leakage"":""False"",""loss"":""False"",""m"":6,""n"":144,""p"":0.001,""prllel_1q"":Infinity,""prllel_2q"":6,""r"":20,""repump_cycles"":3,""seq_meas"":""False"",""seq_ops"":""True"",""swapLRC"":""False""}",
      1280,         0,         0,    4.37,bposd,1d42788997c955656e1579c9a1cc0f31acae501b320f438e36e23d7b8de7dc11,"{""A"":""x3y0+x0y1+x0y2"",""B"":""x0y3+x1y0+x2y0"",""b"":""X"",""d"":12,""excl_opp_detectors"":""True"",""k"":12,""l"":12,""leak_heralds"":""False"",""leak_repump"":""False"",""leakage"":""False"",""loss"":""False"",""m"":6,""n"":144,""p"":0.001,""prllel_1q"":Infinity,""prllel_2q"":6,""r"":20,""repump_cycles"":3,""seq_meas"":""False"",""seq_ops"":""True"",""swapLRC"":""False""}",
      1344,         0,         0,    4.29,bposd,1d42788997c955656e1579c9a1cc0f31acae501b320f438e36e23d7b8de7dc11,"{""A"":""x3y0+x0y1+x0y2"",""B"":""x0y3+x1y0+x2y0"",""b"":""X"",""d"":12,""excl_opp_detectors"":""True"",""k"":12,""l"":12,""leak_heralds"":""False"",""leak_repump"":""False"",""leakage"":""False"",""loss"":""False"",""m"":6,""n"":144,""p"":0.001,""prllel_1q"":Infinity,""prllel_2q"":6,""r"":20,""repump_cycles"":3,""seq_meas"":""False"",""seq_ops"":""True"",""swapLRC"":""False""}",
      1280,         0,         0,    4.39,bposd,1d42788997c955656e1579c9a1cc0f31acae501b320f438e36e23d7b8de7dc11,"{""A"":""x3y0+x0y1+x0y2"",""B"":""x0y3+x1y0+x2y0"",""b"":""X"",""d"":12,""excl_opp_detectors"":""True"",""k"":12,""l"":12,""leak_heralds"":""False"",""leak_repump"":""False"",""leakage"":""False"",""loss"":""False"",""m"":6,""n"":144,""p"":0.001,""prllel_1q"":Infinity,""prllel_2q"":6,""r"":20,""repump_cycles"":3,""seq_meas"":""False"",""seq_ops"":""True"",""swapLRC"":""False""}",
       256,         0,         0,    5.45,bposd,1d42788997c955656e1579c9a1cc0f31acae501b320f438e36e23d7b8de7dc11,"{""A"":""x3y0+x0y1+x0y2"",""B"":""x0y3+x1y0+x2y0"",""b"":""X"",""d"":12,""excl_opp_detectors"":""True"",""k"":12,""l"":12,""leak_heralds"":""False"",""leak_repump"":""False"",""leakage"":""False"",""loss"":""False"",""m"":6,""n"":144,""p"":0.001,""prllel_1q"":Infinity,""prllel_2q"":6,""r"":20,""repump_cycles"":3,""seq_meas"":""False"",""seq_ops"":""True"",""swapLRC"":""False""}",
       768,         0,         0,    6.87,bposd,1d42788997c955656e1579c9a1cc0f31acae501b320f438e36e23d7b8de7dc11,"{""A"":""x3y0+x0y1+x0y2"",""B"":""x0y3+x1y0+x2y0"",""b"":""X"",""d"":12,""excl_opp_detectors"":""True"",""k"":12,""l"":12,""leak_heralds"":""False"",""leak_repump"":""False"",""leakage"":""False"",""loss"":""False"",""m"":6,""n"":144,""p"":0.001,""prllel_1q"":Infinity,""prllel_2q"":6,""r"":20,""repump_cycles"":3,""seq_meas"":""False"",""seq_ops"":""True"",""swapLRC"":""False""}",
      1408,         0,         0,    4.41,bposd,1d42788997c955656e1579c9a1cc0f31acae501b320f438e36e23d7b8de7dc11,"{""A"":""x3y0+x0y1+x0y2"",""B"":""x0y3+x1y0+x2y0"",""b"":""X"",""d"":12,""excl_opp_detectors"":""True"",""k"":12,""l"":12,""leak_heralds"":""False"",""leak_repump"":""False"",""leakage"":""False"",""loss"":""False"",""m"":6,""n"":144,""p"":0.001,""prllel_1q"":Infinity,""prllel_2q"":6,""r"":20,""repump_cycles"":3,""seq_meas"":""False"",""seq_ops"":""True"",""swapLRC"":""False""}",
      1344,         0,         0,    4.30,bposd,1d42788997c955656e1579c9a1cc0f31acae501b320f438e36e23d7b8de7dc11,"{""A"":""x3y0+x0y1+x0y2"",""B"":""x0y3+x1y0+x2y0"",""b"":""X"",""d"":12,""excl_opp_detectors"":""True"",""k"":12,""l"":12,""leak_heralds"":""False"",""leak_repump"":""False"",""leakage"":""False"",""loss"":""False"",""m"":6,""n"":144,""p"":0.001,""prllel_1q"":Infinity,""prllel_2q"":6,""r"":20,""repump_cycles"":3,""seq_meas"":""False"",""seq_ops"":""True"",""swapLRC"":""False""}",
      1152,         0,         0,    4.39,bposd,1d42788997c955656e1579c9a1cc0f31acae501b320f438e36e23d7b8de7dc11,"{""A"":""x3y0+x0y1+x0y2"",""B"":""x0y3+x1y0+x2y0"",""b"":""X"",""d"":12,""excl_opp_detectors"":""True"",""k"":12,""l"":12,""leak_heralds"":""False"",""leak_repump"":""False"",""leakage"":""False"",""loss"":""False"",""m"":6,""n"":144,""p"":0.001,""prllel_1q"":Infinity,""prllel_2q"":6,""r"":20,""repump_cycles"":3,""seq_meas"":""False"",""seq_ops"":""True"",""swapLRC"":""False""}",
      1408,         0,         0,    4.67,bposd,1d42788997c955656e1579c9a1cc0f31acae501b320f438e36e23d7b8de7dc11,"{""A"":""x3y0+x0y1+x0y2"",""B"":""x0y3+x1y0+x2y0"",""b"":""X"",""d"":12,""excl_opp_detectors"":""True"",""k"":12,""l"":12,""leak_heralds"":""False"",""leak_repump"":""False"",""leakage"":""False"",""loss"":""False"",""m"":6,""n"":144,""p"":0.001,""prllel_1q"":Infinity,""prllel_2q"":6,""r"":20,""repump_cycles"":3,""seq_meas"":""False"",""seq_ops"":""True"",""swapLRC"":""False""}",
       640,         0,         0,    6.82,bposd,1d42788997c955656e1579c9a1cc0f31acae501b320f438e36e23d7b8de7dc11,"{""A"":""x3y0+x0y1+x0y2"",""B"":""x0y3+x1y0+x2y0"",""b"":""X"",""d"":12,""excl_opp_detectors"":""True"",""k"":12,""l"":12,""leak_heralds"":""False"",""leak_repump"":""False"",""leakage"":""False"",""loss"":""False"",""m"":6,""n"":144,""p"":0.001,""prllel_1q"":Infinity,""prllel_2q"":6,""r"":20,""repump_cycles"":3,""seq_meas"":""False"",""seq_ops"":""True"",""swapLRC"":""False""}",
      1024,         0,         0,    4.31,bposd,1d42788997c955656e1579c9a1cc0f31acae501b320f438e36e23d7b8de7dc11,"{""A"":""x3y0+x0y1+x0y2"",""B"":""x0y3+x1y0+x2y0"",""b"":""X"",""d"":12,""excl_opp_detectors"":""True"",""k"":12,""l"":12,""leak_heralds"":""False"",""leak_repump"":""False"",""leakage"":""False"",""loss"":""False"",""m"":6,""n"":144,""p"":0.001,""prllel_1q"":Infinity,""prllel_2q"":6,""r"":20,""repump_cycles"":3,""seq_meas"":""False"",""seq_ops"":""True"",""swapLRC"":""False""}",
      1280,         0,         0,    4.34,bposd,1d42788997c955656e1579c9a1cc0f31acae501b320f438e36e23d7b8de7dc11,"{""A"":""x3y0+x0y1+x0y2"",""B"":""x0y3+x1y0+x2y0"",""b"":""X"",""d"":12,""excl_opp_detectors"":""True"",""k"":12,""l"":12,""leak_heralds"":""False"",""leak_repump"":""False"",""leakage"":""False"",""loss"":""False"",""m"":6,""n"":144,""p"":0.001,""prllel_1q"":Infinity,""prllel_2q"":6,""r"":20,""repump_cycles"":3,""seq_meas"":""False"",""seq_ops"":""True"",""swapLRC"":""False""}",
      1024,         0,         0,    4.39,bposd,1d42788997c955656e1579c9a1cc0f31acae501b320f438e36e23d7b8de7dc11,"{""A"":""x3y0+x0y1+x0y2"",""B"":""x0y3+x1y0+x2y0"",""b"":""X"",""d"":12,""excl_opp_detectors"":""True"",""k"":12,""l"":12,""leak_heralds"":""False"",""leak_repump"":""False"",""leakage"":""False"",""loss"":""False"",""m"":6,""n"":144,""p"":0.001,""prllel_1q"":Infinity,""prllel_2q"":6,""r"":20,""repump_cycles"":3,""seq_meas"":""False"",""seq_ops"":""True"",""swapLRC"":""False""}",
       896,         0,         0,    7.34,bposd,1d42788997c955656e1579c9a1cc0f31acae501b320f438e36e23d7b8de7dc11,"{""A"":""x3y0+x0y1+x0y2"",""B"":""x0y3+x1y0+x2y0"",""b"":""X"",""d"":12,""excl_opp_detectors"":""True"",""k"":12,""l"":12,""leak_heralds"":""False"",""leak_repump"":""False"",""leakage"":""False"",""loss"":""False"",""m"":6,""n"":144,""p"":0.001,""prllel_1q"":Infinity,""prllel_2q"":6,""r"":20,""repump_cycles"":3,""seq_meas"":""False"",""seq_ops"":""True"",""swapLRC"":""False""}",
      1024,         0,         0,    4.60,bposd,1d42788997c955656e1579c9a1cc0f31acae501b320f438e36e23d7b8de7dc11,"{""A"":""x3y0+x0y1+x0y2"",""B"":""x0y3+x1y0+x2y0"",""b"":""X"",""d"":12,""excl_opp_detectors"":""True"",""k"":12,""l"":12,""leak_heralds"":""False"",""leak_repump"":""False"",""leakage"":""False"",""loss"":""False"",""m"":6,""n"":144,""p"":0.001,""prllel_1q"":Infinity,""prllel_2q"":6,""r"":20,""repump_cycles"":3,""seq_meas"":""False"",""seq_ops"":""True"",""swapLRC"":""False""}",
      1152,         0,         0,    4.46,bposd,1d42788997c955656e1579c9a1cc0f31acae501b320f438e36e23d7b8de7dc11,"{""A"":""x3y0+x0y1+x0y2"",""B"":""x0y3+x1y0+x2y0"",""b"":""X"",""d"":12,""excl_opp_detectors"":""True"",""k"":12,""l"":12,""leak_heralds"":""False"",""leak_repump"":""False"",""leakage"":""False"",""loss"":""False"",""m"":6,""n"":144,""p"":0.001,""prllel_1q"":Infinity,""prllel_2q"":6,""r"":20,""repump_cycles"":3,""seq_meas"":""False"",""seq_ops"":""True"",""swapLRC"":""False""}",
      1152,         0,         0,    4.64,bposd,1d42788997c955656e1579c9a1cc0f31acae501b320f438e36e23d7b8de7dc11,"{""A"":""x3y0+x0y1+x0y2"",""B"":""x0y3+x1y0+x2y0"",""b"":""X"",""d"":12,""excl_opp_detectors"":""True"",""k"":12,""l"":12,""leak_heralds"":""False"",""leak_repump"":""False"",""leakage"":""False"",""loss"":""False"",""m"":6,""n"":144,""p"":0.001,""prllel_1q"":Infinity,""prllel_2q"":6,""r"":20,""repump_cycles"":3,""seq_meas"":""False"",""seq_ops"":""True"",""swapLRC"":""False""}",
       704,         0,         0,    2.29,bposd,1d42788997c955656e1579c9a1cc0f31acae501b320f438e36e23d7b8de7dc11,"{""A"":""x3y0+x0y1+x0y2"",""B"":""x0y3+x1y0+x2y0"",""b"":""X"",""d"":12,""excl_opp_detectors"":""True"",""k"":12,""l"":12,""leak_heralds"":""False"",""leak_repump"":""False"",""leakage"":""False"",""loss"":""False"",""m"":6,""n"":144,""p"":0.001,""prllel_1q"":Infinity,""prllel_2q"":6,""r"":20,""repump_cycles"":3,""seq_meas"":""False"",""seq_ops"":""True"",""swapLRC"":""False""}",
       768,         0,         0,    3.14,bposd,1d42788997c955656e1579c9a1cc0f31acae501b320f438e36e23d7b8de7dc11,"{""A"":""x3y0+x0y1+x0y2"",""B"":""x0y3+x1y0+x2y0"",""b"":""X"",""d"":12,""excl_opp_detectors"":""True"",""k"":12,""l"":12,""leak_heralds"":""False"",""leak_repump"":""False"",""leakage"":""False"",""loss"":""False"",""m"":6,""n"":144,""p"":0.001,""prllel_1q"":Infinity,""prllel_2q"":6,""r"":20,""repump_cycles"":3,""seq_meas"":""False"",""seq_ops"":""True"",""swapLRC"":""False""}",
       896,         0,         0,    5.77,bposd,1d42788997c955656e1579c9a1cc0f31acae501b320f438e36e23d7b8de7dc11,"{""A"":""x3y0+x0y1+x0y2"",""B"":""x0y3+x1y0+x2y0"",""b"":""X"",""d"":12,""excl_opp_detectors"":""True"",""k"":12,""l"":12,""leak_heralds"":""False"",""leak_repump"":""False"",""leakage"":""False"",""loss"":""False"",""m"":6,""n"":144,""p"":0.001,""prllel_1q"":Infinity,""prllel_2q"":6,""r"":20,""repump_cycles"":3,""seq_meas"":""False"",""seq_ops"":""True"",""swapLRC"":""False""}",
       640,         0,         0,    5.07,bposd,1d42788997c955656e1579c9a1cc0f31acae501b320f438e36e23d7b8de7dc11,"{""A"":""x3y0+x0y1+x0y2"",""B"":""x0y3+x1y0+x2y0"",""b"":""X"",""d"":12,""excl_opp_detectors"":""True"",""k"":12,""l"":12,""leak_heralds"":""False"",""leak_repump"":""False"",""leakage"":""False"",""loss"":""False"",""m"":6,""n"":144,""p"":0.001,""prllel_1q"":Infinity,""prllel_2q"":6,""r"":20,""repump_cycles"":3,""seq_meas"":""False"",""seq_ops"":""True"",""swapLRC"":""False""}",
       384,         0,         0,    5.49,bposd,1d42788997c955656e1579c9a1cc0f31acae501b320f438e36e23d7b8de7dc11,"{""A"":""x3y0+x0y1+x0y2"",""B"":""x0y3+x1y0+x2y0"",""b"":""X"",""d"":12,""excl_opp_detectors"":""True"",""k"":12,""l"":12,""leak_heralds"":""False"",""leak_repump"":""False"",""leakage"":""False"",""loss"":""False"",""m"":6,""n"":144,""p"":0.001,""prllel_1q"":Infinity,""prllel_2q"":6,""r"":20,""repump_cycles"":3,""seq_meas"":""False"",""seq_ops"":""True"",""swapLRC"":""False""}",
      1152,         0,         0,    8.95,bposd,1d42788997c955656e1579c9a1cc0f31acae501b320f438e36e23d7b8de7dc11,"{""A"":""x3y0+x0y1+x0y2"",""B"":""x0y3+x1y0+x2y0"",""b"":""X"",""d"":12,""excl_opp_detectors"":""True"",""k"":12,""l"":12,""leak_heralds"":""False"",""leak_repump"":""False"",""leakage"":""False"",""loss"":""False"",""m"":6,""n"":144,""p"":0.001,""prllel_1q"":Infinity,""prllel_2q"":6,""r"":20,""repump_cycles"":3,""seq_meas"":""False"",""seq_ops"":""True"",""swapLRC"":""False""}",
      1344,         0,         0,    4.28,bposd,1d42788997c955656e1579c9a1cc0f31acae501b320f438e36e23d7b8de7dc11,"{""A"":""x3y0+x0y1+x0y2"",""B"":""x0y3+x1y0+x2y0"",""b"":""X"",""d"":12,""excl_opp_detectors"":""True"",""k"":12,""l"":12,""leak_heralds"":""False"",""leak_repump"":""False"",""leakage"":""False"",""loss"":""False"",""m"":6,""n"":144,""p"":0.001,""prllel_1q"":Infinity,""prllel_2q"":6,""r"":20,""repump_cycles"":3,""seq_meas"":""False"",""seq_ops"":""True"",""swapLRC"":""False""}",
      1024,         0,         0,    3.36,bposd,1d42788997c955656e1579c9a1cc0f31acae501b320f438e36e23d7b8de7dc11,"{""A"":""x3y0+x0y1+x0y2"",""B"":""x0y3+x1y0+x2y0"",""b"":""X"",""d"":12,""excl_opp_detectors"":""True"",""k"":12,""l"":12,""leak_heralds"":""False"",""leak_repump"":""False"",""leakage"":""False"",""loss"":""False"",""m"":6,""n"":144,""p"":0.001,""prllel_1q"":Infinity,""prllel_2q"":6,""r"":20,""repump_cycles"":3,""seq_meas"":""False"",""seq_ops"":""True"",""swapLRC"":""False""}",
       960,         0,         0,    3.46,bposd,1d42788997c955656e1579c9a1cc0f31acae501b320f438e36e23d7b8de7dc11,"{""A"":""x3y0+x0y1+x0y2"",""B"":""x0y3+x1y0+x2y0"",""b"":""X"",""d"":12,""excl_opp_detectors"":""True"",""k"":12,""l"":12,""leak_heralds"":""False"",""leak_repump"":""False"",""leakage"":""False"",""loss"":""False"",""m"":6,""n"":144,""p"":0.001,""prllel_1q"":Infinity,""prllel_2q"":6,""r"":20,""repump_cycles"":3,""seq_meas"":""False"",""seq_ops"":""True"",""swapLRC"":""False""}",
      1408,         0,         0,    4.70,bposd,1d42788997c955656e1579c9a1cc0f31acae501b320f438e36e23d7b8de7dc11,"{""A"":""x3y0+x0y1+x0y2"",""B"":""x0y3+x1y0+x2y0"",""b"":""X"",""d"":12,""excl_opp_detectors"":""True"",""k"":12,""l"":12,""leak_heralds"":""False"",""leak_repump"":""False"",""leakage"":""False"",""loss"":""False"",""m"":6,""n"":144,""p"":0.001,""prllel_1q"":Infinity,""prllel_2q"":6,""r"":20,""repump_cycles"":3,""seq_meas"":""False"",""seq_ops"":""True"",""swapLRC"":""False""}",
      1664,         0,         0,    6.01,bposd,1d42788997c955656e1579c9a1cc0f31acae501b320f438e36e23d7b8de7dc11,"{""A"":""x3y0+x0y1+x0y2"",""B"":""x0y3+x1y0+x2y0"",""b"":""X"",""d"":12,""excl_opp_detectors"":""True"",""k"":12,""l"":12,""leak_heralds"":""False"",""leak_repump"":""False"",""leakage"":""False"",""loss"":""False"",""m"":6,""n"":144,""p"":0.001,""prllel_1q"":Infinity,""prllel_2q"":6,""r"":20,""repump_cycles"":3,""seq_meas"":""False"",""seq_ops"":""True"",""swapLRC"":""False""}",
      1408,         0,         0,    4.62,bposd,1d42788997c955656e1579c9a1cc0f31acae501b320f438e36e23d7b8de7dc11,"{""A"":""x3y0+x0y1+x0y2"",""B"":""x0y3+x1y0+x2y0"",""b"":""X"",""d"":12,""excl_opp_detectors"":""True"",""k"":12,""l"":12,""leak_heralds"":""False"",""leak_repump"":""False"",""leakage"":""False"",""loss"":""False"",""m"":6,""n"":144,""p"":0.001,""prllel_1q"":Infinity,""prllel_2q"":6,""r"":20,""repump_cycles"":3,""seq_meas"":""False"",""seq_ops"":""True"",""swapLRC"":""False""}",
       896,         0,         0,    7.54,bposd,1d42788997c955656e1579c9a1cc0f31acae501b320f438e36e23d7b8de7dc11,"{""A"":""x3y0+x0y1+x0y2"",""B"":""x0y3+x1y0+x2y0"",""b"":""X"",""d"":12,""excl_opp_detectors"":""True"",""k"":12,""l"":12,""leak_heralds"":""False"",""leak_repump"":""False"",""leakage"":""False"",""loss"":""False"",""m"":6,""n"":144,""p"":0.001,""prllel_1q"":Infinity,""prllel_2q"":6,""r"":20,""repump_cycles"":3,""seq_meas"":""False"",""seq_ops"":""True"",""swapLRC"":""False""}",
      1152,         0,         0,    8.50,bposd,1d42788997c955656e1579c9a1cc0f31acae501b320f438e36e23d7b8de7dc11,"{""A"":""x3y0+x0y1+x0y2"",""B"":""x0y3+x1y0+x2y0"",""b"":""X"",""d"":12,""excl_opp_detectors"":""True"",""k"":12,""l"":12,""leak_heralds"":""False"",""leak_repump"":""False"",""leakage"":""False"",""loss"":""False"",""m"":6,""n"":144,""p"":0.001,""prllel_1q"":Infinity,""prllel_2q"":6,""r"":20,""repump_cycles"":3,""seq_meas"":""False"",""seq_ops"":""True"",""swapLRC"":""False""}",
       768,         0,         0,    7.13,bposd,1d42788997c955656e1579c9a1cc0f31acae501b320f438e36e23d7b8de7dc11,"{""A"":""x3y0+x0y1+x0y2"",""B"":""x0y3+x1y0+x2y0"",""b"":""X"",""d"":12,""excl_opp_detectors"":""True"",""k"":12,""l"":12,""leak_heralds"":""False"",""leak_repump"":""False"",""leakage"":""False"",""loss"":""False"",""m"":6,""n"":144,""p"":0.001,""prllel_1q"":Infinity,""prllel_2q"":6,""r"":20,""repump_cycles"":3,""seq_meas"":""False"",""seq_ops"":""True"",""swapLRC"":""False""}",
      1792,         0,         0,    5.98,bposd,1d42788997c955656e1579c9a1cc0f31acae501b320f438e36e23d7b8de7dc11,"{""A"":""x3y0+x0y1+x0y2"",""B"":""x0y3+x1y0+x2y0"",""b"":""X"",""d"":12,""excl_opp_detectors"":""True"",""k"":12,""l"":12,""leak_heralds"":""False"",""leak_repump"":""False"",""leakage"":""False"",""loss"":""False"",""m"":6,""n"":144,""p"":0.001,""prllel_1q"":Infinity,""prllel_2q"":6,""r"":20,""repump_cycles"":3,""seq_meas"":""False"",""seq_ops"":""True"",""swapLRC"":""False""}",
      1344,         0,         0,    6.10,bposd,1d42788997c955656e1579c9a1cc0f31acae501b320f438e36e23d7b8de7dc11,"{""A"":""x3y0+x0y1+x0y2"",""B"":""x0y3+x1y0+x2y0"",""b"":""X"",""d"":12,""excl_opp_detectors"":""True"",""k"":12,""l"":12,""leak_heralds"":""False"",""leak_repump"":""False"",""leakage"":""False"",""loss"":""False"",""m"":6,""n"":144,""p"":0.001,""prllel_1q"":Infinity,""prllel_2q"":6,""r"":20,""repump_cycles"":3,""seq_meas"":""False"",""seq_ops"":""True"",""swapLRC"":""False""}",
      1792,         0,         0,    6.20,bposd,1d42788997c955656e1579c9a1cc0f31acae501b320f438e36e23d7b8de7dc11,"{""A"":""x3y0+x0y1+x0y2"",""B"":""x0y3+x1y0+x2y0"",""b"":""X"",""d"":12,""excl_opp_detectors"":""True"",""k"":12,""l"":12,""leak_heralds"":""False"",""leak_repump"":""False"",""leakage"":""False"",""loss"":""False"",""m"":6,""n"":144,""p"":0.001,""prllel_1q"":Infinity,""prllel_2q"":6,""r"":20,""repump_cycles"":3,""seq_meas"":""False"",""seq_ops"":""True"",""swapLRC"":""False""}",
      1792,         0,         0,    6.03,bposd,1d42788997c955656e1579c9a1cc0f31acae501b320f438e36e23d7b8de7dc11,"{""A"":""x3y0+x0y1+x0y2"",""B"":""x0y3+x1y0+x2y0"",""b"":""X"",""d"":12,""excl_opp_detectors"":""True"",""k"":12,""l"":12,""leak_heralds"":""False"",""leak_repump"":""False"",""leakage"":""False"",""loss"":""False"",""m"":6,""n"":144,""p"":0.001,""prllel_1q"":Infinity,""prllel_2q"":6,""r"":20,""repump_cycles"":3,""seq_meas"":""False"",""seq_ops"":""True"",""swapLRC"":""False""}",
      1664,         0,         0,    5.99,bposd,1d42788997c955656e1579c9a1cc0f31acae501b320f438e36e23d7b8de7dc11,"{""A"":""x3y0+x0y1+x0y2"",""B"":""x0y3+x1y0+x2y0"",""b"":""X"",""d"":12,""excl_opp_detectors"":""True"",""k"":12,""l"":12,""leak_heralds"":""False"",""leak_repump"":""False"",""leakage"":""False"",""loss"":""False"",""m"":6,""n"":144,""p"":0.001,""prllel_1q"":Infinity,""prllel_2q"":6,""r"":20,""repump_cycles"":3,""seq_meas"":""False"",""seq_ops"":""True"",""swapLRC"":""False""}",
      1536,         0,         0,    9.18,bposd,1d42788997c955656e1579c9a1cc0f31acae501b320f438e36e23d7b8de7dc11,"{""A"":""x3y0+x0y1+x0y2"",""B"":""x0y3+x1y0+x2y0"",""b"":""X"",""d"":12,""excl_opp_detectors"":""True"",""k"":12,""l"":12,""leak_heralds"":""False"",""leak_repump"":""False"",""leakage"":""False"",""loss"":""False"",""m"":6,""n"":144,""p"":0.001,""prllel_1q"":Infinity,""prllel_2q"":6,""r"":20,""repump_cycles"":3,""seq_meas"":""False"",""seq_ops"":""True"",""swapLRC"":""False""}",
      1344,         0,         0,    4.31,bposd,1d42788997c955656e1579c9a1cc0f31acae501b320f438e36e23d7b8de7dc11,"{""A"":""x3y0+x0y1+x0y2"",""B"":""x0y3+x1y0+x2y0"",""b"":""X"",""d"":12,""excl_opp_detectors"":""True"",""k"":12,""l"":12,""leak_heralds"":""False"",""leak_repump"":""False"",""leakage"":""False"",""loss"":""False"",""m"":6,""n"":144,""p"":0.001,""prllel_1q"":Infinity,""prllel_2q"":6,""r"":20,""repump_cycles"":3,""seq_meas"":""False"",""seq_ops"":""True"",""swapLRC"":""False""}",
       960,         0,         0,    3.34,bposd,1d42788997c955656e1579c9a1cc0f31acae501b320f438e36e23d7b8de7dc11,"{""A"":""x3y0+x0y1+x0y2"",""B"":""x0y3+x1y0+x2y0"",""b"":""X"",""d"":12,""excl_opp_detectors"":""True"",""k"":12,""l"":12,""leak_heralds"":""False"",""leak_repump"":""False"",""leakage"":""False"",""loss"":""False"",""m"":6,""n"":144,""p"":0.001,""prllel_1q"":Infinity,""prllel_2q"":6,""r"":20,""repump_cycles"":3,""seq_meas"":""False"",""seq_ops"":""True"",""swapLRC"":""False""}",
      1792,         0,         0,    6.39,bposd,1d42788997c955656e1579c9a1cc0f31acae501b320f438e36e23d7b8de7dc11,"{""A"":""x3y0+x0y1+x0y2"",""B"":""x0y3+x1y0+x2y0"",""b"":""X"",""d"":12,""excl_opp_detectors"":""True"",""k"":12,""l"":12,""leak_heralds"":""False"",""leak_repump"":""False"",""leakage"":""False"",""loss"":""False"",""m"":6,""n"":144,""p"":0.001,""prllel_1q"":Infinity,""prllel_2q"":6,""r"":20,""repump_cycles"":3,""seq_meas"":""False"",""seq_ops"":""True"",""swapLRC"":""False""}",
       640,         0,         0,    6.87,bposd,1d42788997c955656e1579c9a1cc0f31acae501b320f438e36e23d7b8de7dc11,"{""A"":""x3y0+x0y1+x0y2"",""B"":""x0y3+x1y0+x2y0"",""b"":""X"",""d"":12,""excl_opp_detectors"":""True"",""k"":12,""l"":12,""leak_heralds"":""False"",""leak_repump"":""False"",""leakage"":""False"",""loss"":""False"",""m"":6,""n"":144,""p"":0.001,""prllel_1q"":Infinity,""prllel_2q"":6,""r"":20,""repump_cycles"":3,""seq_meas"":""False"",""seq_ops"":""True"",""swapLRC"":""False""}",
      1920,         0,         0,    6.47,bposd,1d42788997c955656e1579c9a1cc0f31acae501b320f438e36e23d7b8de7dc11,"{""A"":""x3y0+x0y1+x0y2"",""B"":""x0y3+x1y0+x2y0"",""b"":""X"",""d"":12,""excl_opp_detectors"":""True"",""k"":12,""l"":12,""leak_heralds"":""False"",""leak_repump"":""False"",""leakage"":""False"",""loss"":""False"",""m"":6,""n"":144,""p"":0.001,""prllel_1q"":Infinity,""prllel_2q"":6,""r"":20,""repump_cycles"":3,""seq_meas"":""False"",""seq_ops"":""True"",""swapLRC"":""False""}",
      1920,         0,         0,    6.15,bposd,1d42788997c955656e1579c9a1cc0f31acae501b320f438e36e23d7b8de7dc11,"{""A"":""x3y0+x0y1+x0y2"",""B"":""x0y3+x1y0+x2y0"",""b"":""X"",""d"":12,""excl_opp_detectors"":""True"",""k"":12,""l"":12,""leak_heralds"":""False"",""leak_repump"":""False"",""leakage"":""False"",""loss"":""False"",""m"":6,""n"":144,""p"":0.001,""prllel_1q"":Infinity,""prllel_2q"":6,""r"":20,""repump_cycles"":3,""seq_meas"":""False"",""seq_ops"":""True"",""swapLRC"":""False""}",
      1920,         0,         0,    6.42,bposd,1d42788997c955656e1579c9a1cc0f31acae501b320f438e36e23d7b8de7dc11,"{""A"":""x3y0+x0y1+x0y2"",""B"":""x0y3+x1y0+x2y0"",""b"":""X"",""d"":12,""excl_opp_detectors"":""True"",""k"":12,""l"":12,""leak_heralds"":""False"",""leak_repump"":""False"",""leakage"":""False"",""loss"":""False"",""m"":6,""n"":144,""p"":0.001,""prllel_1q"":Infinity,""prllel_2q"":6,""r"":20,""repump_cycles"":3,""seq_meas"":""False"",""seq_ops"":""True"",""swapLRC"":""False""}",
      1920,         0,         0,    6.36,bposd,1d42788997c955656e1579c9a1cc0f31acae501b320f438e36e23d7b8de7dc11,"{""A"":""x3y0+x0y1+x0y2"",""B"":""x0y3+x1y0+x2y0"",""b"":""X"",""d"":12,""excl_opp_detectors"":""True"",""k"":12,""l"":12,""leak_heralds"":""False"",""leak_repump"":""False"",""leakage"":""False"",""loss"":""False"",""m"":6,""n"":144,""p"":0.001,""prllel_1q"":Infinity,""prllel_2q"":6,""r"":20,""repump_cycles"":3,""seq_meas"":""False"",""seq_ops"":""True"",""swapLRC"":""False""}",
      1408,         0,         0,    6.35,bposd,1d42788997c955656e1579c9a1cc0f31acae501b320f438e36e23d7b8de7dc11,"{""A"":""x3y0+x0y1+x0y2"",""B"":""x0y3+x1y0+x2y0"",""b"":""X"",""d"":12,""excl_opp_detectors"":""True"",""k"":12,""l"":12,""leak_heralds"":""False"",""leak_repump"":""False"",""leakage"":""False"",""loss"":""False"",""m"":6,""n"":144,""p"":0.001,""prllel_1q"":Infinity,""prllel_2q"":6,""r"":20,""repump_cycles"":3,""seq_meas"":""False"",""seq_ops"":""True"",""swapLRC"":""False""}",
      1920,         0,         0,    6.10,bposd,1d42788997c955656e1579c9a1cc0f31acae501b320f438e36e23d7b8de7dc11,"{""A"":""x3y0+x0y1+x0y2"",""B"":""x0y3+x1y0+x2y0"",""b"":""X"",""d"":12,""excl_opp_detectors"":""True"",""k"":12,""l"":12,""leak_heralds"":""False"",""leak_repump"":""False"",""leakage"":""False"",""loss"":""False"",""m"":6,""n"":144,""p"":0.001,""prllel_1q"":Infinity,""prllel_2q"":6,""r"":20,""repump_cycles"":3,""seq_meas"":""False"",""seq_ops"":""True"",""swapLRC"":""False""}",
       768,         0,         0,    6.92,bposd,1d42788997c955656e1579c9a1cc0f31acae501b320f438e36e23d7b8de7dc11,"{""A"":""x3y0+x0y1+x0y2"",""B"":""x0y3+x1y0+x2y0"",""b"":""X"",""d"":12,""excl_opp_detectors"":""True"",""k"":12,""l"":12,""leak_heralds"":""False"",""leak_repump"":""False"",""leakage"":""False"",""loss"":""False"",""m"":6,""n"":144,""p"":0.001,""prllel_1q"":Infinity,""prllel_2q"":6,""r"":20,""repump_cycles"":3,""seq_meas"":""False"",""seq_ops"":""True"",""swapLRC"":""False""}",
       192,         0,         0,    5.10,bposd,1d42788997c955656e1579c9a1cc0f31acae501b320f438e36e23d7b8de7dc11,"{""A"":""x3y0+x0y1+x0y2"",""B"":""x0y3+x1y0+x2y0"",""b"":""X"",""d"":12,""excl_opp_detectors"":""True"",""k"":12,""l"":12,""leak_heralds"":""False"",""leak_repump"":""False"",""leakage"":""False"",""loss"":""False"",""m"":6,""n"":144,""p"":0.001,""prllel_1q"":Infinity,""prllel_2q"":6,""r"":20,""repump_cycles"":3,""seq_meas"":""False"",""seq_ops"":""True"",""swapLRC"":""False""}",
       896,         0,         0,    6.39,bposd,1d42788997c955656e1579c9a1cc0f31acae501b320f438e36e23d7b8de7dc11,"{""A"":""x3y0+x0y1+x0y2"",""B"":""x0y3+x1y0+x2y0"",""b"":""X"",""d"":12,""excl_opp_detectors"":""True"",""k"":12,""l"":12,""leak_heralds"":""False"",""leak_repump"":""False"",""leakage"":""False"",""loss"":""False"",""m"":6,""n"":144,""p"":0.001,""prllel_1q"":Infinity,""prllel_2q"":6,""r"":20,""repump_cycles"":3,""seq_meas"":""False"",""seq_ops"":""True"",""swapLRC"":""False""}",
       256,         0,         0,    6.78,bposd,1d42788997c955656e1579c9a1cc0f31acae501b320f438e36e23d7b8de7dc11,"{""A"":""x3y0+x0y1+x0y2"",""B"":""x0y3+x1y0+x2y0"",""b"":""X"",""d"":12,""excl_opp_detectors"":""True"",""k"":12,""l"":12,""leak_heralds"":""False"",""leak_repump"":""False"",""leakage"":""False"",""loss"":""False"",""m"":6,""n"":144,""p"":0.001,""prllel_1q"":Infinity,""prllel_2q"":6,""r"":20,""repump_cycles"":3,""seq_meas"":""False"",""seq_ops"":""True"",""swapLRC"":""False""}",
       576,         0,         0,    6.37,bposd,1d42788997c955656e1579c9a1cc0f31acae501b320f438e36e23d7b8de7dc11,"{""A"":""x3y0+x0y1+x0y2"",""B"":""x0y3+x1y0+x2y0"",""b"":""X"",""d"":12,""excl_opp_detectors"":""True"",""k"":12,""l"":12,""leak_heralds"":""False"",""leak_repump"":""False"",""leakage"":""False"",""loss"":""False"",""m"":6,""n"":144,""p"":0.001,""prllel_1q"":Infinity,""prllel_2q"":6,""r"":20,""repump_cycles"":3,""seq_meas"":""False"",""seq_ops"":""True"",""swapLRC"":""False""}",
       512,         0,         0,    5.98,bposd,1d42788997c955656e1579c9a1cc0f31acae501b320f438e36e23d7b8de7dc11,"{""A"":""x3y0+x0y1+x0y2"",""B"":""x0y3+x1y0+x2y0"",""b"":""X"",""d"":12,""excl_opp_detectors"":""True"",""k"":12,""l"":12,""leak_heralds"":""False"",""leak_repump"":""False"",""leakage"":""False"",""loss"":""False"",""m"":6,""n"":144,""p"":0.001,""prllel_1q"":Infinity,""prllel_2q"":6,""r"":20,""repump_cycles"":3,""seq_meas"":""False"",""seq_ops"":""True"",""swapLRC"":""False""}",
       576,         0,         0,    6.14,bposd,1d42788997c955656e1579c9a1cc0f31acae501b320f438e36e23d7b8de7dc11,"{""A"":""x3y0+x0y1+x0y2"",""B"":""x0y3+x1y0+x2y0"",""b"":""X"",""d"":12,""excl_opp_detectors"":""True"",""k"":12,""l"":12,""leak_heralds"":""False"",""leak_repump"":""False"",""leakage"":""False"",""loss"":""False"",""m"":6,""n"":144,""p"":0.001,""prllel_1q"":Infinity,""prllel_2q"":6,""r"":20,""repump_cycles"":3,""seq_meas"":""False"",""seq_ops"":""True"",""swapLRC"":""False""}",
       768,         0,         0,    3.30,bposd,1d42788997c955656e1579c9a1cc0f31acae501b320f438e36e23d7b8de7dc11,"{""A"":""x3y0+x0y1+x0y2"",""B"":""x0y3+x1y0+x2y0"",""b"":""X"",""d"":12,""excl_opp_detectors"":""True"",""k"":12,""l"":12,""leak_heralds"":""False"",""leak_repump"":""False"",""leakage"":""False"",""loss"":""False"",""m"":6,""n"":144,""p"":0.001,""prllel_1q"":Infinity,""prllel_2q"":6,""r"":20,""repump_cycles"":3,""seq_meas"":""False"",""seq_ops"":""True"",""swapLRC"":""False""}",
      1792,         0,         0,    6.38,bposd,1d42788997c955656e1579c9a1cc0f31acae501b320f438e36e23d7b8de7dc11,"{""A"":""x3y0+x0y1+x0y2"",""B"":""x0y3+x1y0+x2y0"",""b"":""X"",""d"":12,""excl_opp_detectors"":""True"",""k"":12,""l"":12,""leak_heralds"":""False"",""leak_repump"":""False"",""leakage"":""False"",""loss"":""False"",""m"":6,""n"":144,""p"":0.001,""prllel_1q"":Infinity,""prllel_2q"":6,""r"":20,""repump_cycles"":3,""seq_meas"":""False"",""seq_ops"":""True"",""swapLRC"":""False""}",
       896,         0,         0,    7.61,bposd,1d42788997c955656e1579c9a1cc0f31acae501b320f438e36e23d7b8de7dc11,"{""A"":""x3y0+x0y1+x0y2"",""B"":""x0y3+x1y0+x2y0"",""b"":""X"",""d"":12,""excl_opp_detectors"":""True"",""k"":12,""l"":12,""leak_heralds"":""False"",""leak_repump"":""False"",""leakage"":""False"",""loss"":""False"",""m"":6,""n"":144,""p"":0.001,""prllel_1q"":Infinity,""prllel_2q"":6,""r"":20,""repump_cycles"":3,""seq_meas"":""False"",""seq_ops"":""True"",""swapLRC"":""False""}",
      1536,         0,         0,    7.24,bposd,1d42788997c955656e1579c9a1cc0f31acae501b320f438e36e23d7b8de7dc11,"{""A"":""x3y0+x0y1+x0y2"",""B"":""x0y3+x1y0+x2y0"",""b"":""X"",""d"":12,""excl_opp_detectors"":""True"",""k"":12,""l"":12,""leak_heralds"":""False"",""leak_repump"":""False"",""leakage"":""False"",""loss"":""False"",""m"":6,""n"":144,""p"":0.001,""prllel_1q"":Infinity,""prllel_2q"":6,""r"":20,""repump_cycles"":3,""seq_meas"":""False"",""seq_ops"":""True"",""swapLRC"":""False""}",
      1920,         0,         0,    6.22,bposd,1d42788997c955656e1579c9a1cc0f31acae501b320f438e36e23d7b8de7dc11,"{""A"":""x3y0+x0y1+x0y2"",""B"":""x0y3+x1y0+x2y0"",""b"":""X"",""d"":12,""excl_opp_detectors"":""True"",""k"":12,""l"":12,""leak_heralds"":""False"",""leak_repump"":""False"",""leakage"":""False"",""loss"":""False"",""m"":6,""n"":144,""p"":0.001,""prllel_1q"":Infinity,""prllel_2q"":6,""r"":20,""repump_cycles"":3,""seq_meas"":""False"",""seq_ops"":""True"",""swapLRC"":""False""}",
      1344,         0,         0,    4.74,bposd,1d42788997c955656e1579c9a1cc0f31acae501b320f438e36e23d7b8de7dc11,"{""A"":""x3y0+x0y1+x0y2"",""B"":""x0y3+x1y0+x2y0"",""b"":""X"",""d"":12,""excl_opp_detectors"":""True"",""k"":12,""l"":12,""leak_heralds"":""False"",""leak_repump"":""False"",""leakage"":""False"",""loss"":""False"",""m"":6,""n"":144,""p"":0.001,""prllel_1q"":Infinity,""prllel_2q"":6,""r"":20,""repump_cycles"":3,""seq_meas"":""False"",""seq_ops"":""True"",""swapLRC"":""False""}",
      1792,         0,         0,    6.19,bposd,1d42788997c955656e1579c9a1cc0f31acae501b320f438e36e23d7b8de7dc11,"{""A"":""x3y0+x0y1+x0y2"",""B"":""x0y3+x1y0+x2y0"",""b"":""X"",""d"":12,""excl_opp_detectors"":""True"",""k"":12,""l"":12,""leak_heralds"":""False"",""leak_repump"":""False"",""leakage"":""False"",""loss"":""False"",""m"":6,""n"":144,""p"":0.001,""prllel_1q"":Infinity,""prllel_2q"":6,""r"":20,""repump_cycles"":3,""seq_meas"":""False"",""seq_ops"":""True"",""swapLRC"":""False""}",
      1088,         0,         0,    3.55,bposd,1d42788997c955656e1579c9a1cc0f31acae501b320f438e36e23d7b8de7dc11,"{""A"":""x3y0+x0y1+x0y2"",""B"":""x0y3+x1y0+x2y0"",""b"":""X"",""d"":12,""excl_opp_detectors"":""True"",""k"":12,""l"":12,""leak_heralds"":""False"",""leak_repump"":""False"",""leakage"":""False"",""loss"":""False"",""m"":6,""n"":144,""p"":0.001,""prllel_1q"":Infinity,""prllel_2q"":6,""r"":20,""repump_cycles"":3,""seq_meas"":""False"",""seq_ops"":""True"",""swapLRC"":""False""}",
      1664,         0,         0,    5.98,bposd,1d42788997c955656e1579c9a1cc0f31acae501b320f438e36e23d7b8de7dc11,"{""A"":""x3y0+x0y1+x0y2"",""B"":""x0y3+x1y0+x2y0"",""b"":""X"",""d"":12,""excl_opp_detectors"":""True"",""k"":12,""l"":12,""leak_heralds"":""False"",""leak_repump"":""False"",""leakage"":""False"",""loss"":""False"",""m"":6,""n"":144,""p"":0.001,""prllel_1q"":Infinity,""prllel_2q"":6,""r"":20,""repump_cycles"":3,""seq_meas"":""False"",""seq_ops"":""True"",""swapLRC"":""False""}",
      1920,         0,         0,    6.28,bposd,1d42788997c955656e1579c9a1cc0f31acae501b320f438e36e23d7b8de7dc11,"{""A"":""x3y0+x0y1+x0y2"",""B"":""x0y3+x1y0+x2y0"",""b"":""X"",""d"":12,""excl_opp_detectors"":""True"",""k"":12,""l"":12,""leak_heralds"":""False"",""leak_repump"":""False"",""leakage"":""False"",""loss"":""False"",""m"":6,""n"":144,""p"":0.001,""prllel_1q"":Infinity,""prllel_2q"":6,""r"":20,""repump_cycles"":3,""seq_meas"":""False"",""seq_ops"":""True"",""swapLRC"":""False""}",
      1280,         0,         0,    6.12,bposd,1d42788997c955656e1579c9a1cc0f31acae501b320f438e36e23d7b8de7dc11,"{""A"":""x3y0+x0y1+x0y2"",""B"":""x0y3+x1y0+x2y0"",""b"":""X"",""d"":12,""excl_opp_detectors"":""True"",""k"":12,""l"":12,""leak_heralds"":""False"",""leak_repump"":""False"",""leakage"":""False"",""loss"":""False"",""m"":6,""n"":144,""p"":0.001,""prllel_1q"":Infinity,""prllel_2q"":6,""r"":20,""repump_cycles"":3,""seq_meas"":""False"",""seq_ops"":""True"",""swapLRC"":""False""}",
      1152,         0,         0,    7.81,bposd,1d42788997c955656e1579c9a1cc0f31acae501b320f438e36e23d7b8de7dc11,"{""A"":""x3y0+x0y1+x0y2"",""B"":""x0y3+x1y0+x2y0"",""b"":""X"",""d"":12,""excl_opp_detectors"":""True"",""k"":12,""l"":12,""leak_heralds"":""False"",""leak_repump"":""False"",""leakage"":""False"",""loss"":""False"",""m"":6,""n"":144,""p"":0.001,""prllel_1q"":Infinity,""prllel_2q"":6,""r"":20,""repump_cycles"":3,""seq_meas"":""False"",""seq_ops"":""True"",""swapLRC"":""False""}",
      1280,         0,         0,    8.44,bposd,1d42788997c955656e1579c9a1cc0f31acae501b320f438e36e23d7b8de7dc11,"{""A"":""x3y0+x0y1+x0y2"",""B"":""x0y3+x1y0+x2y0"",""b"":""X"",""d"":12,""excl_opp_detectors"":""True"",""k"":12,""l"":12,""leak_heralds"":""False"",""leak_repump"":""False"",""leakage"":""False"",""loss"":""False"",""m"":6,""n"":144,""p"":0.001,""prllel_1q"":Infinity,""prllel_2q"":6,""r"":20,""repump_cycles"":3,""seq_meas"":""False"",""seq_ops"":""True"",""swapLRC"":""False""}",
      1216,         0,         0,    7.31,bposd,1d42788997c955656e1579c9a1cc0f31acae501b320f438e36e23d7b8de7dc11,"{""A"":""x3y0+x0y1+x0y2"",""B"":""x0y3+x1y0+x2y0"",""b"":""X"",""d"":12,""excl_opp_detectors"":""True"",""k"":12,""l"":12,""leak_heralds"":""False"",""leak_repump"":""False"",""leakage"":""False"",""loss"":""False"",""m"":6,""n"":144,""p"":0.001,""prllel_1q"":Infinity,""prllel_2q"":6,""r"":20,""repump_cycles"":3,""seq_meas"":""False"",""seq_ops"":""True"",""swapLRC"":""False""}",
      1280,         0,         0,    4.66,bposd,1d42788997c955656e1579c9a1cc0f31acae501b320f438e36e23d7b8de7dc11,"{""A"":""x3y0+x0y1+x0y2"",""B"":""x0y3+x1y0+x2y0"",""b"":""X"",""d"":12,""excl_opp_detectors"":""True"",""k"":12,""l"":12,""leak_heralds"":""False"",""leak_repump"":""False"",""leakage"":""False"",""loss"":""False"",""m"":6,""n"":144,""p"":0.001,""prllel_1q"":Infinity,""prllel_2q"":6,""r"":20,""repump_cycles"":3,""seq_meas"":""False"",""seq_ops"":""True"",""swapLRC"":""False""}",
      1920,         0,         0,    6.06,bposd,1d42788997c955656e1579c9a1cc0f31acae501b320f438e36e23d7b8de7dc11,"{""A"":""x3y0+x0y1+x0y2"",""B"":""x0y3+x1y0+x2y0"",""b"":""X"",""d"":12,""excl_opp_detectors"":""True"",""k"":12,""l"":12,""leak_heralds"":""False"",""leak_repump"":""False"",""leakage"":""False"",""loss"":""False"",""m"":6,""n"":144,""p"":0.001,""prllel_1q"":Infinity,""prllel_2q"":6,""r"":20,""repump_cycles"":3,""seq_meas"":""False"",""seq_ops"":""True"",""swapLRC"":""False""}",
      1664,         0,         0,    6.36,bposd,1d42788997c955656e1579c9a1cc0f31acae501b320f438e36e23d7b8de7dc11,"{""A"":""x3y0+x0y1+x0y2"",""B"":""x0y3+x1y0+x2y0"",""b"":""X"",""d"":12,""excl_opp_detectors"":""True"",""k"":12,""l"":12,""leak_heralds"":""False"",""leak_repump"":""False"",""leakage"":""False"",""loss"":""False"",""m"":6,""n"":144,""p"":0.001,""prllel_1q"":Infinity,""prllel_2q"":6,""r"":20,""repump_cycles"":3,""seq_meas"":""False"",""seq_ops"":""True"",""swapLRC"":""False""}",
      1792,         0,         0,    6.02,bposd,1d42788997c955656e1579c9a1cc0f31acae501b320f438e36e23d7b8de7dc11,"{""A"":""x3y0+x0y1+x0y2"",""B"":""x0y3+x1y0+x2y0"",""b"":""X"",""d"":12,""excl_opp_detectors"":""True"",""k"":12,""l"":12,""leak_heralds"":""False"",""leak_repump"":""False"",""leakage"":""False"",""loss"":""False"",""m"":6,""n"":144,""p"":0.001,""prllel_1q"":Infinity,""prllel_2q"":6,""r"":20,""repump_cycles"":3,""seq_meas"":""False"",""seq_ops"":""True"",""swapLRC"":""False""}",
      1792,         0,         0,    6.20,bposd,1d42788997c955656e1579c9a1cc0f31acae501b320f438e36e23d7b8de7dc11,"{""A"":""x3y0+x0y1+x0y2"",""B"":""x0y3+x1y0+x2y0"",""b"":""X"",""d"":12,""excl_opp_detectors"":""True"",""k"":12,""l"":12,""leak_heralds"":""False"",""leak_repump"":""False"",""leakage"":""False"",""loss"":""False"",""m"":6,""n"":144,""p"":0.001,""prllel_1q"":Infinity,""prllel_2q"":6,""r"":20,""repump_cycles"":3,""seq_meas"":""False"",""seq_ops"":""True"",""swapLRC"":""False""}",
      1664,         0,         0,    6.14,bposd,1d42788997c955656e1579c9a1cc0f31acae501b320f438e36e23d7b8de7dc11,"{""A"":""x3y0+x0y1+x0y2"",""B"":""x0y3+x1y0+x2y0"",""b"":""X"",""d"":12,""excl_opp_detectors"":""True"",""k"":12,""l"":12,""leak_heralds"":""False"",""leak_repump"":""False"",""leakage"":""False"",""loss"":""False"",""m"":6,""n"":144,""p"":0.001,""prllel_1q"":Infinity,""prllel_2q"":6,""r"":20,""repump_cycles"":3,""seq_meas"":""False"",""seq_ops"":""True"",""swapLRC"":""False""}",
      1984,         0,         0,    6.27,bposd,1d42788997c955656e1579c9a1cc0f31acae501b320f438e36e23d7b8de7dc11,"{""A"":""x3y0+x0y1+x0y2"",""B"":""x0y3+x1y0+x2y0"",""b"":""X"",""d"":12,""excl_opp_detectors"":""True"",""k"":12,""l"":12,""leak_heralds"":""False"",""leak_repump"":""False"",""leakage"":""False"",""loss"":""False"",""m"":6,""n"":144,""p"":0.001,""prllel_1q"":Infinity,""prllel_2q"":6,""r"":20,""repump_cycles"":3,""seq_meas"":""False"",""seq_ops"":""True"",""swapLRC"":""False""}",
      1536,         0,         0,    6.25,bposd,1d42788997c955656e1579c9a1cc0f31acae501b320f438e36e23d7b8de7dc11,"{""A"":""x3y0+x0y1+x0y2"",""B"":""x0y3+x1y0+x2y0"",""b"":""X"",""d"":12,""excl_opp_detectors"":""True"",""k"":12,""l"":12,""leak_heralds"":""False"",""leak_repump"":""False"",""leakage"":""False"",""loss"":""False"",""m"":6,""n"":144,""p"":0.001,""prllel_1q"":Infinity,""prllel_2q"":6,""r"":20,""repump_cycles"":3,""seq_meas"":""False"",""seq_ops"":""True"",""swapLRC"":""False""}",
      1856,         0,         0,    6.25,bposd,1d42788997c955656e1579c9a1cc0f31acae501b320f438e36e23d7b8de7dc11,"{""A"":""x3y0+x0y1+x0y2"",""B"":""x0y3+x1y0+x2y0"",""b"":""X"",""d"":12,""excl_opp_detectors"":""True"",""k"":12,""l"":12,""leak_heralds"":""False"",""leak_repump"":""False"",""leakage"":""False"",""loss"":""False"",""m"":6,""n"":144,""p"":0.001,""prllel_1q"":Infinity,""prllel_2q"":6,""r"":20,""repump_cycles"":3,""seq_meas"":""False"",""seq_ops"":""True"",""swapLRC"":""False""}",
      1792,         0,         0,    6.01,bposd,1d42788997c955656e1579c9a1cc0f31acae501b320f438e36e23d7b8de7dc11,"{""A"":""x3y0+x0y1+x0y2"",""B"":""x0y3+x1y0+x2y0"",""b"":""X"",""d"":12,""excl_opp_detectors"":""True"",""k"":12,""l"":12,""leak_heralds"":""False"",""leak_repump"":""False"",""leakage"":""False"",""loss"":""False"",""m"":6,""n"":144,""p"":0.001,""prllel_1q"":Infinity,""prllel_2q"":6,""r"":20,""repump_cycles"":3,""seq_meas"":""False"",""seq_ops"":""True"",""swapLRC"":""False""}",
       896,         0,         0,    7.31,bposd,1d42788997c955656e1579c9a1cc0f31acae501b320f438e36e23d7b8de7dc11,"{""A"":""x3y0+x0y1+x0y2"",""B"":""x0y3+x1y0+x2y0"",""b"":""X"",""d"":12,""excl_opp_detectors"":""True"",""k"":12,""l"":12,""leak_heralds"":""False"",""leak_repump"":""False"",""leakage"":""False"",""loss"":""False"",""m"":6,""n"":144,""p"":0.001,""prllel_1q"":Infinity,""prllel_2q"":6,""r"":20,""repump_cycles"":3,""seq_meas"":""False"",""seq_ops"":""True"",""swapLRC"":""False""}",
      1280,         0,         0,    5.22,bposd,1d42788997c955656e1579c9a1cc0f31acae501b320f438e36e23d7b8de7dc11,"{""A"":""x3y0+x0y1+x0y2"",""B"":""x0y3+x1y0+x2y0"",""b"":""X"",""d"":12,""excl_opp_detectors"":""True"",""k"":12,""l"":12,""leak_heralds"":""False"",""leak_repump"":""False"",""leakage"":""False"",""loss"":""False"",""m"":6,""n"":144,""p"":0.001,""prllel_1q"":Infinity,""prllel_2q"":6,""r"":20,""repump_cycles"":3,""seq_meas"":""False"",""seq_ops"":""True"",""swapLRC"":""False""}",
       640,         0,         0,    6.73,bposd,1d42788997c955656e1579c9a1cc0f31acae501b320f438e36e23d7b8de7dc11,"{""A"":""x3y0+x0y1+x0y2"",""B"":""x0y3+x1y0+x2y0"",""b"":""X"",""d"":12,""excl_opp_detectors"":""True"",""k"":12,""l"":12,""leak_heralds"":""False"",""leak_repump"":""False"",""leakage"":""False"",""loss"":""False"",""m"":6,""n"":144,""p"":0.001,""prllel_1q"":Infinity,""prllel_2q"":6,""r"":20,""repump_cycles"":3,""seq_meas"":""False"",""seq_ops"":""True"",""swapLRC"":""False""}",
      1728,         0,         0,    6.00,bposd,1d42788997c955656e1579c9a1cc0f31acae501b320f438e36e23d7b8de7dc11,"{""A"":""x3y0+x0y1+x0y2"",""B"":""x0y3+x1y0+x2y0"",""b"":""X"",""d"":12,""excl_opp_detectors"":""True"",""k"":12,""l"":12,""leak_heralds"":""False"",""leak_repump"":""False"",""leakage"":""False"",""loss"":""False"",""m"":6,""n"":144,""p"":0.001,""prllel_1q"":Infinity,""prllel_2q"":6,""r"":20,""repump_cycles"":3,""seq_meas"":""False"",""seq_ops"":""True"",""swapLRC"":""False""}",
      1024,         0,         0,    4.32,bposd,1d42788997c955656e1579c9a1cc0f31acae501b320f438e36e23d7b8de7dc11,"{""A"":""x3y0+x0y1+x0y2"",""B"":""x0y3+x1y0+x2y0"",""b"":""X"",""d"":12,""excl_opp_detectors"":""True"",""k"":12,""l"":12,""leak_heralds"":""False"",""leak_repump"":""False"",""leakage"":""False"",""loss"":""False"",""m"":6,""n"":144,""p"":0.001,""prllel_1q"":Infinity,""prllel_2q"":6,""r"":20,""repump_cycles"":3,""seq_meas"":""False"",""seq_ops"":""True"",""swapLRC"":""False""}",
      1856,         0,         0,    6.41,bposd,1d42788997c955656e1579c9a1cc0f31acae501b320f438e36e23d7b8de7dc11,"{""A"":""x3y0+x0y1+x0y2"",""B"":""x0y3+x1y0+x2y0"",""b"":""X"",""d"":12,""excl_opp_detectors"":""True"",""k"":12,""l"":12,""leak_heralds"":""False"",""leak_repump"":""False"",""leakage"":""False"",""loss"":""False"",""m"":6,""n"":144,""p"":0.001,""prllel_1q"":Infinity,""prllel_2q"":6,""r"":20,""repump_cycles"":3,""seq_meas"":""False"",""seq_ops"":""True"",""swapLRC"":""False""}",
      1792,         0,         0,    6.09,bposd,1d42788997c955656e1579c9a1cc0f31acae501b320f438e36e23d7b8de7dc11,"{""A"":""x3y0+x0y1+x0y2"",""B"":""x0y3+x1y0+x2y0"",""b"":""X"",""d"":12,""excl_opp_detectors"":""True"",""k"":12,""l"":12,""leak_heralds"":""False"",""leak_repump"":""False"",""leakage"":""False"",""loss"":""False"",""m"":6,""n"":144,""p"":0.001,""prllel_1q"":Infinity,""prllel_2q"":6,""r"":20,""repump_cycles"":3,""seq_meas"":""False"",""seq_ops"":""True"",""swapLRC"":""False""}",
      1664,         0,         0,    5.99,bposd,1d42788997c955656e1579c9a1cc0f31acae501b320f438e36e23d7b8de7dc11,"{""A"":""x3y0+x0y1+x0y2"",""B"":""x0y3+x1y0+x2y0"",""b"":""X"",""d"":12,""excl_opp_detectors"":""True"",""k"":12,""l"":12,""leak_heralds"":""False"",""leak_repump"":""False"",""leakage"":""False"",""loss"":""False"",""m"":6,""n"":144,""p"":0.001,""prllel_1q"":Infinity,""prllel_2q"":6,""r"":20,""repump_cycles"":3,""seq_meas"":""False"",""seq_ops"":""True"",""swapLRC"":""False""}",
      1088,         0,         0,    3.67,bposd,1d42788997c955656e1579c9a1cc0f31acae501b320f438e36e23d7b8de7dc11,"{""A"":""x3y0+x0y1+x0y2"",""B"":""x0y3+x1y0+x2y0"",""b"":""X"",""d"":12,""excl_opp_detectors"":""True"",""k"":12,""l"":12,""leak_heralds"":""False"",""leak_repump"":""False"",""leakage"":""False"",""loss"":""False"",""m"":6,""n"":144,""p"":0.001,""prllel_1q"":Infinity,""prllel_2q"":6,""r"":20,""repump_cycles"":3,""seq_meas"":""False"",""seq_ops"":""True"",""swapLRC"":""False""}",
      1600,         0,         0,    6.39,bposd,1d42788997c955656e1579c9a1cc0f31acae501b320f438e36e23d7b8de7dc11,"{""A"":""x3y0+x0y1+x0y2"",""B"":""x0y3+x1y0+x2y0"",""b"":""X"",""d"":12,""excl_opp_detectors"":""True"",""k"":12,""l"":12,""leak_heralds"":""False"",""leak_repump"":""False"",""leakage"":""False"",""loss"":""False"",""m"":6,""n"":144,""p"":0.001,""prllel_1q"":Infinity,""prllel_2q"":6,""r"":20,""repump_cycles"":3,""seq_meas"":""False"",""seq_ops"":""True"",""swapLRC"":""False""}",
      1792,         0,         0,    6.09,bposd,1d42788997c955656e1579c9a1cc0f31acae501b320f438e36e23d7b8de7dc11,"{""A"":""x3y0+x0y1+x0y2"",""B"":""x0y3+x1y0+x2y0"",""b"":""X"",""d"":12,""excl_opp_detectors"":""True"",""k"":12,""l"":12,""leak_heralds"":""False"",""leak_repump"":""False"",""leakage"":""False"",""loss"":""False"",""m"":6,""n"":144,""p"":0.001,""prllel_1q"":Infinity,""prllel_2q"":6,""r"":20,""repump_cycles"":3,""seq_meas"":""False"",""seq_ops"":""True"",""swapLRC"":""False""}",
      1856,         0,         0,    5.98,bposd,1d42788997c955656e1579c9a1cc0f31acae501b320f438e36e23d7b8de7dc11,"{""A"":""x3y0+x0y1+x0y2"",""B"":""x0y3+x1y0+x2y0"",""b"":""X"",""d"":12,""excl_opp_detectors"":""True"",""k"":12,""l"":12,""leak_heralds"":""False"",""leak_repump"":""False"",""leakage"":""False"",""loss"":""False"",""m"":6,""n"":144,""p"":0.001,""prllel_1q"":Infinity,""prllel_2q"":6,""r"":20,""repump_cycles"":3,""seq_meas"":""False"",""seq_ops"":""True"",""swapLRC"":""False""}",
       192,         0,         0,    9.53,bposd,1d42788997c955656e1579c9a1cc0f31acae501b320f438e36e23d7b8de7dc11,"{""A"":""x3y0+x0y1+x0y2"",""B"":""x0y3+x1y0+x2y0"",""b"":""X"",""d"":12,""excl_opp_detectors"":""True"",""k"":12,""l"":12,""leak_heralds"":""False"",""leak_repump"":""False"",""leakage"":""False"",""loss"":""False"",""m"":6,""n"":144,""p"":0.001,""prllel_1q"":Infinity,""prllel_2q"":6,""r"":20,""repump_cycles"":3,""seq_meas"":""False"",""seq_ops"":""True"",""swapLRC"":""False""}",
      1728,         0,         0,    6.30,bposd,1d42788997c955656e1579c9a1cc0f31acae501b320f438e36e23d7b8de7dc11,"{""A"":""x3y0+x0y1+x0y2"",""B"":""x0y3+x1y0+x2y0"",""b"":""X"",""d"":12,""excl_opp_detectors"":""True"",""k"":12,""l"":12,""leak_heralds"":""False"",""leak_repump"":""False"",""leakage"":""False"",""loss"":""False"",""m"":6,""n"":144,""p"":0.001,""prllel_1q"":Infinity,""prllel_2q"":6,""r"":20,""repump_cycles"":3,""seq_meas"":""False"",""seq_ops"":""True"",""swapLRC"":""False""}",
      1536,         0,         0,    6.21,bposd,1d42788997c955656e1579c9a1cc0f31acae501b320f438e36e23d7b8de7dc11,"{""A"":""x3y0+x0y1+x0y2"",""B"":""x0y3+x1y0+x2y0"",""b"":""X"",""d"":12,""excl_opp_detectors"":""True"",""k"":12,""l"":12,""leak_heralds"":""False"",""leak_repump"":""False"",""leakage"":""False"",""loss"":""False"",""m"":6,""n"":144,""p"":0.001,""prllel_1q"":Infinity,""prllel_2q"":6,""r"":20,""repump_cycles"":3,""seq_meas"":""False"",""seq_ops"":""True"",""swapLRC"":""False""}",
      1728,         0,         0,    6.05,bposd,1d42788997c955656e1579c9a1cc0f31acae501b320f438e36e23d7b8de7dc11,"{""A"":""x3y0+x0y1+x0y2"",""B"":""x0y3+x1y0+x2y0"",""b"":""X"",""d"":12,""excl_opp_detectors"":""True"",""k"":12,""l"":12,""leak_heralds"":""False"",""leak_repump"":""False"",""leakage"":""False"",""loss"":""False"",""m"":6,""n"":144,""p"":0.001,""prllel_1q"":Infinity,""prllel_2q"":6,""r"":20,""repump_cycles"":3,""seq_meas"":""False"",""seq_ops"":""True"",""swapLRC"":""False""}",
      1728,         0,         0,    6.24,bposd,1d42788997c955656e1579c9a1cc0f31acae501b320f438e36e23d7b8de7dc11,"{""A"":""x3y0+x0y1+x0y2"",""B"":""x0y3+x1y0+x2y0"",""b"":""X"",""d"":12,""excl_opp_detectors"":""True"",""k"":12,""l"":12,""leak_heralds"":""False"",""leak_repump"":""False"",""leakage"":""False"",""loss"":""False"",""m"":6,""n"":144,""p"":0.001,""prllel_1q"":Infinity,""prllel_2q"":6,""r"":20,""repump_cycles"":3,""seq_meas"":""False"",""seq_ops"":""True"",""swapLRC"":""False""}",
       256,         0,         0,    5.37,bposd,1d42788997c955656e1579c9a1cc0f31acae501b320f438e36e23d7b8de7dc11,"{""A"":""x3y0+x0y1+x0y2"",""B"":""x0y3+x1y0+x2y0"",""b"":""X"",""d"":12,""excl_opp_detectors"":""True"",""k"":12,""l"":12,""leak_heralds"":""False"",""leak_repump"":""False"",""leakage"":""False"",""loss"":""False"",""m"":6,""n"":144,""p"":0.001,""prllel_1q"":Infinity,""prllel_2q"":6,""r"":20,""repump_cycles"":3,""seq_meas"":""False"",""seq_ops"":""True"",""swapLRC"":""False""}",
      1408,         0,         0,    4.67,bposd,1d42788997c955656e1579c9a1cc0f31acae501b320f438e36e23d7b8de7dc11,"{""A"":""x3y0+x0y1+x0y2"",""B"":""x0y3+x1y0+x2y0"",""b"":""X"",""d"":12,""excl_opp_detectors"":""True"",""k"":12,""l"":12,""leak_heralds"":""False"",""leak_repump"":""False"",""leakage"":""False"",""loss"":""False"",""m"":6,""n"":144,""p"":0.001,""prllel_1q"":Infinity,""prllel_2q"":6,""r"":20,""repump_cycles"":3,""seq_meas"":""False"",""seq_ops"":""True"",""swapLRC"":""False""}",
      1728,         0,         0,    6.14,bposd,1d42788997c955656e1579c9a1cc0f31acae501b320f438e36e23d7b8de7dc11,"{""A"":""x3y0+x0y1+x0y2"",""B"":""x0y3+x1y0+x2y0"",""b"":""X"",""d"":12,""excl_opp_detectors"":""True"",""k"":12,""l"":12,""leak_heralds"":""False"",""leak_repump"":""False"",""leakage"":""False"",""loss"":""False"",""m"":6,""n"":144,""p"":0.001,""prllel_1q"":Infinity,""prllel_2q"":6,""r"":20,""repump_cycles"":3,""seq_meas"":""False"",""seq_ops"":""True"",""swapLRC"":""False""}",
      1600,         0,         0,    6.43,bposd,1d42788997c955656e1579c9a1cc0f31acae501b320f438e36e23d7b8de7dc11,"{""A"":""x3y0+x0y1+x0y2"",""B"":""x0y3+x1y0+x2y0"",""b"":""X"",""d"":12,""excl_opp_detectors"":""True"",""k"":12,""l"":12,""leak_heralds"":""False"",""leak_repump"":""False"",""leakage"":""False"",""loss"":""False"",""m"":6,""n"":144,""p"":0.001,""prllel_1q"":Infinity,""prllel_2q"":6,""r"":20,""repump_cycles"":3,""seq_meas"":""False"",""seq_ops"":""True"",""swapLRC"":""False""}",
      1088,         0,         0,    9.75,bposd,1d42788997c955656e1579c9a1cc0f31acae501b320f438e36e23d7b8de7dc11,"{""A"":""x3y0+x0y1+x0y2"",""B"":""x0y3+x1y0+x2y0"",""b"":""X"",""d"":12,""excl_opp_detectors"":""True"",""k"":12,""l"":12,""leak_heralds"":""False"",""leak_repump"":""False"",""leakage"":""False"",""loss"":""False"",""m"":6,""n"":144,""p"":0.001,""prllel_1q"":Infinity,""prllel_2q"":6,""r"":20,""repump_cycles"":3,""seq_meas"":""False"",""seq_ops"":""True"",""swapLRC"":""False""}",
      2304,         0,         0,    8.37,bposd,1d42788997c955656e1579c9a1cc0f31acae501b320f438e36e23d7b8de7dc11,"{""A"":""x3y0+x0y1+x0y2"",""B"":""x0y3+x1y0+x2y0"",""b"":""X"",""d"":12,""excl_opp_detectors"":""True"",""k"":12,""l"":12,""leak_heralds"":""False"",""leak_repump"":""False"",""leakage"":""False"",""loss"":""False"",""m"":6,""n"":144,""p"":0.001,""prllel_1q"":Infinity,""prllel_2q"":6,""r"":20,""repump_cycles"":3,""seq_meas"":""False"",""seq_ops"":""True"",""swapLRC"":""False""}",
       896,         0,         0,    7.41,bposd,1d42788997c955656e1579c9a1cc0f31acae501b320f438e36e23d7b8de7dc11,"{""A"":""x3y0+x0y1+x0y2"",""B"":""x0y3+x1y0+x2y0"",""b"":""X"",""d"":12,""excl_opp_detectors"":""True"",""k"":12,""l"":12,""leak_heralds"":""False"",""leak_repump"":""False"",""leakage"":""False"",""loss"":""False"",""m"":6,""n"":144,""p"":0.001,""prllel_1q"":Infinity,""prllel_2q"":6,""r"":20,""repump_cycles"":3,""seq_meas"":""False"",""seq_ops"":""True"",""swapLRC"":""False""}",
       576,         0,         0,    10.8,bposd,1d42788997c955656e1579c9a1cc0f31acae501b320f438e36e23d7b8de7dc11,"{""A"":""x3y0+x0y1+x0y2"",""B"":""x0y3+x1y0+x2y0"",""b"":""X"",""d"":12,""excl_opp_detectors"":""True"",""k"":12,""l"":12,""leak_heralds"":""False"",""leak_repump"":""False"",""leakage"":""False"",""loss"":""False"",""m"":6,""n"":144,""p"":0.001,""prllel_1q"":Infinity,""prllel_2q"":6,""r"":20,""repump_cycles"":3,""seq_meas"":""False"",""seq_ops"":""True"",""swapLRC"":""False""}",
      1408,         0,         0,    9.15,bposd,1d42788997c955656e1579c9a1cc0f31acae501b320f438e36e23d7b8de7dc11,"{""A"":""x3y0+x0y1+x0y2"",""B"":""x0y3+x1y0+x2y0"",""b"":""X"",""d"":12,""excl_opp_detectors"":""True"",""k"":12,""l"":12,""leak_heralds"":""False"",""leak_repump"":""False"",""leakage"":""False"",""loss"":""False"",""m"":6,""n"":144,""p"":0.001,""prllel_1q"":Infinity,""prllel_2q"":6,""r"":20,""repump_cycles"":3,""seq_meas"":""False"",""seq_ops"":""True"",""swapLRC"":""False""}",
      1216,         0,         0,    8.43,bposd,1d42788997c955656e1579c9a1cc0f31acae501b320f438e36e23d7b8de7dc11,"{""A"":""x3y0+x0y1+x0y2"",""B"":""x0y3+x1y0+x2y0"",""b"":""X"",""d"":12,""excl_opp_detectors"":""True"",""k"":12,""l"":12,""leak_heralds"":""False"",""leak_repump"":""False"",""leakage"":""False"",""loss"":""False"",""m"":6,""n"":144,""p"":0.001,""prllel_1q"":Infinity,""prllel_2q"":6,""r"":20,""repump_cycles"":3,""seq_meas"":""False"",""seq_ops"":""True"",""swapLRC"":""False""}",
      2304,         0,         0,    8.38,bposd,1d42788997c955656e1579c9a1cc0f31acae501b320f438e36e23d7b8de7dc11,"{""A"":""x3y0+x0y1+x0y2"",""B"":""x0y3+x1y0+x2y0"",""b"":""X"",""d"":12,""excl_opp_detectors"":""True"",""k"":12,""l"":12,""leak_heralds"":""False"",""leak_repump"":""False"",""leakage"":""False"",""loss"":""False"",""m"":6,""n"":144,""p"":0.001,""prllel_1q"":Infinity,""prllel_2q"":6,""r"":20,""repump_cycles"":3,""seq_meas"":""False"",""seq_ops"":""True"",""swapLRC"":""False""}",
      1792,         0,         0,    6.84,bposd,1d42788997c955656e1579c9a1cc0f31acae501b320f438e36e23d7b8de7dc11,"{""A"":""x3y0+x0y1+x0y2"",""B"":""x0y3+x1y0+x2y0"",""b"":""X"",""d"":12,""excl_opp_detectors"":""True"",""k"":12,""l"":12,""leak_heralds"":""False"",""leak_repump"":""False"",""leakage"":""False"",""loss"":""False"",""m"":6,""n"":144,""p"":0.001,""prllel_1q"":Infinity,""prllel_2q"":6,""r"":20,""repump_cycles"":3,""seq_meas"":""False"",""seq_ops"":""True"",""swapLRC"":""False""}",
      2432,         0,         0,    8.56,bposd,1d42788997c955656e1579c9a1cc0f31acae501b320f438e36e23d7b8de7dc11,"{""A"":""x3y0+x0y1+x0y2"",""B"":""x0y3+x1y0+x2y0"",""b"":""X"",""d"":12,""excl_opp_detectors"":""True"",""k"":12,""l"":12,""leak_heralds"":""False"",""leak_repump"":""False"",""leakage"":""False"",""loss"":""False"",""m"":6,""n"":144,""p"":0.001,""prllel_1q"":Infinity,""prllel_2q"":6,""r"":20,""repump_cycles"":3,""seq_meas"":""False"",""seq_ops"":""True"",""swapLRC"":""False""}",
      1792,         0,         0,    9.06,bposd,1d42788997c955656e1579c9a1cc0f31acae501b320f438e36e23d7b8de7dc11,"{""A"":""x3y0+x0y1+x0y2"",""B"":""x0y3+x1y0+x2y0"",""b"":""X"",""d"":12,""excl_opp_detectors"":""True"",""k"":12,""l"":12,""leak_heralds"":""False"",""leak_repump"":""False"",""leakage"":""False"",""loss"":""False"",""m"":6,""n"":144,""p"":0.001,""prllel_1q"":Infinity,""prllel_2q"":6,""r"":20,""repump_cycles"":3,""seq_meas"":""False"",""seq_ops"":""True"",""swapLRC"":""False""}",
      2432,         0,         0,    8.60,bposd,1d42788997c955656e1579c9a1cc0f31acae501b320f438e36e23d7b8de7dc11,"{""A"":""x3y0+x0y1+x0y2"",""B"":""x0y3+x1y0+x2y0"",""b"":""X"",""d"":12,""excl_opp_detectors"":""True"",""k"":12,""l"":12,""leak_heralds"":""False"",""leak_repump"":""False"",""leakage"":""False"",""loss"":""False"",""m"":6,""n"":144,""p"":0.001,""prllel_1q"":Infinity,""prllel_2q"":6,""r"":20,""repump_cycles"":3,""seq_meas"":""False"",""seq_ops"":""True"",""swapLRC"":""False""}",
      2432,         0,         0,    8.85,bposd,1d42788997c955656e1579c9a1cc0f31acae501b320f438e36e23d7b8de7dc11,"{""A"":""x3y0+x0y1+x0y2"",""B"":""x0y3+x1y0+x2y0"",""b"":""X"",""d"":12,""excl_opp_detectors"":""True"",""k"":12,""l"":12,""leak_heralds"":""False"",""leak_repump"":""False"",""leakage"":""False"",""loss"":""False"",""m"":6,""n"":144,""p"":0.001,""prllel_1q"":Infinity,""prllel_2q"":6,""r"":20,""repump_cycles"":3,""seq_meas"":""False"",""seq_ops"":""True"",""swapLRC"":""False""}",
      1920,         0,         0,    6.40,bposd,1d42788997c955656e1579c9a1cc0f31acae501b320f438e36e23d7b8de7dc11,"{""A"":""x3y0+x0y1+x0y2"",""B"":""x0y3+x1y0+x2y0"",""b"":""X"",""d"":12,""excl_opp_detectors"":""True"",""k"":12,""l"":12,""leak_heralds"":""False"",""leak_repump"":""False"",""leakage"":""False"",""loss"":""False"",""m"":6,""n"":144,""p"":0.001,""prllel_1q"":Infinity,""prllel_2q"":6,""r"":20,""repump_cycles"":3,""seq_meas"":""False"",""seq_ops"":""True"",""swapLRC"":""False""}",
      1408,         0,         0,    4.38,bposd,1d42788997c955656e1579c9a1cc0f31acae501b320f438e36e23d7b8de7dc11,"{""A"":""x3y0+x0y1+x0y2"",""B"":""x0y3+x1y0+x2y0"",""b"":""X"",""d"":12,""excl_opp_detectors"":""True"",""k"":12,""l"":12,""leak_heralds"":""False"",""leak_repump"":""False"",""leakage"":""False"",""loss"":""False"",""m"":6,""n"":144,""p"":0.001,""prllel_1q"":Infinity,""prllel_2q"":6,""r"":20,""repump_cycles"":3,""seq_meas"":""False"",""seq_ops"":""True"",""swapLRC"":""False""}",
      2688,         0,         0,    8.70,bposd,1d42788997c955656e1579c9a1cc0f31acae501b320f438e36e23d7b8de7dc11,"{""A"":""x3y0+x0y1+x0y2"",""B"":""x0y3+x1y0+x2y0"",""b"":""X"",""d"":12,""excl_opp_detectors"":""True"",""k"":12,""l"":12,""leak_heralds"":""False"",""leak_repump"":""False"",""leakage"":""False"",""loss"":""False"",""m"":6,""n"":144,""p"":0.001,""prllel_1q"":Infinity,""prllel_2q"":6,""r"":20,""repump_cycles"":3,""seq_meas"":""False"",""seq_ops"":""True"",""swapLRC"":""False""}",
      2560,         0,         0,    8.60,bposd,1d42788997c955656e1579c9a1cc0f31acae501b320f438e36e23d7b8de7dc11,"{""A"":""x3y0+x0y1+x0y2"",""B"":""x0y3+x1y0+x2y0"",""b"":""X"",""d"":12,""excl_opp_detectors"":""True"",""k"":12,""l"":12,""leak_heralds"":""False"",""leak_repump"":""False"",""leakage"":""False"",""loss"":""False"",""m"":6,""n"":144,""p"":0.001,""prllel_1q"":Infinity,""prllel_2q"":6,""r"":20,""repump_cycles"":3,""seq_meas"":""False"",""seq_ops"":""True"",""swapLRC"":""False""}",
      2432,         0,         0,    8.61,bposd,1d42788997c955656e1579c9a1cc0f31acae501b320f438e36e23d7b8de7dc11,"{""A"":""x3y0+x0y1+x0y2"",""B"":""x0y3+x1y0+x2y0"",""b"":""X"",""d"":12,""excl_opp_detectors"":""True"",""k"":12,""l"":12,""leak_heralds"":""False"",""leak_repump"":""False"",""leakage"":""False"",""loss"":""False"",""m"":6,""n"":144,""p"":0.001,""prllel_1q"":Infinity,""prllel_2q"":6,""r"":20,""repump_cycles"":3,""seq_meas"":""False"",""seq_ops"":""True"",""swapLRC"":""False""}",
      2560,         0,         0,    8.86,bposd,1d42788997c955656e1579c9a1cc0f31acae501b320f438e36e23d7b8de7dc11,"{""A"":""x3y0+x0y1+x0y2"",""B"":""x0y3+x1y0+x2y0"",""b"":""X"",""d"":12,""excl_opp_detectors"":""True"",""k"":12,""l"":12,""leak_heralds"":""False"",""leak_repump"":""False"",""leakage"":""False"",""loss"":""False"",""m"":6,""n"":144,""p"":0.001,""prllel_1q"":Infinity,""prllel_2q"":6,""r"":20,""repump_cycles"":3,""seq_meas"":""False"",""seq_ops"":""True"",""swapLRC"":""False""}",
      2624,         0,         0,    8.63,bposd,1d42788997c955656e1579c9a1cc0f31acae501b320f438e36e23d7b8de7dc11,"{""A"":""x3y0+x0y1+x0y2"",""B"":""x0y3+x1y0+x2y0"",""b"":""X"",""d"":12,""excl_opp_detectors"":""True"",""k"":12,""l"":12,""leak_heralds"":""False"",""leak_repump"":""False"",""leakage"":""False"",""loss"":""False"",""m"":6,""n"":144,""p"":0.001,""prllel_1q"":Infinity,""prllel_2q"":6,""r"":20,""repump_cycles"":3,""seq_meas"":""False"",""seq_ops"":""True"",""swapLRC"":""False""}",
      2560,         0,         0,    8.73,bposd,1d42788997c955656e1579c9a1cc0f31acae501b320f438e36e23d7b8de7dc11,"{""A"":""x3y0+x0y1+x0y2"",""B"":""x0y3+x1y0+x2y0"",""b"":""X"",""d"":12,""excl_opp_detectors"":""True"",""k"":12,""l"":12,""leak_heralds"":""False"",""leak_repump"":""False"",""leakage"":""False"",""loss"":""False"",""m"":6,""n"":144,""p"":0.001,""prllel_1q"":Infinity,""prllel_2q"":6,""r"":20,""repump_cycles"":3,""seq_meas"":""False"",""seq_ops"":""True"",""swapLRC"":""False""}",
      2624,         0,         0,    8.59,bposd,1d42788997c955656e1579c9a1cc0f31acae501b320f438e36e23d7b8de7dc11,"{""A"":""x3y0+x0y1+x0y2"",""B"":""x0y3+x1y0+x2y0"",""b"":""X"",""d"":12,""excl_opp_detectors"":""True"",""k"":12,""l"":12,""leak_heralds"":""False"",""leak_repump"":""False"",""leakage"":""False"",""loss"":""False"",""m"":6,""n"":144,""p"":0.001,""prllel_1q"":Infinity,""prllel_2q"":6,""r"":20,""repump_cycles"":3,""seq_meas"":""False"",""seq_ops"":""True"",""swapLRC"":""False""}",
      2560,         0,         0,    8.71,bposd,1d42788997c955656e1579c9a1cc0f31acae501b320f438e36e23d7b8de7dc11,"{""A"":""x3y0+x0y1+x0y2"",""B"":""x0y3+x1y0+x2y0"",""b"":""X"",""d"":12,""excl_opp_detectors"":""True"",""k"":12,""l"":12,""leak_heralds"":""False"",""leak_repump"":""False"",""leakage"":""False"",""loss"":""False"",""m"":6,""n"":144,""p"":0.001,""prllel_1q"":Infinity,""prllel_2q"":6,""r"":20,""repump_cycles"":3,""seq_meas"":""False"",""seq_ops"":""True"",""swapLRC"":""False""}",
      2624,         0,         0,    8.75,bposd,1d42788997c955656e1579c9a1cc0f31acae501b320f438e36e23d7b8de7dc11,"{""A"":""x3y0+x0y1+x0y2"",""B"":""x0y3+x1y0+x2y0"",""b"":""X"",""d"":12,""excl_opp_detectors"":""True"",""k"":12,""l"":12,""leak_heralds"":""False"",""leak_repump"":""False"",""leakage"":""False"",""loss"":""False"",""m"":6,""n"":144,""p"":0.001,""prllel_1q"":Infinity,""prllel_2q"":6,""r"":20,""repump_cycles"":3,""seq_meas"":""False"",""seq_ops"":""True"",""swapLRC"":""False""}",
      1856,         0,         0,    6.30,bposd,1d42788997c955656e1579c9a1cc0f31acae501b320f438e36e23d7b8de7dc11,"{""A"":""x3y0+x0y1+x0y2"",""B"":""x0y3+x1y0+x2y0"",""b"":""X"",""d"":12,""excl_opp_detectors"":""True"",""k"":12,""l"":12,""leak_heralds"":""False"",""leak_repump"":""False"",""leakage"":""False"",""loss"":""False"",""m"":6,""n"":144,""p"":0.001,""prllel_1q"":Infinity,""prllel_2q"":6,""r"":20,""repump_cycles"":3,""seq_meas"":""False"",""seq_ops"":""True"",""swapLRC"":""False""}",
      1536,         0,         0,    9.79,bposd,1d42788997c955656e1579c9a1cc0f31acae501b320f438e36e23d7b8de7dc11,"{""A"":""x3y0+x0y1+x0y2"",""B"":""x0y3+x1y0+x2y0"",""b"":""X"",""d"":12,""excl_opp_detectors"":""True"",""k"":12,""l"":12,""leak_heralds"":""False"",""leak_repump"":""False"",""leakage"":""False"",""loss"":""False"",""m"":6,""n"":144,""p"":0.001,""prllel_1q"":Infinity,""prllel_2q"":6,""r"":20,""repump_cycles"":3,""seq_meas"":""False"",""seq_ops"":""True"",""swapLRC"":""False""}",
      2560,         0,         0,    8.37,bposd,1d42788997c955656e1579c9a1cc0f31acae501b320f438e36e23d7b8de7dc11,"{""A"":""x3y0+x0y1+x0y2"",""B"":""x0y3+x1y0+x2y0"",""b"":""X"",""d"":12,""excl_opp_detectors"":""True"",""k"":12,""l"":12,""leak_heralds"":""False"",""leak_repump"":""False"",""leakage"":""False"",""loss"":""False"",""m"":6,""n"":144,""p"":0.001,""prllel_1q"":Infinity,""prllel_2q"":6,""r"":20,""repump_cycles"":3,""seq_meas"":""False"",""seq_ops"":""True"",""swapLRC"":""False""}",
      2304,         0,         0,    8.41,bposd,1d42788997c955656e1579c9a1cc0f31acae501b320f438e36e23d7b8de7dc11,"{""A"":""x3y0+x0y1+x0y2"",""B"":""x0y3+x1y0+x2y0"",""b"":""X"",""d"":12,""excl_opp_detectors"":""True"",""k"":12,""l"":12,""leak_heralds"":""False"",""leak_repump"":""False"",""leakage"":""False"",""loss"":""False"",""m"":6,""n"":144,""p"":0.001,""prllel_1q"":Infinity,""prllel_2q"":6,""r"":20,""repump_cycles"":3,""seq_meas"":""False"",""seq_ops"":""True"",""swapLRC"":""False""}",
      1024,         0,         0,    8.52,bposd,1d42788997c955656e1579c9a1cc0f31acae501b320f438e36e23d7b8de7dc11,"{""A"":""x3y0+x0y1+x0y2"",""B"":""x0y3+x1y0+x2y0"",""b"":""X"",""d"":12,""excl_opp_detectors"":""True"",""k"":12,""l"":12,""leak_heralds"":""False"",""leak_repump"":""False"",""leakage"":""False"",""loss"":""False"",""m"":6,""n"":144,""p"":0.001,""prllel_1q"":Infinity,""prllel_2q"":6,""r"":20,""repump_cycles"":3,""seq_meas"":""False"",""seq_ops"":""True"",""swapLRC"":""False""}",
       256,         1,         0,    5.41,bposd,1d42788997c955656e1579c9a1cc0f31acae501b320f438e36e23d7b8de7dc11,"{""A"":""x3y0+x0y1+x0y2"",""B"":""x0y3+x1y0+x2y0"",""b"":""X"",""d"":12,""excl_opp_detectors"":""True"",""k"":12,""l"":12,""leak_heralds"":""False"",""leak_repump"":""False"",""leakage"":""False"",""loss"":""False"",""m"":6,""n"":144,""p"":0.001,""prllel_1q"":Infinity,""prllel_2q"":6,""r"":20,""repump_cycles"":3,""seq_meas"":""False"",""seq_ops"":""True"",""swapLRC"":""False""}",
       256,         0,         0,   0.814,bposd,1d42788997c955656e1579c9a1cc0f31acae501b320f438e36e23d7b8de7dc11,"{""A"":""x3y0+x0y1+x0y2"",""B"":""x0y3+x1y0+x2y0"",""b"":""X"",""d"":12,""excl_opp_detectors"":""True"",""k"":12,""l"":12,""leak_heralds"":""False"",""leak_repump"":""False"",""leakage"":""False"",""loss"":""False"",""m"":6,""n"":144,""p"":0.001,""prllel_1q"":Infinity,""prllel_2q"":6,""r"":20,""repump_cycles"":3,""seq_meas"":""False"",""seq_ops"":""True"",""swapLRC"":""False""}",
      1856,         0,         0,    6.55,bposd,1d42788997c955656e1579c9a1cc0f31acae501b320f438e36e23d7b8de7dc11,"{""A"":""x3y0+x0y1+x0y2"",""B"":""x0y3+x1y0+x2y0"",""b"":""X"",""d"":12,""excl_opp_detectors"":""True"",""k"":12,""l"":12,""leak_heralds"":""False"",""leak_repump"":""False"",""leakage"":""False"",""loss"":""False"",""m"":6,""n"":144,""p"":0.001,""prllel_1q"":Infinity,""prllel_2q"":6,""r"":20,""repump_cycles"":3,""seq_meas"":""False"",""seq_ops"":""True"",""swapLRC"":""False""}",
       512,         0,         0,    1.99,bposd,1d42788997c955656e1579c9a1cc0f31acae501b320f438e36e23d7b8de7dc11,"{""A"":""x3y0+x0y1+x0y2"",""B"":""x0y3+x1y0+x2y0"",""b"":""X"",""d"":12,""excl_opp_detectors"":""True"",""k"":12,""l"":12,""leak_heralds"":""False"",""leak_repump"":""False"",""leakage"":""False"",""loss"":""False"",""m"":6,""n"":144,""p"":0.001,""prllel_1q"":Infinity,""prllel_2q"":6,""r"":20,""repump_cycles"":3,""seq_meas"":""False"",""seq_ops"":""True"",""swapLRC"":""False""}",
       256,         0,         0,   0.771,bposd,1d42788997c955656e1579c9a1cc0f31acae501b320f438e36e23d7b8de7dc11,"{""A"":""x3y0+x0y1+x0y2"",""B"":""x0y3+x1y0+x2y0"",""b"":""X"",""d"":12,""excl_opp_detectors"":""True"",""k"":12,""l"":12,""leak_heralds"":""False"",""leak_repump"":""False"",""leakage"":""False"",""loss"":""False"",""m"":6,""n"":144,""p"":0.001,""prllel_1q"":Infinity,""prllel_2q"":6,""r"":20,""repump_cycles"":3,""seq_meas"":""False"",""seq_ops"":""True"",""swapLRC"":""False""}",
      1408,         0,         0,    5.66,bposd,1d42788997c955656e1579c9a1cc0f31acae501b320f438e36e23d7b8de7dc11,"{""A"":""x3y0+x0y1+x0y2"",""B"":""x0y3+x1y0+x2y0"",""b"":""X"",""d"":12,""excl_opp_detectors"":""True"",""k"":12,""l"":12,""leak_heralds"":""False"",""leak_repump"":""False"",""leakage"":""False"",""loss"":""False"",""m"":6,""n"":144,""p"":0.001,""prllel_1q"":Infinity,""prllel_2q"":6,""r"":20,""repump_cycles"":3,""seq_meas"":""False"",""seq_ops"":""True"",""swapLRC"":""False""}",
      2176,         0,         0,    7.20,bposd,1d42788997c955656e1579c9a1cc0f31acae501b320f438e36e23d7b8de7dc11,"{""A"":""x3y0+x0y1+x0y2"",""B"":""x0y3+x1y0+x2y0"",""b"":""X"",""d"":12,""excl_opp_detectors"":""True"",""k"":12,""l"":12,""leak_heralds"":""False"",""leak_repump"":""False"",""leakage"":""False"",""loss"":""False"",""m"":6,""n"":144,""p"":0.001,""prllel_1q"":Infinity,""prllel_2q"":6,""r"":20,""repump_cycles"":3,""seq_meas"":""False"",""seq_ops"":""True"",""swapLRC"":""False""}",
       512,         0,         0,    1.64,bposd,1d42788997c955656e1579c9a1cc0f31acae501b320f438e36e23d7b8de7dc11,"{""A"":""x3y0+x0y1+x0y2"",""B"":""x0y3+x1y0+x2y0"",""b"":""X"",""d"":12,""excl_opp_detectors"":""True"",""k"":12,""l"":12,""leak_heralds"":""False"",""leak_repump"":""False"",""leakage"":""False"",""loss"":""False"",""m"":6,""n"":144,""p"":0.001,""prllel_1q"":Infinity,""prllel_2q"":6,""r"":20,""repump_cycles"":3,""seq_meas"":""False"",""seq_ops"":""True"",""swapLRC"":""False""}",
      2496,         0,         0,    8.49,bposd,1d42788997c955656e1579c9a1cc0f31acae501b320f438e36e23d7b8de7dc11,"{""A"":""x3y0+x0y1+x0y2"",""B"":""x0y3+x1y0+x2y0"",""b"":""X"",""d"":12,""excl_opp_detectors"":""True"",""k"":12,""l"":12,""leak_heralds"":""False"",""leak_repump"":""False"",""leakage"":""False"",""loss"":""False"",""m"":6,""n"":144,""p"":0.001,""prllel_1q"":Infinity,""prllel_2q"":6,""r"":20,""repump_cycles"":3,""seq_meas"":""False"",""seq_ops"":""True"",""swapLRC"":""False""}",
       128,         0,         0,   0.406,bposd,1d42788997c955656e1579c9a1cc0f31acae501b320f438e36e23d7b8de7dc11,"{""A"":""x3y0+x0y1+x0y2"",""B"":""x0y3+x1y0+x2y0"",""b"":""X"",""d"":12,""excl_opp_detectors"":""True"",""k"":12,""l"":12,""leak_heralds"":""False"",""leak_repump"":""False"",""leakage"":""False"",""loss"":""False"",""m"":6,""n"":144,""p"":0.001,""prllel_1q"":Infinity,""prllel_2q"":6,""r"":20,""repump_cycles"":3,""seq_meas"":""False"",""seq_ops"":""True"",""swapLRC"":""False""}",
      1024,         0,         0,    3.85,bposd,1d42788997c955656e1579c9a1cc0f31acae501b320f438e36e23d7b8de7dc11,"{""A"":""x3y0+x0y1+x0y2"",""B"":""x0y3+x1y0+x2y0"",""b"":""X"",""d"":12,""excl_opp_detectors"":""True"",""k"":12,""l"":12,""leak_heralds"":""False"",""leak_repump"":""False"",""leakage"":""False"",""loss"":""False"",""m"":6,""n"":144,""p"":0.001,""prllel_1q"":Infinity,""prllel_2q"":6,""r"":20,""repump_cycles"":3,""seq_meas"":""False"",""seq_ops"":""True"",""swapLRC"":""False""}",
      1088,         0,         0,    5.39,bposd,1d42788997c955656e1579c9a1cc0f31acae501b320f438e36e23d7b8de7dc11,"{""A"":""x3y0+x0y1+x0y2"",""B"":""x0y3+x1y0+x2y0"",""b"":""X"",""d"":12,""excl_opp_detectors"":""True"",""k"":12,""l"":12,""leak_heralds"":""False"",""leak_repump"":""False"",""leakage"":""False"",""loss"":""False"",""m"":6,""n"":144,""p"":0.001,""prllel_1q"":Infinity,""prllel_2q"":6,""r"":20,""repump_cycles"":3,""seq_meas"":""False"",""seq_ops"":""True"",""swapLRC"":""False""}",
      2304,         0,         0,    7.20,bposd,1d42788997c955656e1579c9a1cc0f31acae501b320f438e36e23d7b8de7dc11,"{""A"":""x3y0+x0y1+x0y2"",""B"":""x0y3+x1y0+x2y0"",""b"":""X"",""d"":12,""excl_opp_detectors"":""True"",""k"":12,""l"":12,""leak_heralds"":""False"",""leak_repump"":""False"",""leakage"":""False"",""loss"":""False"",""m"":6,""n"":144,""p"":0.001,""prllel_1q"":Infinity,""prllel_2q"":6,""r"":20,""repump_cycles"":3,""seq_meas"":""False"",""seq_ops"":""True"",""swapLRC"":""False""}",
       512,         0,         0,    1.74,bposd,1d42788997c955656e1579c9a1cc0f31acae501b320f438e36e23d7b8de7dc11,"{""A"":""x3y0+x0y1+x0y2"",""B"":""x0y3+x1y0+x2y0"",""b"":""X"",""d"":12,""excl_opp_detectors"":""True"",""k"":12,""l"":12,""leak_heralds"":""False"",""leak_repump"":""False"",""leakage"":""False"",""loss"":""False"",""m"":6,""n"":144,""p"":0.001,""prllel_1q"":Infinity,""prllel_2q"":6,""r"":20,""repump_cycles"":3,""seq_meas"":""False"",""seq_ops"":""True"",""swapLRC"":""False""}",
       128,         0,         0,   0.379,bposd,1d42788997c955656e1579c9a1cc0f31acae501b320f438e36e23d7b8de7dc11,"{""A"":""x3y0+x0y1+x0y2"",""B"":""x0y3+x1y0+x2y0"",""b"":""X"",""d"":12,""excl_opp_detectors"":""True"",""k"":12,""l"":12,""leak_heralds"":""False"",""leak_repump"":""False"",""leakage"":""False"",""loss"":""False"",""m"":6,""n"":144,""p"":0.001,""prllel_1q"":Infinity,""prllel_2q"":6,""r"":20,""repump_cycles"":3,""seq_meas"":""False"",""seq_ops"":""True"",""swapLRC"":""False""}",
       832,         0,         0,    2.67,bposd,1d42788997c955656e1579c9a1cc0f31acae501b320f438e36e23d7b8de7dc11,"{""A"":""x3y0+x0y1+x0y2"",""B"":""x0y3+x1y0+x2y0"",""b"":""X"",""d"":12,""excl_opp_detectors"":""True"",""k"":12,""l"":12,""leak_heralds"":""False"",""leak_repump"":""False"",""leakage"":""False"",""loss"":""False"",""m"":6,""n"":144,""p"":0.001,""prllel_1q"":Infinity,""prllel_2q"":6,""r"":20,""repump_cycles"":3,""seq_meas"":""False"",""seq_ops"":""True"",""swapLRC"":""False""}",
       384,         0,         0,    1.29,bposd,1d42788997c955656e1579c9a1cc0f31acae501b320f438e36e23d7b8de7dc11,"{""A"":""x3y0+x0y1+x0y2"",""B"":""x0y3+x1y0+x2y0"",""b"":""X"",""d"":12,""excl_opp_detectors"":""True"",""k"":12,""l"":12,""leak_heralds"":""False"",""leak_repump"":""False"",""leakage"":""False"",""loss"":""False"",""m"":6,""n"":144,""p"":0.001,""prllel_1q"":Infinity,""prllel_2q"":6,""r"":20,""repump_cycles"":3,""seq_meas"":""False"",""seq_ops"":""True"",""swapLRC"":""False""}",
       512,         0,         0,    1.61,bposd,1d42788997c955656e1579c9a1cc0f31acae501b320f438e36e23d7b8de7dc11,"{""A"":""x3y0+x0y1+x0y2"",""B"":""x0y3+x1y0+x2y0"",""b"":""X"",""d"":12,""excl_opp_detectors"":""True"",""k"":12,""l"":12,""leak_heralds"":""False"",""leak_repump"":""False"",""leakage"":""False"",""loss"":""False"",""m"":6,""n"":144,""p"":0.001,""prllel_1q"":Infinity,""prllel_2q"":6,""r"":20,""repump_cycles"":3,""seq_meas"":""False"",""seq_ops"":""True"",""swapLRC"":""False""}",
       512,         0,         0,    1.90,bposd,1d42788997c955656e1579c9a1cc0f31acae501b320f438e36e23d7b8de7dc11,"{""A"":""x3y0+x0y1+x0y2"",""B"":""x0y3+x1y0+x2y0"",""b"":""X"",""d"":12,""excl_opp_detectors"":""True"",""k"":12,""l"":12,""leak_heralds"":""False"",""leak_repump"":""False"",""leakage"":""False"",""loss"":""False"",""m"":6,""n"":144,""p"":0.001,""prllel_1q"":Infinity,""prllel_2q"":6,""r"":20,""repump_cycles"":3,""seq_meas"":""False"",""seq_ops"":""True"",""swapLRC"":""False""}",
      1536,         0,         0,    6.55,bposd,1d42788997c955656e1579c9a1cc0f31acae501b320f438e36e23d7b8de7dc11,"{""A"":""x3y0+x0y1+x0y2"",""B"":""x0y3+x1y0+x2y0"",""b"":""X"",""d"":12,""excl_opp_detectors"":""True"",""k"":12,""l"":12,""leak_heralds"":""False"",""leak_repump"":""False"",""leakage"":""False"",""loss"":""False"",""m"":6,""n"":144,""p"":0.001,""prllel_1q"":Infinity,""prllel_2q"":6,""r"":20,""repump_cycles"":3,""seq_meas"":""False"",""seq_ops"":""True"",""swapLRC"":""False""}",
      1344,         0,         0,    5.82,bposd,1d42788997c955656e1579c9a1cc0f31acae501b320f438e36e23d7b8de7dc11,"{""A"":""x3y0+x0y1+x0y2"",""B"":""x0y3+x1y0+x2y0"",""b"":""X"",""d"":12,""excl_opp_detectors"":""True"",""k"":12,""l"":12,""leak_heralds"":""False"",""leak_repump"":""False"",""leakage"":""False"",""loss"":""False"",""m"":6,""n"":144,""p"":0.001,""prllel_1q"":Infinity,""prllel_2q"":6,""r"":20,""repump_cycles"":3,""seq_meas"":""False"",""seq_ops"":""True"",""swapLRC"":""False""}",
      2048,         0,         0,    7.35,bposd,1d42788997c955656e1579c9a1cc0f31acae501b320f438e36e23d7b8de7dc11,"{""A"":""x3y0+x0y1+x0y2"",""B"":""x0y3+x1y0+x2y0"",""b"":""X"",""d"":12,""excl_opp_detectors"":""True"",""k"":12,""l"":12,""leak_heralds"":""False"",""leak_repump"":""False"",""leakage"":""False"",""loss"":""False"",""m"":6,""n"":144,""p"":0.001,""prllel_1q"":Infinity,""prllel_2q"":6,""r"":20,""repump_cycles"":3,""seq_meas"":""False"",""seq_ops"":""True"",""swapLRC"":""False""}",
       640,         0,         0,    2.08,bposd,1d42788997c955656e1579c9a1cc0f31acae501b320f438e36e23d7b8de7dc11,"{""A"":""x3y0+x0y1+x0y2"",""B"":""x0y3+x1y0+x2y0"",""b"":""X"",""d"":12,""excl_opp_detectors"":""True"",""k"":12,""l"":12,""leak_heralds"":""False"",""leak_repump"":""False"",""leakage"":""False"",""loss"":""False"",""m"":6,""n"":144,""p"":0.001,""prllel_1q"":Infinity,""prllel_2q"":6,""r"":20,""repump_cycles"":3,""seq_meas"":""False"",""seq_ops"":""True"",""swapLRC"":""False""}",
      1792,         0,         0,    6.10,bposd,1d42788997c955656e1579c9a1cc0f31acae501b320f438e36e23d7b8de7dc11,"{""A"":""x3y0+x0y1+x0y2"",""B"":""x0y3+x1y0+x2y0"",""b"":""X"",""d"":12,""excl_opp_detectors"":""True"",""k"":12,""l"":12,""leak_heralds"":""False"",""leak_repump"":""False"",""leakage"":""False"",""loss"":""False"",""m"":6,""n"":144,""p"":0.001,""prllel_1q"":Infinity,""prllel_2q"":6,""r"":20,""repump_cycles"":3,""seq_meas"":""False"",""seq_ops"":""True"",""swapLRC"":""False""}",
      1792,         0,         0,    6.26,bposd,1d42788997c955656e1579c9a1cc0f31acae501b320f438e36e23d7b8de7dc11,"{""A"":""x3y0+x0y1+x0y2"",""B"":""x0y3+x1y0+x2y0"",""b"":""X"",""d"":12,""excl_opp_detectors"":""True"",""k"":12,""l"":12,""leak_heralds"":""False"",""leak_repump"":""False"",""leakage"":""False"",""loss"":""False"",""m"":6,""n"":144,""p"":0.001,""prllel_1q"":Infinity,""prllel_2q"":6,""r"":20,""repump_cycles"":3,""seq_meas"":""False"",""seq_ops"":""True"",""swapLRC"":""False""}",
      2176,         0,         0,    7.68,bposd,1d42788997c955656e1579c9a1cc0f31acae501b320f438e36e23d7b8de7dc11,"{""A"":""x3y0+x0y1+x0y2"",""B"":""x0y3+x1y0+x2y0"",""b"":""X"",""d"":12,""excl_opp_detectors"":""True"",""k"":12,""l"":12,""leak_heralds"":""False"",""leak_repump"":""False"",""leakage"":""False"",""loss"":""False"",""m"":6,""n"":144,""p"":0.001,""prllel_1q"":Infinity,""prllel_2q"":6,""r"":20,""repump_cycles"":3,""seq_meas"":""False"",""seq_ops"":""True"",""swapLRC"":""False""}",
      1024,         0,         0,    3.75,bposd,1d42788997c955656e1579c9a1cc0f31acae501b320f438e36e23d7b8de7dc11,"{""A"":""x3y0+x0y1+x0y2"",""B"":""x0y3+x1y0+x2y0"",""b"":""X"",""d"":12,""excl_opp_detectors"":""True"",""k"":12,""l"":12,""leak_heralds"":""False"",""leak_repump"":""False"",""leakage"":""False"",""loss"":""False"",""m"":6,""n"":144,""p"":0.001,""prllel_1q"":Infinity,""prllel_2q"":6,""r"":20,""repump_cycles"":3,""seq_meas"":""False"",""seq_ops"":""True"",""swapLRC"":""False""}",
       192,         0,         0,   0.602,bposd,1d42788997c955656e1579c9a1cc0f31acae501b320f438e36e23d7b8de7dc11,"{""A"":""x3y0+x0y1+x0y2"",""B"":""x0y3+x1y0+x2y0"",""b"":""X"",""d"":12,""excl_opp_detectors"":""True"",""k"":12,""l"":12,""leak_heralds"":""False"",""leak_repump"":""False"",""leakage"":""False"",""loss"":""False"",""m"":6,""n"":144,""p"":0.001,""prllel_1q"":Infinity,""prllel_2q"":6,""r"":20,""repump_cycles"":3,""seq_meas"":""False"",""seq_ops"":""True"",""swapLRC"":""False""}",
       512,         0,         0,    1.79,bposd,1d42788997c955656e1579c9a1cc0f31acae501b320f438e36e23d7b8de7dc11,"{""A"":""x3y0+x0y1+x0y2"",""B"":""x0y3+x1y0+x2y0"",""b"":""X"",""d"":12,""excl_opp_detectors"":""True"",""k"":12,""l"":12,""leak_heralds"":""False"",""leak_repump"":""False"",""leakage"":""False"",""loss"":""False"",""m"":6,""n"":144,""p"":0.001,""prllel_1q"":Infinity,""prllel_2q"":6,""r"":20,""repump_cycles"":3,""seq_meas"":""False"",""seq_ops"":""True"",""swapLRC"":""False""}",
      2432,         0,         0,    8.05,bposd,1d42788997c955656e1579c9a1cc0f31acae501b320f438e36e23d7b8de7dc11,"{""A"":""x3y0+x0y1+x0y2"",""B"":""x0y3+x1y0+x2y0"",""b"":""X"",""d"":12,""excl_opp_detectors"":""True"",""k"":12,""l"":12,""leak_heralds"":""False"",""leak_repump"":""False"",""leakage"":""False"",""loss"":""False"",""m"":6,""n"":144,""p"":0.001,""prllel_1q"":Infinity,""prllel_2q"":6,""r"":20,""repump_cycles"":3,""seq_meas"":""False"",""seq_ops"":""True"",""swapLRC"":""False""}",
      1088,         0,         0,    3.63,bposd,1d42788997c955656e1579c9a1cc0f31acae501b320f438e36e23d7b8de7dc11,"{""A"":""x3y0+x0y1+x0y2"",""B"":""x0y3+x1y0+x2y0"",""b"":""X"",""d"":12,""excl_opp_detectors"":""True"",""k"":12,""l"":12,""leak_heralds"":""False"",""leak_repump"":""False"",""leakage"":""False"",""loss"":""False"",""m"":6,""n"":144,""p"":0.001,""prllel_1q"":Infinity,""prllel_2q"":6,""r"":20,""repump_cycles"":3,""seq_meas"":""False"",""seq_ops"":""True"",""swapLRC"":""False""}",
       256,         0,         0,   0.867,bposd,1d42788997c955656e1579c9a1cc0f31acae501b320f438e36e23d7b8de7dc11,"{""A"":""x3y0+x0y1+x0y2"",""B"":""x0y3+x1y0+x2y0"",""b"":""X"",""d"":12,""excl_opp_detectors"":""True"",""k"":12,""l"":12,""leak_heralds"":""False"",""leak_repump"":""False"",""leakage"":""False"",""loss"":""False"",""m"":6,""n"":144,""p"":0.001,""prllel_1q"":Infinity,""prllel_2q"":6,""r"":20,""repump_cycles"":3,""seq_meas"":""False"",""seq_ops"":""True"",""swapLRC"":""False""}",
       384,         0,         0,    1.39,bposd,1d42788997c955656e1579c9a1cc0f31acae501b320f438e36e23d7b8de7dc11,"{""A"":""x3y0+x0y1+x0y2"",""B"":""x0y3+x1y0+x2y0"",""b"":""X"",""d"":12,""excl_opp_detectors"":""True"",""k"":12,""l"":12,""leak_heralds"":""False"",""leak_repump"":""False"",""leakage"":""False"",""loss"":""False"",""m"":6,""n"":144,""p"":0.001,""prllel_1q"":Infinity,""prllel_2q"":6,""r"":20,""repump_cycles"":3,""seq_meas"":""False"",""seq_ops"":""True"",""swapLRC"":""False""}",
      2048,         0,         0,    6.76,bposd,1d42788997c955656e1579c9a1cc0f31acae501b320f438e36e23d7b8de7dc11,"{""A"":""x3y0+x0y1+x0y2"",""B"":""x0y3+x1y0+x2y0"",""b"":""X"",""d"":12,""excl_opp_detectors"":""True"",""k"":12,""l"":12,""leak_heralds"":""False"",""leak_repump"":""False"",""leakage"":""False"",""loss"":""False"",""m"":6,""n"":144,""p"":0.001,""prllel_1q"":Infinity,""prllel_2q"":6,""r"":20,""repump_cycles"":3,""seq_meas"":""False"",""seq_ops"":""True"",""swapLRC"":""False""}",
      2496,         0,         0,    8.67,bposd,1d42788997c955656e1579c9a1cc0f31acae501b320f438e36e23d7b8de7dc11,"{""A"":""x3y0+x0y1+x0y2"",""B"":""x0y3+x1y0+x2y0"",""b"":""X"",""d"":12,""excl_opp_detectors"":""True"",""k"":12,""l"":12,""leak_heralds"":""False"",""leak_repump"":""False"",""leakage"":""False"",""loss"":""False"",""m"":6,""n"":144,""p"":0.001,""prllel_1q"":Infinity,""prllel_2q"":6,""r"":20,""repump_cycles"":3,""seq_meas"":""False"",""seq_ops"":""True"",""swapLRC"":""False""}",
      1152,         0,         0,    3.66,bposd,1d42788997c955656e1579c9a1cc0f31acae501b320f438e36e23d7b8de7dc11,"{""A"":""x3y0+x0y1+x0y2"",""B"":""x0y3+x1y0+x2y0"",""b"":""X"",""d"":12,""excl_opp_detectors"":""True"",""k"":12,""l"":12,""leak_heralds"":""False"",""leak_repump"":""False"",""leakage"":""False"",""loss"":""False"",""m"":6,""n"":144,""p"":0.001,""prllel_1q"":Infinity,""prllel_2q"":6,""r"":20,""repump_cycles"":3,""seq_meas"":""False"",""seq_ops"":""True"",""swapLRC"":""False""}",
      1088,         0,         0,    3.57,bposd,1d42788997c955656e1579c9a1cc0f31acae501b320f438e36e23d7b8de7dc11,"{""A"":""x3y0+x0y1+x0y2"",""B"":""x0y3+x1y0+x2y0"",""b"":""X"",""d"":12,""excl_opp_detectors"":""True"",""k"":12,""l"":12,""leak_heralds"":""False"",""leak_repump"":""False"",""leakage"":""False"",""loss"":""False"",""m"":6,""n"":144,""p"":0.001,""prllel_1q"":Infinity,""prllel_2q"":6,""r"":20,""repump_cycles"":3,""seq_meas"":""False"",""seq_ops"":""True"",""swapLRC"":""False""}",
       384,         0,         0,    1.25,bposd,1d42788997c955656e1579c9a1cc0f31acae501b320f438e36e23d7b8de7dc11,"{""A"":""x3y0+x0y1+x0y2"",""B"":""x0y3+x1y0+x2y0"",""b"":""X"",""d"":12,""excl_opp_detectors"":""True"",""k"":12,""l"":12,""leak_heralds"":""False"",""leak_repump"":""False"",""leakage"":""False"",""loss"":""False"",""m"":6,""n"":144,""p"":0.001,""prllel_1q"":Infinity,""prllel_2q"":6,""r"":20,""repump_cycles"":3,""seq_meas"":""False"",""seq_ops"":""True"",""swapLRC"":""False""}",
       512,         0,         0,    1.90,bposd,1d42788997c955656e1579c9a1cc0f31acae501b320f438e36e23d7b8de7dc11,"{""A"":""x3y0+x0y1+x0y2"",""B"":""x0y3+x1y0+x2y0"",""b"":""X"",""d"":12,""excl_opp_detectors"":""True"",""k"":12,""l"":12,""leak_heralds"":""False"",""leak_repump"":""False"",""leakage"":""False"",""loss"":""False"",""m"":6,""n"":144,""p"":0.001,""prllel_1q"":Infinity,""prllel_2q"":6,""r"":20,""repump_cycles"":3,""seq_meas"":""False"",""seq_ops"":""True"",""swapLRC"":""False""}",
      1920,         0,         0,    11.2,bposd,1d42788997c955656e1579c9a1cc0f31acae501b320f438e36e23d7b8de7dc11,"{""A"":""x3y0+x0y1+x0y2"",""B"":""x0y3+x1y0+x2y0"",""b"":""X"",""d"":12,""excl_opp_detectors"":""True"",""k"":12,""l"":12,""leak_heralds"":""False"",""leak_repump"":""False"",""leakage"":""False"",""loss"":""False"",""m"":6,""n"":144,""p"":0.001,""prllel_1q"":Infinity,""prllel_2q"":6,""r"":20,""repump_cycles"":3,""seq_meas"":""False"",""seq_ops"":""True"",""swapLRC"":""False""}",
       128,         0,         0,   0.351,bposd,1d42788997c955656e1579c9a1cc0f31acae501b320f438e36e23d7b8de7dc11,"{""A"":""x3y0+x0y1+x0y2"",""B"":""x0y3+x1y0+x2y0"",""b"":""X"",""d"":12,""excl_opp_detectors"":""True"",""k"":12,""l"":12,""leak_heralds"":""False"",""leak_repump"":""False"",""leakage"":""False"",""loss"":""False"",""m"":6,""n"":144,""p"":0.001,""prllel_1q"":Infinity,""prllel_2q"":6,""r"":20,""repump_cycles"":3,""seq_meas"":""False"",""seq_ops"":""True"",""swapLRC"":""False""}",
      2432,         0,         0,    7.77,bposd,1d42788997c955656e1579c9a1cc0f31acae501b320f438e36e23d7b8de7dc11,"{""A"":""x3y0+x0y1+x0y2"",""B"":""x0y3+x1y0+x2y0"",""b"":""X"",""d"":12,""excl_opp_detectors"":""True"",""k"":12,""l"":12,""leak_heralds"":""False"",""leak_repump"":""False"",""leakage"":""False"",""loss"":""False"",""m"":6,""n"":144,""p"":0.001,""prllel_1q"":Infinity,""prllel_2q"":6,""r"":20,""repump_cycles"":3,""seq_meas"":""False"",""seq_ops"":""True"",""swapLRC"":""False""}",
      1280,         0,         0,    4.55,bposd,1d42788997c955656e1579c9a1cc0f31acae501b320f438e36e23d7b8de7dc11,"{""A"":""x3y0+x0y1+x0y2"",""B"":""x0y3+x1y0+x2y0"",""b"":""X"",""d"":12,""excl_opp_detectors"":""True"",""k"":12,""l"":12,""leak_heralds"":""False"",""leak_repump"":""False"",""leakage"":""False"",""loss"":""False"",""m"":6,""n"":144,""p"":0.001,""prllel_1q"":Infinity,""prllel_2q"":6,""r"":20,""repump_cycles"":3,""seq_meas"":""False"",""seq_ops"":""True"",""swapLRC"":""False""}",
      2304,         0,         0,    7.63,bposd,1d42788997c955656e1579c9a1cc0f31acae501b320f438e36e23d7b8de7dc11,"{""A"":""x3y0+x0y1+x0y2"",""B"":""x0y3+x1y0+x2y0"",""b"":""X"",""d"":12,""excl_opp_detectors"":""True"",""k"":12,""l"":12,""leak_heralds"":""False"",""leak_repump"":""False"",""leakage"":""False"",""loss"":""False"",""m"":6,""n"":144,""p"":0.001,""prllel_1q"":Infinity,""prllel_2q"":6,""r"":20,""repump_cycles"":3,""seq_meas"":""False"",""seq_ops"":""True"",""swapLRC"":""False""}",
      1280,         0,         0,    4.84,bposd,1d42788997c955656e1579c9a1cc0f31acae501b320f438e36e23d7b8de7dc11,"{""A"":""x3y0+x0y1+x0y2"",""B"":""x0y3+x1y0+x2y0"",""b"":""X"",""d"":12,""excl_opp_detectors"":""True"",""k"":12,""l"":12,""leak_heralds"":""False"",""leak_repump"":""False"",""leakage"":""False"",""loss"":""False"",""m"":6,""n"":144,""p"":0.001,""prllel_1q"":Infinity,""prllel_2q"":6,""r"":20,""repump_cycles"":3,""seq_meas"":""False"",""seq_ops"":""True"",""swapLRC"":""False""}",
      2176,         0,         0,    7.35,bposd,1d42788997c955656e1579c9a1cc0f31acae501b320f438e36e23d7b8de7dc11,"{""A"":""x3y0+x0y1+x0y2"",""B"":""x0y3+x1y0+x2y0"",""b"":""X"",""d"":12,""excl_opp_detectors"":""True"",""k"":12,""l"":12,""leak_heralds"":""False"",""leak_repump"":""False"",""leakage"":""False"",""loss"":""False"",""m"":6,""n"":144,""p"":0.001,""prllel_1q"":Infinity,""prllel_2q"":6,""r"":20,""repump_cycles"":3,""seq_meas"":""False"",""seq_ops"":""True"",""swapLRC"":""False""}",
       896,         0,         0,    3.21,bposd,1d42788997c955656e1579c9a1cc0f31acae501b320f438e36e23d7b8de7dc11,"{""A"":""x3y0+x0y1+x0y2"",""B"":""x0y3+x1y0+x2y0"",""b"":""X"",""d"":12,""excl_opp_detectors"":""True"",""k"":12,""l"":12,""leak_heralds"":""False"",""leak_repump"":""False"",""leakage"":""False"",""loss"":""False"",""m"":6,""n"":144,""p"":0.001,""prllel_1q"":Infinity,""prllel_2q"":6,""r"":20,""repump_cycles"":3,""seq_meas"":""False"",""seq_ops"":""True"",""swapLRC"":""False""}",
       640,         0,         0,    2.17,bposd,1d42788997c955656e1579c9a1cc0f31acae501b320f438e36e23d7b8de7dc11,"{""A"":""x3y0+x0y1+x0y2"",""B"":""x0y3+x1y0+x2y0"",""b"":""X"",""d"":12,""excl_opp_detectors"":""True"",""k"":12,""l"":12,""leak_heralds"":""False"",""leak_repump"":""False"",""leakage"":""False"",""loss"":""False"",""m"":6,""n"":144,""p"":0.001,""prllel_1q"":Infinity,""prllel_2q"":6,""r"":20,""repump_cycles"":3,""seq_meas"":""False"",""seq_ops"":""True"",""swapLRC"":""False""}",
      2368,         0,         0,    8.85,bposd,1d42788997c955656e1579c9a1cc0f31acae501b320f438e36e23d7b8de7dc11,"{""A"":""x3y0+x0y1+x0y2"",""B"":""x0y3+x1y0+x2y0"",""b"":""X"",""d"":12,""excl_opp_detectors"":""True"",""k"":12,""l"":12,""leak_heralds"":""False"",""leak_repump"":""False"",""leakage"":""False"",""loss"":""False"",""m"":6,""n"":144,""p"":0.001,""prllel_1q"":Infinity,""prllel_2q"":6,""r"":20,""repump_cycles"":3,""seq_meas"":""False"",""seq_ops"":""True"",""swapLRC"":""False""}",
       448,         0,         0,    2.65,bposd,1d42788997c955656e1579c9a1cc0f31acae501b320f438e36e23d7b8de7dc11,"{""A"":""x3y0+x0y1+x0y2"",""B"":""x0y3+x1y0+x2y0"",""b"":""X"",""d"":12,""excl_opp_detectors"":""True"",""k"":12,""l"":12,""leak_heralds"":""False"",""leak_repump"":""False"",""leakage"":""False"",""loss"":""False"",""m"":6,""n"":144,""p"":0.001,""prllel_1q"":Infinity,""prllel_2q"":6,""r"":20,""repump_cycles"":3,""seq_meas"":""False"",""seq_ops"":""True"",""swapLRC"":""False""}",
      1472,         0,         0,    6.71,bposd,1d42788997c955656e1579c9a1cc0f31acae501b320f438e36e23d7b8de7dc11,"{""A"":""x3y0+x0y1+x0y2"",""B"":""x0y3+x1y0+x2y0"",""b"":""X"",""d"":12,""excl_opp_detectors"":""True"",""k"":12,""l"":12,""leak_heralds"":""False"",""leak_repump"":""False"",""leakage"":""False"",""loss"":""False"",""m"":6,""n"":144,""p"":0.001,""prllel_1q"":Infinity,""prllel_2q"":6,""r"":20,""repump_cycles"":3,""seq_meas"":""False"",""seq_ops"":""True"",""swapLRC"":""False""}",
       768,         0,         0,    2.98,bposd,1d42788997c955656e1579c9a1cc0f31acae501b320f438e36e23d7b8de7dc11,"{""A"":""x3y0+x0y1+x0y2"",""B"":""x0y3+x1y0+x2y0"",""b"":""X"",""d"":12,""excl_opp_detectors"":""True"",""k"":12,""l"":12,""leak_heralds"":""False"",""leak_repump"":""False"",""leakage"":""False"",""loss"":""False"",""m"":6,""n"":144,""p"":0.001,""prllel_1q"":Infinity,""prllel_2q"":6,""r"":20,""repump_cycles"":3,""seq_meas"":""False"",""seq_ops"":""True"",""swapLRC"":""False""}",
      1088,         0,         0,    3.65,bposd,1d42788997c955656e1579c9a1cc0f31acae501b320f438e36e23d7b8de7dc11,"{""A"":""x3y0+x0y1+x0y2"",""B"":""x0y3+x1y0+x2y0"",""b"":""X"",""d"":12,""excl_opp_detectors"":""True"",""k"":12,""l"":12,""leak_heralds"":""False"",""leak_repump"":""False"",""leakage"":""False"",""loss"":""False"",""m"":6,""n"":144,""p"":0.001,""prllel_1q"":Infinity,""prllel_2q"":6,""r"":20,""repump_cycles"":3,""seq_meas"":""False"",""seq_ops"":""True"",""swapLRC"":""False""}",
      1536,         0,         0,    9.96,bposd,1d42788997c955656e1579c9a1cc0f31acae501b320f438e36e23d7b8de7dc11,"{""A"":""x3y0+x0y1+x0y2"",""B"":""x0y3+x1y0+x2y0"",""b"":""X"",""d"":12,""excl_opp_detectors"":""True"",""k"":12,""l"":12,""leak_heralds"":""False"",""leak_repump"":""False"",""leakage"":""False"",""loss"":""False"",""m"":6,""n"":144,""p"":0.001,""prllel_1q"":Infinity,""prllel_2q"":6,""r"":20,""repump_cycles"":3,""seq_meas"":""False"",""seq_ops"":""True"",""swapLRC"":""False""}",
       512,         0,         0,    6.23,bposd,1d42788997c955656e1579c9a1cc0f31acae501b320f438e36e23d7b8de7dc11,"{""A"":""x3y0+x0y1+x0y2"",""B"":""x0y3+x1y0+x2y0"",""b"":""X"",""d"":12,""excl_opp_detectors"":""True"",""k"":12,""l"":12,""leak_heralds"":""False"",""leak_repump"":""False"",""leakage"":""False"",""loss"":""False"",""m"":6,""n"":144,""p"":0.001,""prllel_1q"":Infinity,""prllel_2q"":6,""r"":20,""repump_cycles"":3,""seq_meas"":""False"",""seq_ops"":""True"",""swapLRC"":""False""}",
       896,         0,         0,    7.32,bposd,1d42788997c955656e1579c9a1cc0f31acae501b320f438e36e23d7b8de7dc11,"{""A"":""x3y0+x0y1+x0y2"",""B"":""x0y3+x1y0+x2y0"",""b"":""X"",""d"":12,""excl_opp_detectors"":""True"",""k"":12,""l"":12,""leak_heralds"":""False"",""leak_repump"":""False"",""leakage"":""False"",""loss"":""False"",""m"":6,""n"":144,""p"":0.001,""prllel_1q"":Infinity,""prllel_2q"":6,""r"":20,""repump_cycles"":3,""seq_meas"":""False"",""seq_ops"":""True"",""swapLRC"":""False""}",
      1344,         0,         0,    5.48,bposd,1d42788997c955656e1579c9a1cc0f31acae501b320f438e36e23d7b8de7dc11,"{""A"":""x3y0+x0y1+x0y2"",""B"":""x0y3+x1y0+x2y0"",""b"":""X"",""d"":12,""excl_opp_detectors"":""True"",""k"":12,""l"":12,""leak_heralds"":""False"",""leak_repump"":""False"",""leakage"":""False"",""loss"":""False"",""m"":6,""n"":144,""p"":0.001,""prllel_1q"":Infinity,""prllel_2q"":6,""r"":20,""repump_cycles"":3,""seq_meas"":""False"",""seq_ops"":""True"",""swapLRC"":""False""}",
      1856,         0,         0,    11.3,bposd,1d42788997c955656e1579c9a1cc0f31acae501b320f438e36e23d7b8de7dc11,"{""A"":""x3y0+x0y1+x0y2"",""B"":""x0y3+x1y0+x2y0"",""b"":""X"",""d"":12,""excl_opp_detectors"":""True"",""k"":12,""l"":12,""leak_heralds"":""False"",""leak_repump"":""False"",""leakage"":""False"",""loss"":""False"",""m"":6,""n"":144,""p"":0.001,""prllel_1q"":Infinity,""prllel_2q"":6,""r"":20,""repump_cycles"":3,""seq_meas"":""False"",""seq_ops"":""True"",""swapLRC"":""False""}",
      2368,         0,         0,    11.9,bposd,1d42788997c955656e1579c9a1cc0f31acae501b320f438e36e23d7b8de7dc11,"{""A"":""x3y0+x0y1+x0y2"",""B"":""x0y3+x1y0+x2y0"",""b"":""X"",""d"":12,""excl_opp_detectors"":""True"",""k"":12,""l"":12,""leak_heralds"":""False"",""leak_repump"":""False"",""leakage"":""False"",""loss"":""False"",""m"":6,""n"":144,""p"":0.001,""prllel_1q"":Infinity,""prllel_2q"":6,""r"":20,""repump_cycles"":3,""seq_meas"":""False"",""seq_ops"":""True"",""swapLRC"":""False""}",
      1600,         0,         0,    9.40,bposd,1d42788997c955656e1579c9a1cc0f31acae501b320f438e36e23d7b8de7dc11,"{""A"":""x3y0+x0y1+x0y2"",""B"":""x0y3+x1y0+x2y0"",""b"":""X"",""d"":12,""excl_opp_detectors"":""True"",""k"":12,""l"":12,""leak_heralds"":""False"",""leak_repump"":""False"",""leakage"":""False"",""loss"":""False"",""m"":6,""n"":144,""p"":0.001,""prllel_1q"":Infinity,""prllel_2q"":6,""r"":20,""repump_cycles"":3,""seq_meas"":""False"",""seq_ops"":""True"",""swapLRC"":""False""}",
      2048,         0,         0,    11.9,bposd,1d42788997c955656e1579c9a1cc0f31acae501b320f438e36e23d7b8de7dc11,"{""A"":""x3y0+x0y1+x0y2"",""B"":""x0y3+x1y0+x2y0"",""b"":""X"",""d"":12,""excl_opp_detectors"":""True"",""k"":12,""l"":12,""leak_heralds"":""False"",""leak_repump"":""False"",""leakage"":""False"",""loss"":""False"",""m"":6,""n"":144,""p"":0.001,""prllel_1q"":Infinity,""prllel_2q"":6,""r"":20,""repump_cycles"":3,""seq_meas"":""False"",""seq_ops"":""True"",""swapLRC"":""False""}",
      1792,         0,         0,    10.3,bposd,1d42788997c955656e1579c9a1cc0f31acae501b320f438e36e23d7b8de7dc11,"{""A"":""x3y0+x0y1+x0y2"",""B"":""x0y3+x1y0+x2y0"",""b"":""X"",""d"":12,""excl_opp_detectors"":""True"",""k"":12,""l"":12,""leak_heralds"":""False"",""leak_repump"":""False"",""leakage"":""False"",""loss"":""False"",""m"":6,""n"":144,""p"":0.001,""prllel_1q"":Infinity,""prllel_2q"":6,""r"":20,""repump_cycles"":3,""seq_meas"":""False"",""seq_ops"":""True"",""swapLRC"":""False""}",
      1024,         0,         0,    7.84,bposd,1d42788997c955656e1579c9a1cc0f31acae501b320f438e36e23d7b8de7dc11,"{""A"":""x3y0+x0y1+x0y2"",""B"":""x0y3+x1y0+x2y0"",""b"":""X"",""d"":12,""excl_opp_detectors"":""True"",""k"":12,""l"":12,""leak_heralds"":""False"",""leak_repump"":""False"",""leakage"":""False"",""loss"":""False"",""m"":6,""n"":144,""p"":0.001,""prllel_1q"":Infinity,""prllel_2q"":6,""r"":20,""repump_cycles"":3,""seq_meas"":""False"",""seq_ops"":""True"",""swapLRC"":""False""}",
       576,         0,         0,    6.81,bposd,1d42788997c955656e1579c9a1cc0f31acae501b320f438e36e23d7b8de7dc11,"{""A"":""x3y0+x0y1+x0y2"",""B"":""x0y3+x1y0+x2y0"",""b"":""X"",""d"":12,""excl_opp_detectors"":""True"",""k"":12,""l"":12,""leak_heralds"":""False"",""leak_repump"":""False"",""leakage"":""False"",""loss"":""False"",""m"":6,""n"":144,""p"":0.001,""prllel_1q"":Infinity,""prllel_2q"":6,""r"":20,""repump_cycles"":3,""seq_meas"":""False"",""seq_ops"":""True"",""swapLRC"":""False""}",
