     shots,    errors,  discards, seconds,decoder,strong_id,json_metadata,custom_counts
         1,         0,         0,   0.147,bposd,c9218314ee5d2c29ac5b79f503bdaac3ce26a9b213afefd64c343acf4ff0b5a4,"{""A"":""x0y0+x1y0"",""B"":""x0y0+x0y10+x3y20"",""b"":""X"",""d"":7,""excl_opp_detectors"":""True"",""k"":40,""l"":8,""leak_heralds"":""False"",""leak_repump"":""True"",""leakage"":""True"",""loss"":""True"",""m"":30,""n"":480,""p"":0.001,""prllel_1q"":480,""prllel_2q"":120,""r"":20,""repump_cycles"":3,""seq_meas"":""True"",""seq_ops"":""True"",""swapLRC"":""False""}",
         1,         0,         0,   0.121,bposd,c9218314ee5d2c29ac5b79f503bdaac3ce26a9b213afefd64c343acf4ff0b5a4,"{""A"":""x0y0+x1y0"",""B"":""x0y0+x0y10+x3y20"",""b"":""X"",""d"":7,""excl_opp_detectors"":""True"",""k"":40,""l"":8,""leak_heralds"":""False"",""leak_repump"":""True"",""leakage"":""True"",""loss"":""True"",""m"":30,""n"":480,""p"":0.001,""prllel_1q"":480,""prllel_2q"":120,""r"":20,""repump_cycles"":3,""seq_meas"":""True"",""seq_ops"":""True"",""swapLRC"":""False""}",
         1,         0,         0,   0.119,bposd,c9218314ee5d2c29ac5b79f503bdaac3ce26a9b213afefd64c343acf4ff0b5a4,"{""A"":""x0y0+x1y0"",""B"":""x0y0+x0y10+x3y20"",""b"":""X"",""d"":7,""excl_opp_detectors"":""True"",""k"":40,""l"":8,""leak_heralds"":""False"",""leak_repump"":""True"",""leakage"":""True"",""loss"":""True"",""m"":30,""n"":480,""p"":0.001,""prllel_1q"":480,""prllel_2q"":120,""r"":20,""repump_cycles"":3,""seq_meas"":""True"",""seq_ops"":""True"",""swapLRC"":""False""}",
         1,         0,         0,    2.98,bposd,c9218314ee5d2c29ac5b79f503bdaac3ce26a9b213afefd64c343acf4ff0b5a4,"{""A"":""x0y0+x1y0"",""B"":""x0y0+x0y10+x3y20"",""b"":""X"",""d"":7,""excl_opp_detectors"":""True"",""k"":40,""l"":8,""leak_heralds"":""False"",""leak_repump"":""True"",""leakage"":""True"",""loss"":""True"",""m"":30,""n"":480,""p"":0.001,""prllel_1q"":480,""prllel_2q"":120,""r"":20,""repump_cycles"":3,""seq_meas"":""True"",""seq_ops"":""True"",""swapLRC"":""False""}",
         1,         0,         0,   0.192,bposd,c9218314ee5d2c29ac5b79f503bdaac3ce26a9b213afefd64c343acf4ff0b5a4,"{""A"":""x0y0+x1y0"",""B"":""x0y0+x0y10+x3y20"",""b"":""X"",""d"":7,""excl_opp_detectors"":""True"",""k"":40,""l"":8,""leak_heralds"":""False"",""leak_repump"":""True"",""leakage"":""True"",""loss"":""True"",""m"":30,""n"":480,""p"":0.001,""prllel_1q"":480,""prllel_2q"":120,""r"":20,""repump_cycles"":3,""seq_meas"":""True"",""seq_ops"":""True"",""swapLRC"":""False""}",
         2,         0,         0,   0.186,bposd,c9218314ee5d2c29ac5b79f503bdaac3ce26a9b213afefd64c343acf4ff0b5a4,"{""A"":""x0y0+x1y0"",""B"":""x0y0+x0y10+x3y20"",""b"":""X"",""d"":7,""excl_opp_detectors"":""True"",""k"":40,""l"":8,""leak_heralds"":""False"",""leak_repump"":""True"",""leakage"":""True"",""loss"":""True"",""m"":30,""n"":480,""p"":0.001,""prllel_1q"":480,""prllel_2q"":120,""r"":20,""repump_cycles"":3,""seq_meas"":""True"",""seq_ops"":""True"",""swapLRC"":""False""}",
         1,         0,         0,   0.143,bposd,c9218314ee5d2c29ac5b79f503bdaac3ce26a9b213afefd64c343acf4ff0b5a4,"{""A"":""x0y0+x1y0"",""B"":""x0y0+x0y10+x3y20"",""b"":""X"",""d"":7,""excl_opp_detectors"":""True"",""k"":40,""l"":8,""leak_heralds"":""False"",""leak_repump"":""True"",""leakage"":""True"",""loss"":""True"",""m"":30,""n"":480,""p"":0.001,""prllel_1q"":480,""prllel_2q"":120,""r"":20,""repump_cycles"":3,""seq_meas"":""True"",""seq_ops"":""True"",""swapLRC"":""False""}",
         1,         0,         0,   0.163,bposd,c9218314ee5d2c29ac5b79f503bdaac3ce26a9b213afefd64c343acf4ff0b5a4,"{""A"":""x0y0+x1y0"",""B"":""x0y0+x0y10+x3y20"",""b"":""X"",""d"":7,""excl_opp_detectors"":""True"",""k"":40,""l"":8,""leak_heralds"":""False"",""leak_repump"":""True"",""leakage"":""True"",""loss"":""True"",""m"":30,""n"":480,""p"":0.001,""prllel_1q"":480,""prllel_2q"":120,""r"":20,""repump_cycles"":3,""seq_meas"":""True"",""seq_ops"":""True"",""swapLRC"":""False""}",
         1,         0,         0,   0.200,bposd,c9218314ee5d2c29ac5b79f503bdaac3ce26a9b213afefd64c343acf4ff0b5a4,"{""A"":""x0y0+x1y0"",""B"":""x0y0+x0y10+x3y20"",""b"":""X"",""d"":7,""excl_opp_detectors"":""True"",""k"":40,""l"":8,""leak_heralds"":""False"",""leak_repump"":""True"",""leakage"":""True"",""loss"":""True"",""m"":30,""n"":480,""p"":0.001,""prllel_1q"":480,""prllel_2q"":120,""r"":20,""repump_cycles"":3,""seq_meas"":""True"",""seq_ops"":""True"",""swapLRC"":""False""}",
         2,         0,         0,   0.198,bposd,c9218314ee5d2c29ac5b79f503bdaac3ce26a9b213afefd64c343acf4ff0b5a4,"{""A"":""x0y0+x1y0"",""B"":""x0y0+x0y10+x3y20"",""b"":""X"",""d"":7,""excl_opp_detectors"":""True"",""k"":40,""l"":8,""leak_heralds"":""False"",""leak_repump"":""True"",""leakage"":""True"",""loss"":""True"",""m"":30,""n"":480,""p"":0.001,""prllel_1q"":480,""prllel_2q"":120,""r"":20,""repump_cycles"":3,""seq_meas"":""True"",""seq_ops"":""True"",""swapLRC"":""False""}",
         4,         0,         0,   0.272,bposd,c9218314ee5d2c29ac5b79f503bdaac3ce26a9b213afefd64c343acf4ff0b5a4,"{""A"":""x0y0+x1y0"",""B"":""x0y0+x0y10+x3y20"",""b"":""X"",""d"":7,""excl_opp_detectors"":""True"",""k"":40,""l"":8,""leak_heralds"":""False"",""leak_repump"":""True"",""leakage"":""True"",""loss"":""True"",""m"":30,""n"":480,""p"":0.001,""prllel_1q"":480,""prllel_2q"":120,""r"":20,""repump_cycles"":3,""seq_meas"":""True"",""seq_ops"":""True"",""swapLRC"":""False""}",
         4,         0,         0,    31.0,bposd,c9218314ee5d2c29ac5b79f503bdaac3ce26a9b213afefd64c343acf4ff0b5a4,"{""A"":""x0y0+x1y0"",""B"":""x0y0+x0y10+x3y20"",""b"":""X"",""d"":7,""excl_opp_detectors"":""True"",""k"":40,""l"":8,""leak_heralds"":""False"",""leak_repump"":""True"",""leakage"":""True"",""loss"":""True"",""m"":30,""n"":480,""p"":0.001,""prllel_1q"":480,""prllel_2q"":120,""r"":20,""repump_cycles"":3,""seq_meas"":""True"",""seq_ops"":""True"",""swapLRC"":""False""}",
         2,         0,         0,   0.197,bposd,c9218314ee5d2c29ac5b79f503bdaac3ce26a9b213afefd64c343acf4ff0b5a4,"{""A"":""x0y0+x1y0"",""B"":""x0y0+x0y10+x3y20"",""b"":""X"",""d"":7,""excl_opp_detectors"":""True"",""k"":40,""l"":8,""leak_heralds"":""False"",""leak_repump"":""True"",""leakage"":""True"",""loss"":""True"",""m"":30,""n"":480,""p"":0.001,""prllel_1q"":480,""prllel_2q"":120,""r"":20,""repump_cycles"":3,""seq_meas"":""True"",""seq_ops"":""True"",""swapLRC"":""False""}",
         4,         0,         0,   0.345,bposd,c9218314ee5d2c29ac5b79f503bdaac3ce26a9b213afefd64c343acf4ff0b5a4,"{""A"":""x0y0+x1y0"",""B"":""x0y0+x0y10+x3y20"",""b"":""X"",""d"":7,""excl_opp_detectors"":""True"",""k"":40,""l"":8,""leak_heralds"":""False"",""leak_repump"":""True"",""leakage"":""True"",""loss"":""True"",""m"":30,""n"":480,""p"":0.001,""prllel_1q"":480,""prllel_2q"":120,""r"":20,""repump_cycles"":3,""seq_meas"":""True"",""seq_ops"":""True"",""swapLRC"":""False""}",
         1,         1,         0,    74.2,bposd,c9218314ee5d2c29ac5b79f503bdaac3ce26a9b213afefd64c343acf4ff0b5a4,"{""A"":""x0y0+x1y0"",""B"":""x0y0+x0y10+x3y20"",""b"":""X"",""d"":7,""excl_opp_detectors"":""True"",""k"":40,""l"":8,""leak_heralds"":""False"",""leak_repump"":""True"",""leakage"":""True"",""loss"":""True"",""m"":30,""n"":480,""p"":0.001,""prllel_1q"":480,""prllel_2q"":120,""r"":20,""repump_cycles"":3,""seq_meas"":""True"",""seq_ops"":""True"",""swapLRC"":""False""}",
         1,         0,         0,   0.301,bposd,c9218314ee5d2c29ac5b79f503bdaac3ce26a9b213afefd64c343acf4ff0b5a4,"{""A"":""x0y0+x1y0"",""B"":""x0y0+x0y10+x3y20"",""b"":""X"",""d"":7,""excl_opp_detectors"":""True"",""k"":40,""l"":8,""leak_heralds"":""False"",""leak_repump"":""True"",""leakage"":""True"",""loss"":""True"",""m"":30,""n"":480,""p"":0.001,""prllel_1q"":480,""prllel_2q"":120,""r"":20,""repump_cycles"":3,""seq_meas"":""True"",""seq_ops"":""True"",""swapLRC"":""False""}",
         1,         0,         0,   0.147,bposd,c9218314ee5d2c29ac5b79f503bdaac3ce26a9b213afefd64c343acf4ff0b5a4,"{""A"":""x0y0+x1y0"",""B"":""x0y0+x0y10+x3y20"",""b"":""X"",""d"":7,""excl_opp_detectors"":""True"",""k"":40,""l"":8,""leak_heralds"":""False"",""leak_repump"":""True"",""leakage"":""True"",""loss"":""True"",""m"":30,""n"":480,""p"":0.001,""prllel_1q"":480,""prllel_2q"":120,""r"":20,""repump_cycles"":3,""seq_meas"":""True"",""seq_ops"":""True"",""swapLRC"":""False""}",
         2,         0,         0,    73.1,bposd,c9218314ee5d2c29ac5b79f503bdaac3ce26a9b213afefd64c343acf4ff0b5a4,"{""A"":""x0y0+x1y0"",""B"":""x0y0+x0y10+x3y20"",""b"":""X"",""d"":7,""excl_opp_detectors"":""True"",""k"":40,""l"":8,""leak_heralds"":""False"",""leak_repump"":""True"",""leakage"":""True"",""loss"":""True"",""m"":30,""n"":480,""p"":0.001,""prllel_1q"":480,""prllel_2q"":120,""r"":20,""repump_cycles"":3,""seq_meas"":""True"",""seq_ops"":""True"",""swapLRC"":""False""}",
         1,         0,         0,   0.342,bposd,c9218314ee5d2c29ac5b79f503bdaac3ce26a9b213afefd64c343acf4ff0b5a4,"{""A"":""x0y0+x1y0"",""B"":""x0y0+x0y10+x3y20"",""b"":""X"",""d"":7,""excl_opp_detectors"":""True"",""k"":40,""l"":8,""leak_heralds"":""False"",""leak_repump"":""True"",""leakage"":""True"",""loss"":""True"",""m"":30,""n"":480,""p"":0.001,""prllel_1q"":480,""prllel_2q"":120,""r"":20,""repump_cycles"":3,""seq_meas"":""True"",""seq_ops"":""True"",""swapLRC"":""False""}",
         1,         0,         0,   0.197,bposd,c9218314ee5d2c29ac5b79f503bdaac3ce26a9b213afefd64c343acf4ff0b5a4,"{""A"":""x0y0+x1y0"",""B"":""x0y0+x0y10+x3y20"",""b"":""X"",""d"":7,""excl_opp_detectors"":""True"",""k"":40,""l"":8,""leak_heralds"":""False"",""leak_repump"":""True"",""leakage"":""True"",""loss"":""True"",""m"":30,""n"":480,""p"":0.001,""prllel_1q"":480,""prllel_2q"":120,""r"":20,""repump_cycles"":3,""seq_meas"":""True"",""seq_ops"":""True"",""swapLRC"":""False""}",
         2,         0,         0,   0.198,bposd,c9218314ee5d2c29ac5b79f503bdaac3ce26a9b213afefd64c343acf4ff0b5a4,"{""A"":""x0y0+x1y0"",""B"":""x0y0+x0y10+x3y20"",""b"":""X"",""d"":7,""excl_opp_detectors"":""True"",""k"":40,""l"":8,""leak_heralds"":""False"",""leak_repump"":""True"",""leakage"":""True"",""loss"":""True"",""m"":30,""n"":480,""p"":0.001,""prllel_1q"":480,""prllel_2q"":120,""r"":20,""repump_cycles"":3,""seq_meas"":""True"",""seq_ops"":""True"",""swapLRC"":""False""}",
         4,         0,         0,   0.479,bposd,c9218314ee5d2c29ac5b79f503bdaac3ce26a9b213afefd64c343acf4ff0b5a4,"{""A"":""x0y0+x1y0"",""B"":""x0y0+x0y10+x3y20"",""b"":""X"",""d"":7,""excl_opp_detectors"":""True"",""k"":40,""l"":8,""leak_heralds"":""False"",""leak_repump"":""True"",""leakage"":""True"",""loss"":""True"",""m"":30,""n"":480,""p"":0.001,""prllel_1q"":480,""prllel_2q"":120,""r"":20,""repump_cycles"":3,""seq_meas"":""True"",""seq_ops"":""True"",""swapLRC"":""False""}",
         8,         0,         0,    75.4,bposd,c9218314ee5d2c29ac5b79f503bdaac3ce26a9b213afefd64c343acf4ff0b5a4,"{""A"":""x0y0+x1y0"",""B"":""x0y0+x0y10+x3y20"",""b"":""X"",""d"":7,""excl_opp_detectors"":""True"",""k"":40,""l"":8,""leak_heralds"":""False"",""leak_repump"":""True"",""leakage"":""True"",""loss"":""True"",""m"":30,""n"":480,""p"":0.001,""prllel_1q"":480,""prllel_2q"":120,""r"":20,""repump_cycles"":3,""seq_meas"":""True"",""seq_ops"":""True"",""swapLRC"":""False""}",
         4,         0,         0,    5.30,bposd,c9218314ee5d2c29ac5b79f503bdaac3ce26a9b213afefd64c343acf4ff0b5a4,"{""A"":""x0y0+x1y0"",""B"":""x0y0+x0y10+x3y20"",""b"":""X"",""d"":7,""excl_opp_detectors"":""True"",""k"":40,""l"":8,""leak_heralds"":""False"",""leak_repump"":""True"",""leakage"":""True"",""loss"":""True"",""m"":30,""n"":480,""p"":0.001,""prllel_1q"":480,""prllel_2q"":120,""r"":20,""repump_cycles"":3,""seq_meas"":""True"",""seq_ops"":""True"",""swapLRC"":""False""}",
         4,         0,         0,    87.6,bposd,c9218314ee5d2c29ac5b79f503bdaac3ce26a9b213afefd64c343acf4ff0b5a4,"{""A"":""x0y0+x1y0"",""B"":""x0y0+x0y10+x3y20"",""b"":""X"",""d"":7,""excl_opp_detectors"":""True"",""k"":40,""l"":8,""leak_heralds"":""False"",""leak_repump"":""True"",""leakage"":""True"",""loss"":""True"",""m"":30,""n"":480,""p"":0.001,""prllel_1q"":480,""prllel_2q"":120,""r"":20,""repump_cycles"":3,""seq_meas"":""True"",""seq_ops"":""True"",""swapLRC"":""False""}",
         2,         0,         0,   0.291,bposd,c9218314ee5d2c29ac5b79f503bdaac3ce26a9b213afefd64c343acf4ff0b5a4,"{""A"":""x0y0+x1y0"",""B"":""x0y0+x0y10+x3y20"",""b"":""X"",""d"":7,""excl_opp_detectors"":""True"",""k"":40,""l"":8,""leak_heralds"":""False"",""leak_repump"":""True"",""leakage"":""True"",""loss"":""True"",""m"":30,""n"":480,""p"":0.001,""prllel_1q"":480,""prllel_2q"":120,""r"":20,""repump_cycles"":3,""seq_meas"":""True"",""seq_ops"":""True"",""swapLRC"":""False""}",
         4,         0,         0,   0.278,bposd,c9218314ee5d2c29ac5b79f503bdaac3ce26a9b213afefd64c343acf4ff0b5a4,"{""A"":""x0y0+x1y0"",""B"":""x0y0+x0y10+x3y20"",""b"":""X"",""d"":7,""excl_opp_detectors"":""True"",""k"":40,""l"":8,""leak_heralds"":""False"",""leak_repump"":""True"",""leakage"":""True"",""loss"":""True"",""m"":30,""n"":480,""p"":0.001,""prllel_1q"":480,""prllel_2q"":120,""r"":20,""repump_cycles"":3,""seq_meas"":""True"",""seq_ops"":""True"",""swapLRC"":""False""}",
         4,         0,         0,    65.1,bposd,c9218314ee5d2c29ac5b79f503bdaac3ce26a9b213afefd64c343acf4ff0b5a4,"{""A"":""x0y0+x1y0"",""B"":""x0y0+x0y10+x3y20"",""b"":""X"",""d"":7,""excl_opp_detectors"":""True"",""k"":40,""l"":8,""leak_heralds"":""False"",""leak_repump"":""True"",""leakage"":""True"",""loss"":""True"",""m"":30,""n"":480,""p"":0.001,""prllel_1q"":480,""prllel_2q"":120,""r"":20,""repump_cycles"":3,""seq_meas"":""True"",""seq_ops"":""True"",""swapLRC"":""False""}",
         2,         0,         0,   0.267,bposd,c9218314ee5d2c29ac5b79f503bdaac3ce26a9b213afefd64c343acf4ff0b5a4,"{""A"":""x0y0+x1y0"",""B"":""x0y0+x0y10+x3y20"",""b"":""X"",""d"":7,""excl_opp_detectors"":""True"",""k"":40,""l"":8,""leak_heralds"":""False"",""leak_repump"":""True"",""leakage"":""True"",""loss"":""True"",""m"":30,""n"":480,""p"":0.001,""prllel_1q"":480,""prllel_2q"":120,""r"":20,""repump_cycles"":3,""seq_meas"":""True"",""seq_ops"":""True"",""swapLRC"":""False""}",
         4,         0,         0,   140.5,bposd,c9218314ee5d2c29ac5b79f503bdaac3ce26a9b213afefd64c343acf4ff0b5a4,"{""A"":""x0y0+x1y0"",""B"":""x0y0+x0y10+x3y20"",""b"":""X"",""d"":7,""excl_opp_detectors"":""True"",""k"":40,""l"":8,""leak_heralds"":""False"",""leak_repump"":""True"",""leakage"":""True"",""loss"":""True"",""m"":30,""n"":480,""p"":0.001,""prllel_1q"":480,""prllel_2q"":120,""r"":20,""repump_cycles"":3,""seq_meas"":""True"",""seq_ops"":""True"",""swapLRC"":""False""}",
         2,         0,         0,   0.208,bposd,c9218314ee5d2c29ac5b79f503bdaac3ce26a9b213afefd64c343acf4ff0b5a4,"{""A"":""x0y0+x1y0"",""B"":""x0y0+x0y10+x3y20"",""b"":""X"",""d"":7,""excl_opp_detectors"":""True"",""k"":40,""l"":8,""leak_heralds"":""False"",""leak_repump"":""True"",""leakage"":""True"",""loss"":""True"",""m"":30,""n"":480,""p"":0.001,""prllel_1q"":480,""prllel_2q"":120,""r"":20,""repump_cycles"":3,""seq_meas"":""True"",""seq_ops"":""True"",""swapLRC"":""False""}",
         4,         0,         0,   149.6,bposd,c9218314ee5d2c29ac5b79f503bdaac3ce26a9b213afefd64c343acf4ff0b5a4,"{""A"":""x0y0+x1y0"",""B"":""x0y0+x0y10+x3y20"",""b"":""X"",""d"":7,""excl_opp_detectors"":""True"",""k"":40,""l"":8,""leak_heralds"":""False"",""leak_repump"":""True"",""leakage"":""True"",""loss"":""True"",""m"":30,""n"":480,""p"":0.001,""prllel_1q"":480,""prllel_2q"":120,""r"":20,""repump_cycles"":3,""seq_meas"":""True"",""seq_ops"":""True"",""swapLRC"":""False""}",
         2,         0,         0,   0.280,bposd,c9218314ee5d2c29ac5b79f503bdaac3ce26a9b213afefd64c343acf4ff0b5a4,"{""A"":""x0y0+x1y0"",""B"":""x0y0+x0y10+x3y20"",""b"":""X"",""d"":7,""excl_opp_detectors"":""True"",""k"":40,""l"":8,""leak_heralds"":""False"",""leak_repump"":""True"",""leakage"":""True"",""loss"":""True"",""m"":30,""n"":480,""p"":0.001,""prllel_1q"":480,""prllel_2q"":120,""r"":20,""repump_cycles"":3,""seq_meas"":""True"",""seq_ops"":""True"",""swapLRC"":""False""}",
         4,         0,         0,   0.383,bposd,c9218314ee5d2c29ac5b79f503bdaac3ce26a9b213afefd64c343acf4ff0b5a4,"{""A"":""x0y0+x1y0"",""B"":""x0y0+x0y10+x3y20"",""b"":""X"",""d"":7,""excl_opp_detectors"":""True"",""k"":40,""l"":8,""leak_heralds"":""False"",""leak_repump"":""True"",""leakage"":""True"",""loss"":""True"",""m"":30,""n"":480,""p"":0.001,""prllel_1q"":480,""prllel_2q"":120,""r"":20,""repump_cycles"":3,""seq_meas"":""True"",""seq_ops"":""True"",""swapLRC"":""False""}",
         4,         0,         0,   0.371,bposd,c9218314ee5d2c29ac5b79f503bdaac3ce26a9b213afefd64c343acf4ff0b5a4,"{""A"":""x0y0+x1y0"",""B"":""x0y0+x0y10+x3y20"",""b"":""X"",""d"":7,""excl_opp_detectors"":""True"",""k"":40,""l"":8,""leak_heralds"":""False"",""leak_repump"":""True"",""leakage"":""True"",""loss"":""True"",""m"":30,""n"":480,""p"":0.001,""prllel_1q"":480,""prllel_2q"":120,""r"":20,""repump_cycles"":3,""seq_meas"":""True"",""seq_ops"":""True"",""swapLRC"":""False""}",
         4,         0,         0,    3.41,bposd,c9218314ee5d2c29ac5b79f503bdaac3ce26a9b213afefd64c343acf4ff0b5a4,"{""A"":""x0y0+x1y0"",""B"":""x0y0+x0y10+x3y20"",""b"":""X"",""d"":7,""excl_opp_detectors"":""True"",""k"":40,""l"":8,""leak_heralds"":""False"",""leak_repump"":""True"",""leakage"":""True"",""loss"":""True"",""m"":30,""n"":480,""p"":0.001,""prllel_1q"":480,""prllel_2q"":120,""r"":20,""repump_cycles"":3,""seq_meas"":""True"",""seq_ops"":""True"",""swapLRC"":""False""}",
         4,         0,         0,   151.0,bposd,c9218314ee5d2c29ac5b79f503bdaac3ce26a9b213afefd64c343acf4ff0b5a4,"{""A"":""x0y0+x1y0"",""B"":""x0y0+x0y10+x3y20"",""b"":""X"",""d"":7,""excl_opp_detectors"":""True"",""k"":40,""l"":8,""leak_heralds"":""False"",""leak_repump"":""True"",""leakage"":""True"",""loss"":""True"",""m"":30,""n"":480,""p"":0.001,""prllel_1q"":480,""prllel_2q"":120,""r"":20,""repump_cycles"":3,""seq_meas"":""True"",""seq_ops"":""True"",""swapLRC"":""False""}",
         2,         0,         0,   0.479,bposd,c9218314ee5d2c29ac5b79f503bdaac3ce26a9b213afefd64c343acf4ff0b5a4,"{""A"":""x0y0+x1y0"",""B"":""x0y0+x0y10+x3y20"",""b"":""X"",""d"":7,""excl_opp_detectors"":""True"",""k"":40,""l"":8,""leak_heralds"":""False"",""leak_repump"":""True"",""leakage"":""True"",""loss"":""True"",""m"":30,""n"":480,""p"":0.001,""prllel_1q"":480,""prllel_2q"":120,""r"":20,""repump_cycles"":3,""seq_meas"":""True"",""seq_ops"":""True"",""swapLRC"":""False""}",
         4,         0,         0,    74.3,bposd,c9218314ee5d2c29ac5b79f503bdaac3ce26a9b213afefd64c343acf4ff0b5a4,"{""A"":""x0y0+x1y0"",""B"":""x0y0+x0y10+x3y20"",""b"":""X"",""d"":7,""excl_opp_detectors"":""True"",""k"":40,""l"":8,""leak_heralds"":""False"",""leak_repump"":""True"",""leakage"":""True"",""loss"":""True"",""m"":30,""n"":480,""p"":0.001,""prllel_1q"":480,""prllel_2q"":120,""r"":20,""repump_cycles"":3,""seq_meas"":""True"",""seq_ops"":""True"",""swapLRC"":""False""}",
         2,         0,         0,   0.227,bposd,c9218314ee5d2c29ac5b79f503bdaac3ce26a9b213afefd64c343acf4ff0b5a4,"{""A"":""x0y0+x1y0"",""B"":""x0y0+x0y10+x3y20"",""b"":""X"",""d"":7,""excl_opp_detectors"":""True"",""k"":40,""l"":8,""leak_heralds"":""False"",""leak_repump"":""True"",""leakage"":""True"",""loss"":""True"",""m"":30,""n"":480,""p"":0.001,""prllel_1q"":480,""prllel_2q"":120,""r"":20,""repump_cycles"":3,""seq_meas"":""True"",""seq_ops"":""True"",""swapLRC"":""False""}",
         2,         0,         0,   0.349,bposd,c9218314ee5d2c29ac5b79f503bdaac3ce26a9b213afefd64c343acf4ff0b5a4,"{""A"":""x0y0+x1y0"",""B"":""x0y0+x0y10+x3y20"",""b"":""X"",""d"":7,""excl_opp_detectors"":""True"",""k"":40,""l"":8,""leak_heralds"":""False"",""leak_repump"":""True"",""leakage"":""True"",""loss"":""True"",""m"":30,""n"":480,""p"":0.001,""prllel_1q"":480,""prllel_2q"":120,""r"":20,""repump_cycles"":3,""seq_meas"":""True"",""seq_ops"":""True"",""swapLRC"":""False""}",
         2,         0,         0,    3.12,bposd,c9218314ee5d2c29ac5b79f503bdaac3ce26a9b213afefd64c343acf4ff0b5a4,"{""A"":""x0y0+x1y0"",""B"":""x0y0+x0y10+x3y20"",""b"":""X"",""d"":7,""excl_opp_detectors"":""True"",""k"":40,""l"":8,""leak_heralds"":""False"",""leak_repump"":""True"",""leakage"":""True"",""loss"":""True"",""m"":30,""n"":480,""p"":0.001,""prllel_1q"":480,""prllel_2q"":120,""r"":20,""repump_cycles"":3,""seq_meas"":""True"",""seq_ops"":""True"",""swapLRC"":""False""}",
         1,         0,         0,   0.176,bposd,c9218314ee5d2c29ac5b79f503bdaac3ce26a9b213afefd64c343acf4ff0b5a4,"{""A"":""x0y0+x1y0"",""B"":""x0y0+x0y10+x3y20"",""b"":""X"",""d"":7,""excl_opp_detectors"":""True"",""k"":40,""l"":8,""leak_heralds"":""False"",""leak_repump"":""True"",""leakage"":""True"",""loss"":""True"",""m"":30,""n"":480,""p"":0.001,""prllel_1q"":480,""prllel_2q"":120,""r"":20,""repump_cycles"":3,""seq_meas"":""True"",""seq_ops"":""True"",""swapLRC"":""False""}",
         2,         0,         0,    75.8,bposd,c9218314ee5d2c29ac5b79f503bdaac3ce26a9b213afefd64c343acf4ff0b5a4,"{""A"":""x0y0+x1y0"",""B"":""x0y0+x0y10+x3y20"",""b"":""X"",""d"":7,""excl_opp_detectors"":""True"",""k"":40,""l"":8,""leak_heralds"":""False"",""leak_repump"":""True"",""leakage"":""True"",""loss"":""True"",""m"":30,""n"":480,""p"":0.001,""prllel_1q"":480,""prllel_2q"":120,""r"":20,""repump_cycles"":3,""seq_meas"":""True"",""seq_ops"":""True"",""swapLRC"":""False""}",
         1,         0,         0,   0.187,bposd,c9218314ee5d2c29ac5b79f503bdaac3ce26a9b213afefd64c343acf4ff0b5a4,"{""A"":""x0y0+x1y0"",""B"":""x0y0+x0y10+x3y20"",""b"":""X"",""d"":7,""excl_opp_detectors"":""True"",""k"":40,""l"":8,""leak_heralds"":""False"",""leak_repump"":""True"",""leakage"":""True"",""loss"":""True"",""m"":30,""n"":480,""p"":0.001,""prllel_1q"":480,""prllel_2q"":120,""r"":20,""repump_cycles"":3,""seq_meas"":""True"",""seq_ops"":""True"",""swapLRC"":""False""}",
         2,         0,         0,    6.37,bposd,c9218314ee5d2c29ac5b79f503bdaac3ce26a9b213afefd64c343acf4ff0b5a4,"{""A"":""x0y0+x1y0"",""B"":""x0y0+x0y10+x3y20"",""b"":""X"",""d"":7,""excl_opp_detectors"":""True"",""k"":40,""l"":8,""leak_heralds"":""False"",""leak_repump"":""True"",""leakage"":""True"",""loss"":""True"",""m"":30,""n"":480,""p"":0.001,""prllel_1q"":480,""prllel_2q"":120,""r"":20,""repump_cycles"":3,""seq_meas"":""True"",""seq_ops"":""True"",""swapLRC"":""False""}",
         1,         0,         0,   0.298,bposd,c9218314ee5d2c29ac5b79f503bdaac3ce26a9b213afefd64c343acf4ff0b5a4,"{""A"":""x0y0+x1y0"",""B"":""x0y0+x0y10+x3y20"",""b"":""X"",""d"":7,""excl_opp_detectors"":""True"",""k"":40,""l"":8,""leak_heralds"":""False"",""leak_repump"":""True"",""leakage"":""True"",""loss"":""True"",""m"":30,""n"":480,""p"":0.001,""prllel_1q"":480,""prllel_2q"":120,""r"":20,""repump_cycles"":3,""seq_meas"":""True"",""seq_ops"":""True"",""swapLRC"":""False""}",
         2,         0,         0,    5.31,bposd,c9218314ee5d2c29ac5b79f503bdaac3ce26a9b213afefd64c343acf4ff0b5a4,"{""A"":""x0y0+x1y0"",""B"":""x0y0+x0y10+x3y20"",""b"":""X"",""d"":7,""excl_opp_detectors"":""True"",""k"":40,""l"":8,""leak_heralds"":""False"",""leak_repump"":""True"",""leakage"":""True"",""loss"":""True"",""m"":30,""n"":480,""p"":0.001,""prllel_1q"":480,""prllel_2q"":120,""r"":20,""repump_cycles"":3,""seq_meas"":""True"",""seq_ops"":""True"",""swapLRC"":""False""}",
         6,         0,         0,    1.48,bposd,c9218314ee5d2c29ac5b79f503bdaac3ce26a9b213afefd64c343acf4ff0b5a4,"{""A"":""x0y0+x1y0"",""B"":""x0y0+x0y10+x3y20"",""b"":""X"",""d"":7,""excl_opp_detectors"":""True"",""k"":40,""l"":8,""leak_heralds"":""False"",""leak_repump"":""True"",""leakage"":""True"",""loss"":""True"",""m"":30,""n"":480,""p"":0.001,""prllel_1q"":480,""prllel_2q"":120,""r"":20,""repump_cycles"":3,""seq_meas"":""True"",""seq_ops"":""True"",""swapLRC"":""False""}",
         4,         0,         0,   0.488,bposd,c9218314ee5d2c29ac5b79f503bdaac3ce26a9b213afefd64c343acf4ff0b5a4,"{""A"":""x0y0+x1y0"",""B"":""x0y0+x0y10+x3y20"",""b"":""X"",""d"":7,""excl_opp_detectors"":""True"",""k"":40,""l"":8,""leak_heralds"":""False"",""leak_repump"":""True"",""leakage"":""True"",""loss"":""True"",""m"":30,""n"":480,""p"":0.001,""prllel_1q"":480,""prllel_2q"":120,""r"":20,""repump_cycles"":3,""seq_meas"":""True"",""seq_ops"":""True"",""swapLRC"":""False""}",
         4,         0,         0,   0.844,bposd,c9218314ee5d2c29ac5b79f503bdaac3ce26a9b213afefd64c343acf4ff0b5a4,"{""A"":""x0y0+x1y0"",""B"":""x0y0+x0y10+x3y20"",""b"":""X"",""d"":7,""excl_opp_detectors"":""True"",""k"":40,""l"":8,""leak_heralds"":""False"",""leak_repump"":""True"",""leakage"":""True"",""loss"":""True"",""m"":30,""n"":480,""p"":0.001,""prllel_1q"":480,""prllel_2q"":120,""r"":20,""repump_cycles"":3,""seq_meas"":""True"",""seq_ops"":""True"",""swapLRC"":""False""}",
         4,         0,         0,    69.5,bposd,c9218314ee5d2c29ac5b79f503bdaac3ce26a9b213afefd64c343acf4ff0b5a4,"{""A"":""x0y0+x1y0"",""B"":""x0y0+x0y10+x3y20"",""b"":""X"",""d"":7,""excl_opp_detectors"":""True"",""k"":40,""l"":8,""leak_heralds"":""False"",""leak_repump"":""True"",""leakage"":""True"",""loss"":""True"",""m"":30,""n"":480,""p"":0.001,""prllel_1q"":480,""prllel_2q"":120,""r"":20,""repump_cycles"":3,""seq_meas"":""True"",""seq_ops"":""True"",""swapLRC"":""False""}",
         4,         0,         0,    77.1,bposd,c9218314ee5d2c29ac5b79f503bdaac3ce26a9b213afefd64c343acf4ff0b5a4,"{""A"":""x0y0+x1y0"",""B"":""x0y0+x0y10+x3y20"",""b"":""X"",""d"":7,""excl_opp_detectors"":""True"",""k"":40,""l"":8,""leak_heralds"":""False"",""leak_repump"":""True"",""leakage"":""True"",""loss"":""True"",""m"":30,""n"":480,""p"":0.001,""prllel_1q"":480,""prllel_2q"":120,""r"":20,""repump_cycles"":3,""seq_meas"":""True"",""seq_ops"":""True"",""swapLRC"":""False""}",
         2,         0,         0,   0.254,bposd,c9218314ee5d2c29ac5b79f503bdaac3ce26a9b213afefd64c343acf4ff0b5a4,"{""A"":""x0y0+x1y0"",""B"":""x0y0+x0y10+x3y20"",""b"":""X"",""d"":7,""excl_opp_detectors"":""True"",""k"":40,""l"":8,""leak_heralds"":""False"",""leak_repump"":""True"",""leakage"":""True"",""loss"":""True"",""m"":30,""n"":480,""p"":0.001,""prllel_1q"":480,""prllel_2q"":120,""r"":20,""repump_cycles"":3,""seq_meas"":""True"",""seq_ops"":""True"",""swapLRC"":""False""}",
         4,         0,         0,   0.225,bposd,c9218314ee5d2c29ac5b79f503bdaac3ce26a9b213afefd64c343acf4ff0b5a4,"{""A"":""x0y0+x1y0"",""B"":""x0y0+x0y10+x3y20"",""b"":""X"",""d"":7,""excl_opp_detectors"":""True"",""k"":40,""l"":8,""leak_heralds"":""False"",""leak_repump"":""True"",""leakage"":""True"",""loss"":""True"",""m"":30,""n"":480,""p"":0.001,""prllel_1q"":480,""prllel_2q"":120,""r"":20,""repump_cycles"":3,""seq_meas"":""True"",""seq_ops"":""True"",""swapLRC"":""False""}",
         2,         0,         0,    73.3,bposd,c9218314ee5d2c29ac5b79f503bdaac3ce26a9b213afefd64c343acf4ff0b5a4,"{""A"":""x0y0+x1y0"",""B"":""x0y0+x0y10+x3y20"",""b"":""X"",""d"":7,""excl_opp_detectors"":""True"",""k"":40,""l"":8,""leak_heralds"":""False"",""leak_repump"":""True"",""leakage"":""True"",""loss"":""True"",""m"":30,""n"":480,""p"":0.001,""prllel_1q"":480,""prllel_2q"":120,""r"":20,""repump_cycles"":3,""seq_meas"":""True"",""seq_ops"":""True"",""swapLRC"":""False""}",
         8,         0,         0,    1.20,bposd,c9218314ee5d2c29ac5b79f503bdaac3ce26a9b213afefd64c343acf4ff0b5a4,"{""A"":""x0y0+x1y0"",""B"":""x0y0+x0y10+x3y20"",""b"":""X"",""d"":7,""excl_opp_detectors"":""True"",""k"":40,""l"":8,""leak_heralds"":""False"",""leak_repump"":""True"",""leakage"":""True"",""loss"":""True"",""m"":30,""n"":480,""p"":0.001,""prllel_1q"":480,""prllel_2q"":120,""r"":20,""repump_cycles"":3,""seq_meas"":""True"",""seq_ops"":""True"",""swapLRC"":""False""}",
         1,         0,         0,    72.2,bposd,c9218314ee5d2c29ac5b79f503bdaac3ce26a9b213afefd64c343acf4ff0b5a4,"{""A"":""x0y0+x1y0"",""B"":""x0y0+x0y10+x3y20"",""b"":""X"",""d"":7,""excl_opp_detectors"":""True"",""k"":40,""l"":8,""leak_heralds"":""False"",""leak_repump"":""True"",""leakage"":""True"",""loss"":""True"",""m"":30,""n"":480,""p"":0.001,""prllel_1q"":480,""prllel_2q"":120,""r"":20,""repump_cycles"":3,""seq_meas"":""True"",""seq_ops"":""True"",""swapLRC"":""False""}",
         1,         0,         0,   0.975,bposd,c9218314ee5d2c29ac5b79f503bdaac3ce26a9b213afefd64c343acf4ff0b5a4,"{""A"":""x0y0+x1y0"",""B"":""x0y0+x0y10+x3y20"",""b"":""X"",""d"":7,""excl_opp_detectors"":""True"",""k"":40,""l"":8,""leak_heralds"":""False"",""leak_repump"":""True"",""leakage"":""True"",""loss"":""True"",""m"":30,""n"":480,""p"":0.001,""prllel_1q"":480,""prllel_2q"":120,""r"":20,""repump_cycles"":3,""seq_meas"":""True"",""seq_ops"":""True"",""swapLRC"":""False""}",
        12,         0,         0,    73.5,bposd,c9218314ee5d2c29ac5b79f503bdaac3ce26a9b213afefd64c343acf4ff0b5a4,"{""A"":""x0y0+x1y0"",""B"":""x0y0+x0y10+x3y20"",""b"":""X"",""d"":7,""excl_opp_detectors"":""True"",""k"":40,""l"":8,""leak_heralds"":""False"",""leak_repump"":""True"",""leakage"":""True"",""loss"":""True"",""m"":30,""n"":480,""p"":0.001,""prllel_1q"":480,""prllel_2q"":120,""r"":20,""repump_cycles"":3,""seq_meas"":""True"",""seq_ops"":""True"",""swapLRC"":""False""}",
         4,         0,         0,   140.5,bposd,c9218314ee5d2c29ac5b79f503bdaac3ce26a9b213afefd64c343acf4ff0b5a4,"{""A"":""x0y0+x1y0"",""B"":""x0y0+x0y10+x3y20"",""b"":""X"",""d"":7,""excl_opp_detectors"":""True"",""k"":40,""l"":8,""leak_heralds"":""False"",""leak_repump"":""True"",""leakage"":""True"",""loss"":""True"",""m"":30,""n"":480,""p"":0.001,""prllel_1q"":480,""prllel_2q"":120,""r"":20,""repump_cycles"":3,""seq_meas"":""True"",""seq_ops"":""True"",""swapLRC"":""False""}",
         2,         0,         0,   0.306,bposd,c9218314ee5d2c29ac5b79f503bdaac3ce26a9b213afefd64c343acf4ff0b5a4,"{""A"":""x0y0+x1y0"",""B"":""x0y0+x0y10+x3y20"",""b"":""X"",""d"":7,""excl_opp_detectors"":""True"",""k"":40,""l"":8,""leak_heralds"":""False"",""leak_repump"":""True"",""leakage"":""True"",""loss"":""True"",""m"":30,""n"":480,""p"":0.001,""prllel_1q"":480,""prllel_2q"":120,""r"":20,""repump_cycles"":3,""seq_meas"":""True"",""seq_ops"":""True"",""swapLRC"":""False""}",
         2,         0,         0,   0.281,bposd,c9218314ee5d2c29ac5b79f503bdaac3ce26a9b213afefd64c343acf4ff0b5a4,"{""A"":""x0y0+x1y0"",""B"":""x0y0+x0y10+x3y20"",""b"":""X"",""d"":7,""excl_opp_detectors"":""True"",""k"":40,""l"":8,""leak_heralds"":""False"",""leak_repump"":""True"",""leakage"":""True"",""loss"":""True"",""m"":30,""n"":480,""p"":0.001,""prllel_1q"":480,""prllel_2q"":120,""r"":20,""repump_cycles"":3,""seq_meas"":""True"",""seq_ops"":""True"",""swapLRC"":""False""}",
         8,         1,         0,   151.8,bposd,c9218314ee5d2c29ac5b79f503bdaac3ce26a9b213afefd64c343acf4ff0b5a4,"{""A"":""x0y0+x1y0"",""B"":""x0y0+x0y10+x3y20"",""b"":""X"",""d"":7,""excl_opp_detectors"":""True"",""k"":40,""l"":8,""leak_heralds"":""False"",""leak_repump"":""True"",""leakage"":""True"",""loss"":""True"",""m"":30,""n"":480,""p"":0.001,""prllel_1q"":480,""prllel_2q"":120,""r"":20,""repump_cycles"":3,""seq_meas"":""True"",""seq_ops"":""True"",""swapLRC"":""False""}",
         4,         0,         0,    2.37,bposd,c9218314ee5d2c29ac5b79f503bdaac3ce26a9b213afefd64c343acf4ff0b5a4,"{""A"":""x0y0+x1y0"",""B"":""x0y0+x0y10+x3y20"",""b"":""X"",""d"":7,""excl_opp_detectors"":""True"",""k"":40,""l"":8,""leak_heralds"":""False"",""leak_repump"":""True"",""leakage"":""True"",""loss"":""True"",""m"":30,""n"":480,""p"":0.001,""prllel_1q"":480,""prllel_2q"":120,""r"":20,""repump_cycles"":3,""seq_meas"":""True"",""seq_ops"":""True"",""swapLRC"":""False""}",
         2,         0,         0,   0.294,bposd,c9218314ee5d2c29ac5b79f503bdaac3ce26a9b213afefd64c343acf4ff0b5a4,"{""A"":""x0y0+x1y0"",""B"":""x0y0+x0y10+x3y20"",""b"":""X"",""d"":7,""excl_opp_detectors"":""True"",""k"":40,""l"":8,""leak_heralds"":""False"",""leak_repump"":""True"",""leakage"":""True"",""loss"":""True"",""m"":30,""n"":480,""p"":0.001,""prllel_1q"":480,""prllel_2q"":120,""r"":20,""repump_cycles"":3,""seq_meas"":""True"",""seq_ops"":""True"",""swapLRC"":""False""}",
         2,         0,         0,    68.8,bposd,c9218314ee5d2c29ac5b79f503bdaac3ce26a9b213afefd64c343acf4ff0b5a4,"{""A"":""x0y0+x1y0"",""B"":""x0y0+x0y10+x3y20"",""b"":""X"",""d"":7,""excl_opp_detectors"":""True"",""k"":40,""l"":8,""leak_heralds"":""False"",""leak_repump"":""True"",""leakage"":""True"",""loss"":""True"",""m"":30,""n"":480,""p"":0.001,""prllel_1q"":480,""prllel_2q"":120,""r"":20,""repump_cycles"":3,""seq_meas"":""True"",""seq_ops"":""True"",""swapLRC"":""False""}",
         1,         0,         0,   0.154,bposd,c9218314ee5d2c29ac5b79f503bdaac3ce26a9b213afefd64c343acf4ff0b5a4,"{""A"":""x0y0+x1y0"",""B"":""x0y0+x0y10+x3y20"",""b"":""X"",""d"":7,""excl_opp_detectors"":""True"",""k"":40,""l"":8,""leak_heralds"":""False"",""leak_repump"":""True"",""leakage"":""True"",""loss"":""True"",""m"":30,""n"":480,""p"":0.001,""prllel_1q"":480,""prllel_2q"":120,""r"":20,""repump_cycles"":3,""seq_meas"":""True"",""seq_ops"":""True"",""swapLRC"":""False""}",
         4,         0,         0,   228.2,bposd,c9218314ee5d2c29ac5b79f503bdaac3ce26a9b213afefd64c343acf4ff0b5a4,"{""A"":""x0y0+x1y0"",""B"":""x0y0+x0y10+x3y20"",""b"":""X"",""d"":7,""excl_opp_detectors"":""True"",""k"":40,""l"":8,""leak_heralds"":""False"",""leak_repump"":""True"",""leakage"":""True"",""loss"":""True"",""m"":30,""n"":480,""p"":0.001,""prllel_1q"":480,""prllel_2q"":120,""r"":20,""repump_cycles"":3,""seq_meas"":""True"",""seq_ops"":""True"",""swapLRC"":""False""}",
         2,         0,         0,   0.226,bposd,c9218314ee5d2c29ac5b79f503bdaac3ce26a9b213afefd64c343acf4ff0b5a4,"{""A"":""x0y0+x1y0"",""B"":""x0y0+x0y10+x3y20"",""b"":""X"",""d"":7,""excl_opp_detectors"":""True"",""k"":40,""l"":8,""leak_heralds"":""False"",""leak_repump"":""True"",""leakage"":""True"",""loss"":""True"",""m"":30,""n"":480,""p"":0.001,""prllel_1q"":480,""prllel_2q"":120,""r"":20,""repump_cycles"":3,""seq_meas"":""True"",""seq_ops"":""True"",""swapLRC"":""False""}",
         3,         0,         0,    79.2,bposd,c9218314ee5d2c29ac5b79f503bdaac3ce26a9b213afefd64c343acf4ff0b5a4,"{""A"":""x0y0+x1y0"",""B"":""x0y0+x0y10+x3y20"",""b"":""X"",""d"":7,""excl_opp_detectors"":""True"",""k"":40,""l"":8,""leak_heralds"":""False"",""leak_repump"":""True"",""leakage"":""True"",""loss"":""True"",""m"":30,""n"":480,""p"":0.001,""prllel_1q"":480,""prllel_2q"":120,""r"":20,""repump_cycles"":3,""seq_meas"":""True"",""seq_ops"":""True"",""swapLRC"":""False""}",
         3,         0,         0,    78.4,bposd,c9218314ee5d2c29ac5b79f503bdaac3ce26a9b213afefd64c343acf4ff0b5a4,"{""A"":""x0y0+x1y0"",""B"":""x0y0+x0y10+x3y20"",""b"":""X"",""d"":7,""excl_opp_detectors"":""True"",""k"":40,""l"":8,""leak_heralds"":""False"",""leak_repump"":""True"",""leakage"":""True"",""loss"":""True"",""m"":30,""n"":480,""p"":0.001,""prllel_1q"":480,""prllel_2q"":120,""r"":20,""repump_cycles"":3,""seq_meas"":""True"",""seq_ops"":""True"",""swapLRC"":""False""}",
         6,         0,         0,    79.8,bposd,c9218314ee5d2c29ac5b79f503bdaac3ce26a9b213afefd64c343acf4ff0b5a4,"{""A"":""x0y0+x1y0"",""B"":""x0y0+x0y10+x3y20"",""b"":""X"",""d"":7,""excl_opp_detectors"":""True"",""k"":40,""l"":8,""leak_heralds"":""False"",""leak_repump"":""True"",""leakage"":""True"",""loss"":""True"",""m"":30,""n"":480,""p"":0.001,""prllel_1q"":480,""prllel_2q"":120,""r"":20,""repump_cycles"":3,""seq_meas"":""True"",""seq_ops"":""True"",""swapLRC"":""False""}",
         4,         0,         0,    79.3,bposd,c9218314ee5d2c29ac5b79f503bdaac3ce26a9b213afefd64c343acf4ff0b5a4,"{""A"":""x0y0+x1y0"",""B"":""x0y0+x0y10+x3y20"",""b"":""X"",""d"":7,""excl_opp_detectors"":""True"",""k"":40,""l"":8,""leak_heralds"":""False"",""leak_repump"":""True"",""leakage"":""True"",""loss"":""True"",""m"":30,""n"":480,""p"":0.001,""prllel_1q"":480,""prllel_2q"":120,""r"":20,""repump_cycles"":3,""seq_meas"":""True"",""seq_ops"":""True"",""swapLRC"":""False""}",
         6,         0,         0,    1.34,bposd,c9218314ee5d2c29ac5b79f503bdaac3ce26a9b213afefd64c343acf4ff0b5a4,"{""A"":""x0y0+x1y0"",""B"":""x0y0+x0y10+x3y20"",""b"":""X"",""d"":7,""excl_opp_detectors"":""True"",""k"":40,""l"":8,""leak_heralds"":""False"",""leak_repump"":""True"",""leakage"":""True"",""loss"":""True"",""m"":30,""n"":480,""p"":0.001,""prllel_1q"":480,""prllel_2q"":120,""r"":20,""repump_cycles"":3,""seq_meas"":""True"",""seq_ops"":""True"",""swapLRC"":""False""}",
        12,         0,         0,    5.09,bposd,c9218314ee5d2c29ac5b79f503bdaac3ce26a9b213afefd64c343acf4ff0b5a4,"{""A"":""x0y0+x1y0"",""B"":""x0y0+x0y10+x3y20"",""b"":""X"",""d"":7,""excl_opp_detectors"":""True"",""k"":40,""l"":8,""leak_heralds"":""False"",""leak_repump"":""True"",""leakage"":""True"",""loss"":""True"",""m"":30,""n"":480,""p"":0.001,""prllel_1q"":480,""prllel_2q"":120,""r"":20,""repump_cycles"":3,""seq_meas"":""True"",""seq_ops"":""True"",""swapLRC"":""False""}",
         2,         0,         0,    59.7,bposd,c9218314ee5d2c29ac5b79f503bdaac3ce26a9b213afefd64c343acf4ff0b5a4,"{""A"":""x0y0+x1y0"",""B"":""x0y0+x0y10+x3y20"",""b"":""X"",""d"":7,""excl_opp_detectors"":""True"",""k"":40,""l"":8,""leak_heralds"":""False"",""leak_repump"":""True"",""leakage"":""True"",""loss"":""True"",""m"":30,""n"":480,""p"":0.001,""prllel_1q"":480,""prllel_2q"":120,""r"":20,""repump_cycles"":3,""seq_meas"":""True"",""seq_ops"":""True"",""swapLRC"":""False""}",
         1,         0,         0,    75.7,bposd,c9218314ee5d2c29ac5b79f503bdaac3ce26a9b213afefd64c343acf4ff0b5a4,"{""A"":""x0y0+x1y0"",""B"":""x0y0+x0y10+x3y20"",""b"":""X"",""d"":7,""excl_opp_detectors"":""True"",""k"":40,""l"":8,""leak_heralds"":""False"",""leak_repump"":""True"",""leakage"":""True"",""loss"":""True"",""m"":30,""n"":480,""p"":0.001,""prllel_1q"":480,""prllel_2q"":120,""r"":20,""repump_cycles"":3,""seq_meas"":""True"",""seq_ops"":""True"",""swapLRC"":""False""}",
         4,         0,         0,    74.1,bposd,c9218314ee5d2c29ac5b79f503bdaac3ce26a9b213afefd64c343acf4ff0b5a4,"{""A"":""x0y0+x1y0"",""B"":""x0y0+x0y10+x3y20"",""b"":""X"",""d"":7,""excl_opp_detectors"":""True"",""k"":40,""l"":8,""leak_heralds"":""False"",""leak_repump"":""True"",""leakage"":""True"",""loss"":""True"",""m"":30,""n"":480,""p"":0.001,""prllel_1q"":480,""prllel_2q"":120,""r"":20,""repump_cycles"":3,""seq_meas"":""True"",""seq_ops"":""True"",""swapLRC"":""False""}",
         2,         0,         0,    1.65,bposd,c9218314ee5d2c29ac5b79f503bdaac3ce26a9b213afefd64c343acf4ff0b5a4,"{""A"":""x0y0+x1y0"",""B"":""x0y0+x0y10+x3y20"",""b"":""X"",""d"":7,""excl_opp_detectors"":""True"",""k"":40,""l"":8,""leak_heralds"":""False"",""leak_repump"":""True"",""leakage"":""True"",""loss"":""True"",""m"":30,""n"":480,""p"":0.001,""prllel_1q"":480,""prllel_2q"":120,""r"":20,""repump_cycles"":3,""seq_meas"":""True"",""seq_ops"":""True"",""swapLRC"":""False""}",
         4,         0,         0,   149.6,bposd,c9218314ee5d2c29ac5b79f503bdaac3ce26a9b213afefd64c343acf4ff0b5a4,"{""A"":""x0y0+x1y0"",""B"":""x0y0+x0y10+x3y20"",""b"":""X"",""d"":7,""excl_opp_detectors"":""True"",""k"":40,""l"":8,""leak_heralds"":""False"",""leak_repump"":""True"",""leakage"":""True"",""loss"":""True"",""m"":30,""n"":480,""p"":0.001,""prllel_1q"":480,""prllel_2q"":120,""r"":20,""repump_cycles"":3,""seq_meas"":""True"",""seq_ops"":""True"",""swapLRC"":""False""}",
         2,         0,         0,   0.414,bposd,c9218314ee5d2c29ac5b79f503bdaac3ce26a9b213afefd64c343acf4ff0b5a4,"{""A"":""x0y0+x1y0"",""B"":""x0y0+x0y10+x3y20"",""b"":""X"",""d"":7,""excl_opp_detectors"":""True"",""k"":40,""l"":8,""leak_heralds"":""False"",""leak_repump"":""True"",""leakage"":""True"",""loss"":""True"",""m"":30,""n"":480,""p"":0.001,""prllel_1q"":480,""prllel_2q"":120,""r"":20,""repump_cycles"":3,""seq_meas"":""True"",""seq_ops"":""True"",""swapLRC"":""False""}",
         2,         0,         0,   0.372,bposd,c9218314ee5d2c29ac5b79f503bdaac3ce26a9b213afefd64c343acf4ff0b5a4,"{""A"":""x0y0+x1y0"",""B"":""x0y0+x0y10+x3y20"",""b"":""X"",""d"":7,""excl_opp_detectors"":""True"",""k"":40,""l"":8,""leak_heralds"":""False"",""leak_repump"":""True"",""leakage"":""True"",""loss"":""True"",""m"":30,""n"":480,""p"":0.001,""prllel_1q"":480,""prllel_2q"":120,""r"":20,""repump_cycles"":3,""seq_meas"":""True"",""seq_ops"":""True"",""swapLRC"":""False""}",
         2,         0,         0,    74.1,bposd,c9218314ee5d2c29ac5b79f503bdaac3ce26a9b213afefd64c343acf4ff0b5a4,"{""A"":""x0y0+x1y0"",""B"":""x0y0+x0y10+x3y20"",""b"":""X"",""d"":7,""excl_opp_detectors"":""True"",""k"":40,""l"":8,""leak_heralds"":""False"",""leak_repump"":""True"",""leakage"":""True"",""loss"":""True"",""m"":30,""n"":480,""p"":0.001,""prllel_1q"":480,""prllel_2q"":120,""r"":20,""repump_cycles"":3,""seq_meas"":""True"",""seq_ops"":""True"",""swapLRC"":""False""}",
         1,         0,         0,    66.2,bposd,c9218314ee5d2c29ac5b79f503bdaac3ce26a9b213afefd64c343acf4ff0b5a4,"{""A"":""x0y0+x1y0"",""B"":""x0y0+x0y10+x3y20"",""b"":""X"",""d"":7,""excl_opp_detectors"":""True"",""k"":40,""l"":8,""leak_heralds"":""False"",""leak_repump"":""True"",""leakage"":""True"",""loss"":""True"",""m"":30,""n"":480,""p"":0.001,""prllel_1q"":480,""prllel_2q"":120,""r"":20,""repump_cycles"":3,""seq_meas"":""True"",""seq_ops"":""True"",""swapLRC"":""False""}",
         4,         0,         0,   140.2,bposd,c9218314ee5d2c29ac5b79f503bdaac3ce26a9b213afefd64c343acf4ff0b5a4,"{""A"":""x0y0+x1y0"",""B"":""x0y0+x0y10+x3y20"",""b"":""X"",""d"":7,""excl_opp_detectors"":""True"",""k"":40,""l"":8,""leak_heralds"":""False"",""leak_repump"":""True"",""leakage"":""True"",""loss"":""True"",""m"":30,""n"":480,""p"":0.001,""prllel_1q"":480,""prllel_2q"":120,""r"":20,""repump_cycles"":3,""seq_meas"":""True"",""seq_ops"":""True"",""swapLRC"":""False""}",
         2,         0,         0,   0.229,bposd,c9218314ee5d2c29ac5b79f503bdaac3ce26a9b213afefd64c343acf4ff0b5a4,"{""A"":""x0y0+x1y0"",""B"":""x0y0+x0y10+x3y20"",""b"":""X"",""d"":7,""excl_opp_detectors"":""True"",""k"":40,""l"":8,""leak_heralds"":""False"",""leak_repump"":""True"",""leakage"":""True"",""loss"":""True"",""m"":30,""n"":480,""p"":0.001,""prllel_1q"":480,""prllel_2q"":120,""r"":20,""repump_cycles"":3,""seq_meas"":""True"",""seq_ops"":""True"",""swapLRC"":""False""}",
         4,         0,         0,   0.259,bposd,c9218314ee5d2c29ac5b79f503bdaac3ce26a9b213afefd64c343acf4ff0b5a4,"{""A"":""x0y0+x1y0"",""B"":""x0y0+x0y10+x3y20"",""b"":""X"",""d"":7,""excl_opp_detectors"":""True"",""k"":40,""l"":8,""leak_heralds"":""False"",""leak_repump"":""True"",""leakage"":""True"",""loss"":""True"",""m"":30,""n"":480,""p"":0.001,""prllel_1q"":480,""prllel_2q"":120,""r"":20,""repump_cycles"":3,""seq_meas"":""True"",""seq_ops"":""True"",""swapLRC"":""False""}",
        15,         0,         0,    73.4,bposd,c9218314ee5d2c29ac5b79f503bdaac3ce26a9b213afefd64c343acf4ff0b5a4,"{""A"":""x0y0+x1y0"",""B"":""x0y0+x0y10+x3y20"",""b"":""X"",""d"":7,""excl_opp_detectors"":""True"",""k"":40,""l"":8,""leak_heralds"":""False"",""leak_repump"":""True"",""leakage"":""True"",""loss"":""True"",""m"":30,""n"":480,""p"":0.001,""prllel_1q"":480,""prllel_2q"":120,""r"":20,""repump_cycles"":3,""seq_meas"":""True"",""seq_ops"":""True"",""swapLRC"":""False""}",
         5,         0,         0,   147.9,bposd,c9218314ee5d2c29ac5b79f503bdaac3ce26a9b213afefd64c343acf4ff0b5a4,"{""A"":""x0y0+x1y0"",""B"":""x0y0+x0y10+x3y20"",""b"":""X"",""d"":7,""excl_opp_detectors"":""True"",""k"":40,""l"":8,""leak_heralds"":""False"",""leak_repump"":""True"",""leakage"":""True"",""loss"":""True"",""m"":30,""n"":480,""p"":0.001,""prllel_1q"":480,""prllel_2q"":120,""r"":20,""repump_cycles"":3,""seq_meas"":""True"",""seq_ops"":""True"",""swapLRC"":""False""}",
         2,         1,         0,    71.6,bposd,c9218314ee5d2c29ac5b79f503bdaac3ce26a9b213afefd64c343acf4ff0b5a4,"{""A"":""x0y0+x1y0"",""B"":""x0y0+x0y10+x3y20"",""b"":""X"",""d"":7,""excl_opp_detectors"":""True"",""k"":40,""l"":8,""leak_heralds"":""False"",""leak_repump"":""True"",""leakage"":""True"",""loss"":""True"",""m"":30,""n"":480,""p"":0.001,""prllel_1q"":480,""prllel_2q"":120,""r"":20,""repump_cycles"":3,""seq_meas"":""True"",""seq_ops"":""True"",""swapLRC"":""False""}",
         1,         0,         0,    71.0,bposd,c9218314ee5d2c29ac5b79f503bdaac3ce26a9b213afefd64c343acf4ff0b5a4,"{""A"":""x0y0+x1y0"",""B"":""x0y0+x0y10+x3y20"",""b"":""X"",""d"":7,""excl_opp_detectors"":""True"",""k"":40,""l"":8,""leak_heralds"":""False"",""leak_repump"":""True"",""leakage"":""True"",""loss"":""True"",""m"":30,""n"":480,""p"":0.001,""prllel_1q"":480,""prllel_2q"":120,""r"":20,""repump_cycles"":3,""seq_meas"":""True"",""seq_ops"":""True"",""swapLRC"":""False""}",
         1,         0,         0,   0.431,bposd,c9218314ee5d2c29ac5b79f503bdaac3ce26a9b213afefd64c343acf4ff0b5a4,"{""A"":""x0y0+x1y0"",""B"":""x0y0+x0y10+x3y20"",""b"":""X"",""d"":7,""excl_opp_detectors"":""True"",""k"":40,""l"":8,""leak_heralds"":""False"",""leak_repump"":""True"",""leakage"":""True"",""loss"":""True"",""m"":30,""n"":480,""p"":0.001,""prllel_1q"":480,""prllel_2q"":120,""r"":20,""repump_cycles"":3,""seq_meas"":""True"",""seq_ops"":""True"",""swapLRC"":""False""}",
         4,         0,         0,    76.5,bposd,c9218314ee5d2c29ac5b79f503bdaac3ce26a9b213afefd64c343acf4ff0b5a4,"{""A"":""x0y0+x1y0"",""B"":""x0y0+x0y10+x3y20"",""b"":""X"",""d"":7,""excl_opp_detectors"":""True"",""k"":40,""l"":8,""leak_heralds"":""False"",""leak_repump"":""True"",""leakage"":""True"",""loss"":""True"",""m"":30,""n"":480,""p"":0.001,""prllel_1q"":480,""prllel_2q"":120,""r"":20,""repump_cycles"":3,""seq_meas"":""True"",""seq_ops"":""True"",""swapLRC"":""False""}",
         2,         0,         0,    76.0,bposd,c9218314ee5d2c29ac5b79f503bdaac3ce26a9b213afefd64c343acf4ff0b5a4,"{""A"":""x0y0+x1y0"",""B"":""x0y0+x0y10+x3y20"",""b"":""X"",""d"":7,""excl_opp_detectors"":""True"",""k"":40,""l"":8,""leak_heralds"":""False"",""leak_repump"":""True"",""leakage"":""True"",""loss"":""True"",""m"":30,""n"":480,""p"":0.001,""prllel_1q"":480,""prllel_2q"":120,""r"":20,""repump_cycles"":3,""seq_meas"":""True"",""seq_ops"":""True"",""swapLRC"":""False""}",
         6,         0,         0,   148.5,bposd,c9218314ee5d2c29ac5b79f503bdaac3ce26a9b213afefd64c343acf4ff0b5a4,"{""A"":""x0y0+x1y0"",""B"":""x0y0+x0y10+x3y20"",""b"":""X"",""d"":7,""excl_opp_detectors"":""True"",""k"":40,""l"":8,""leak_heralds"":""False"",""leak_repump"":""True"",""leakage"":""True"",""loss"":""True"",""m"":30,""n"":480,""p"":0.001,""prllel_1q"":480,""prllel_2q"":120,""r"":20,""repump_cycles"":3,""seq_meas"":""True"",""seq_ops"":""True"",""swapLRC"":""False""}",
        11,         0,         0,   150.5,bposd,c9218314ee5d2c29ac5b79f503bdaac3ce26a9b213afefd64c343acf4ff0b5a4,"{""A"":""x0y0+x1y0"",""B"":""x0y0+x0y10+x3y20"",""b"":""X"",""d"":7,""excl_opp_detectors"":""True"",""k"":40,""l"":8,""leak_heralds"":""False"",""leak_repump"":""True"",""leakage"":""True"",""loss"":""True"",""m"":30,""n"":480,""p"":0.001,""prllel_1q"":480,""prllel_2q"":120,""r"":20,""repump_cycles"":3,""seq_meas"":""True"",""seq_ops"":""True"",""swapLRC"":""False""}",
         1,         0,         0,    73.5,bposd,c9218314ee5d2c29ac5b79f503bdaac3ce26a9b213afefd64c343acf4ff0b5a4,"{""A"":""x0y0+x1y0"",""B"":""x0y0+x0y10+x3y20"",""b"":""X"",""d"":7,""excl_opp_detectors"":""True"",""k"":40,""l"":8,""leak_heralds"":""False"",""leak_repump"":""True"",""leakage"":""True"",""loss"":""True"",""m"":30,""n"":480,""p"":0.001,""prllel_1q"":480,""prllel_2q"":120,""r"":20,""repump_cycles"":3,""seq_meas"":""True"",""seq_ops"":""True"",""swapLRC"":""False""}",
         3,         0,         0,   0.490,bposd,c9218314ee5d2c29ac5b79f503bdaac3ce26a9b213afefd64c343acf4ff0b5a4,"{""A"":""x0y0+x1y0"",""B"":""x0y0+x0y10+x3y20"",""b"":""X"",""d"":7,""excl_opp_detectors"":""True"",""k"":40,""l"":8,""leak_heralds"":""False"",""leak_repump"":""True"",""leakage"":""True"",""loss"":""True"",""m"":30,""n"":480,""p"":0.001,""prllel_1q"":480,""prllel_2q"":120,""r"":20,""repump_cycles"":3,""seq_meas"":""True"",""seq_ops"":""True"",""swapLRC"":""False""}",
         3,         0,         0,    82.4,bposd,c9218314ee5d2c29ac5b79f503bdaac3ce26a9b213afefd64c343acf4ff0b5a4,"{""A"":""x0y0+x1y0"",""B"":""x0y0+x0y10+x3y20"",""b"":""X"",""d"":7,""excl_opp_detectors"":""True"",""k"":40,""l"":8,""leak_heralds"":""False"",""leak_repump"":""True"",""leakage"":""True"",""loss"":""True"",""m"":30,""n"":480,""p"":0.001,""prllel_1q"":480,""prllel_2q"":120,""r"":20,""repump_cycles"":3,""seq_meas"":""True"",""seq_ops"":""True"",""swapLRC"":""False""}",
         4,         0,         0,    12.4,bposd,c9218314ee5d2c29ac5b79f503bdaac3ce26a9b213afefd64c343acf4ff0b5a4,"{""A"":""x0y0+x1y0"",""B"":""x0y0+x0y10+x3y20"",""b"":""X"",""d"":7,""excl_opp_detectors"":""True"",""k"":40,""l"":8,""leak_heralds"":""False"",""leak_repump"":""True"",""leakage"":""True"",""loss"":""True"",""m"":30,""n"":480,""p"":0.001,""prllel_1q"":480,""prllel_2q"":120,""r"":20,""repump_cycles"":3,""seq_meas"":""True"",""seq_ops"":""True"",""swapLRC"":""False""}",
         8,         0,         0,   128.8,bposd,c9218314ee5d2c29ac5b79f503bdaac3ce26a9b213afefd64c343acf4ff0b5a4,"{""A"":""x0y0+x1y0"",""B"":""x0y0+x0y10+x3y20"",""b"":""X"",""d"":7,""excl_opp_detectors"":""True"",""k"":40,""l"":8,""leak_heralds"":""False"",""leak_repump"":""True"",""leakage"":""True"",""loss"":""True"",""m"":30,""n"":480,""p"":0.001,""prllel_1q"":480,""prllel_2q"":120,""r"":20,""repump_cycles"":3,""seq_meas"":""True"",""seq_ops"":""True"",""swapLRC"":""False""}",
         8,         0,         0,   369.6,bposd,c9218314ee5d2c29ac5b79f503bdaac3ce26a9b213afefd64c343acf4ff0b5a4,"{""A"":""x0y0+x1y0"",""B"":""x0y0+x0y10+x3y20"",""b"":""X"",""d"":7,""excl_opp_detectors"":""True"",""k"":40,""l"":8,""leak_heralds"":""False"",""leak_repump"":""True"",""leakage"":""True"",""loss"":""True"",""m"":30,""n"":480,""p"":0.001,""prllel_1q"":480,""prllel_2q"":120,""r"":20,""repump_cycles"":3,""seq_meas"":""True"",""seq_ops"":""True"",""swapLRC"":""False""}",
         1,         0,         0,    74.3,bposd,c9218314ee5d2c29ac5b79f503bdaac3ce26a9b213afefd64c343acf4ff0b5a4,"{""A"":""x0y0+x1y0"",""B"":""x0y0+x0y10+x3y20"",""b"":""X"",""d"":7,""excl_opp_detectors"":""True"",""k"":40,""l"":8,""leak_heralds"":""False"",""leak_repump"":""True"",""leakage"":""True"",""loss"":""True"",""m"":30,""n"":480,""p"":0.001,""prllel_1q"":480,""prllel_2q"":120,""r"":20,""repump_cycles"":3,""seq_meas"":""True"",""seq_ops"":""True"",""swapLRC"":""False""}",
         6,         0,         0,    75.1,bposd,c9218314ee5d2c29ac5b79f503bdaac3ce26a9b213afefd64c343acf4ff0b5a4,"{""A"":""x0y0+x1y0"",""B"":""x0y0+x0y10+x3y20"",""b"":""X"",""d"":7,""excl_opp_detectors"":""True"",""k"":40,""l"":8,""leak_heralds"":""False"",""leak_repump"":""True"",""leakage"":""True"",""loss"":""True"",""m"":30,""n"":480,""p"":0.001,""prllel_1q"":480,""prllel_2q"":120,""r"":20,""repump_cycles"":3,""seq_meas"":""True"",""seq_ops"":""True"",""swapLRC"":""False""}",
         1,         0,         0,   0.799,bposd,c9218314ee5d2c29ac5b79f503bdaac3ce26a9b213afefd64c343acf4ff0b5a4,"{""A"":""x0y0+x1y0"",""B"":""x0y0+x0y10+x3y20"",""b"":""X"",""d"":7,""excl_opp_detectors"":""True"",""k"":40,""l"":8,""leak_heralds"":""False"",""leak_repump"":""True"",""leakage"":""True"",""loss"":""True"",""m"":30,""n"":480,""p"":0.001,""prllel_1q"":480,""prllel_2q"":120,""r"":20,""repump_cycles"":3,""seq_meas"":""True"",""seq_ops"":""True"",""swapLRC"":""False""}",
         8,         0,         0,    75.8,bposd,c9218314ee5d2c29ac5b79f503bdaac3ce26a9b213afefd64c343acf4ff0b5a4,"{""A"":""x0y0+x1y0"",""B"":""x0y0+x0y10+x3y20"",""b"":""X"",""d"":7,""excl_opp_detectors"":""True"",""k"":40,""l"":8,""leak_heralds"":""False"",""leak_repump"":""True"",""leakage"":""True"",""loss"":""True"",""m"":30,""n"":480,""p"":0.001,""prllel_1q"":480,""prllel_2q"":120,""r"":20,""repump_cycles"":3,""seq_meas"":""True"",""seq_ops"":""True"",""swapLRC"":""False""}",
         8,         0,         0,    73.5,bposd,c9218314ee5d2c29ac5b79f503bdaac3ce26a9b213afefd64c343acf4ff0b5a4,"{""A"":""x0y0+x1y0"",""B"":""x0y0+x0y10+x3y20"",""b"":""X"",""d"":7,""excl_opp_detectors"":""True"",""k"":40,""l"":8,""leak_heralds"":""False"",""leak_repump"":""True"",""leakage"":""True"",""loss"":""True"",""m"":30,""n"":480,""p"":0.001,""prllel_1q"":480,""prllel_2q"":120,""r"":20,""repump_cycles"":3,""seq_meas"":""True"",""seq_ops"":""True"",""swapLRC"":""False""}",
         6,         0,         0,    74.3,bposd,c9218314ee5d2c29ac5b79f503bdaac3ce26a9b213afefd64c343acf4ff0b5a4,"{""A"":""x0y0+x1y0"",""B"":""x0y0+x0y10+x3y20"",""b"":""X"",""d"":7,""excl_opp_detectors"":""True"",""k"":40,""l"":8,""leak_heralds"":""False"",""leak_repump"":""True"",""leakage"":""True"",""loss"":""True"",""m"":30,""n"":480,""p"":0.001,""prllel_1q"":480,""prllel_2q"":120,""r"":20,""repump_cycles"":3,""seq_meas"":""True"",""seq_ops"":""True"",""swapLRC"":""False""}",
         7,         0,         0,    83.2,bposd,c9218314ee5d2c29ac5b79f503bdaac3ce26a9b213afefd64c343acf4ff0b5a4,"{""A"":""x0y0+x1y0"",""B"":""x0y0+x0y10+x3y20"",""b"":""X"",""d"":7,""excl_opp_detectors"":""True"",""k"":40,""l"":8,""leak_heralds"":""False"",""leak_repump"":""True"",""leakage"":""True"",""loss"":""True"",""m"":30,""n"":480,""p"":0.001,""prllel_1q"":480,""prllel_2q"":120,""r"":20,""repump_cycles"":3,""seq_meas"":""True"",""seq_ops"":""True"",""swapLRC"":""False""}",
        11,         0,         0,    3.25,bposd,c9218314ee5d2c29ac5b79f503bdaac3ce26a9b213afefd64c343acf4ff0b5a4,"{""A"":""x0y0+x1y0"",""B"":""x0y0+x0y10+x3y20"",""b"":""X"",""d"":7,""excl_opp_detectors"":""True"",""k"":40,""l"":8,""leak_heralds"":""False"",""leak_repump"":""True"",""leakage"":""True"",""loss"":""True"",""m"":30,""n"":480,""p"":0.001,""prllel_1q"":480,""prllel_2q"":120,""r"":20,""repump_cycles"":3,""seq_meas"":""True"",""seq_ops"":""True"",""swapLRC"":""False""}",
         4,         0,         0,    71.4,bposd,c9218314ee5d2c29ac5b79f503bdaac3ce26a9b213afefd64c343acf4ff0b5a4,"{""A"":""x0y0+x1y0"",""B"":""x0y0+x0y10+x3y20"",""b"":""X"",""d"":7,""excl_opp_detectors"":""True"",""k"":40,""l"":8,""leak_heralds"":""False"",""leak_repump"":""True"",""leakage"":""True"",""loss"":""True"",""m"":30,""n"":480,""p"":0.001,""prllel_1q"":480,""prllel_2q"":120,""r"":20,""repump_cycles"":3,""seq_meas"":""True"",""seq_ops"":""True"",""swapLRC"":""False""}",
         4,         0,         0,    68.1,bposd,c9218314ee5d2c29ac5b79f503bdaac3ce26a9b213afefd64c343acf4ff0b5a4,"{""A"":""x0y0+x1y0"",""B"":""x0y0+x0y10+x3y20"",""b"":""X"",""d"":7,""excl_opp_detectors"":""True"",""k"":40,""l"":8,""leak_heralds"":""False"",""leak_repump"":""True"",""leakage"":""True"",""loss"":""True"",""m"":30,""n"":480,""p"":0.001,""prllel_1q"":480,""prllel_2q"":120,""r"":20,""repump_cycles"":3,""seq_meas"":""True"",""seq_ops"":""True"",""swapLRC"":""False""}",
         2,         0,         0,    68.4,bposd,c9218314ee5d2c29ac5b79f503bdaac3ce26a9b213afefd64c343acf4ff0b5a4,"{""A"":""x0y0+x1y0"",""B"":""x0y0+x0y10+x3y20"",""b"":""X"",""d"":7,""excl_opp_detectors"":""True"",""k"":40,""l"":8,""leak_heralds"":""False"",""leak_repump"":""True"",""leakage"":""True"",""loss"":""True"",""m"":30,""n"":480,""p"":0.001,""prllel_1q"":480,""prllel_2q"":120,""r"":20,""repump_cycles"":3,""seq_meas"":""True"",""seq_ops"":""True"",""swapLRC"":""False""}",
         3,         0,         0,    68.4,bposd,c9218314ee5d2c29ac5b79f503bdaac3ce26a9b213afefd64c343acf4ff0b5a4,"{""A"":""x0y0+x1y0"",""B"":""x0y0+x0y10+x3y20"",""b"":""X"",""d"":7,""excl_opp_detectors"":""True"",""k"":40,""l"":8,""leak_heralds"":""False"",""leak_repump"":""True"",""leakage"":""True"",""loss"":""True"",""m"":30,""n"":480,""p"":0.001,""prllel_1q"":480,""prllel_2q"":120,""r"":20,""repump_cycles"":3,""seq_meas"":""True"",""seq_ops"":""True"",""swapLRC"":""False""}",
        10,         0,         0,    67.3,bposd,c9218314ee5d2c29ac5b79f503bdaac3ce26a9b213afefd64c343acf4ff0b5a4,"{""A"":""x0y0+x1y0"",""B"":""x0y0+x0y10+x3y20"",""b"":""X"",""d"":7,""excl_opp_detectors"":""True"",""k"":40,""l"":8,""leak_heralds"":""False"",""leak_repump"":""True"",""leakage"":""True"",""loss"":""True"",""m"":30,""n"":480,""p"":0.001,""prllel_1q"":480,""prllel_2q"":120,""r"":20,""repump_cycles"":3,""seq_meas"":""True"",""seq_ops"":""True"",""swapLRC"":""False""}",
         8,         0,         0,    68.2,bposd,c9218314ee5d2c29ac5b79f503bdaac3ce26a9b213afefd64c343acf4ff0b5a4,"{""A"":""x0y0+x1y0"",""B"":""x0y0+x0y10+x3y20"",""b"":""X"",""d"":7,""excl_opp_detectors"":""True"",""k"":40,""l"":8,""leak_heralds"":""False"",""leak_repump"":""True"",""leakage"":""True"",""loss"":""True"",""m"":30,""n"":480,""p"":0.001,""prllel_1q"":480,""prllel_2q"":120,""r"":20,""repump_cycles"":3,""seq_meas"":""True"",""seq_ops"":""True"",""swapLRC"":""False""}",
         6,         0,         0,    66.7,bposd,c9218314ee5d2c29ac5b79f503bdaac3ce26a9b213afefd64c343acf4ff0b5a4,"{""A"":""x0y0+x1y0"",""B"":""x0y0+x0y10+x3y20"",""b"":""X"",""d"":7,""excl_opp_detectors"":""True"",""k"":40,""l"":8,""leak_heralds"":""False"",""leak_repump"":""True"",""leakage"":""True"",""loss"":""True"",""m"":30,""n"":480,""p"":0.001,""prllel_1q"":480,""prllel_2q"":120,""r"":20,""repump_cycles"":3,""seq_meas"":""True"",""seq_ops"":""True"",""swapLRC"":""False""}",
         8,         0,         0,    60.3,bposd,c9218314ee5d2c29ac5b79f503bdaac3ce26a9b213afefd64c343acf4ff0b5a4,"{""A"":""x0y0+x1y0"",""B"":""x0y0+x0y10+x3y20"",""b"":""X"",""d"":7,""excl_opp_detectors"":""True"",""k"":40,""l"":8,""leak_heralds"":""False"",""leak_repump"":""True"",""leakage"":""True"",""loss"":""True"",""m"":30,""n"":480,""p"":0.001,""prllel_1q"":480,""prllel_2q"":120,""r"":20,""repump_cycles"":3,""seq_meas"":""True"",""seq_ops"":""True"",""swapLRC"":""False""}",
         8,         0,         0,    1.35,bposd,c9218314ee5d2c29ac5b79f503bdaac3ce26a9b213afefd64c343acf4ff0b5a4,"{""A"":""x0y0+x1y0"",""B"":""x0y0+x0y10+x3y20"",""b"":""X"",""d"":7,""excl_opp_detectors"":""True"",""k"":40,""l"":8,""leak_heralds"":""False"",""leak_repump"":""True"",""leakage"":""True"",""loss"":""True"",""m"":30,""n"":480,""p"":0.001,""prllel_1q"":480,""prllel_2q"":120,""r"":20,""repump_cycles"":3,""seq_meas"":""True"",""seq_ops"":""True"",""swapLRC"":""False""}",
         1,         0,         0,    69.0,bposd,c9218314ee5d2c29ac5b79f503bdaac3ce26a9b213afefd64c343acf4ff0b5a4,"{""A"":""x0y0+x1y0"",""B"":""x0y0+x0y10+x3y20"",""b"":""X"",""d"":7,""excl_opp_detectors"":""True"",""k"":40,""l"":8,""leak_heralds"":""False"",""leak_repump"":""True"",""leakage"":""True"",""loss"":""True"",""m"":30,""n"":480,""p"":0.001,""prllel_1q"":480,""prllel_2q"":120,""r"":20,""repump_cycles"":3,""seq_meas"":""True"",""seq_ops"":""True"",""swapLRC"":""False""}",
         2,         0,         0,    68.7,bposd,c9218314ee5d2c29ac5b79f503bdaac3ce26a9b213afefd64c343acf4ff0b5a4,"{""A"":""x0y0+x1y0"",""B"":""x0y0+x0y10+x3y20"",""b"":""X"",""d"":7,""excl_opp_detectors"":""True"",""k"":40,""l"":8,""leak_heralds"":""False"",""leak_repump"":""True"",""leakage"":""True"",""loss"":""True"",""m"":30,""n"":480,""p"":0.001,""prllel_1q"":480,""prllel_2q"":120,""r"":20,""repump_cycles"":3,""seq_meas"":""True"",""seq_ops"":""True"",""swapLRC"":""False""}",
         2,         0,         0,   134.8,bposd,c9218314ee5d2c29ac5b79f503bdaac3ce26a9b213afefd64c343acf4ff0b5a4,"{""A"":""x0y0+x1y0"",""B"":""x0y0+x0y10+x3y20"",""b"":""X"",""d"":7,""excl_opp_detectors"":""True"",""k"":40,""l"":8,""leak_heralds"":""False"",""leak_repump"":""True"",""leakage"":""True"",""loss"":""True"",""m"":30,""n"":480,""p"":0.001,""prllel_1q"":480,""prllel_2q"":120,""r"":20,""repump_cycles"":3,""seq_meas"":""True"",""seq_ops"":""True"",""swapLRC"":""False""}",
         6,         1,         0,   127.4,bposd,c9218314ee5d2c29ac5b79f503bdaac3ce26a9b213afefd64c343acf4ff0b5a4,"{""A"":""x0y0+x1y0"",""B"":""x0y0+x0y10+x3y20"",""b"":""X"",""d"":7,""excl_opp_detectors"":""True"",""k"":40,""l"":8,""leak_heralds"":""False"",""leak_repump"":""True"",""leakage"":""True"",""loss"":""True"",""m"":30,""n"":480,""p"":0.001,""prllel_1q"":480,""prllel_2q"":120,""r"":20,""repump_cycles"":3,""seq_meas"":""True"",""seq_ops"":""True"",""swapLRC"":""False""}",
         4,         0,         0,   0.820,bposd,c9218314ee5d2c29ac5b79f503bdaac3ce26a9b213afefd64c343acf4ff0b5a4,"{""A"":""x0y0+x1y0"",""B"":""x0y0+x0y10+x3y20"",""b"":""X"",""d"":7,""excl_opp_detectors"":""True"",""k"":40,""l"":8,""leak_heralds"":""False"",""leak_repump"":""True"",""leakage"":""True"",""loss"":""True"",""m"":30,""n"":480,""p"":0.001,""prllel_1q"":480,""prllel_2q"":120,""r"":20,""repump_cycles"":3,""seq_meas"":""True"",""seq_ops"":""True"",""swapLRC"":""False""}",
         4,         0,         0,    6.39,bposd,c9218314ee5d2c29ac5b79f503bdaac3ce26a9b213afefd64c343acf4ff0b5a4,"{""A"":""x0y0+x1y0"",""B"":""x0y0+x0y10+x3y20"",""b"":""X"",""d"":7,""excl_opp_detectors"":""True"",""k"":40,""l"":8,""leak_heralds"":""False"",""leak_repump"":""True"",""leakage"":""True"",""loss"":""True"",""m"":30,""n"":480,""p"":0.001,""prllel_1q"":480,""prllel_2q"":120,""r"":20,""repump_cycles"":3,""seq_meas"":""True"",""seq_ops"":""True"",""swapLRC"":""False""}",
         4,         0,         0,    79.1,bposd,c9218314ee5d2c29ac5b79f503bdaac3ce26a9b213afefd64c343acf4ff0b5a4,"{""A"":""x0y0+x1y0"",""B"":""x0y0+x0y10+x3y20"",""b"":""X"",""d"":7,""excl_opp_detectors"":""True"",""k"":40,""l"":8,""leak_heralds"":""False"",""leak_repump"":""True"",""leakage"":""True"",""loss"":""True"",""m"":30,""n"":480,""p"":0.001,""prllel_1q"":480,""prllel_2q"":120,""r"":20,""repump_cycles"":3,""seq_meas"":""True"",""seq_ops"":""True"",""swapLRC"":""False""}",
         4,         0,         0,    66.7,bposd,c9218314ee5d2c29ac5b79f503bdaac3ce26a9b213afefd64c343acf4ff0b5a4,"{""A"":""x0y0+x1y0"",""B"":""x0y0+x0y10+x3y20"",""b"":""X"",""d"":7,""excl_opp_detectors"":""True"",""k"":40,""l"":8,""leak_heralds"":""False"",""leak_repump"":""True"",""leakage"":""True"",""loss"":""True"",""m"":30,""n"":480,""p"":0.001,""prllel_1q"":480,""prllel_2q"":120,""r"":20,""repump_cycles"":3,""seq_meas"":""True"",""seq_ops"":""True"",""swapLRC"":""False""}",
         7,         0,         0,   139.3,bposd,c9218314ee5d2c29ac5b79f503bdaac3ce26a9b213afefd64c343acf4ff0b5a4,"{""A"":""x0y0+x1y0"",""B"":""x0y0+x0y10+x3y20"",""b"":""X"",""d"":7,""excl_opp_detectors"":""True"",""k"":40,""l"":8,""leak_heralds"":""False"",""leak_repump"":""True"",""leakage"":""True"",""loss"":""True"",""m"":30,""n"":480,""p"":0.001,""prllel_1q"":480,""prllel_2q"":120,""r"":20,""repump_cycles"":3,""seq_meas"":""True"",""seq_ops"":""True"",""swapLRC"":""False""}",
         1,         0,         0,    71.3,bposd,c9218314ee5d2c29ac5b79f503bdaac3ce26a9b213afefd64c343acf4ff0b5a4,"{""A"":""x0y0+x1y0"",""B"":""x0y0+x0y10+x3y20"",""b"":""X"",""d"":7,""excl_opp_detectors"":""True"",""k"":40,""l"":8,""leak_heralds"":""False"",""leak_repump"":""True"",""leakage"":""True"",""loss"":""True"",""m"":30,""n"":480,""p"":0.001,""prllel_1q"":480,""prllel_2q"":120,""r"":20,""repump_cycles"":3,""seq_meas"":""True"",""seq_ops"":""True"",""swapLRC"":""False""}",
         6,         0,         0,    72.0,bposd,c9218314ee5d2c29ac5b79f503bdaac3ce26a9b213afefd64c343acf4ff0b5a4,"{""A"":""x0y0+x1y0"",""B"":""x0y0+x0y10+x3y20"",""b"":""X"",""d"":7,""excl_opp_detectors"":""True"",""k"":40,""l"":8,""leak_heralds"":""False"",""leak_repump"":""True"",""leakage"":""True"",""loss"":""True"",""m"":30,""n"":480,""p"":0.001,""prllel_1q"":480,""prllel_2q"":120,""r"":20,""repump_cycles"":3,""seq_meas"":""True"",""seq_ops"":""True"",""swapLRC"":""False""}",
         6,         1,         0,    9.58,bposd,c9218314ee5d2c29ac5b79f503bdaac3ce26a9b213afefd64c343acf4ff0b5a4,"{""A"":""x0y0+x1y0"",""B"":""x0y0+x0y10+x3y20"",""b"":""X"",""d"":7,""excl_opp_detectors"":""True"",""k"":40,""l"":8,""leak_heralds"":""False"",""leak_repump"":""True"",""leakage"":""True"",""loss"":""True"",""m"":30,""n"":480,""p"":0.001,""prllel_1q"":480,""prllel_2q"":120,""r"":20,""repump_cycles"":3,""seq_meas"":""True"",""seq_ops"":""True"",""swapLRC"":""False""}",
        11,         0,         0,    74.0,bposd,c9218314ee5d2c29ac5b79f503bdaac3ce26a9b213afefd64c343acf4ff0b5a4,"{""A"":""x0y0+x1y0"",""B"":""x0y0+x0y10+x3y20"",""b"":""X"",""d"":7,""excl_opp_detectors"":""True"",""k"":40,""l"":8,""leak_heralds"":""False"",""leak_repump"":""True"",""leakage"":""True"",""loss"":""True"",""m"":30,""n"":480,""p"":0.001,""prllel_1q"":480,""prllel_2q"":120,""r"":20,""repump_cycles"":3,""seq_meas"":""True"",""seq_ops"":""True"",""swapLRC"":""False""}",
         2,         0,         0,   137.9,bposd,c9218314ee5d2c29ac5b79f503bdaac3ce26a9b213afefd64c343acf4ff0b5a4,"{""A"":""x0y0+x1y0"",""B"":""x0y0+x0y10+x3y20"",""b"":""X"",""d"":7,""excl_opp_detectors"":""True"",""k"":40,""l"":8,""leak_heralds"":""False"",""leak_repump"":""True"",""leakage"":""True"",""loss"":""True"",""m"":30,""n"":480,""p"":0.001,""prllel_1q"":480,""prllel_2q"":120,""r"":20,""repump_cycles"":3,""seq_meas"":""True"",""seq_ops"":""True"",""swapLRC"":""False""}",
         3,         0,         0,    7.23,bposd,c9218314ee5d2c29ac5b79f503bdaac3ce26a9b213afefd64c343acf4ff0b5a4,"{""A"":""x0y0+x1y0"",""B"":""x0y0+x0y10+x3y20"",""b"":""X"",""d"":7,""excl_opp_detectors"":""True"",""k"":40,""l"":8,""leak_heralds"":""False"",""leak_repump"":""True"",""leakage"":""True"",""loss"":""True"",""m"":30,""n"":480,""p"":0.001,""prllel_1q"":480,""prllel_2q"":120,""r"":20,""repump_cycles"":3,""seq_meas"":""True"",""seq_ops"":""True"",""swapLRC"":""False""}",
         1,         0,         0,    67.4,bposd,c9218314ee5d2c29ac5b79f503bdaac3ce26a9b213afefd64c343acf4ff0b5a4,"{""A"":""x0y0+x1y0"",""B"":""x0y0+x0y10+x3y20"",""b"":""X"",""d"":7,""excl_opp_detectors"":""True"",""k"":40,""l"":8,""leak_heralds"":""False"",""leak_repump"":""True"",""leakage"":""True"",""loss"":""True"",""m"":30,""n"":480,""p"":0.001,""prllel_1q"":480,""prllel_2q"":120,""r"":20,""repump_cycles"":3,""seq_meas"":""True"",""seq_ops"":""True"",""swapLRC"":""False""}",
         9,         0,         0,    67.9,bposd,c9218314ee5d2c29ac5b79f503bdaac3ce26a9b213afefd64c343acf4ff0b5a4,"{""A"":""x0y0+x1y0"",""B"":""x0y0+x0y10+x3y20"",""b"":""X"",""d"":7,""excl_opp_detectors"":""True"",""k"":40,""l"":8,""leak_heralds"":""False"",""leak_repump"":""True"",""leakage"":""True"",""loss"":""True"",""m"":30,""n"":480,""p"":0.001,""prllel_1q"":480,""prllel_2q"":120,""r"":20,""repump_cycles"":3,""seq_meas"":""True"",""seq_ops"":""True"",""swapLRC"":""False""}",
         1,         0,         0,    10.3,bposd,c9218314ee5d2c29ac5b79f503bdaac3ce26a9b213afefd64c343acf4ff0b5a4,"{""A"":""x0y0+x1y0"",""B"":""x0y0+x0y10+x3y20"",""b"":""X"",""d"":7,""excl_opp_detectors"":""True"",""k"":40,""l"":8,""leak_heralds"":""False"",""leak_repump"":""True"",""leakage"":""True"",""loss"":""True"",""m"":30,""n"":480,""p"":0.001,""prllel_1q"":480,""prllel_2q"":120,""r"":20,""repump_cycles"":3,""seq_meas"":""True"",""seq_ops"":""True"",""swapLRC"":""False""}",
         1,         0,         0,    74.1,bposd,c9218314ee5d2c29ac5b79f503bdaac3ce26a9b213afefd64c343acf4ff0b5a4,"{""A"":""x0y0+x1y0"",""B"":""x0y0+x0y10+x3y20"",""b"":""X"",""d"":7,""excl_opp_detectors"":""True"",""k"":40,""l"":8,""leak_heralds"":""False"",""leak_repump"":""True"",""leakage"":""True"",""loss"":""True"",""m"":30,""n"":480,""p"":0.001,""prllel_1q"":480,""prllel_2q"":120,""r"":20,""repump_cycles"":3,""seq_meas"":""True"",""seq_ops"":""True"",""swapLRC"":""False""}",
         2,         0,         0,    74.6,bposd,c9218314ee5d2c29ac5b79f503bdaac3ce26a9b213afefd64c343acf4ff0b5a4,"{""A"":""x0y0+x1y0"",""B"":""x0y0+x0y10+x3y20"",""b"":""X"",""d"":7,""excl_opp_detectors"":""True"",""k"":40,""l"":8,""leak_heralds"":""False"",""leak_repump"":""True"",""leakage"":""True"",""loss"":""True"",""m"":30,""n"":480,""p"":0.001,""prllel_1q"":480,""prllel_2q"":120,""r"":20,""repump_cycles"":3,""seq_meas"":""True"",""seq_ops"":""True"",""swapLRC"":""False""}",
         1,         0,         0,    73.8,bposd,c9218314ee5d2c29ac5b79f503bdaac3ce26a9b213afefd64c343acf4ff0b5a4,"{""A"":""x0y0+x1y0"",""B"":""x0y0+x0y10+x3y20"",""b"":""X"",""d"":7,""excl_opp_detectors"":""True"",""k"":40,""l"":8,""leak_heralds"":""False"",""leak_repump"":""True"",""leakage"":""True"",""loss"":""True"",""m"":30,""n"":480,""p"":0.001,""prllel_1q"":480,""prllel_2q"":120,""r"":20,""repump_cycles"":3,""seq_meas"":""True"",""seq_ops"":""True"",""swapLRC"":""False""}",
         6,         0,         0,   137.1,bposd,c9218314ee5d2c29ac5b79f503bdaac3ce26a9b213afefd64c343acf4ff0b5a4,"{""A"":""x0y0+x1y0"",""B"":""x0y0+x0y10+x3y20"",""b"":""X"",""d"":7,""excl_opp_detectors"":""True"",""k"":40,""l"":8,""leak_heralds"":""False"",""leak_repump"":""True"",""leakage"":""True"",""loss"":""True"",""m"":30,""n"":480,""p"":0.001,""prllel_1q"":480,""prllel_2q"":120,""r"":20,""repump_cycles"":3,""seq_meas"":""True"",""seq_ops"":""True"",""swapLRC"":""False""}",
        10,         0,         0,    90.2,bposd,c9218314ee5d2c29ac5b79f503bdaac3ce26a9b213afefd64c343acf4ff0b5a4,"{""A"":""x0y0+x1y0"",""B"":""x0y0+x0y10+x3y20"",""b"":""X"",""d"":7,""excl_opp_detectors"":""True"",""k"":40,""l"":8,""leak_heralds"":""False"",""leak_repump"":""True"",""leakage"":""True"",""loss"":""True"",""m"":30,""n"":480,""p"":0.001,""prllel_1q"":480,""prllel_2q"":120,""r"":20,""repump_cycles"":3,""seq_meas"":""True"",""seq_ops"":""True"",""swapLRC"":""False""}",
        11,         0,         0,    36.0,bposd,c9218314ee5d2c29ac5b79f503bdaac3ce26a9b213afefd64c343acf4ff0b5a4,"{""A"":""x0y0+x1y0"",""B"":""x0y0+x0y10+x3y20"",""b"":""X"",""d"":7,""excl_opp_detectors"":""True"",""k"":40,""l"":8,""leak_heralds"":""False"",""leak_repump"":""True"",""leakage"":""True"",""loss"":""True"",""m"":30,""n"":480,""p"":0.001,""prllel_1q"":480,""prllel_2q"":120,""r"":20,""repump_cycles"":3,""seq_meas"":""True"",""seq_ops"":""True"",""swapLRC"":""False""}",
         9,         0,         0,   0.974,bposd,c9218314ee5d2c29ac5b79f503bdaac3ce26a9b213afefd64c343acf4ff0b5a4,"{""A"":""x0y0+x1y0"",""B"":""x0y0+x0y10+x3y20"",""b"":""X"",""d"":7,""excl_opp_detectors"":""True"",""k"":40,""l"":8,""leak_heralds"":""False"",""leak_repump"":""True"",""leakage"":""True"",""loss"":""True"",""m"":30,""n"":480,""p"":0.001,""prllel_1q"":480,""prllel_2q"":120,""r"":20,""repump_cycles"":3,""seq_meas"":""True"",""seq_ops"":""True"",""swapLRC"":""False""}",
         7,         0,         0,   140.9,bposd,c9218314ee5d2c29ac5b79f503bdaac3ce26a9b213afefd64c343acf4ff0b5a4,"{""A"":""x0y0+x1y0"",""B"":""x0y0+x0y10+x3y20"",""b"":""X"",""d"":7,""excl_opp_detectors"":""True"",""k"":40,""l"":8,""leak_heralds"":""False"",""leak_repump"":""True"",""leakage"":""True"",""loss"":""True"",""m"":30,""n"":480,""p"":0.001,""prllel_1q"":480,""prllel_2q"":120,""r"":20,""repump_cycles"":3,""seq_meas"":""True"",""seq_ops"":""True"",""swapLRC"":""False""}",
         4,         0,         0,   149.0,bposd,c9218314ee5d2c29ac5b79f503bdaac3ce26a9b213afefd64c343acf4ff0b5a4,"{""A"":""x0y0+x1y0"",""B"":""x0y0+x0y10+x3y20"",""b"":""X"",""d"":7,""excl_opp_detectors"":""True"",""k"":40,""l"":8,""leak_heralds"":""False"",""leak_repump"":""True"",""leakage"":""True"",""loss"":""True"",""m"":30,""n"":480,""p"":0.001,""prllel_1q"":480,""prllel_2q"":120,""r"":20,""repump_cycles"":3,""seq_meas"":""True"",""seq_ops"":""True"",""swapLRC"":""False""}",
         1,         0,         0,   0.150,bposd,c9218314ee5d2c29ac5b79f503bdaac3ce26a9b213afefd64c343acf4ff0b5a4,"{""A"":""x0y0+x1y0"",""B"":""x0y0+x0y10+x3y20"",""b"":""X"",""d"":7,""excl_opp_detectors"":""True"",""k"":40,""l"":8,""leak_heralds"":""False"",""leak_repump"":""True"",""leakage"":""True"",""loss"":""True"",""m"":30,""n"":480,""p"":0.001,""prllel_1q"":480,""prllel_2q"":120,""r"":20,""repump_cycles"":3,""seq_meas"":""True"",""seq_ops"":""True"",""swapLRC"":""False""}",
         1,         0,         0,   0.163,bposd,c9218314ee5d2c29ac5b79f503bdaac3ce26a9b213afefd64c343acf4ff0b5a4,"{""A"":""x0y0+x1y0"",""B"":""x0y0+x0y10+x3y20"",""b"":""X"",""d"":7,""excl_opp_detectors"":""True"",""k"":40,""l"":8,""leak_heralds"":""False"",""leak_repump"":""True"",""leakage"":""True"",""loss"":""True"",""m"":30,""n"":480,""p"":0.001,""prllel_1q"":480,""prllel_2q"":120,""r"":20,""repump_cycles"":3,""seq_meas"":""True"",""seq_ops"":""True"",""swapLRC"":""False""}",
         1,         0,         0,   0.249,bposd,c9218314ee5d2c29ac5b79f503bdaac3ce26a9b213afefd64c343acf4ff0b5a4,"{""A"":""x0y0+x1y0"",""B"":""x0y0+x0y10+x3y20"",""b"":""X"",""d"":7,""excl_opp_detectors"":""True"",""k"":40,""l"":8,""leak_heralds"":""False"",""leak_repump"":""True"",""leakage"":""True"",""loss"":""True"",""m"":30,""n"":480,""p"":0.001,""prllel_1q"":480,""prllel_2q"":120,""r"":20,""repump_cycles"":3,""seq_meas"":""True"",""seq_ops"":""True"",""swapLRC"":""False""}",
         1,         0,         0,   0.155,bposd,c9218314ee5d2c29ac5b79f503bdaac3ce26a9b213afefd64c343acf4ff0b5a4,"{""A"":""x0y0+x1y0"",""B"":""x0y0+x0y10+x3y20"",""b"":""X"",""d"":7,""excl_opp_detectors"":""True"",""k"":40,""l"":8,""leak_heralds"":""False"",""leak_repump"":""True"",""leakage"":""True"",""loss"":""True"",""m"":30,""n"":480,""p"":0.001,""prllel_1q"":480,""prllel_2q"":120,""r"":20,""repump_cycles"":3,""seq_meas"":""True"",""seq_ops"":""True"",""swapLRC"":""False""}",
         2,         0,         0,   0.209,bposd,c9218314ee5d2c29ac5b79f503bdaac3ce26a9b213afefd64c343acf4ff0b5a4,"{""A"":""x0y0+x1y0"",""B"":""x0y0+x0y10+x3y20"",""b"":""X"",""d"":7,""excl_opp_detectors"":""True"",""k"":40,""l"":8,""leak_heralds"":""False"",""leak_repump"":""True"",""leakage"":""True"",""loss"":""True"",""m"":30,""n"":480,""p"":0.001,""prllel_1q"":480,""prllel_2q"":120,""r"":20,""repump_cycles"":3,""seq_meas"":""True"",""seq_ops"":""True"",""swapLRC"":""False""}",
         1,         0,         0,   0.151,bposd,c9218314ee5d2c29ac5b79f503bdaac3ce26a9b213afefd64c343acf4ff0b5a4,"{""A"":""x0y0+x1y0"",""B"":""x0y0+x0y10+x3y20"",""b"":""X"",""d"":7,""excl_opp_detectors"":""True"",""k"":40,""l"":8,""leak_heralds"":""False"",""leak_repump"":""True"",""leakage"":""True"",""loss"":""True"",""m"":30,""n"":480,""p"":0.001,""prllel_1q"":480,""prllel_2q"":120,""r"":20,""repump_cycles"":3,""seq_meas"":""True"",""seq_ops"":""True"",""swapLRC"":""False""}",
         4,         0,         0,    4.48,bposd,c9218314ee5d2c29ac5b79f503bdaac3ce26a9b213afefd64c343acf4ff0b5a4,"{""A"":""x0y0+x1y0"",""B"":""x0y0+x0y10+x3y20"",""b"":""X"",""d"":7,""excl_opp_detectors"":""True"",""k"":40,""l"":8,""leak_heralds"":""False"",""leak_repump"":""True"",""leakage"":""True"",""loss"":""True"",""m"":30,""n"":480,""p"":0.001,""prllel_1q"":480,""prllel_2q"":120,""r"":20,""repump_cycles"":3,""seq_meas"":""True"",""seq_ops"":""True"",""swapLRC"":""False""}",
         2,         0,         0,   0.890,bposd,c9218314ee5d2c29ac5b79f503bdaac3ce26a9b213afefd64c343acf4ff0b5a4,"{""A"":""x0y0+x1y0"",""B"":""x0y0+x0y10+x3y20"",""b"":""X"",""d"":7,""excl_opp_detectors"":""True"",""k"":40,""l"":8,""leak_heralds"":""False"",""leak_repump"":""True"",""leakage"":""True"",""loss"":""True"",""m"":30,""n"":480,""p"":0.001,""prllel_1q"":480,""prllel_2q"":120,""r"":20,""repump_cycles"":3,""seq_meas"":""True"",""seq_ops"":""True"",""swapLRC"":""False""}",
         2,         0,         0,   0.790,bposd,c9218314ee5d2c29ac5b79f503bdaac3ce26a9b213afefd64c343acf4ff0b5a4,"{""A"":""x0y0+x1y0"",""B"":""x0y0+x0y10+x3y20"",""b"":""X"",""d"":7,""excl_opp_detectors"":""True"",""k"":40,""l"":8,""leak_heralds"":""False"",""leak_repump"":""True"",""leakage"":""True"",""loss"":""True"",""m"":30,""n"":480,""p"":0.001,""prllel_1q"":480,""prllel_2q"":120,""r"":20,""repump_cycles"":3,""seq_meas"":""True"",""seq_ops"":""True"",""swapLRC"":""False""}",
         2,         0,         0,   0.212,bposd,c9218314ee5d2c29ac5b79f503bdaac3ce26a9b213afefd64c343acf4ff0b5a4,"{""A"":""x0y0+x1y0"",""B"":""x0y0+x0y10+x3y20"",""b"":""X"",""d"":7,""excl_opp_detectors"":""True"",""k"":40,""l"":8,""leak_heralds"":""False"",""leak_repump"":""True"",""leakage"":""True"",""loss"":""True"",""m"":30,""n"":480,""p"":0.001,""prllel_1q"":480,""prllel_2q"":120,""r"":20,""repump_cycles"":3,""seq_meas"":""True"",""seq_ops"":""True"",""swapLRC"":""False""}",
         1,         0,         0,    17.5,bposd,c9218314ee5d2c29ac5b79f503bdaac3ce26a9b213afefd64c343acf4ff0b5a4,"{""A"":""x0y0+x1y0"",""B"":""x0y0+x0y10+x3y20"",""b"":""X"",""d"":7,""excl_opp_detectors"":""True"",""k"":40,""l"":8,""leak_heralds"":""False"",""leak_repump"":""True"",""leakage"":""True"",""loss"":""True"",""m"":30,""n"":480,""p"":0.001,""prllel_1q"":480,""prllel_2q"":120,""r"":20,""repump_cycles"":3,""seq_meas"":""True"",""seq_ops"":""True"",""swapLRC"":""False""}",
         2,         0,         0,    34.1,bposd,c9218314ee5d2c29ac5b79f503bdaac3ce26a9b213afefd64c343acf4ff0b5a4,"{""A"":""x0y0+x1y0"",""B"":""x0y0+x0y10+x3y20"",""b"":""X"",""d"":7,""excl_opp_detectors"":""True"",""k"":40,""l"":8,""leak_heralds"":""False"",""leak_repump"":""True"",""leakage"":""True"",""loss"":""True"",""m"":30,""n"":480,""p"":0.001,""prllel_1q"":480,""prllel_2q"":120,""r"":20,""repump_cycles"":3,""seq_meas"":""True"",""seq_ops"":""True"",""swapLRC"":""False""}",
         1,         0,         0,   0.244,bposd,c9218314ee5d2c29ac5b79f503bdaac3ce26a9b213afefd64c343acf4ff0b5a4,"{""A"":""x0y0+x1y0"",""B"":""x0y0+x0y10+x3y20"",""b"":""X"",""d"":7,""excl_opp_detectors"":""True"",""k"":40,""l"":8,""leak_heralds"":""False"",""leak_repump"":""True"",""leakage"":""True"",""loss"":""True"",""m"":30,""n"":480,""p"":0.001,""prllel_1q"":480,""prllel_2q"":120,""r"":20,""repump_cycles"":3,""seq_meas"":""True"",""seq_ops"":""True"",""swapLRC"":""False""}",
         2,         0,         0,    73.0,bposd,c9218314ee5d2c29ac5b79f503bdaac3ce26a9b213afefd64c343acf4ff0b5a4,"{""A"":""x0y0+x1y0"",""B"":""x0y0+x0y10+x3y20"",""b"":""X"",""d"":7,""excl_opp_detectors"":""True"",""k"":40,""l"":8,""leak_heralds"":""False"",""leak_repump"":""True"",""leakage"":""True"",""loss"":""True"",""m"":30,""n"":480,""p"":0.001,""prllel_1q"":480,""prllel_2q"":120,""r"":20,""repump_cycles"":3,""seq_meas"":""True"",""seq_ops"":""True"",""swapLRC"":""False""}",
         1,         0,         0,   0.190,bposd,c9218314ee5d2c29ac5b79f503bdaac3ce26a9b213afefd64c343acf4ff0b5a4,"{""A"":""x0y0+x1y0"",""B"":""x0y0+x0y10+x3y20"",""b"":""X"",""d"":7,""excl_opp_detectors"":""True"",""k"":40,""l"":8,""leak_heralds"":""False"",""leak_repump"":""True"",""leakage"":""True"",""loss"":""True"",""m"":30,""n"":480,""p"":0.001,""prllel_1q"":480,""prllel_2q"":120,""r"":20,""repump_cycles"":3,""seq_meas"":""True"",""seq_ops"":""True"",""swapLRC"":""False""}",
         2,         0,         0,   0.160,bposd,c9218314ee5d2c29ac5b79f503bdaac3ce26a9b213afefd64c343acf4ff0b5a4,"{""A"":""x0y0+x1y0"",""B"":""x0y0+x0y10+x3y20"",""b"":""X"",""d"":7,""excl_opp_detectors"":""True"",""k"":40,""l"":8,""leak_heralds"":""False"",""leak_repump"":""True"",""leakage"":""True"",""loss"":""True"",""m"":30,""n"":480,""p"":0.001,""prllel_1q"":480,""prllel_2q"":120,""r"":20,""repump_cycles"":3,""seq_meas"":""True"",""seq_ops"":""True"",""swapLRC"":""False""}",
         1,         1,         0,    71.3,bposd,c9218314ee5d2c29ac5b79f503bdaac3ce26a9b213afefd64c343acf4ff0b5a4,"{""A"":""x0y0+x1y0"",""B"":""x0y0+x0y10+x3y20"",""b"":""X"",""d"":7,""excl_opp_detectors"":""True"",""k"":40,""l"":8,""leak_heralds"":""False"",""leak_repump"":""True"",""leakage"":""True"",""loss"":""True"",""m"":30,""n"":480,""p"":0.001,""prllel_1q"":480,""prllel_2q"":120,""r"":20,""repump_cycles"":3,""seq_meas"":""True"",""seq_ops"":""True"",""swapLRC"":""False""}",
         4,         0,         0,    2.28,bposd,c9218314ee5d2c29ac5b79f503bdaac3ce26a9b213afefd64c343acf4ff0b5a4,"{""A"":""x0y0+x1y0"",""B"":""x0y0+x0y10+x3y20"",""b"":""X"",""d"":7,""excl_opp_detectors"":""True"",""k"":40,""l"":8,""leak_heralds"":""False"",""leak_repump"":""True"",""leakage"":""True"",""loss"":""True"",""m"":30,""n"":480,""p"":0.001,""prllel_1q"":480,""prllel_2q"":120,""r"":20,""repump_cycles"":3,""seq_meas"":""True"",""seq_ops"":""True"",""swapLRC"":""False""}",
         2,         0,         0,    72.2,bposd,c9218314ee5d2c29ac5b79f503bdaac3ce26a9b213afefd64c343acf4ff0b5a4,"{""A"":""x0y0+x1y0"",""B"":""x0y0+x0y10+x3y20"",""b"":""X"",""d"":7,""excl_opp_detectors"":""True"",""k"":40,""l"":8,""leak_heralds"":""False"",""leak_repump"":""True"",""leakage"":""True"",""loss"":""True"",""m"":30,""n"":480,""p"":0.001,""prllel_1q"":480,""prllel_2q"":120,""r"":20,""repump_cycles"":3,""seq_meas"":""True"",""seq_ops"":""True"",""swapLRC"":""False""}",
         2,         0,         0,   0.270,bposd,c9218314ee5d2c29ac5b79f503bdaac3ce26a9b213afefd64c343acf4ff0b5a4,"{""A"":""x0y0+x1y0"",""B"":""x0y0+x0y10+x3y20"",""b"":""X"",""d"":7,""excl_opp_detectors"":""True"",""k"":40,""l"":8,""leak_heralds"":""False"",""leak_repump"":""True"",""leakage"":""True"",""loss"":""True"",""m"":30,""n"":480,""p"":0.001,""prllel_1q"":480,""prllel_2q"":120,""r"":20,""repump_cycles"":3,""seq_meas"":""True"",""seq_ops"":""True"",""swapLRC"":""False""}",
         1,         0,         0,   0.830,bposd,c9218314ee5d2c29ac5b79f503bdaac3ce26a9b213afefd64c343acf4ff0b5a4,"{""A"":""x0y0+x1y0"",""B"":""x0y0+x0y10+x3y20"",""b"":""X"",""d"":7,""excl_opp_detectors"":""True"",""k"":40,""l"":8,""leak_heralds"":""False"",""leak_repump"":""True"",""leakage"":""True"",""loss"":""True"",""m"":30,""n"":480,""p"":0.001,""prllel_1q"":480,""prllel_2q"":120,""r"":20,""repump_cycles"":3,""seq_meas"":""True"",""seq_ops"":""True"",""swapLRC"":""False""}",
         1,         0,         0,   0.151,bposd,c9218314ee5d2c29ac5b79f503bdaac3ce26a9b213afefd64c343acf4ff0b5a4,"{""A"":""x0y0+x1y0"",""B"":""x0y0+x0y10+x3y20"",""b"":""X"",""d"":7,""excl_opp_detectors"":""True"",""k"":40,""l"":8,""leak_heralds"":""False"",""leak_repump"":""True"",""leakage"":""True"",""loss"":""True"",""m"":30,""n"":480,""p"":0.001,""prllel_1q"":480,""prllel_2q"":120,""r"":20,""repump_cycles"":3,""seq_meas"":""True"",""seq_ops"":""True"",""swapLRC"":""False""}",
         2,         0,         0,   0.172,bposd,c9218314ee5d2c29ac5b79f503bdaac3ce26a9b213afefd64c343acf4ff0b5a4,"{""A"":""x0y0+x1y0"",""B"":""x0y0+x0y10+x3y20"",""b"":""X"",""d"":7,""excl_opp_detectors"":""True"",""k"":40,""l"":8,""leak_heralds"":""False"",""leak_repump"":""True"",""leakage"":""True"",""loss"":""True"",""m"":30,""n"":480,""p"":0.001,""prllel_1q"":480,""prllel_2q"":120,""r"":20,""repump_cycles"":3,""seq_meas"":""True"",""seq_ops"":""True"",""swapLRC"":""False""}",
         4,         0,         0,    72.9,bposd,c9218314ee5d2c29ac5b79f503bdaac3ce26a9b213afefd64c343acf4ff0b5a4,"{""A"":""x0y0+x1y0"",""B"":""x0y0+x0y10+x3y20"",""b"":""X"",""d"":7,""excl_opp_detectors"":""True"",""k"":40,""l"":8,""leak_heralds"":""False"",""leak_repump"":""True"",""leakage"":""True"",""loss"":""True"",""m"":30,""n"":480,""p"":0.001,""prllel_1q"":480,""prllel_2q"":120,""r"":20,""repump_cycles"":3,""seq_meas"":""True"",""seq_ops"":""True"",""swapLRC"":""False""}",
         2,         0,         0,   0.296,bposd,c9218314ee5d2c29ac5b79f503bdaac3ce26a9b213afefd64c343acf4ff0b5a4,"{""A"":""x0y0+x1y0"",""B"":""x0y0+x0y10+x3y20"",""b"":""X"",""d"":7,""excl_opp_detectors"":""True"",""k"":40,""l"":8,""leak_heralds"":""False"",""leak_repump"":""True"",""leakage"":""True"",""loss"":""True"",""m"":30,""n"":480,""p"":0.001,""prllel_1q"":480,""prllel_2q"":120,""r"":20,""repump_cycles"":3,""seq_meas"":""True"",""seq_ops"":""True"",""swapLRC"":""False""}",
         4,         0,         0,    1.15,bposd,c9218314ee5d2c29ac5b79f503bdaac3ce26a9b213afefd64c343acf4ff0b5a4,"{""A"":""x0y0+x1y0"",""B"":""x0y0+x0y10+x3y20"",""b"":""X"",""d"":7,""excl_opp_detectors"":""True"",""k"":40,""l"":8,""leak_heralds"":""False"",""leak_repump"":""True"",""leakage"":""True"",""loss"":""True"",""m"":30,""n"":480,""p"":0.001,""prllel_1q"":480,""prllel_2q"":120,""r"":20,""repump_cycles"":3,""seq_meas"":""True"",""seq_ops"":""True"",""swapLRC"":""False""}",
         1,         0,         0,    67.6,bposd,c9218314ee5d2c29ac5b79f503bdaac3ce26a9b213afefd64c343acf4ff0b5a4,"{""A"":""x0y0+x1y0"",""B"":""x0y0+x0y10+x3y20"",""b"":""X"",""d"":7,""excl_opp_detectors"":""True"",""k"":40,""l"":8,""leak_heralds"":""False"",""leak_repump"":""True"",""leakage"":""True"",""loss"":""True"",""m"":30,""n"":480,""p"":0.001,""prllel_1q"":480,""prllel_2q"":120,""r"":20,""repump_cycles"":3,""seq_meas"":""True"",""seq_ops"":""True"",""swapLRC"":""False""}",
         1,         0,         0,   0.424,bposd,c9218314ee5d2c29ac5b79f503bdaac3ce26a9b213afefd64c343acf4ff0b5a4,"{""A"":""x0y0+x1y0"",""B"":""x0y0+x0y10+x3y20"",""b"":""X"",""d"":7,""excl_opp_detectors"":""True"",""k"":40,""l"":8,""leak_heralds"":""False"",""leak_repump"":""True"",""leakage"":""True"",""loss"":""True"",""m"":30,""n"":480,""p"":0.001,""prllel_1q"":480,""prllel_2q"":120,""r"":20,""repump_cycles"":3,""seq_meas"":""True"",""seq_ops"":""True"",""swapLRC"":""False""}",
         1,         0,         0,   0.196,bposd,c9218314ee5d2c29ac5b79f503bdaac3ce26a9b213afefd64c343acf4ff0b5a4,"{""A"":""x0y0+x1y0"",""B"":""x0y0+x0y10+x3y20"",""b"":""X"",""d"":7,""excl_opp_detectors"":""True"",""k"":40,""l"":8,""leak_heralds"":""False"",""leak_repump"":""True"",""leakage"":""True"",""loss"":""True"",""m"":30,""n"":480,""p"":0.001,""prllel_1q"":480,""prllel_2q"":120,""r"":20,""repump_cycles"":3,""seq_meas"":""True"",""seq_ops"":""True"",""swapLRC"":""False""}",
         2,         0,         0,   0.393,bposd,c9218314ee5d2c29ac5b79f503bdaac3ce26a9b213afefd64c343acf4ff0b5a4,"{""A"":""x0y0+x1y0"",""B"":""x0y0+x0y10+x3y20"",""b"":""X"",""d"":7,""excl_opp_detectors"":""True"",""k"":40,""l"":8,""leak_heralds"":""False"",""leak_repump"":""True"",""leakage"":""True"",""loss"":""True"",""m"":30,""n"":480,""p"":0.001,""prllel_1q"":480,""prllel_2q"":120,""r"":20,""repump_cycles"":3,""seq_meas"":""True"",""seq_ops"":""True"",""swapLRC"":""False""}",
         2,         0,         0,   0.221,bposd,c9218314ee5d2c29ac5b79f503bdaac3ce26a9b213afefd64c343acf4ff0b5a4,"{""A"":""x0y0+x1y0"",""B"":""x0y0+x0y10+x3y20"",""b"":""X"",""d"":7,""excl_opp_detectors"":""True"",""k"":40,""l"":8,""leak_heralds"":""False"",""leak_repump"":""True"",""leakage"":""True"",""loss"":""True"",""m"":30,""n"":480,""p"":0.001,""prllel_1q"":480,""prllel_2q"":120,""r"":20,""repump_cycles"":3,""seq_meas"":""True"",""seq_ops"":""True"",""swapLRC"":""False""}",
         2,         0,         0,    63.5,bposd,c9218314ee5d2c29ac5b79f503bdaac3ce26a9b213afefd64c343acf4ff0b5a4,"{""A"":""x0y0+x1y0"",""B"":""x0y0+x0y10+x3y20"",""b"":""X"",""d"":7,""excl_opp_detectors"":""True"",""k"":40,""l"":8,""leak_heralds"":""False"",""leak_repump"":""True"",""leakage"":""True"",""loss"":""True"",""m"":30,""n"":480,""p"":0.001,""prllel_1q"":480,""prllel_2q"":120,""r"":20,""repump_cycles"":3,""seq_meas"":""True"",""seq_ops"":""True"",""swapLRC"":""False""}",
         1,         0,         0,   0.170,bposd,c9218314ee5d2c29ac5b79f503bdaac3ce26a9b213afefd64c343acf4ff0b5a4,"{""A"":""x0y0+x1y0"",""B"":""x0y0+x0y10+x3y20"",""b"":""X"",""d"":7,""excl_opp_detectors"":""True"",""k"":40,""l"":8,""leak_heralds"":""False"",""leak_repump"":""True"",""leakage"":""True"",""loss"":""True"",""m"":30,""n"":480,""p"":0.001,""prllel_1q"":480,""prllel_2q"":120,""r"":20,""repump_cycles"":3,""seq_meas"":""True"",""seq_ops"":""True"",""swapLRC"":""False""}",
         2,         0,         0,   0.309,bposd,c9218314ee5d2c29ac5b79f503bdaac3ce26a9b213afefd64c343acf4ff0b5a4,"{""A"":""x0y0+x1y0"",""B"":""x0y0+x0y10+x3y20"",""b"":""X"",""d"":7,""excl_opp_detectors"":""True"",""k"":40,""l"":8,""leak_heralds"":""False"",""leak_repump"":""True"",""leakage"":""True"",""loss"":""True"",""m"":30,""n"":480,""p"":0.001,""prllel_1q"":480,""prllel_2q"":120,""r"":20,""repump_cycles"":3,""seq_meas"":""True"",""seq_ops"":""True"",""swapLRC"":""False""}",
         2,         0,         0,   0.200,bposd,c9218314ee5d2c29ac5b79f503bdaac3ce26a9b213afefd64c343acf4ff0b5a4,"{""A"":""x0y0+x1y0"",""B"":""x0y0+x0y10+x3y20"",""b"":""X"",""d"":7,""excl_opp_detectors"":""True"",""k"":40,""l"":8,""leak_heralds"":""False"",""leak_repump"":""True"",""leakage"":""True"",""loss"":""True"",""m"":30,""n"":480,""p"":0.001,""prllel_1q"":480,""prllel_2q"":120,""r"":20,""repump_cycles"":3,""seq_meas"":""True"",""seq_ops"":""True"",""swapLRC"":""False""}",
         4,         0,         0,   0.417,bposd,c9218314ee5d2c29ac5b79f503bdaac3ce26a9b213afefd64c343acf4ff0b5a4,"{""A"":""x0y0+x1y0"",""B"":""x0y0+x0y10+x3y20"",""b"":""X"",""d"":7,""excl_opp_detectors"":""True"",""k"":40,""l"":8,""leak_heralds"":""False"",""leak_repump"":""True"",""leakage"":""True"",""loss"":""True"",""m"":30,""n"":480,""p"":0.001,""prllel_1q"":480,""prllel_2q"":120,""r"":20,""repump_cycles"":3,""seq_meas"":""True"",""seq_ops"":""True"",""swapLRC"":""False""}",
         2,         0,         0,   140.0,bposd,c9218314ee5d2c29ac5b79f503bdaac3ce26a9b213afefd64c343acf4ff0b5a4,"{""A"":""x0y0+x1y0"",""B"":""x0y0+x0y10+x3y20"",""b"":""X"",""d"":7,""excl_opp_detectors"":""True"",""k"":40,""l"":8,""leak_heralds"":""False"",""leak_repump"":""True"",""leakage"":""True"",""loss"":""True"",""m"":30,""n"":480,""p"":0.001,""prllel_1q"":480,""prllel_2q"":120,""r"":20,""repump_cycles"":3,""seq_meas"":""True"",""seq_ops"":""True"",""swapLRC"":""False""}",
         1,         0,         0,    67.7,bposd,c9218314ee5d2c29ac5b79f503bdaac3ce26a9b213afefd64c343acf4ff0b5a4,"{""A"":""x0y0+x1y0"",""B"":""x0y0+x0y10+x3y20"",""b"":""X"",""d"":7,""excl_opp_detectors"":""True"",""k"":40,""l"":8,""leak_heralds"":""False"",""leak_repump"":""True"",""leakage"":""True"",""loss"":""True"",""m"":30,""n"":480,""p"":0.001,""prllel_1q"":480,""prllel_2q"":120,""r"":20,""repump_cycles"":3,""seq_meas"":""True"",""seq_ops"":""True"",""swapLRC"":""False""}",
         1,         0,         0,   0.196,bposd,c9218314ee5d2c29ac5b79f503bdaac3ce26a9b213afefd64c343acf4ff0b5a4,"{""A"":""x0y0+x1y0"",""B"":""x0y0+x0y10+x3y20"",""b"":""X"",""d"":7,""excl_opp_detectors"":""True"",""k"":40,""l"":8,""leak_heralds"":""False"",""leak_repump"":""True"",""leakage"":""True"",""loss"":""True"",""m"":30,""n"":480,""p"":0.001,""prllel_1q"":480,""prllel_2q"":120,""r"":20,""repump_cycles"":3,""seq_meas"":""True"",""seq_ops"":""True"",""swapLRC"":""False""}",
         2,         0,         0,   0.449,bposd,c9218314ee5d2c29ac5b79f503bdaac3ce26a9b213afefd64c343acf4ff0b5a4,"{""A"":""x0y0+x1y0"",""B"":""x0y0+x0y10+x3y20"",""b"":""X"",""d"":7,""excl_opp_detectors"":""True"",""k"":40,""l"":8,""leak_heralds"":""False"",""leak_repump"":""True"",""leakage"":""True"",""loss"":""True"",""m"":30,""n"":480,""p"":0.001,""prllel_1q"":480,""prllel_2q"":120,""r"":20,""repump_cycles"":3,""seq_meas"":""True"",""seq_ops"":""True"",""swapLRC"":""False""}",
         2,         0,         0,   0.766,bposd,c9218314ee5d2c29ac5b79f503bdaac3ce26a9b213afefd64c343acf4ff0b5a4,"{""A"":""x0y0+x1y0"",""B"":""x0y0+x0y10+x3y20"",""b"":""X"",""d"":7,""excl_opp_detectors"":""True"",""k"":40,""l"":8,""leak_heralds"":""False"",""leak_repump"":""True"",""leakage"":""True"",""loss"":""True"",""m"":30,""n"":480,""p"":0.001,""prllel_1q"":480,""prllel_2q"":120,""r"":20,""repump_cycles"":3,""seq_meas"":""True"",""seq_ops"":""True"",""swapLRC"":""False""}",
         2,         0,         0,   0.260,bposd,c9218314ee5d2c29ac5b79f503bdaac3ce26a9b213afefd64c343acf4ff0b5a4,"{""A"":""x0y0+x1y0"",""B"":""x0y0+x0y10+x3y20"",""b"":""X"",""d"":7,""excl_opp_detectors"":""True"",""k"":40,""l"":8,""leak_heralds"":""False"",""leak_repump"":""True"",""leakage"":""True"",""loss"":""True"",""m"":30,""n"":480,""p"":0.001,""prllel_1q"":480,""prllel_2q"":120,""r"":20,""repump_cycles"":3,""seq_meas"":""True"",""seq_ops"":""True"",""swapLRC"":""False""}",
         4,         0,         0,    68.0,bposd,c9218314ee5d2c29ac5b79f503bdaac3ce26a9b213afefd64c343acf4ff0b5a4,"{""A"":""x0y0+x1y0"",""B"":""x0y0+x0y10+x3y20"",""b"":""X"",""d"":7,""excl_opp_detectors"":""True"",""k"":40,""l"":8,""leak_heralds"":""False"",""leak_repump"":""True"",""leakage"":""True"",""loss"":""True"",""m"":30,""n"":480,""p"":0.001,""prllel_1q"":480,""prllel_2q"":120,""r"":20,""repump_cycles"":3,""seq_meas"":""True"",""seq_ops"":""True"",""swapLRC"":""False""}",
         2,         0,         0,   0.590,bposd,c9218314ee5d2c29ac5b79f503bdaac3ce26a9b213afefd64c343acf4ff0b5a4,"{""A"":""x0y0+x1y0"",""B"":""x0y0+x0y10+x3y20"",""b"":""X"",""d"":7,""excl_opp_detectors"":""True"",""k"":40,""l"":8,""leak_heralds"":""False"",""leak_repump"":""True"",""leakage"":""True"",""loss"":""True"",""m"":30,""n"":480,""p"":0.001,""prllel_1q"":480,""prllel_2q"":120,""r"":20,""repump_cycles"":3,""seq_meas"":""True"",""seq_ops"":""True"",""swapLRC"":""False""}",
         2,         0,         0,   0.180,bposd,c9218314ee5d2c29ac5b79f503bdaac3ce26a9b213afefd64c343acf4ff0b5a4,"{""A"":""x0y0+x1y0"",""B"":""x0y0+x0y10+x3y20"",""b"":""X"",""d"":7,""excl_opp_detectors"":""True"",""k"":40,""l"":8,""leak_heralds"":""False"",""leak_repump"":""True"",""leakage"":""True"",""loss"":""True"",""m"":30,""n"":480,""p"":0.001,""prllel_1q"":480,""prllel_2q"":120,""r"":20,""repump_cycles"":3,""seq_meas"":""True"",""seq_ops"":""True"",""swapLRC"":""False""}",
         4,         0,         0,   0.293,bposd,c9218314ee5d2c29ac5b79f503bdaac3ce26a9b213afefd64c343acf4ff0b5a4,"{""A"":""x0y0+x1y0"",""B"":""x0y0+x0y10+x3y20"",""b"":""X"",""d"":7,""excl_opp_detectors"":""True"",""k"":40,""l"":8,""leak_heralds"":""False"",""leak_repump"":""True"",""leakage"":""True"",""loss"":""True"",""m"":30,""n"":480,""p"":0.001,""prllel_1q"":480,""prllel_2q"":120,""r"":20,""repump_cycles"":3,""seq_meas"":""True"",""seq_ops"":""True"",""swapLRC"":""False""}",
         4,         1,         0,    66.0,bposd,c9218314ee5d2c29ac5b79f503bdaac3ce26a9b213afefd64c343acf4ff0b5a4,"{""A"":""x0y0+x1y0"",""B"":""x0y0+x0y10+x3y20"",""b"":""X"",""d"":7,""excl_opp_detectors"":""True"",""k"":40,""l"":8,""leak_heralds"":""False"",""leak_repump"":""True"",""leakage"":""True"",""loss"":""True"",""m"":30,""n"":480,""p"":0.001,""prllel_1q"":480,""prllel_2q"":120,""r"":20,""repump_cycles"":3,""seq_meas"":""True"",""seq_ops"":""True"",""swapLRC"":""False""}",
         4,         0,         0,    68.6,bposd,c9218314ee5d2c29ac5b79f503bdaac3ce26a9b213afefd64c343acf4ff0b5a4,"{""A"":""x0y0+x1y0"",""B"":""x0y0+x0y10+x3y20"",""b"":""X"",""d"":7,""excl_opp_detectors"":""True"",""k"":40,""l"":8,""leak_heralds"":""False"",""leak_repump"":""True"",""leakage"":""True"",""loss"":""True"",""m"":30,""n"":480,""p"":0.001,""prllel_1q"":480,""prllel_2q"":120,""r"":20,""repump_cycles"":3,""seq_meas"":""True"",""seq_ops"":""True"",""swapLRC"":""False""}",
         2,         0,         0,    6.35,bposd,c9218314ee5d2c29ac5b79f503bdaac3ce26a9b213afefd64c343acf4ff0b5a4,"{""A"":""x0y0+x1y0"",""B"":""x0y0+x0y10+x3y20"",""b"":""X"",""d"":7,""excl_opp_detectors"":""True"",""k"":40,""l"":8,""leak_heralds"":""False"",""leak_repump"":""True"",""leakage"":""True"",""loss"":""True"",""m"":30,""n"":480,""p"":0.001,""prllel_1q"":480,""prllel_2q"":120,""r"":20,""repump_cycles"":3,""seq_meas"":""True"",""seq_ops"":""True"",""swapLRC"":""False""}",
         4,         0,         0,    65.8,bposd,c9218314ee5d2c29ac5b79f503bdaac3ce26a9b213afefd64c343acf4ff0b5a4,"{""A"":""x0y0+x1y0"",""B"":""x0y0+x0y10+x3y20"",""b"":""X"",""d"":7,""excl_opp_detectors"":""True"",""k"":40,""l"":8,""leak_heralds"":""False"",""leak_repump"":""True"",""leakage"":""True"",""loss"":""True"",""m"":30,""n"":480,""p"":0.001,""prllel_1q"":480,""prllel_2q"":120,""r"":20,""repump_cycles"":3,""seq_meas"":""True"",""seq_ops"":""True"",""swapLRC"":""False""}",
         1,         0,         0,   0.421,bposd,c9218314ee5d2c29ac5b79f503bdaac3ce26a9b213afefd64c343acf4ff0b5a4,"{""A"":""x0y0+x1y0"",""B"":""x0y0+x0y10+x3y20"",""b"":""X"",""d"":7,""excl_opp_detectors"":""True"",""k"":40,""l"":8,""leak_heralds"":""False"",""leak_repump"":""True"",""leakage"":""True"",""loss"":""True"",""m"":30,""n"":480,""p"":0.001,""prllel_1q"":480,""prllel_2q"":120,""r"":20,""repump_cycles"":3,""seq_meas"":""True"",""seq_ops"":""True"",""swapLRC"":""False""}",
         1,         0,         0,   0.215,bposd,c9218314ee5d2c29ac5b79f503bdaac3ce26a9b213afefd64c343acf4ff0b5a4,"{""A"":""x0y0+x1y0"",""B"":""x0y0+x0y10+x3y20"",""b"":""X"",""d"":7,""excl_opp_detectors"":""True"",""k"":40,""l"":8,""leak_heralds"":""False"",""leak_repump"":""True"",""leakage"":""True"",""loss"":""True"",""m"":30,""n"":480,""p"":0.001,""prllel_1q"":480,""prllel_2q"":120,""r"":20,""repump_cycles"":3,""seq_meas"":""True"",""seq_ops"":""True"",""swapLRC"":""False""}",
         2,         0,         0,   0.463,bposd,c9218314ee5d2c29ac5b79f503bdaac3ce26a9b213afefd64c343acf4ff0b5a4,"{""A"":""x0y0+x1y0"",""B"":""x0y0+x0y10+x3y20"",""b"":""X"",""d"":7,""excl_opp_detectors"":""True"",""k"":40,""l"":8,""leak_heralds"":""False"",""leak_repump"":""True"",""leakage"":""True"",""loss"":""True"",""m"":30,""n"":480,""p"":0.001,""prllel_1q"":480,""prllel_2q"":120,""r"":20,""repump_cycles"":3,""seq_meas"":""True"",""seq_ops"":""True"",""swapLRC"":""False""}",
         2,         0,         0,    13.7,bposd,c9218314ee5d2c29ac5b79f503bdaac3ce26a9b213afefd64c343acf4ff0b5a4,"{""A"":""x0y0+x1y0"",""B"":""x0y0+x0y10+x3y20"",""b"":""X"",""d"":7,""excl_opp_detectors"":""True"",""k"":40,""l"":8,""leak_heralds"":""False"",""leak_repump"":""True"",""leakage"":""True"",""loss"":""True"",""m"":30,""n"":480,""p"":0.001,""prllel_1q"":480,""prllel_2q"":120,""r"":20,""repump_cycles"":3,""seq_meas"":""True"",""seq_ops"":""True"",""swapLRC"":""False""}",
         1,         0,         0,    65.5,bposd,c9218314ee5d2c29ac5b79f503bdaac3ce26a9b213afefd64c343acf4ff0b5a4,"{""A"":""x0y0+x1y0"",""B"":""x0y0+x0y10+x3y20"",""b"":""X"",""d"":7,""excl_opp_detectors"":""True"",""k"":40,""l"":8,""leak_heralds"":""False"",""leak_repump"":""True"",""leakage"":""True"",""loss"":""True"",""m"":30,""n"":480,""p"":0.001,""prllel_1q"":480,""prllel_2q"":120,""r"":20,""repump_cycles"":3,""seq_meas"":""True"",""seq_ops"":""True"",""swapLRC"":""False""}",
         1,         0,         0,   0.237,bposd,c9218314ee5d2c29ac5b79f503bdaac3ce26a9b213afefd64c343acf4ff0b5a4,"{""A"":""x0y0+x1y0"",""B"":""x0y0+x0y10+x3y20"",""b"":""X"",""d"":7,""excl_opp_detectors"":""True"",""k"":40,""l"":8,""leak_heralds"":""False"",""leak_repump"":""True"",""leakage"":""True"",""loss"":""True"",""m"":30,""n"":480,""p"":0.001,""prllel_1q"":480,""prllel_2q"":120,""r"":20,""repump_cycles"":3,""seq_meas"":""True"",""seq_ops"":""True"",""swapLRC"":""False""}",
         4,         0,         0,   134.0,bposd,c9218314ee5d2c29ac5b79f503bdaac3ce26a9b213afefd64c343acf4ff0b5a4,"{""A"":""x0y0+x1y0"",""B"":""x0y0+x0y10+x3y20"",""b"":""X"",""d"":7,""excl_opp_detectors"":""True"",""k"":40,""l"":8,""leak_heralds"":""False"",""leak_repump"":""True"",""leakage"":""True"",""loss"":""True"",""m"":30,""n"":480,""p"":0.001,""prllel_1q"":480,""prllel_2q"":120,""r"":20,""repump_cycles"":3,""seq_meas"":""True"",""seq_ops"":""True"",""swapLRC"":""False""}",
         2,         0,         0,    65.9,bposd,c9218314ee5d2c29ac5b79f503bdaac3ce26a9b213afefd64c343acf4ff0b5a4,"{""A"":""x0y0+x1y0"",""B"":""x0y0+x0y10+x3y20"",""b"":""X"",""d"":7,""excl_opp_detectors"":""True"",""k"":40,""l"":8,""leak_heralds"":""False"",""leak_repump"":""True"",""leakage"":""True"",""loss"":""True"",""m"":30,""n"":480,""p"":0.001,""prllel_1q"":480,""prllel_2q"":120,""r"":20,""repump_cycles"":3,""seq_meas"":""True"",""seq_ops"":""True"",""swapLRC"":""False""}",
         1,         0,         0,   0.622,bposd,c9218314ee5d2c29ac5b79f503bdaac3ce26a9b213afefd64c343acf4ff0b5a4,"{""A"":""x0y0+x1y0"",""B"":""x0y0+x0y10+x3y20"",""b"":""X"",""d"":7,""excl_opp_detectors"":""True"",""k"":40,""l"":8,""leak_heralds"":""False"",""leak_repump"":""True"",""leakage"":""True"",""loss"":""True"",""m"":30,""n"":480,""p"":0.001,""prllel_1q"":480,""prllel_2q"":120,""r"":20,""repump_cycles"":3,""seq_meas"":""True"",""seq_ops"":""True"",""swapLRC"":""False""}",
         1,         0,         0,    5.39,bposd,c9218314ee5d2c29ac5b79f503bdaac3ce26a9b213afefd64c343acf4ff0b5a4,"{""A"":""x0y0+x1y0"",""B"":""x0y0+x0y10+x3y20"",""b"":""X"",""d"":7,""excl_opp_detectors"":""True"",""k"":40,""l"":8,""leak_heralds"":""False"",""leak_repump"":""True"",""leakage"":""True"",""loss"":""True"",""m"":30,""n"":480,""p"":0.001,""prllel_1q"":480,""prllel_2q"":120,""r"":20,""repump_cycles"":3,""seq_meas"":""True"",""seq_ops"":""True"",""swapLRC"":""False""}",
         2,         0,         0,    66.0,bposd,c9218314ee5d2c29ac5b79f503bdaac3ce26a9b213afefd64c343acf4ff0b5a4,"{""A"":""x0y0+x1y0"",""B"":""x0y0+x0y10+x3y20"",""b"":""X"",""d"":7,""excl_opp_detectors"":""True"",""k"":40,""l"":8,""leak_heralds"":""False"",""leak_repump"":""True"",""leakage"":""True"",""loss"":""True"",""m"":30,""n"":480,""p"":0.001,""prllel_1q"":480,""prllel_2q"":120,""r"":20,""repump_cycles"":3,""seq_meas"":""True"",""seq_ops"":""True"",""swapLRC"":""False""}",
         3,         1,         0,    61.6,bposd,c9218314ee5d2c29ac5b79f503bdaac3ce26a9b213afefd64c343acf4ff0b5a4,"{""A"":""x0y0+x1y0"",""B"":""x0y0+x0y10+x3y20"",""b"":""X"",""d"":7,""excl_opp_detectors"":""True"",""k"":40,""l"":8,""leak_heralds"":""False"",""leak_repump"":""True"",""leakage"":""True"",""loss"":""True"",""m"":30,""n"":480,""p"":0.001,""prllel_1q"":480,""prllel_2q"":120,""r"":20,""repump_cycles"":3,""seq_meas"":""True"",""seq_ops"":""True"",""swapLRC"":""False""}",
         2,         0,         0,    65.1,bposd,c9218314ee5d2c29ac5b79f503bdaac3ce26a9b213afefd64c343acf4ff0b5a4,"{""A"":""x0y0+x1y0"",""B"":""x0y0+x0y10+x3y20"",""b"":""X"",""d"":7,""excl_opp_detectors"":""True"",""k"":40,""l"":8,""leak_heralds"":""False"",""leak_repump"":""True"",""leakage"":""True"",""loss"":""True"",""m"":30,""n"":480,""p"":0.001,""prllel_1q"":480,""prllel_2q"":120,""r"":20,""repump_cycles"":3,""seq_meas"":""True"",""seq_ops"":""True"",""swapLRC"":""False""}",
         1,         0,         0,   0.210,bposd,c9218314ee5d2c29ac5b79f503bdaac3ce26a9b213afefd64c343acf4ff0b5a4,"{""A"":""x0y0+x1y0"",""B"":""x0y0+x0y10+x3y20"",""b"":""X"",""d"":7,""excl_opp_detectors"":""True"",""k"":40,""l"":8,""leak_heralds"":""False"",""leak_repump"":""True"",""leakage"":""True"",""loss"":""True"",""m"":30,""n"":480,""p"":0.001,""prllel_1q"":480,""prllel_2q"":120,""r"":20,""repump_cycles"":3,""seq_meas"":""True"",""seq_ops"":""True"",""swapLRC"":""False""}",
         8,         0,         0,   131.4,bposd,c9218314ee5d2c29ac5b79f503bdaac3ce26a9b213afefd64c343acf4ff0b5a4,"{""A"":""x0y0+x1y0"",""B"":""x0y0+x0y10+x3y20"",""b"":""X"",""d"":7,""excl_opp_detectors"":""True"",""k"":40,""l"":8,""leak_heralds"":""False"",""leak_repump"":""True"",""leakage"":""True"",""loss"":""True"",""m"":30,""n"":480,""p"":0.001,""prllel_1q"":480,""prllel_2q"":120,""r"":20,""repump_cycles"":3,""seq_meas"":""True"",""seq_ops"":""True"",""swapLRC"":""False""}",
         4,         0,         0,   133.9,bposd,c9218314ee5d2c29ac5b79f503bdaac3ce26a9b213afefd64c343acf4ff0b5a4,"{""A"":""x0y0+x1y0"",""B"":""x0y0+x0y10+x3y20"",""b"":""X"",""d"":7,""excl_opp_detectors"":""True"",""k"":40,""l"":8,""leak_heralds"":""False"",""leak_repump"":""True"",""leakage"":""True"",""loss"":""True"",""m"":30,""n"":480,""p"":0.001,""prllel_1q"":480,""prllel_2q"":120,""r"":20,""repump_cycles"":3,""seq_meas"":""True"",""seq_ops"":""True"",""swapLRC"":""False""}",
         2,         0,         0,    66.4,bposd,c9218314ee5d2c29ac5b79f503bdaac3ce26a9b213afefd64c343acf4ff0b5a4,"{""A"":""x0y0+x1y0"",""B"":""x0y0+x0y10+x3y20"",""b"":""X"",""d"":7,""excl_opp_detectors"":""True"",""k"":40,""l"":8,""leak_heralds"":""False"",""leak_repump"":""True"",""leakage"":""True"",""loss"":""True"",""m"":30,""n"":480,""p"":0.001,""prllel_1q"":480,""prllel_2q"":120,""r"":20,""repump_cycles"":3,""seq_meas"":""True"",""seq_ops"":""True"",""swapLRC"":""False""}",
         2,         0,         0,   0.208,bposd,c9218314ee5d2c29ac5b79f503bdaac3ce26a9b213afefd64c343acf4ff0b5a4,"{""A"":""x0y0+x1y0"",""B"":""x0y0+x0y10+x3y20"",""b"":""X"",""d"":7,""excl_opp_detectors"":""True"",""k"":40,""l"":8,""leak_heralds"":""False"",""leak_repump"":""True"",""leakage"":""True"",""loss"":""True"",""m"":30,""n"":480,""p"":0.001,""prllel_1q"":480,""prllel_2q"":120,""r"":20,""repump_cycles"":3,""seq_meas"":""True"",""seq_ops"":""True"",""swapLRC"":""False""}",
         1,         0,         0,    2.04,bposd,c9218314ee5d2c29ac5b79f503bdaac3ce26a9b213afefd64c343acf4ff0b5a4,"{""A"":""x0y0+x1y0"",""B"":""x0y0+x0y10+x3y20"",""b"":""X"",""d"":7,""excl_opp_detectors"":""True"",""k"":40,""l"":8,""leak_heralds"":""False"",""leak_repump"":""True"",""leakage"":""True"",""loss"":""True"",""m"":30,""n"":480,""p"":0.001,""prllel_1q"":480,""prllel_2q"":120,""r"":20,""repump_cycles"":3,""seq_meas"":""True"",""seq_ops"":""True"",""swapLRC"":""False""}",
         4,         0,         0,    5.05,bposd,c9218314ee5d2c29ac5b79f503bdaac3ce26a9b213afefd64c343acf4ff0b5a4,"{""A"":""x0y0+x1y0"",""B"":""x0y0+x0y10+x3y20"",""b"":""X"",""d"":7,""excl_opp_detectors"":""True"",""k"":40,""l"":8,""leak_heralds"":""False"",""leak_repump"":""True"",""leakage"":""True"",""loss"":""True"",""m"":30,""n"":480,""p"":0.001,""prllel_1q"":480,""prllel_2q"":120,""r"":20,""repump_cycles"":3,""seq_meas"":""True"",""seq_ops"":""True"",""swapLRC"":""False""}",
         2,         0,         0,    64.6,bposd,c9218314ee5d2c29ac5b79f503bdaac3ce26a9b213afefd64c343acf4ff0b5a4,"{""A"":""x0y0+x1y0"",""B"":""x0y0+x0y10+x3y20"",""b"":""X"",""d"":7,""excl_opp_detectors"":""True"",""k"":40,""l"":8,""leak_heralds"":""False"",""leak_repump"":""True"",""leakage"":""True"",""loss"":""True"",""m"":30,""n"":480,""p"":0.001,""prllel_1q"":480,""prllel_2q"":120,""r"":20,""repump_cycles"":3,""seq_meas"":""True"",""seq_ops"":""True"",""swapLRC"":""False""}",
         3,         0,         0,    64.0,bposd,c9218314ee5d2c29ac5b79f503bdaac3ce26a9b213afefd64c343acf4ff0b5a4,"{""A"":""x0y0+x1y0"",""B"":""x0y0+x0y10+x3y20"",""b"":""X"",""d"":7,""excl_opp_detectors"":""True"",""k"":40,""l"":8,""leak_heralds"":""False"",""leak_repump"":""True"",""leakage"":""True"",""loss"":""True"",""m"":30,""n"":480,""p"":0.001,""prllel_1q"":480,""prllel_2q"":120,""r"":20,""repump_cycles"":3,""seq_meas"":""True"",""seq_ops"":""True"",""swapLRC"":""False""}",
         7,         0,         0,    2.10,bposd,c9218314ee5d2c29ac5b79f503bdaac3ce26a9b213afefd64c343acf4ff0b5a4,"{""A"":""x0y0+x1y0"",""B"":""x0y0+x0y10+x3y20"",""b"":""X"",""d"":7,""excl_opp_detectors"":""True"",""k"":40,""l"":8,""leak_heralds"":""False"",""leak_repump"":""True"",""leakage"":""True"",""loss"":""True"",""m"":30,""n"":480,""p"":0.001,""prllel_1q"":480,""prllel_2q"":120,""r"":20,""repump_cycles"":3,""seq_meas"":""True"",""seq_ops"":""True"",""swapLRC"":""False""}",
         1,         0,         0,    64.4,bposd,c9218314ee5d2c29ac5b79f503bdaac3ce26a9b213afefd64c343acf4ff0b5a4,"{""A"":""x0y0+x1y0"",""B"":""x0y0+x0y10+x3y20"",""b"":""X"",""d"":7,""excl_opp_detectors"":""True"",""k"":40,""l"":8,""leak_heralds"":""False"",""leak_repump"":""True"",""leakage"":""True"",""loss"":""True"",""m"":30,""n"":480,""p"":0.001,""prllel_1q"":480,""prllel_2q"":120,""r"":20,""repump_cycles"":3,""seq_meas"":""True"",""seq_ops"":""True"",""swapLRC"":""False""}",
         2,         0,         0,    65.8,bposd,c9218314ee5d2c29ac5b79f503bdaac3ce26a9b213afefd64c343acf4ff0b5a4,"{""A"":""x0y0+x1y0"",""B"":""x0y0+x0y10+x3y20"",""b"":""X"",""d"":7,""excl_opp_detectors"":""True"",""k"":40,""l"":8,""leak_heralds"":""False"",""leak_repump"":""True"",""leakage"":""True"",""loss"":""True"",""m"":30,""n"":480,""p"":0.001,""prllel_1q"":480,""prllel_2q"":120,""r"":20,""repump_cycles"":3,""seq_meas"":""True"",""seq_ops"":""True"",""swapLRC"":""False""}",
         4,         0,         0,    64.8,bposd,c9218314ee5d2c29ac5b79f503bdaac3ce26a9b213afefd64c343acf4ff0b5a4,"{""A"":""x0y0+x1y0"",""B"":""x0y0+x0y10+x3y20"",""b"":""X"",""d"":7,""excl_opp_detectors"":""True"",""k"":40,""l"":8,""leak_heralds"":""False"",""leak_repump"":""True"",""leakage"":""True"",""loss"":""True"",""m"":30,""n"":480,""p"":0.001,""prllel_1q"":480,""prllel_2q"":120,""r"":20,""repump_cycles"":3,""seq_meas"":""True"",""seq_ops"":""True"",""swapLRC"":""False""}",
         1,         0,         0,    64.3,bposd,c9218314ee5d2c29ac5b79f503bdaac3ce26a9b213afefd64c343acf4ff0b5a4,"{""A"":""x0y0+x1y0"",""B"":""x0y0+x0y10+x3y20"",""b"":""X"",""d"":7,""excl_opp_detectors"":""True"",""k"":40,""l"":8,""leak_heralds"":""False"",""leak_repump"":""True"",""leakage"":""True"",""loss"":""True"",""m"":30,""n"":480,""p"":0.001,""prllel_1q"":480,""prllel_2q"":120,""r"":20,""repump_cycles"":3,""seq_meas"":""True"",""seq_ops"":""True"",""swapLRC"":""False""}",
         2,         0,         0,    4.21,bposd,c9218314ee5d2c29ac5b79f503bdaac3ce26a9b213afefd64c343acf4ff0b5a4,"{""A"":""x0y0+x1y0"",""B"":""x0y0+x0y10+x3y20"",""b"":""X"",""d"":7,""excl_opp_detectors"":""True"",""k"":40,""l"":8,""leak_heralds"":""False"",""leak_repump"":""True"",""leakage"":""True"",""loss"":""True"",""m"":30,""n"":480,""p"":0.001,""prllel_1q"":480,""prllel_2q"":120,""r"":20,""repump_cycles"":3,""seq_meas"":""True"",""seq_ops"":""True"",""swapLRC"":""False""}",
         3,         0,         0,    2.12,bposd,c9218314ee5d2c29ac5b79f503bdaac3ce26a9b213afefd64c343acf4ff0b5a4,"{""A"":""x0y0+x1y0"",""B"":""x0y0+x0y10+x3y20"",""b"":""X"",""d"":7,""excl_opp_detectors"":""True"",""k"":40,""l"":8,""leak_heralds"":""False"",""leak_repump"":""True"",""leakage"":""True"",""loss"":""True"",""m"":30,""n"":480,""p"":0.001,""prllel_1q"":480,""prllel_2q"":120,""r"":20,""repump_cycles"":3,""seq_meas"":""True"",""seq_ops"":""True"",""swapLRC"":""False""}",
         6,         0,         0,    67.2,bposd,c9218314ee5d2c29ac5b79f503bdaac3ce26a9b213afefd64c343acf4ff0b5a4,"{""A"":""x0y0+x1y0"",""B"":""x0y0+x0y10+x3y20"",""b"":""X"",""d"":7,""excl_opp_detectors"":""True"",""k"":40,""l"":8,""leak_heralds"":""False"",""leak_repump"":""True"",""leakage"":""True"",""loss"":""True"",""m"":30,""n"":480,""p"":0.001,""prllel_1q"":480,""prllel_2q"":120,""r"":20,""repump_cycles"":3,""seq_meas"":""True"",""seq_ops"":""True"",""swapLRC"":""False""}",
         1,         0,         0,    63.2,bposd,c9218314ee5d2c29ac5b79f503bdaac3ce26a9b213afefd64c343acf4ff0b5a4,"{""A"":""x0y0+x1y0"",""B"":""x0y0+x0y10+x3y20"",""b"":""X"",""d"":7,""excl_opp_detectors"":""True"",""k"":40,""l"":8,""leak_heralds"":""False"",""leak_repump"":""True"",""leakage"":""True"",""loss"":""True"",""m"":30,""n"":480,""p"":0.001,""prllel_1q"":480,""prllel_2q"":120,""r"":20,""repump_cycles"":3,""seq_meas"":""True"",""seq_ops"":""True"",""swapLRC"":""False""}",
         1,         0,         0,    63.4,bposd,c9218314ee5d2c29ac5b79f503bdaac3ce26a9b213afefd64c343acf4ff0b5a4,"{""A"":""x0y0+x1y0"",""B"":""x0y0+x0y10+x3y20"",""b"":""X"",""d"":7,""excl_opp_detectors"":""True"",""k"":40,""l"":8,""leak_heralds"":""False"",""leak_repump"":""True"",""leakage"":""True"",""loss"":""True"",""m"":30,""n"":480,""p"":0.001,""prllel_1q"":480,""prllel_2q"":120,""r"":20,""repump_cycles"":3,""seq_meas"":""True"",""seq_ops"":""True"",""swapLRC"":""False""}",
         1,         0,         0,   0.811,bposd,c9218314ee5d2c29ac5b79f503bdaac3ce26a9b213afefd64c343acf4ff0b5a4,"{""A"":""x0y0+x1y0"",""B"":""x0y0+x0y10+x3y20"",""b"":""X"",""d"":7,""excl_opp_detectors"":""True"",""k"":40,""l"":8,""leak_heralds"":""False"",""leak_repump"":""True"",""leakage"":""True"",""loss"":""True"",""m"":30,""n"":480,""p"":0.001,""prllel_1q"":480,""prllel_2q"":120,""r"":20,""repump_cycles"":3,""seq_meas"":""True"",""seq_ops"":""True"",""swapLRC"":""False""}",
         1,         0,         0,    64.2,bposd,c9218314ee5d2c29ac5b79f503bdaac3ce26a9b213afefd64c343acf4ff0b5a4,"{""A"":""x0y0+x1y0"",""B"":""x0y0+x0y10+x3y20"",""b"":""X"",""d"":7,""excl_opp_detectors"":""True"",""k"":40,""l"":8,""leak_heralds"":""False"",""leak_repump"":""True"",""leakage"":""True"",""loss"":""True"",""m"":30,""n"":480,""p"":0.001,""prllel_1q"":480,""prllel_2q"":120,""r"":20,""repump_cycles"":3,""seq_meas"":""True"",""seq_ops"":""True"",""swapLRC"":""False""}",
         1,         0,         0,   0.185,bposd,c9218314ee5d2c29ac5b79f503bdaac3ce26a9b213afefd64c343acf4ff0b5a4,"{""A"":""x0y0+x1y0"",""B"":""x0y0+x0y10+x3y20"",""b"":""X"",""d"":7,""excl_opp_detectors"":""True"",""k"":40,""l"":8,""leak_heralds"":""False"",""leak_repump"":""True"",""leakage"":""True"",""loss"":""True"",""m"":30,""n"":480,""p"":0.001,""prllel_1q"":480,""prllel_2q"":120,""r"":20,""repump_cycles"":3,""seq_meas"":""True"",""seq_ops"":""True"",""swapLRC"":""False""}",
         1,         0,         0,    65.1,bposd,c9218314ee5d2c29ac5b79f503bdaac3ce26a9b213afefd64c343acf4ff0b5a4,"{""A"":""x0y0+x1y0"",""B"":""x0y0+x0y10+x3y20"",""b"":""X"",""d"":7,""excl_opp_detectors"":""True"",""k"":40,""l"":8,""leak_heralds"":""False"",""leak_repump"":""True"",""leakage"":""True"",""loss"":""True"",""m"":30,""n"":480,""p"":0.001,""prllel_1q"":480,""prllel_2q"":120,""r"":20,""repump_cycles"":3,""seq_meas"":""True"",""seq_ops"":""True"",""swapLRC"":""False""}",
         1,         0,         0,   0.334,bposd,c9218314ee5d2c29ac5b79f503bdaac3ce26a9b213afefd64c343acf4ff0b5a4,"{""A"":""x0y0+x1y0"",""B"":""x0y0+x0y10+x3y20"",""b"":""X"",""d"":7,""excl_opp_detectors"":""True"",""k"":40,""l"":8,""leak_heralds"":""False"",""leak_repump"":""True"",""leakage"":""True"",""loss"":""True"",""m"":30,""n"":480,""p"":0.001,""prllel_1q"":480,""prllel_2q"":120,""r"":20,""repump_cycles"":3,""seq_meas"":""True"",""seq_ops"":""True"",""swapLRC"":""False""}",
         3,         0,         0,   0.415,bposd,c9218314ee5d2c29ac5b79f503bdaac3ce26a9b213afefd64c343acf4ff0b5a4,"{""A"":""x0y0+x1y0"",""B"":""x0y0+x0y10+x3y20"",""b"":""X"",""d"":7,""excl_opp_detectors"":""True"",""k"":40,""l"":8,""leak_heralds"":""False"",""leak_repump"":""True"",""leakage"":""True"",""loss"":""True"",""m"":30,""n"":480,""p"":0.001,""prllel_1q"":480,""prllel_2q"":120,""r"":20,""repump_cycles"":3,""seq_meas"":""True"",""seq_ops"":""True"",""swapLRC"":""False""}",
         3,         0,         0,    65.7,bposd,c9218314ee5d2c29ac5b79f503bdaac3ce26a9b213afefd64c343acf4ff0b5a4,"{""A"":""x0y0+x1y0"",""B"":""x0y0+x0y10+x3y20"",""b"":""X"",""d"":7,""excl_opp_detectors"":""True"",""k"":40,""l"":8,""leak_heralds"":""False"",""leak_repump"":""True"",""leakage"":""True"",""loss"":""True"",""m"":30,""n"":480,""p"":0.001,""prllel_1q"":480,""prllel_2q"":120,""r"":20,""repump_cycles"":3,""seq_meas"":""True"",""seq_ops"":""True"",""swapLRC"":""False""}",
         1,         0,         0,    65.6,bposd,c9218314ee5d2c29ac5b79f503bdaac3ce26a9b213afefd64c343acf4ff0b5a4,"{""A"":""x0y0+x1y0"",""B"":""x0y0+x0y10+x3y20"",""b"":""X"",""d"":7,""excl_opp_detectors"":""True"",""k"":40,""l"":8,""leak_heralds"":""False"",""leak_repump"":""True"",""leakage"":""True"",""loss"":""True"",""m"":30,""n"":480,""p"":0.001,""prllel_1q"":480,""prllel_2q"":120,""r"":20,""repump_cycles"":3,""seq_meas"":""True"",""seq_ops"":""True"",""swapLRC"":""False""}",
         7,         0,         0,   0.699,bposd,c9218314ee5d2c29ac5b79f503bdaac3ce26a9b213afefd64c343acf4ff0b5a4,"{""A"":""x0y0+x1y0"",""B"":""x0y0+x0y10+x3y20"",""b"":""X"",""d"":7,""excl_opp_detectors"":""True"",""k"":40,""l"":8,""leak_heralds"":""False"",""leak_repump"":""True"",""leakage"":""True"",""loss"":""True"",""m"":30,""n"":480,""p"":0.001,""prllel_1q"":480,""prllel_2q"":120,""r"":20,""repump_cycles"":3,""seq_meas"":""True"",""seq_ops"":""True"",""swapLRC"":""False""}",
         4,         0,         0,   130.3,bposd,c9218314ee5d2c29ac5b79f503bdaac3ce26a9b213afefd64c343acf4ff0b5a4,"{""A"":""x0y0+x1y0"",""B"":""x0y0+x0y10+x3y20"",""b"":""X"",""d"":7,""excl_opp_detectors"":""True"",""k"":40,""l"":8,""leak_heralds"":""False"",""leak_repump"":""True"",""leakage"":""True"",""loss"":""True"",""m"":30,""n"":480,""p"":0.001,""prllel_1q"":480,""prllel_2q"":120,""r"":20,""repump_cycles"":3,""seq_meas"":""True"",""seq_ops"":""True"",""swapLRC"":""False""}",
         5,         0,         0,    64.3,bposd,c9218314ee5d2c29ac5b79f503bdaac3ce26a9b213afefd64c343acf4ff0b5a4,"{""A"":""x0y0+x1y0"",""B"":""x0y0+x0y10+x3y20"",""b"":""X"",""d"":7,""excl_opp_detectors"":""True"",""k"":40,""l"":8,""leak_heralds"":""False"",""leak_repump"":""True"",""leakage"":""True"",""loss"":""True"",""m"":30,""n"":480,""p"":0.001,""prllel_1q"":480,""prllel_2q"":120,""r"":20,""repump_cycles"":3,""seq_meas"":""True"",""seq_ops"":""True"",""swapLRC"":""False""}",
         2,         0,         0,   132.1,bposd,c9218314ee5d2c29ac5b79f503bdaac3ce26a9b213afefd64c343acf4ff0b5a4,"{""A"":""x0y0+x1y0"",""B"":""x0y0+x0y10+x3y20"",""b"":""X"",""d"":7,""excl_opp_detectors"":""True"",""k"":40,""l"":8,""leak_heralds"":""False"",""leak_repump"":""True"",""leakage"":""True"",""loss"":""True"",""m"":30,""n"":480,""p"":0.001,""prllel_1q"":480,""prllel_2q"":120,""r"":20,""repump_cycles"":3,""seq_meas"":""True"",""seq_ops"":""True"",""swapLRC"":""False""}",
         1,         0,         0,    66.6,bposd,c9218314ee5d2c29ac5b79f503bdaac3ce26a9b213afefd64c343acf4ff0b5a4,"{""A"":""x0y0+x1y0"",""B"":""x0y0+x0y10+x3y20"",""b"":""X"",""d"":7,""excl_opp_detectors"":""True"",""k"":40,""l"":8,""leak_heralds"":""False"",""leak_repump"":""True"",""leakage"":""True"",""loss"":""True"",""m"":30,""n"":480,""p"":0.001,""prllel_1q"":480,""prllel_2q"":120,""r"":20,""repump_cycles"":3,""seq_meas"":""True"",""seq_ops"":""True"",""swapLRC"":""False""}",
         8,         0,         0,    67.7,bposd,c9218314ee5d2c29ac5b79f503bdaac3ce26a9b213afefd64c343acf4ff0b5a4,"{""A"":""x0y0+x1y0"",""B"":""x0y0+x0y10+x3y20"",""b"":""X"",""d"":7,""excl_opp_detectors"":""True"",""k"":40,""l"":8,""leak_heralds"":""False"",""leak_repump"":""True"",""leakage"":""True"",""loss"":""True"",""m"":30,""n"":480,""p"":0.001,""prllel_1q"":480,""prllel_2q"":120,""r"":20,""repump_cycles"":3,""seq_meas"":""True"",""seq_ops"":""True"",""swapLRC"":""False""}",
         1,         0,         0,    65.7,bposd,c9218314ee5d2c29ac5b79f503bdaac3ce26a9b213afefd64c343acf4ff0b5a4,"{""A"":""x0y0+x1y0"",""B"":""x0y0+x0y10+x3y20"",""b"":""X"",""d"":7,""excl_opp_detectors"":""True"",""k"":40,""l"":8,""leak_heralds"":""False"",""leak_repump"":""True"",""leakage"":""True"",""loss"":""True"",""m"":30,""n"":480,""p"":0.001,""prllel_1q"":480,""prllel_2q"":120,""r"":20,""repump_cycles"":3,""seq_meas"":""True"",""seq_ops"":""True"",""swapLRC"":""False""}",
         4,         1,         0,   130.8,bposd,c9218314ee5d2c29ac5b79f503bdaac3ce26a9b213afefd64c343acf4ff0b5a4,"{""A"":""x0y0+x1y0"",""B"":""x0y0+x0y10+x3y20"",""b"":""X"",""d"":7,""excl_opp_detectors"":""True"",""k"":40,""l"":8,""leak_heralds"":""False"",""leak_repump"":""True"",""leakage"":""True"",""loss"":""True"",""m"":30,""n"":480,""p"":0.001,""prllel_1q"":480,""prllel_2q"":120,""r"":20,""repump_cycles"":3,""seq_meas"":""True"",""seq_ops"":""True"",""swapLRC"":""False""}",
         1,         0,         0,    64.8,bposd,c9218314ee5d2c29ac5b79f503bdaac3ce26a9b213afefd64c343acf4ff0b5a4,"{""A"":""x0y0+x1y0"",""B"":""x0y0+x0y10+x3y20"",""b"":""X"",""d"":7,""excl_opp_detectors"":""True"",""k"":40,""l"":8,""leak_heralds"":""False"",""leak_repump"":""True"",""leakage"":""True"",""loss"":""True"",""m"":30,""n"":480,""p"":0.001,""prllel_1q"":480,""prllel_2q"":120,""r"":20,""repump_cycles"":3,""seq_meas"":""True"",""seq_ops"":""True"",""swapLRC"":""False""}",
         3,         0,         0,    65.4,bposd,c9218314ee5d2c29ac5b79f503bdaac3ce26a9b213afefd64c343acf4ff0b5a4,"{""A"":""x0y0+x1y0"",""B"":""x0y0+x0y10+x3y20"",""b"":""X"",""d"":7,""excl_opp_detectors"":""True"",""k"":40,""l"":8,""leak_heralds"":""False"",""leak_repump"":""True"",""leakage"":""True"",""loss"":""True"",""m"":30,""n"":480,""p"":0.001,""prllel_1q"":480,""prllel_2q"":120,""r"":20,""repump_cycles"":3,""seq_meas"":""True"",""seq_ops"":""True"",""swapLRC"":""False""}",
         3,         0,         0,   127.0,bposd,c9218314ee5d2c29ac5b79f503bdaac3ce26a9b213afefd64c343acf4ff0b5a4,"{""A"":""x0y0+x1y0"",""B"":""x0y0+x0y10+x3y20"",""b"":""X"",""d"":7,""excl_opp_detectors"":""True"",""k"":40,""l"":8,""leak_heralds"":""False"",""leak_repump"":""True"",""leakage"":""True"",""loss"":""True"",""m"":30,""n"":480,""p"":0.001,""prllel_1q"":480,""prllel_2q"":120,""r"":20,""repump_cycles"":3,""seq_meas"":""True"",""seq_ops"":""True"",""swapLRC"":""False""}",
         5,         0,         0,    63.3,bposd,c9218314ee5d2c29ac5b79f503bdaac3ce26a9b213afefd64c343acf4ff0b5a4,"{""A"":""x0y0+x1y0"",""B"":""x0y0+x0y10+x3y20"",""b"":""X"",""d"":7,""excl_opp_detectors"":""True"",""k"":40,""l"":8,""leak_heralds"":""False"",""leak_repump"":""True"",""leakage"":""True"",""loss"":""True"",""m"":30,""n"":480,""p"":0.001,""prllel_1q"":480,""prllel_2q"":120,""r"":20,""repump_cycles"":3,""seq_meas"":""True"",""seq_ops"":""True"",""swapLRC"":""False""}",
         6,         0,         0,   190.0,bposd,c9218314ee5d2c29ac5b79f503bdaac3ce26a9b213afefd64c343acf4ff0b5a4,"{""A"":""x0y0+x1y0"",""B"":""x0y0+x0y10+x3y20"",""b"":""X"",""d"":7,""excl_opp_detectors"":""True"",""k"":40,""l"":8,""leak_heralds"":""False"",""leak_repump"":""True"",""leakage"":""True"",""loss"":""True"",""m"":30,""n"":480,""p"":0.001,""prllel_1q"":480,""prllel_2q"":120,""r"":20,""repump_cycles"":3,""seq_meas"":""True"",""seq_ops"":""True"",""swapLRC"":""False""}",
         2,         0,         0,    63.9,bposd,c9218314ee5d2c29ac5b79f503bdaac3ce26a9b213afefd64c343acf4ff0b5a4,"{""A"":""x0y0+x1y0"",""B"":""x0y0+x0y10+x3y20"",""b"":""X"",""d"":7,""excl_opp_detectors"":""True"",""k"":40,""l"":8,""leak_heralds"":""False"",""leak_repump"":""True"",""leakage"":""True"",""loss"":""True"",""m"":30,""n"":480,""p"":0.001,""prllel_1q"":480,""prllel_2q"":120,""r"":20,""repump_cycles"":3,""seq_meas"":""True"",""seq_ops"":""True"",""swapLRC"":""False""}",
         7,         0,         0,    64.2,bposd,c9218314ee5d2c29ac5b79f503bdaac3ce26a9b213afefd64c343acf4ff0b5a4,"{""A"":""x0y0+x1y0"",""B"":""x0y0+x0y10+x3y20"",""b"":""X"",""d"":7,""excl_opp_detectors"":""True"",""k"":40,""l"":8,""leak_heralds"":""False"",""leak_repump"":""True"",""leakage"":""True"",""loss"":""True"",""m"":30,""n"":480,""p"":0.001,""prllel_1q"":480,""prllel_2q"":120,""r"":20,""repump_cycles"":3,""seq_meas"":""True"",""seq_ops"":""True"",""swapLRC"":""False""}",
         4,         0,         0,   127.6,bposd,c9218314ee5d2c29ac5b79f503bdaac3ce26a9b213afefd64c343acf4ff0b5a4,"{""A"":""x0y0+x1y0"",""B"":""x0y0+x0y10+x3y20"",""b"":""X"",""d"":7,""excl_opp_detectors"":""True"",""k"":40,""l"":8,""leak_heralds"":""False"",""leak_repump"":""True"",""leakage"":""True"",""loss"":""True"",""m"":30,""n"":480,""p"":0.001,""prllel_1q"":480,""prllel_2q"":120,""r"":20,""repump_cycles"":3,""seq_meas"":""True"",""seq_ops"":""True"",""swapLRC"":""False""}",
         7,         0,         0,    63.8,bposd,c9218314ee5d2c29ac5b79f503bdaac3ce26a9b213afefd64c343acf4ff0b5a4,"{""A"":""x0y0+x1y0"",""B"":""x0y0+x0y10+x3y20"",""b"":""X"",""d"":7,""excl_opp_detectors"":""True"",""k"":40,""l"":8,""leak_heralds"":""False"",""leak_repump"":""True"",""leakage"":""True"",""loss"":""True"",""m"":30,""n"":480,""p"":0.001,""prllel_1q"":480,""prllel_2q"":120,""r"":20,""repump_cycles"":3,""seq_meas"":""True"",""seq_ops"":""True"",""swapLRC"":""False""}",
         5,         0,         0,    66.9,bposd,c9218314ee5d2c29ac5b79f503bdaac3ce26a9b213afefd64c343acf4ff0b5a4,"{""A"":""x0y0+x1y0"",""B"":""x0y0+x0y10+x3y20"",""b"":""X"",""d"":7,""excl_opp_detectors"":""True"",""k"":40,""l"":8,""leak_heralds"":""False"",""leak_repump"":""True"",""leakage"":""True"",""loss"":""True"",""m"":30,""n"":480,""p"":0.001,""prllel_1q"":480,""prllel_2q"":120,""r"":20,""repump_cycles"":3,""seq_meas"":""True"",""seq_ops"":""True"",""swapLRC"":""False""}",
         1,         0,         0,    63.1,bposd,c9218314ee5d2c29ac5b79f503bdaac3ce26a9b213afefd64c343acf4ff0b5a4,"{""A"":""x0y0+x1y0"",""B"":""x0y0+x0y10+x3y20"",""b"":""X"",""d"":7,""excl_opp_detectors"":""True"",""k"":40,""l"":8,""leak_heralds"":""False"",""leak_repump"":""True"",""leakage"":""True"",""loss"":""True"",""m"":30,""n"":480,""p"":0.001,""prllel_1q"":480,""prllel_2q"":120,""r"":20,""repump_cycles"":3,""seq_meas"":""True"",""seq_ops"":""True"",""swapLRC"":""False""}",
         6,         0,         0,    63.8,bposd,c9218314ee5d2c29ac5b79f503bdaac3ce26a9b213afefd64c343acf4ff0b5a4,"{""A"":""x0y0+x1y0"",""B"":""x0y0+x0y10+x3y20"",""b"":""X"",""d"":7,""excl_opp_detectors"":""True"",""k"":40,""l"":8,""leak_heralds"":""False"",""leak_repump"":""True"",""leakage"":""True"",""loss"":""True"",""m"":30,""n"":480,""p"":0.001,""prllel_1q"":480,""prllel_2q"":120,""r"":20,""repump_cycles"":3,""seq_meas"":""True"",""seq_ops"":""True"",""swapLRC"":""False""}",
         3,         0,         0,    65.7,bposd,c9218314ee5d2c29ac5b79f503bdaac3ce26a9b213afefd64c343acf4ff0b5a4,"{""A"":""x0y0+x1y0"",""B"":""x0y0+x0y10+x3y20"",""b"":""X"",""d"":7,""excl_opp_detectors"":""True"",""k"":40,""l"":8,""leak_heralds"":""False"",""leak_repump"":""True"",""leakage"":""True"",""loss"":""True"",""m"":30,""n"":480,""p"":0.001,""prllel_1q"":480,""prllel_2q"":120,""r"":20,""repump_cycles"":3,""seq_meas"":""True"",""seq_ops"":""True"",""swapLRC"":""False""}",
         3,         0,         0,    65.4,bposd,c9218314ee5d2c29ac5b79f503bdaac3ce26a9b213afefd64c343acf4ff0b5a4,"{""A"":""x0y0+x1y0"",""B"":""x0y0+x0y10+x3y20"",""b"":""X"",""d"":7,""excl_opp_detectors"":""True"",""k"":40,""l"":8,""leak_heralds"":""False"",""leak_repump"":""True"",""leakage"":""True"",""loss"":""True"",""m"":30,""n"":480,""p"":0.001,""prllel_1q"":480,""prllel_2q"":120,""r"":20,""repump_cycles"":3,""seq_meas"":""True"",""seq_ops"":""True"",""swapLRC"":""False""}",
         4,         0,         0,    65.5,bposd,c9218314ee5d2c29ac5b79f503bdaac3ce26a9b213afefd64c343acf4ff0b5a4,"{""A"":""x0y0+x1y0"",""B"":""x0y0+x0y10+x3y20"",""b"":""X"",""d"":7,""excl_opp_detectors"":""True"",""k"":40,""l"":8,""leak_heralds"":""False"",""leak_repump"":""True"",""leakage"":""True"",""loss"":""True"",""m"":30,""n"":480,""p"":0.001,""prllel_1q"":480,""prllel_2q"":120,""r"":20,""repump_cycles"":3,""seq_meas"":""True"",""seq_ops"":""True"",""swapLRC"":""False""}",
         1,         0,         0,    3.32,bposd,c9218314ee5d2c29ac5b79f503bdaac3ce26a9b213afefd64c343acf4ff0b5a4,"{""A"":""x0y0+x1y0"",""B"":""x0y0+x0y10+x3y20"",""b"":""X"",""d"":7,""excl_opp_detectors"":""True"",""k"":40,""l"":8,""leak_heralds"":""False"",""leak_repump"":""True"",""leakage"":""True"",""loss"":""True"",""m"":30,""n"":480,""p"":0.001,""prllel_1q"":480,""prllel_2q"":120,""r"":20,""repump_cycles"":3,""seq_meas"":""True"",""seq_ops"":""True"",""swapLRC"":""False""}",
         7,         0,         0,    1.88,bposd,c9218314ee5d2c29ac5b79f503bdaac3ce26a9b213afefd64c343acf4ff0b5a4,"{""A"":""x0y0+x1y0"",""B"":""x0y0+x0y10+x3y20"",""b"":""X"",""d"":7,""excl_opp_detectors"":""True"",""k"":40,""l"":8,""leak_heralds"":""False"",""leak_repump"":""True"",""leakage"":""True"",""loss"":""True"",""m"":30,""n"":480,""p"":0.001,""prllel_1q"":480,""prllel_2q"":120,""r"":20,""repump_cycles"":3,""seq_meas"":""True"",""seq_ops"":""True"",""swapLRC"":""False""}",
         1,         0,         0,    64.0,bposd,c9218314ee5d2c29ac5b79f503bdaac3ce26a9b213afefd64c343acf4ff0b5a4,"{""A"":""x0y0+x1y0"",""B"":""x0y0+x0y10+x3y20"",""b"":""X"",""d"":7,""excl_opp_detectors"":""True"",""k"":40,""l"":8,""leak_heralds"":""False"",""leak_repump"":""True"",""leakage"":""True"",""loss"":""True"",""m"":30,""n"":480,""p"":0.001,""prllel_1q"":480,""prllel_2q"":120,""r"":20,""repump_cycles"":3,""seq_meas"":""True"",""seq_ops"":""True"",""swapLRC"":""False""}",
         9,         1,         0,    63.5,bposd,c9218314ee5d2c29ac5b79f503bdaac3ce26a9b213afefd64c343acf4ff0b5a4,"{""A"":""x0y0+x1y0"",""B"":""x0y0+x0y10+x3y20"",""b"":""X"",""d"":7,""excl_opp_detectors"":""True"",""k"":40,""l"":8,""leak_heralds"":""False"",""leak_repump"":""True"",""leakage"":""True"",""loss"":""True"",""m"":30,""n"":480,""p"":0.001,""prllel_1q"":480,""prllel_2q"":120,""r"":20,""repump_cycles"":3,""seq_meas"":""True"",""seq_ops"":""True"",""swapLRC"":""False""}",
         2,         0,         0,   0.271,bposd,c9218314ee5d2c29ac5b79f503bdaac3ce26a9b213afefd64c343acf4ff0b5a4,"{""A"":""x0y0+x1y0"",""B"":""x0y0+x0y10+x3y20"",""b"":""X"",""d"":7,""excl_opp_detectors"":""True"",""k"":40,""l"":8,""leak_heralds"":""False"",""leak_repump"":""True"",""leakage"":""True"",""loss"":""True"",""m"":30,""n"":480,""p"":0.001,""prllel_1q"":480,""prllel_2q"":120,""r"":20,""repump_cycles"":3,""seq_meas"":""True"",""seq_ops"":""True"",""swapLRC"":""False""}",
         1,         0,         0,    16.9,bposd,c9218314ee5d2c29ac5b79f503bdaac3ce26a9b213afefd64c343acf4ff0b5a4,"{""A"":""x0y0+x1y0"",""B"":""x0y0+x0y10+x3y20"",""b"":""X"",""d"":7,""excl_opp_detectors"":""True"",""k"":40,""l"":8,""leak_heralds"":""False"",""leak_repump"":""True"",""leakage"":""True"",""loss"":""True"",""m"":30,""n"":480,""p"":0.001,""prllel_1q"":480,""prllel_2q"":120,""r"":20,""repump_cycles"":3,""seq_meas"":""True"",""seq_ops"":""True"",""swapLRC"":""False""}",
         2,         0,         0,   132.0,bposd,c9218314ee5d2c29ac5b79f503bdaac3ce26a9b213afefd64c343acf4ff0b5a4,"{""A"":""x0y0+x1y0"",""B"":""x0y0+x0y10+x3y20"",""b"":""X"",""d"":7,""excl_opp_detectors"":""True"",""k"":40,""l"":8,""leak_heralds"":""False"",""leak_repump"":""True"",""leakage"":""True"",""loss"":""True"",""m"":30,""n"":480,""p"":0.001,""prllel_1q"":480,""prllel_2q"":120,""r"":20,""repump_cycles"":3,""seq_meas"":""True"",""seq_ops"":""True"",""swapLRC"":""False""}",
         9,         0,         0,    65.7,bposd,c9218314ee5d2c29ac5b79f503bdaac3ce26a9b213afefd64c343acf4ff0b5a4,"{""A"":""x0y0+x1y0"",""B"":""x0y0+x0y10+x3y20"",""b"":""X"",""d"":7,""excl_opp_detectors"":""True"",""k"":40,""l"":8,""leak_heralds"":""False"",""leak_repump"":""True"",""leakage"":""True"",""loss"":""True"",""m"":30,""n"":480,""p"":0.001,""prllel_1q"":480,""prllel_2q"":120,""r"":20,""repump_cycles"":3,""seq_meas"":""True"",""seq_ops"":""True"",""swapLRC"":""False""}",
         2,         0,         0,    64.8,bposd,c9218314ee5d2c29ac5b79f503bdaac3ce26a9b213afefd64c343acf4ff0b5a4,"{""A"":""x0y0+x1y0"",""B"":""x0y0+x0y10+x3y20"",""b"":""X"",""d"":7,""excl_opp_detectors"":""True"",""k"":40,""l"":8,""leak_heralds"":""False"",""leak_repump"":""True"",""leakage"":""True"",""loss"":""True"",""m"":30,""n"":480,""p"":0.001,""prllel_1q"":480,""prllel_2q"":120,""r"":20,""repump_cycles"":3,""seq_meas"":""True"",""seq_ops"":""True"",""swapLRC"":""False""}",
         1,         0,         0,    64.9,bposd,c9218314ee5d2c29ac5b79f503bdaac3ce26a9b213afefd64c343acf4ff0b5a4,"{""A"":""x0y0+x1y0"",""B"":""x0y0+x0y10+x3y20"",""b"":""X"",""d"":7,""excl_opp_detectors"":""True"",""k"":40,""l"":8,""leak_heralds"":""False"",""leak_repump"":""True"",""leakage"":""True"",""loss"":""True"",""m"":30,""n"":480,""p"":0.001,""prllel_1q"":480,""prllel_2q"":120,""r"":20,""repump_cycles"":3,""seq_meas"":""True"",""seq_ops"":""True"",""swapLRC"":""False""}",
         1,         0,         0,    63.5,bposd,c9218314ee5d2c29ac5b79f503bdaac3ce26a9b213afefd64c343acf4ff0b5a4,"{""A"":""x0y0+x1y0"",""B"":""x0y0+x0y10+x3y20"",""b"":""X"",""d"":7,""excl_opp_detectors"":""True"",""k"":40,""l"":8,""leak_heralds"":""False"",""leak_repump"":""True"",""leakage"":""True"",""loss"":""True"",""m"":30,""n"":480,""p"":0.001,""prllel_1q"":480,""prllel_2q"":120,""r"":20,""repump_cycles"":3,""seq_meas"":""True"",""seq_ops"":""True"",""swapLRC"":""False""}",
         6,         0,         0,   119.2,bposd,c9218314ee5d2c29ac5b79f503bdaac3ce26a9b213afefd64c343acf4ff0b5a4,"{""A"":""x0y0+x1y0"",""B"":""x0y0+x0y10+x3y20"",""b"":""X"",""d"":7,""excl_opp_detectors"":""True"",""k"":40,""l"":8,""leak_heralds"":""False"",""leak_repump"":""True"",""leakage"":""True"",""loss"":""True"",""m"":30,""n"":480,""p"":0.001,""prllel_1q"":480,""prllel_2q"":120,""r"":20,""repump_cycles"":3,""seq_meas"":""True"",""seq_ops"":""True"",""swapLRC"":""False""}",
         2,         0,         0,    7.00,bposd,c9218314ee5d2c29ac5b79f503bdaac3ce26a9b213afefd64c343acf4ff0b5a4,"{""A"":""x0y0+x1y0"",""B"":""x0y0+x0y10+x3y20"",""b"":""X"",""d"":7,""excl_opp_detectors"":""True"",""k"":40,""l"":8,""leak_heralds"":""False"",""leak_repump"":""True"",""leakage"":""True"",""loss"":""True"",""m"":30,""n"":480,""p"":0.001,""prllel_1q"":480,""prllel_2q"":120,""r"":20,""repump_cycles"":3,""seq_meas"":""True"",""seq_ops"":""True"",""swapLRC"":""False""}",
         3,         0,         0,   125.2,bposd,c9218314ee5d2c29ac5b79f503bdaac3ce26a9b213afefd64c343acf4ff0b5a4,"{""A"":""x0y0+x1y0"",""B"":""x0y0+x0y10+x3y20"",""b"":""X"",""d"":7,""excl_opp_detectors"":""True"",""k"":40,""l"":8,""leak_heralds"":""False"",""leak_repump"":""True"",""leakage"":""True"",""loss"":""True"",""m"":30,""n"":480,""p"":0.001,""prllel_1q"":480,""prllel_2q"":120,""r"":20,""repump_cycles"":3,""seq_meas"":""True"",""seq_ops"":""True"",""swapLRC"":""False""}",
         1,         0,         0,    58.6,bposd,c9218314ee5d2c29ac5b79f503bdaac3ce26a9b213afefd64c343acf4ff0b5a4,"{""A"":""x0y0+x1y0"",""B"":""x0y0+x0y10+x3y20"",""b"":""X"",""d"":7,""excl_opp_detectors"":""True"",""k"":40,""l"":8,""leak_heralds"":""False"",""leak_repump"":""True"",""leakage"":""True"",""loss"":""True"",""m"":30,""n"":480,""p"":0.001,""prllel_1q"":480,""prllel_2q"":120,""r"":20,""repump_cycles"":3,""seq_meas"":""True"",""seq_ops"":""True"",""swapLRC"":""False""}",
         6,         0,         0,    60.9,bposd,c9218314ee5d2c29ac5b79f503bdaac3ce26a9b213afefd64c343acf4ff0b5a4,"{""A"":""x0y0+x1y0"",""B"":""x0y0+x0y10+x3y20"",""b"":""X"",""d"":7,""excl_opp_detectors"":""True"",""k"":40,""l"":8,""leak_heralds"":""False"",""leak_repump"":""True"",""leakage"":""True"",""loss"":""True"",""m"":30,""n"":480,""p"":0.001,""prllel_1q"":480,""prllel_2q"":120,""r"":20,""repump_cycles"":3,""seq_meas"":""True"",""seq_ops"":""True"",""swapLRC"":""False""}",
         7,         0,         0,    1.03,bposd,c9218314ee5d2c29ac5b79f503bdaac3ce26a9b213afefd64c343acf4ff0b5a4,"{""A"":""x0y0+x1y0"",""B"":""x0y0+x0y10+x3y20"",""b"":""X"",""d"":7,""excl_opp_detectors"":""True"",""k"":40,""l"":8,""leak_heralds"":""False"",""leak_repump"":""True"",""leakage"":""True"",""loss"":""True"",""m"":30,""n"":480,""p"":0.001,""prllel_1q"":480,""prllel_2q"":120,""r"":20,""repump_cycles"":3,""seq_meas"":""True"",""seq_ops"":""True"",""swapLRC"":""False""}",
         3,         0,         0,    63.0,bposd,c9218314ee5d2c29ac5b79f503bdaac3ce26a9b213afefd64c343acf4ff0b5a4,"{""A"":""x0y0+x1y0"",""B"":""x0y0+x0y10+x3y20"",""b"":""X"",""d"":7,""excl_opp_detectors"":""True"",""k"":40,""l"":8,""leak_heralds"":""False"",""leak_repump"":""True"",""leakage"":""True"",""loss"":""True"",""m"":30,""n"":480,""p"":0.001,""prllel_1q"":480,""prllel_2q"":120,""r"":20,""repump_cycles"":3,""seq_meas"":""True"",""seq_ops"":""True"",""swapLRC"":""False""}",
         3,         0,         0,    60.6,bposd,c9218314ee5d2c29ac5b79f503bdaac3ce26a9b213afefd64c343acf4ff0b5a4,"{""A"":""x0y0+x1y0"",""B"":""x0y0+x0y10+x3y20"",""b"":""X"",""d"":7,""excl_opp_detectors"":""True"",""k"":40,""l"":8,""leak_heralds"":""False"",""leak_repump"":""True"",""leakage"":""True"",""loss"":""True"",""m"":30,""n"":480,""p"":0.001,""prllel_1q"":480,""prllel_2q"":120,""r"":20,""repump_cycles"":3,""seq_meas"":""True"",""seq_ops"":""True"",""swapLRC"":""False""}",
         2,         0,         0,    63.4,bposd,c9218314ee5d2c29ac5b79f503bdaac3ce26a9b213afefd64c343acf4ff0b5a4,"{""A"":""x0y0+x1y0"",""B"":""x0y0+x0y10+x3y20"",""b"":""X"",""d"":7,""excl_opp_detectors"":""True"",""k"":40,""l"":8,""leak_heralds"":""False"",""leak_repump"":""True"",""leakage"":""True"",""loss"":""True"",""m"":30,""n"":480,""p"":0.001,""prllel_1q"":480,""prllel_2q"":120,""r"":20,""repump_cycles"":3,""seq_meas"":""True"",""seq_ops"":""True"",""swapLRC"":""False""}",
         1,         0,         0,    62.8,bposd,c9218314ee5d2c29ac5b79f503bdaac3ce26a9b213afefd64c343acf4ff0b5a4,"{""A"":""x0y0+x1y0"",""B"":""x0y0+x0y10+x3y20"",""b"":""X"",""d"":7,""excl_opp_detectors"":""True"",""k"":40,""l"":8,""leak_heralds"":""False"",""leak_repump"":""True"",""leakage"":""True"",""loss"":""True"",""m"":30,""n"":480,""p"":0.001,""prllel_1q"":480,""prllel_2q"":120,""r"":20,""repump_cycles"":3,""seq_meas"":""True"",""seq_ops"":""True"",""swapLRC"":""False""}",
         1,         0,         0,    63.7,bposd,c9218314ee5d2c29ac5b79f503bdaac3ce26a9b213afefd64c343acf4ff0b5a4,"{""A"":""x0y0+x1y0"",""B"":""x0y0+x0y10+x3y20"",""b"":""X"",""d"":7,""excl_opp_detectors"":""True"",""k"":40,""l"":8,""leak_heralds"":""False"",""leak_repump"":""True"",""leakage"":""True"",""loss"":""True"",""m"":30,""n"":480,""p"":0.001,""prllel_1q"":480,""prllel_2q"":120,""r"":20,""repump_cycles"":3,""seq_meas"":""True"",""seq_ops"":""True"",""swapLRC"":""False""}",
         2,         0,         0,    67.1,bposd,c9218314ee5d2c29ac5b79f503bdaac3ce26a9b213afefd64c343acf4ff0b5a4,"{""A"":""x0y0+x1y0"",""B"":""x0y0+x0y10+x3y20"",""b"":""X"",""d"":7,""excl_opp_detectors"":""True"",""k"":40,""l"":8,""leak_heralds"":""False"",""leak_repump"":""True"",""leakage"":""True"",""loss"":""True"",""m"":30,""n"":480,""p"":0.001,""prllel_1q"":480,""prllel_2q"":120,""r"":20,""repump_cycles"":3,""seq_meas"":""True"",""seq_ops"":""True"",""swapLRC"":""False""}",
         3,         0,         0,    73.5,bposd,c9218314ee5d2c29ac5b79f503bdaac3ce26a9b213afefd64c343acf4ff0b5a4,"{""A"":""x0y0+x1y0"",""B"":""x0y0+x0y10+x3y20"",""b"":""X"",""d"":7,""excl_opp_detectors"":""True"",""k"":40,""l"":8,""leak_heralds"":""False"",""leak_repump"":""True"",""leakage"":""True"",""loss"":""True"",""m"":30,""n"":480,""p"":0.001,""prllel_1q"":480,""prllel_2q"":120,""r"":20,""repump_cycles"":3,""seq_meas"":""True"",""seq_ops"":""True"",""swapLRC"":""False""}",
         8,         0,         0,    2.41,bposd,c9218314ee5d2c29ac5b79f503bdaac3ce26a9b213afefd64c343acf4ff0b5a4,"{""A"":""x0y0+x1y0"",""B"":""x0y0+x0y10+x3y20"",""b"":""X"",""d"":7,""excl_opp_detectors"":""True"",""k"":40,""l"":8,""leak_heralds"":""False"",""leak_repump"":""True"",""leakage"":""True"",""loss"":""True"",""m"":30,""n"":480,""p"":0.001,""prllel_1q"":480,""prllel_2q"":120,""r"":20,""repump_cycles"":3,""seq_meas"":""True"",""seq_ops"":""True"",""swapLRC"":""False""}",
         3,         0,         0,    62.9,bposd,c9218314ee5d2c29ac5b79f503bdaac3ce26a9b213afefd64c343acf4ff0b5a4,"{""A"":""x0y0+x1y0"",""B"":""x0y0+x0y10+x3y20"",""b"":""X"",""d"":7,""excl_opp_detectors"":""True"",""k"":40,""l"":8,""leak_heralds"":""False"",""leak_repump"":""True"",""leakage"":""True"",""loss"":""True"",""m"":30,""n"":480,""p"":0.001,""prllel_1q"":480,""prllel_2q"":120,""r"":20,""repump_cycles"":3,""seq_meas"":""True"",""seq_ops"":""True"",""swapLRC"":""False""}",
         1,         0,         0,   0.175,bposd,c9218314ee5d2c29ac5b79f503bdaac3ce26a9b213afefd64c343acf4ff0b5a4,"{""A"":""x0y0+x1y0"",""B"":""x0y0+x0y10+x3y20"",""b"":""X"",""d"":7,""excl_opp_detectors"":""True"",""k"":40,""l"":8,""leak_heralds"":""False"",""leak_repump"":""True"",""leakage"":""True"",""loss"":""True"",""m"":30,""n"":480,""p"":0.001,""prllel_1q"":480,""prllel_2q"":120,""r"":20,""repump_cycles"":3,""seq_meas"":""True"",""seq_ops"":""True"",""swapLRC"":""False""}",
         7,         0,         0,   121.1,bposd,c9218314ee5d2c29ac5b79f503bdaac3ce26a9b213afefd64c343acf4ff0b5a4,"{""A"":""x0y0+x1y0"",""B"":""x0y0+x0y10+x3y20"",""b"":""X"",""d"":7,""excl_opp_detectors"":""True"",""k"":40,""l"":8,""leak_heralds"":""False"",""leak_repump"":""True"",""leakage"":""True"",""loss"":""True"",""m"":30,""n"":480,""p"":0.001,""prllel_1q"":480,""prllel_2q"":120,""r"":20,""repump_cycles"":3,""seq_meas"":""True"",""seq_ops"":""True"",""swapLRC"":""False""}",
         1,         0,         0,   0.145,bposd,c9218314ee5d2c29ac5b79f503bdaac3ce26a9b213afefd64c343acf4ff0b5a4,"{""A"":""x0y0+x1y0"",""B"":""x0y0+x0y10+x3y20"",""b"":""X"",""d"":7,""excl_opp_detectors"":""True"",""k"":40,""l"":8,""leak_heralds"":""False"",""leak_repump"":""True"",""leakage"":""True"",""loss"":""True"",""m"":30,""n"":480,""p"":0.001,""prllel_1q"":480,""prllel_2q"":120,""r"":20,""repump_cycles"":3,""seq_meas"":""True"",""seq_ops"":""True"",""swapLRC"":""False""}",
         3,         0,         0,    88.0,bposd,c9218314ee5d2c29ac5b79f503bdaac3ce26a9b213afefd64c343acf4ff0b5a4,"{""A"":""x0y0+x1y0"",""B"":""x0y0+x0y10+x3y20"",""b"":""X"",""d"":7,""excl_opp_detectors"":""True"",""k"":40,""l"":8,""leak_heralds"":""False"",""leak_repump"":""True"",""leakage"":""True"",""loss"":""True"",""m"":30,""n"":480,""p"":0.001,""prllel_1q"":480,""prllel_2q"":120,""r"":20,""repump_cycles"":3,""seq_meas"":""True"",""seq_ops"":""True"",""swapLRC"":""False""}",
         1,         0,         0,   0.168,bposd,c9218314ee5d2c29ac5b79f503bdaac3ce26a9b213afefd64c343acf4ff0b5a4,"{""A"":""x0y0+x1y0"",""B"":""x0y0+x0y10+x3y20"",""b"":""X"",""d"":7,""excl_opp_detectors"":""True"",""k"":40,""l"":8,""leak_heralds"":""False"",""leak_repump"":""True"",""leakage"":""True"",""loss"":""True"",""m"":30,""n"":480,""p"":0.001,""prllel_1q"":480,""prllel_2q"":120,""r"":20,""repump_cycles"":3,""seq_meas"":""True"",""seq_ops"":""True"",""swapLRC"":""False""}",
         4,         0,         0,    58.2,bposd,c9218314ee5d2c29ac5b79f503bdaac3ce26a9b213afefd64c343acf4ff0b5a4,"{""A"":""x0y0+x1y0"",""B"":""x0y0+x0y10+x3y20"",""b"":""X"",""d"":7,""excl_opp_detectors"":""True"",""k"":40,""l"":8,""leak_heralds"":""False"",""leak_repump"":""True"",""leakage"":""True"",""loss"":""True"",""m"":30,""n"":480,""p"":0.001,""prllel_1q"":480,""prllel_2q"":120,""r"":20,""repump_cycles"":3,""seq_meas"":""True"",""seq_ops"":""True"",""swapLRC"":""False""}",
         1,         0,         0,    55.9,bposd,c9218314ee5d2c29ac5b79f503bdaac3ce26a9b213afefd64c343acf4ff0b5a4,"{""A"":""x0y0+x1y0"",""B"":""x0y0+x0y10+x3y20"",""b"":""X"",""d"":7,""excl_opp_detectors"":""True"",""k"":40,""l"":8,""leak_heralds"":""False"",""leak_repump"":""True"",""leakage"":""True"",""loss"":""True"",""m"":30,""n"":480,""p"":0.001,""prllel_1q"":480,""prllel_2q"":120,""r"":20,""repump_cycles"":3,""seq_meas"":""True"",""seq_ops"":""True"",""swapLRC"":""False""}",
         8,         0,         0,    60.0,bposd,c9218314ee5d2c29ac5b79f503bdaac3ce26a9b213afefd64c343acf4ff0b5a4,"{""A"":""x0y0+x1y0"",""B"":""x0y0+x0y10+x3y20"",""b"":""X"",""d"":7,""excl_opp_detectors"":""True"",""k"":40,""l"":8,""leak_heralds"":""False"",""leak_repump"":""True"",""leakage"":""True"",""loss"":""True"",""m"":30,""n"":480,""p"":0.001,""prllel_1q"":480,""prllel_2q"":120,""r"":20,""repump_cycles"":3,""seq_meas"":""True"",""seq_ops"":""True"",""swapLRC"":""False""}",
         1,         0,         0,   0.210,bposd,c9218314ee5d2c29ac5b79f503bdaac3ce26a9b213afefd64c343acf4ff0b5a4,"{""A"":""x0y0+x1y0"",""B"":""x0y0+x0y10+x3y20"",""b"":""X"",""d"":7,""excl_opp_detectors"":""True"",""k"":40,""l"":8,""leak_heralds"":""False"",""leak_repump"":""True"",""leakage"":""True"",""loss"":""True"",""m"":30,""n"":480,""p"":0.001,""prllel_1q"":480,""prllel_2q"":120,""r"":20,""repump_cycles"":3,""seq_meas"":""True"",""seq_ops"":""True"",""swapLRC"":""False""}",
         1,         0,         0,    58.0,bposd,c9218314ee5d2c29ac5b79f503bdaac3ce26a9b213afefd64c343acf4ff0b5a4,"{""A"":""x0y0+x1y0"",""B"":""x0y0+x0y10+x3y20"",""b"":""X"",""d"":7,""excl_opp_detectors"":""True"",""k"":40,""l"":8,""leak_heralds"":""False"",""leak_repump"":""True"",""leakage"":""True"",""loss"":""True"",""m"":30,""n"":480,""p"":0.001,""prllel_1q"":480,""prllel_2q"":120,""r"":20,""repump_cycles"":3,""seq_meas"":""True"",""seq_ops"":""True"",""swapLRC"":""False""}",
         1,         0,         0,   0.200,bposd,c9218314ee5d2c29ac5b79f503bdaac3ce26a9b213afefd64c343acf4ff0b5a4,"{""A"":""x0y0+x1y0"",""B"":""x0y0+x0y10+x3y20"",""b"":""X"",""d"":7,""excl_opp_detectors"":""True"",""k"":40,""l"":8,""leak_heralds"":""False"",""leak_repump"":""True"",""leakage"":""True"",""loss"":""True"",""m"":30,""n"":480,""p"":0.001,""prllel_1q"":480,""prllel_2q"":120,""r"":20,""repump_cycles"":3,""seq_meas"":""True"",""seq_ops"":""True"",""swapLRC"":""False""}",
         6,         0,         0,    58.3,bposd,c9218314ee5d2c29ac5b79f503bdaac3ce26a9b213afefd64c343acf4ff0b5a4,"{""A"":""x0y0+x1y0"",""B"":""x0y0+x0y10+x3y20"",""b"":""X"",""d"":7,""excl_opp_detectors"":""True"",""k"":40,""l"":8,""leak_heralds"":""False"",""leak_repump"":""True"",""leakage"":""True"",""loss"":""True"",""m"":30,""n"":480,""p"":0.001,""prllel_1q"":480,""prllel_2q"":120,""r"":20,""repump_cycles"":3,""seq_meas"":""True"",""seq_ops"":""True"",""swapLRC"":""False""}",
         3,         0,         0,    56.9,bposd,c9218314ee5d2c29ac5b79f503bdaac3ce26a9b213afefd64c343acf4ff0b5a4,"{""A"":""x0y0+x1y0"",""B"":""x0y0+x0y10+x3y20"",""b"":""X"",""d"":7,""excl_opp_detectors"":""True"",""k"":40,""l"":8,""leak_heralds"":""False"",""leak_repump"":""True"",""leakage"":""True"",""loss"":""True"",""m"":30,""n"":480,""p"":0.001,""prllel_1q"":480,""prllel_2q"":120,""r"":20,""repump_cycles"":3,""seq_meas"":""True"",""seq_ops"":""True"",""swapLRC"":""False""}",
         1,         0,         0,   0.162,bposd,c9218314ee5d2c29ac5b79f503bdaac3ce26a9b213afefd64c343acf4ff0b5a4,"{""A"":""x0y0+x1y0"",""B"":""x0y0+x0y10+x3y20"",""b"":""X"",""d"":7,""excl_opp_detectors"":""True"",""k"":40,""l"":8,""leak_heralds"":""False"",""leak_repump"":""True"",""leakage"":""True"",""loss"":""True"",""m"":30,""n"":480,""p"":0.001,""prllel_1q"":480,""prllel_2q"":120,""r"":20,""repump_cycles"":3,""seq_meas"":""True"",""seq_ops"":""True"",""swapLRC"":""False""}",
         2,         0,         0,    53.0,bposd,c9218314ee5d2c29ac5b79f503bdaac3ce26a9b213afefd64c343acf4ff0b5a4,"{""A"":""x0y0+x1y0"",""B"":""x0y0+x0y10+x3y20"",""b"":""X"",""d"":7,""excl_opp_detectors"":""True"",""k"":40,""l"":8,""leak_heralds"":""False"",""leak_repump"":""True"",""leakage"":""True"",""loss"":""True"",""m"":30,""n"":480,""p"":0.001,""prllel_1q"":480,""prllel_2q"":120,""r"":20,""repump_cycles"":3,""seq_meas"":""True"",""seq_ops"":""True"",""swapLRC"":""False""}",
         6,         0,         0,    53.4,bposd,c9218314ee5d2c29ac5b79f503bdaac3ce26a9b213afefd64c343acf4ff0b5a4,"{""A"":""x0y0+x1y0"",""B"":""x0y0+x0y10+x3y20"",""b"":""X"",""d"":7,""excl_opp_detectors"":""True"",""k"":40,""l"":8,""leak_heralds"":""False"",""leak_repump"":""True"",""leakage"":""True"",""loss"":""True"",""m"":30,""n"":480,""p"":0.001,""prllel_1q"":480,""prllel_2q"":120,""r"":20,""repump_cycles"":3,""seq_meas"":""True"",""seq_ops"":""True"",""swapLRC"":""False""}",
         1,         0,         0,    51.7,bposd,c9218314ee5d2c29ac5b79f503bdaac3ce26a9b213afefd64c343acf4ff0b5a4,"{""A"":""x0y0+x1y0"",""B"":""x0y0+x0y10+x3y20"",""b"":""X"",""d"":7,""excl_opp_detectors"":""True"",""k"":40,""l"":8,""leak_heralds"":""False"",""leak_repump"":""True"",""leakage"":""True"",""loss"":""True"",""m"":30,""n"":480,""p"":0.001,""prllel_1q"":480,""prllel_2q"":120,""r"":20,""repump_cycles"":3,""seq_meas"":""True"",""seq_ops"":""True"",""swapLRC"":""False""}",
         2,         0,         0,   0.226,bposd,c9218314ee5d2c29ac5b79f503bdaac3ce26a9b213afefd64c343acf4ff0b5a4,"{""A"":""x0y0+x1y0"",""B"":""x0y0+x0y10+x3y20"",""b"":""X"",""d"":7,""excl_opp_detectors"":""True"",""k"":40,""l"":8,""leak_heralds"":""False"",""leak_repump"":""True"",""leakage"":""True"",""loss"":""True"",""m"":30,""n"":480,""p"":0.001,""prllel_1q"":480,""prllel_2q"":120,""r"":20,""repump_cycles"":3,""seq_meas"":""True"",""seq_ops"":""True"",""swapLRC"":""False""}",
         3,         0,         0,   0.648,bposd,c9218314ee5d2c29ac5b79f503bdaac3ce26a9b213afefd64c343acf4ff0b5a4,"{""A"":""x0y0+x1y0"",""B"":""x0y0+x0y10+x3y20"",""b"":""X"",""d"":7,""excl_opp_detectors"":""True"",""k"":40,""l"":8,""leak_heralds"":""False"",""leak_repump"":""True"",""leakage"":""True"",""loss"":""True"",""m"":30,""n"":480,""p"":0.001,""prllel_1q"":480,""prllel_2q"":120,""r"":20,""repump_cycles"":3,""seq_meas"":""True"",""seq_ops"":""True"",""swapLRC"":""False""}",
         3,         0,         0,    36.5,bposd,c9218314ee5d2c29ac5b79f503bdaac3ce26a9b213afefd64c343acf4ff0b5a4,"{""A"":""x0y0+x1y0"",""B"":""x0y0+x0y10+x3y20"",""b"":""X"",""d"":7,""excl_opp_detectors"":""True"",""k"":40,""l"":8,""leak_heralds"":""False"",""leak_repump"":""True"",""leakage"":""True"",""loss"":""True"",""m"":30,""n"":480,""p"":0.001,""prllel_1q"":480,""prllel_2q"":120,""r"":20,""repump_cycles"":3,""seq_meas"":""True"",""seq_ops"":""True"",""swapLRC"":""False""}",
         1,         0,         0,   0.309,bposd,c9218314ee5d2c29ac5b79f503bdaac3ce26a9b213afefd64c343acf4ff0b5a4,"{""A"":""x0y0+x1y0"",""B"":""x0y0+x0y10+x3y20"",""b"":""X"",""d"":7,""excl_opp_detectors"":""True"",""k"":40,""l"":8,""leak_heralds"":""False"",""leak_repump"":""True"",""leakage"":""True"",""loss"":""True"",""m"":30,""n"":480,""p"":0.001,""prllel_1q"":480,""prllel_2q"":120,""r"":20,""repump_cycles"":3,""seq_meas"":""True"",""seq_ops"":""True"",""swapLRC"":""False""}",
         2,         0,         0,    35.1,bposd,c9218314ee5d2c29ac5b79f503bdaac3ce26a9b213afefd64c343acf4ff0b5a4,"{""A"":""x0y0+x1y0"",""B"":""x0y0+x0y10+x3y20"",""b"":""X"",""d"":7,""excl_opp_detectors"":""True"",""k"":40,""l"":8,""leak_heralds"":""False"",""leak_repump"":""True"",""leakage"":""True"",""loss"":""True"",""m"":30,""n"":480,""p"":0.001,""prllel_1q"":480,""prllel_2q"":120,""r"":20,""repump_cycles"":3,""seq_meas"":""True"",""seq_ops"":""True"",""swapLRC"":""False""}",
         2,         0,         0,    31.3,bposd,c9218314ee5d2c29ac5b79f503bdaac3ce26a9b213afefd64c343acf4ff0b5a4,"{""A"":""x0y0+x1y0"",""B"":""x0y0+x0y10+x3y20"",""b"":""X"",""d"":7,""excl_opp_detectors"":""True"",""k"":40,""l"":8,""leak_heralds"":""False"",""leak_repump"":""True"",""leakage"":""True"",""loss"":""True"",""m"":30,""n"":480,""p"":0.001,""prllel_1q"":480,""prllel_2q"":120,""r"":20,""repump_cycles"":3,""seq_meas"":""True"",""seq_ops"":""True"",""swapLRC"":""False""}",
         3,         0,         0,    29.1,bposd,c9218314ee5d2c29ac5b79f503bdaac3ce26a9b213afefd64c343acf4ff0b5a4,"{""A"":""x0y0+x1y0"",""B"":""x0y0+x0y10+x3y20"",""b"":""X"",""d"":7,""excl_opp_detectors"":""True"",""k"":40,""l"":8,""leak_heralds"":""False"",""leak_repump"":""True"",""leakage"":""True"",""loss"":""True"",""m"":30,""n"":480,""p"":0.001,""prllel_1q"":480,""prllel_2q"":120,""r"":20,""repump_cycles"":3,""seq_meas"":""True"",""seq_ops"":""True"",""swapLRC"":""False""}",
         1,         0,         0,    13.8,bposd,c9218314ee5d2c29ac5b79f503bdaac3ce26a9b213afefd64c343acf4ff0b5a4,"{""A"":""x0y0+x1y0"",""B"":""x0y0+x0y10+x3y20"",""b"":""X"",""d"":7,""excl_opp_detectors"":""True"",""k"":40,""l"":8,""leak_heralds"":""False"",""leak_repump"":""True"",""leakage"":""True"",""loss"":""True"",""m"":30,""n"":480,""p"":0.001,""prllel_1q"":480,""prllel_2q"":120,""r"":20,""repump_cycles"":3,""seq_meas"":""True"",""seq_ops"":""True"",""swapLRC"":""False""}",
