     shots,    errors,  discards, seconds,decoder,strong_id,json_metadata,custom_counts
         1,         0,         0,   0.007,bposd,6d1ddacfb3af8946e01e6fa1f4a73feb1ff89b1e055e733a9f2c9e62f953590b,"{""A"":""x0y0+x1y0"",""B"":""x0y0+x0y1+x3y2"",""b"":""X"",""d"":7,""excl_opp_detectors"":""True"",""k"":4,""l"":8,""leak_heralds"":""False"",""leak_repump"":""True"",""leakage"":""True"",""loss"":""True"",""m"":3,""n"":48,""noise"":""rl_helios"",""p"":0.001,""prllel_1q"":16,""prllel_2q"":4,""r"":20,""repump_cycles"":3,""seq_meas"":""True"",""seq_ops"":""True"",""swapLRC"":""False""}",
        16,         0,         0,   0.053,bposd,6d1ddacfb3af8946e01e6fa1f4a73feb1ff89b1e055e733a9f2c9e62f953590b,"{""A"":""x0y0+x1y0"",""B"":""x0y0+x0y1+x3y2"",""b"":""X"",""d"":7,""excl_opp_detectors"":""True"",""k"":4,""l"":8,""leak_heralds"":""False"",""leak_repump"":""True"",""leakage"":""True"",""loss"":""True"",""m"":3,""n"":48,""noise"":""rl_helios"",""p"":0.001,""prllel_1q"":16,""prllel_2q"":4,""r"":20,""repump_cycles"":3,""seq_meas"":""True"",""seq_ops"":""True"",""swapLRC"":""False""}",
         1,         0,         0,   0.010,bposd,14555660f0e1698bf981b2f3b692ea34d92f6c6a1ee8c83ab9230ef68cf27946,"{""A"":""x2y0+x8y1"",""B"":""x0y1+x4y1+x14y1"",""b"":""X"",""d"":8,""excl_opp_detectors"":""True"",""k"":4,""l"":15,""leak_heralds"":""False"",""leak_repump"":""True"",""leakage"":""True"",""loss"":""True"",""m"":2,""n"":60,""noise"":""rl_helios"",""p"":0.003,""prllel_1q"":16,""prllel_2q"":4,""r"":20,""repump_cycles"":3,""seq_meas"":""True"",""seq_ops"":""True"",""swapLRC"":""False""}",
         1,         0,         0,   0.007,bposd,d6466f1f2401ef78211b48d2724c0f28b872cf57bdff80ba7079cbc781acfd49,"{""A"":""x0y0+x1y0"",""B"":""x0y0+x0y1+x3y2"",""b"":""X"",""d"":7,""excl_opp_detectors"":""True"",""k"":4,""l"":8,""leak_heralds"":""False"",""leak_repump"":""True"",""leakage"":""True"",""loss"":""True"",""m"":3,""n"":48,""noise"":""rl_helios"",""p"":0.002,""prllel_1q"":16,""prllel_2q"":4,""r"":20,""repump_cycles"":3,""seq_meas"":""True"",""seq_ops"":""True"",""swapLRC"":""False""}",
        16,         0,         0,   0.072,bposd,d6466f1f2401ef78211b48d2724c0f28b872cf57bdff80ba7079cbc781acfd49,"{""A"":""x0y0+x1y0"",""B"":""x0y0+x0y1+x3y2"",""b"":""X"",""d"":7,""excl_opp_detectors"":""True"",""k"":4,""l"":8,""leak_heralds"":""False"",""leak_repump"":""True"",""leakage"":""True"",""loss"":""True"",""m"":3,""n"":48,""noise"":""rl_helios"",""p"":0.002,""prllel_1q"":16,""prllel_2q"":4,""r"":20,""repump_cycles"":3,""seq_meas"":""True"",""seq_ops"":""True"",""swapLRC"":""False""}",
         1,         0,         0,   0.009,bposd,fc034e74c25f52c7dca5bec3ced3fbedd720fbeb24afc199749aab9c2019f874,"{""A"":""x2y0+x8y1"",""B"":""x0y1+x4y1+x14y1"",""b"":""X"",""d"":8,""excl_opp_detectors"":""True"",""k"":4,""l"":15,""leak_heralds"":""False"",""leak_repump"":""True"",""leakage"":""True"",""loss"":""True"",""m"":2,""n"":60,""noise"":""rl_helios"",""p"":0.001,""prllel_1q"":16,""prllel_2q"":4,""r"":20,""repump_cycles"":3,""seq_meas"":""True"",""seq_ops"":""True"",""swapLRC"":""False""}",
         1,         0,         0,   0.007,bposd,6d1ddacfb3af8946e01e6fa1f4a73feb1ff89b1e055e733a9f2c9e62f953590b,"{""A"":""x0y0+x1y0"",""B"":""x0y0+x0y1+x3y2"",""b"":""X"",""d"":7,""excl_opp_detectors"":""True"",""k"":4,""l"":8,""leak_heralds"":""False"",""leak_repump"":""True"",""leakage"":""True"",""loss"":""True"",""m"":3,""n"":48,""noise"":""rl_helios"",""p"":0.001,""prllel_1q"":16,""prllel_2q"":4,""r"":20,""repump_cycles"":3,""seq_meas"":""True"",""seq_ops"":""True"",""swapLRC"":""False""}",
         1,         0,         0,   0.007,bposd,d6466f1f2401ef78211b48d2724c0f28b872cf57bdff80ba7079cbc781acfd49,"{""A"":""x0y0+x1y0"",""B"":""x0y0+x0y1+x3y2"",""b"":""X"",""d"":7,""excl_opp_detectors"":""True"",""k"":4,""l"":8,""leak_heralds"":""False"",""leak_repump"":""True"",""leakage"":""True"",""loss"":""True"",""m"":3,""n"":48,""noise"":""rl_helios"",""p"":0.002,""prllel_1q"":16,""prllel_2q"":4,""r"":20,""repump_cycles"":3,""seq_meas"":""True"",""seq_ops"":""True"",""swapLRC"":""False""}",
         1,         0,         0,   0.009,bposd,fc034e74c25f52c7dca5bec3ced3fbedd720fbeb24afc199749aab9c2019f874,"{""A"":""x2y0+x8y1"",""B"":""x0y1+x4y1+x14y1"",""b"":""X"",""d"":8,""excl_opp_detectors"":""True"",""k"":4,""l"":15,""leak_heralds"":""False"",""leak_repump"":""True"",""leakage"":""True"",""loss"":""True"",""m"":2,""n"":60,""noise"":""rl_helios"",""p"":0.001,""prllel_1q"":16,""prllel_2q"":4,""r"":20,""repump_cycles"":3,""seq_meas"":""True"",""seq_ops"":""True"",""swapLRC"":""False""}",
         1,         0,         0,   0.012,bposd,d2e31a876ff9ab44086a0403902670ab7f3daf025f64a4ada3171d61ce3ff2f5,"{""A"":""x2y0+x8y1"",""B"":""x0y1+x4y1+x14y1"",""b"":""X"",""d"":8,""excl_opp_detectors"":""True"",""k"":4,""l"":15,""leak_heralds"":""False"",""leak_repump"":""True"",""leakage"":""True"",""loss"":""True"",""m"":2,""n"":60,""noise"":""rl_helios"",""p"":0.002,""prllel_1q"":16,""prllel_2q"":4,""r"":20,""repump_cycles"":3,""seq_meas"":""True"",""seq_ops"":""True"",""swapLRC"":""False""}",
         1,         0,         0,   0.020,bposd,14555660f0e1698bf981b2f3b692ea34d92f6c6a1ee8c83ab9230ef68cf27946,"{""A"":""x2y0+x8y1"",""B"":""x0y1+x4y1+x14y1"",""b"":""X"",""d"":8,""excl_opp_detectors"":""True"",""k"":4,""l"":15,""leak_heralds"":""False"",""leak_repump"":""True"",""leakage"":""True"",""loss"":""True"",""m"":2,""n"":60,""noise"":""rl_helios"",""p"":0.003,""prllel_1q"":16,""prllel_2q"":4,""r"":20,""repump_cycles"":3,""seq_meas"":""True"",""seq_ops"":""True"",""swapLRC"":""False""}",
         1,         0,         0,   0.008,bposd,d6466f1f2401ef78211b48d2724c0f28b872cf57bdff80ba7079cbc781acfd49,"{""A"":""x0y0+x1y0"",""B"":""x0y0+x0y1+x3y2"",""b"":""X"",""d"":7,""excl_opp_detectors"":""True"",""k"":4,""l"":8,""leak_heralds"":""False"",""leak_repump"":""True"",""leakage"":""True"",""loss"":""True"",""m"":3,""n"":48,""noise"":""rl_helios"",""p"":0.002,""prllel_1q"":16,""prllel_2q"":4,""r"":20,""repump_cycles"":3,""seq_meas"":""True"",""seq_ops"":""True"",""swapLRC"":""False""}",
         1,         0,         0,   0.010,bposd,363dbbe25c5091f9c41c5f79d383c415bc6a447daa00d35e45a6d7d40ccf4257,"{""A"":""x0y0+x1y0"",""B"":""x0y0+x0y1+x3y2"",""b"":""X"",""d"":7,""excl_opp_detectors"":""True"",""k"":4,""l"":8,""leak_heralds"":""False"",""leak_repump"":""True"",""leakage"":""True"",""loss"":""True"",""m"":3,""n"":48,""noise"":""rl_helios"",""p"":0.003,""prllel_1q"":16,""prllel_2q"":4,""r"":20,""repump_cycles"":3,""seq_meas"":""True"",""seq_ops"":""True"",""swapLRC"":""False""}",
         1,         0,         0,   0.015,bposd,d2e31a876ff9ab44086a0403902670ab7f3daf025f64a4ada3171d61ce3ff2f5,"{""A"":""x2y0+x8y1"",""B"":""x0y1+x4y1+x14y1"",""b"":""X"",""d"":8,""excl_opp_detectors"":""True"",""k"":4,""l"":15,""leak_heralds"":""False"",""leak_repump"":""True"",""leakage"":""True"",""loss"":""True"",""m"":2,""n"":60,""noise"":""rl_helios"",""p"":0.002,""prllel_1q"":16,""prllel_2q"":4,""r"":20,""repump_cycles"":3,""seq_meas"":""True"",""seq_ops"":""True"",""swapLRC"":""False""}",
         1,         0,         0,   0.119,bposd,363dbbe25c5091f9c41c5f79d383c415bc6a447daa00d35e45a6d7d40ccf4257,"{""A"":""x0y0+x1y0"",""B"":""x0y0+x0y1+x3y2"",""b"":""X"",""d"":7,""excl_opp_detectors"":""True"",""k"":4,""l"":8,""leak_heralds"":""False"",""leak_repump"":""True"",""leakage"":""True"",""loss"":""True"",""m"":3,""n"":48,""noise"":""rl_helios"",""p"":0.003,""prllel_1q"":16,""prllel_2q"":4,""r"":20,""repump_cycles"":3,""seq_meas"":""True"",""seq_ops"":""True"",""swapLRC"":""False""}",
         1,         0,         0,   0.007,bposd,363dbbe25c5091f9c41c5f79d383c415bc6a447daa00d35e45a6d7d40ccf4257,"{""A"":""x0y0+x1y0"",""B"":""x0y0+x0y1+x3y2"",""b"":""X"",""d"":7,""excl_opp_detectors"":""True"",""k"":4,""l"":8,""leak_heralds"":""False"",""leak_repump"":""True"",""leakage"":""True"",""loss"":""True"",""m"":3,""n"":48,""noise"":""rl_helios"",""p"":0.003,""prllel_1q"":16,""prllel_2q"":4,""r"":20,""repump_cycles"":3,""seq_meas"":""True"",""seq_ops"":""True"",""swapLRC"":""False""}",
         1,         0,         0,   0.007,bposd,6d1ddacfb3af8946e01e6fa1f4a73feb1ff89b1e055e733a9f2c9e62f953590b,"{""A"":""x0y0+x1y0"",""B"":""x0y0+x0y1+x3y2"",""b"":""X"",""d"":7,""excl_opp_detectors"":""True"",""k"":4,""l"":8,""leak_heralds"":""False"",""leak_repump"":""True"",""leakage"":""True"",""loss"":""True"",""m"":3,""n"":48,""noise"":""rl_helios"",""p"":0.001,""prllel_1q"":16,""prllel_2q"":4,""r"":20,""repump_cycles"":3,""seq_meas"":""True"",""seq_ops"":""True"",""swapLRC"":""False""}",
         1,         0,         0,   0.009,bposd,d2e31a876ff9ab44086a0403902670ab7f3daf025f64a4ada3171d61ce3ff2f5,"{""A"":""x2y0+x8y1"",""B"":""x0y1+x4y1+x14y1"",""b"":""X"",""d"":8,""excl_opp_detectors"":""True"",""k"":4,""l"":15,""leak_heralds"":""False"",""leak_repump"":""True"",""leakage"":""True"",""loss"":""True"",""m"":2,""n"":60,""noise"":""rl_helios"",""p"":0.002,""prllel_1q"":16,""prllel_2q"":4,""r"":20,""repump_cycles"":3,""seq_meas"":""True"",""seq_ops"":""True"",""swapLRC"":""False""}",
         1,         0,         0,   0.009,bposd,fc034e74c25f52c7dca5bec3ced3fbedd720fbeb24afc199749aab9c2019f874,"{""A"":""x2y0+x8y1"",""B"":""x0y1+x4y1+x14y1"",""b"":""X"",""d"":8,""excl_opp_detectors"":""True"",""k"":4,""l"":15,""leak_heralds"":""False"",""leak_repump"":""True"",""leakage"":""True"",""loss"":""True"",""m"":2,""n"":60,""noise"":""rl_helios"",""p"":0.001,""prllel_1q"":16,""prllel_2q"":4,""r"":20,""repump_cycles"":3,""seq_meas"":""True"",""seq_ops"":""True"",""swapLRC"":""False""}",
        16,         0,         0,   0.119,bposd,fc034e74c25f52c7dca5bec3ced3fbedd720fbeb24afc199749aab9c2019f874,"{""A"":""x2y0+x8y1"",""B"":""x0y1+x4y1+x14y1"",""b"":""X"",""d"":8,""excl_opp_detectors"":""True"",""k"":4,""l"":15,""leak_heralds"":""False"",""leak_repump"":""True"",""leakage"":""True"",""loss"":""True"",""m"":2,""n"":60,""noise"":""rl_helios"",""p"":0.001,""prllel_1q"":16,""prllel_2q"":4,""r"":20,""repump_cycles"":3,""seq_meas"":""True"",""seq_ops"":""True"",""swapLRC"":""False""}",
         1,         0,         0,   0.033,bposd,14555660f0e1698bf981b2f3b692ea34d92f6c6a1ee8c83ab9230ef68cf27946,"{""A"":""x2y0+x8y1"",""B"":""x0y1+x4y1+x14y1"",""b"":""X"",""d"":8,""excl_opp_detectors"":""True"",""k"":4,""l"":15,""leak_heralds"":""False"",""leak_repump"":""True"",""leakage"":""True"",""loss"":""True"",""m"":2,""n"":60,""noise"":""rl_helios"",""p"":0.003,""prllel_1q"":16,""prllel_2q"":4,""r"":20,""repump_cycles"":3,""seq_meas"":""True"",""seq_ops"":""True"",""swapLRC"":""False""}",
         1,         0,         0,   0.012,bposd,363dbbe25c5091f9c41c5f79d383c415bc6a447daa00d35e45a6d7d40ccf4257,"{""A"":""x0y0+x1y0"",""B"":""x0y0+x0y1+x3y2"",""b"":""X"",""d"":7,""excl_opp_detectors"":""True"",""k"":4,""l"":8,""leak_heralds"":""False"",""leak_repump"":""True"",""leakage"":""True"",""loss"":""True"",""m"":3,""n"":48,""noise"":""rl_helios"",""p"":0.003,""prllel_1q"":16,""prllel_2q"":4,""r"":20,""repump_cycles"":3,""seq_meas"":""True"",""seq_ops"":""True"",""swapLRC"":""False""}",
        17,         0,         0,   0.023,bposd,6d1ddacfb3af8946e01e6fa1f4a73feb1ff89b1e055e733a9f2c9e62f953590b,"{""A"":""x0y0+x1y0"",""B"":""x0y0+x0y1+x3y2"",""b"":""X"",""d"":7,""excl_opp_detectors"":""True"",""k"":4,""l"":8,""leak_heralds"":""False"",""leak_repump"":""True"",""leakage"":""True"",""loss"":""True"",""m"":3,""n"":48,""noise"":""rl_helios"",""p"":0.001,""prllel_1q"":16,""prllel_2q"":4,""r"":20,""repump_cycles"":3,""seq_meas"":""True"",""seq_ops"":""True"",""swapLRC"":""False""}",
         1,         0,         0,   0.010,bposd,fc034e74c25f52c7dca5bec3ced3fbedd720fbeb24afc199749aab9c2019f874,"{""A"":""x2y0+x8y1"",""B"":""x0y1+x4y1+x14y1"",""b"":""X"",""d"":8,""excl_opp_detectors"":""True"",""k"":4,""l"":15,""leak_heralds"":""False"",""leak_repump"":""True"",""leakage"":""True"",""loss"":""True"",""m"":2,""n"":60,""noise"":""rl_helios"",""p"":0.001,""prllel_1q"":16,""prllel_2q"":4,""r"":20,""repump_cycles"":3,""seq_meas"":""True"",""seq_ops"":""True"",""swapLRC"":""False""}",
        16,         0,         0,   0.021,bposd,fc034e74c25f52c7dca5bec3ced3fbedd720fbeb24afc199749aab9c2019f874,"{""A"":""x2y0+x8y1"",""B"":""x0y1+x4y1+x14y1"",""b"":""X"",""d"":8,""excl_opp_detectors"":""True"",""k"":4,""l"":15,""leak_heralds"":""False"",""leak_repump"":""True"",""leakage"":""True"",""loss"":""True"",""m"":2,""n"":60,""noise"":""rl_helios"",""p"":0.001,""prllel_1q"":16,""prllel_2q"":4,""r"":20,""repump_cycles"":3,""seq_meas"":""True"",""seq_ops"":""True"",""swapLRC"":""False""}",
         1,         0,         0,   0.018,bposd,d2e31a876ff9ab44086a0403902670ab7f3daf025f64a4ada3171d61ce3ff2f5,"{""A"":""x2y0+x8y1"",""B"":""x0y1+x4y1+x14y1"",""b"":""X"",""d"":8,""excl_opp_detectors"":""True"",""k"":4,""l"":15,""leak_heralds"":""False"",""leak_repump"":""True"",""leakage"":""True"",""loss"":""True"",""m"":2,""n"":60,""noise"":""rl_helios"",""p"":0.002,""prllel_1q"":16,""prllel_2q"":4,""r"":20,""repump_cycles"":3,""seq_meas"":""True"",""seq_ops"":""True"",""swapLRC"":""False""}",
         4,         0,         0,   0.772,bposd,363dbbe25c5091f9c41c5f79d383c415bc6a447daa00d35e45a6d7d40ccf4257,"{""A"":""x0y0+x1y0"",""B"":""x0y0+x0y1+x3y2"",""b"":""X"",""d"":7,""excl_opp_detectors"":""True"",""k"":4,""l"":8,""leak_heralds"":""False"",""leak_repump"":""True"",""leakage"":""True"",""loss"":""True"",""m"":3,""n"":48,""noise"":""rl_helios"",""p"":0.003,""prllel_1q"":16,""prllel_2q"":4,""r"":20,""repump_cycles"":3,""seq_meas"":""True"",""seq_ops"":""True"",""swapLRC"":""False""}",
        16,         1,         0,   0.055,bposd,d2e31a876ff9ab44086a0403902670ab7f3daf025f64a4ada3171d61ce3ff2f5,"{""A"":""x2y0+x8y1"",""B"":""x0y1+x4y1+x14y1"",""b"":""X"",""d"":8,""excl_opp_detectors"":""True"",""k"":4,""l"":15,""leak_heralds"":""False"",""leak_repump"":""True"",""leakage"":""True"",""loss"":""True"",""m"":2,""n"":60,""noise"":""rl_helios"",""p"":0.002,""prllel_1q"":16,""prllel_2q"":4,""r"":20,""repump_cycles"":3,""seq_meas"":""True"",""seq_ops"":""True"",""swapLRC"":""False""}",
         4,         0,         0,   0.022,bposd,363dbbe25c5091f9c41c5f79d383c415bc6a447daa00d35e45a6d7d40ccf4257,"{""A"":""x0y0+x1y0"",""B"":""x0y0+x0y1+x3y2"",""b"":""X"",""d"":7,""excl_opp_detectors"":""True"",""k"":4,""l"":8,""leak_heralds"":""False"",""leak_repump"":""True"",""leakage"":""True"",""loss"":""True"",""m"":3,""n"":48,""noise"":""rl_helios"",""p"":0.003,""prllel_1q"":16,""prllel_2q"":4,""r"":20,""repump_cycles"":3,""seq_meas"":""True"",""seq_ops"":""True"",""swapLRC"":""False""}",
        16,         0,         0,   0.944,bposd,fc034e74c25f52c7dca5bec3ced3fbedd720fbeb24afc199749aab9c2019f874,"{""A"":""x2y0+x8y1"",""B"":""x0y1+x4y1+x14y1"",""b"":""X"",""d"":8,""excl_opp_detectors"":""True"",""k"":4,""l"":15,""leak_heralds"":""False"",""leak_repump"":""True"",""leakage"":""True"",""loss"":""True"",""m"":2,""n"":60,""noise"":""rl_helios"",""p"":0.001,""prllel_1q"":16,""prllel_2q"":4,""r"":20,""repump_cycles"":3,""seq_meas"":""True"",""seq_ops"":""True"",""swapLRC"":""False""}",
        16,         0,         0,   0.040,bposd,fc034e74c25f52c7dca5bec3ced3fbedd720fbeb24afc199749aab9c2019f874,"{""A"":""x2y0+x8y1"",""B"":""x0y1+x4y1+x14y1"",""b"":""X"",""d"":8,""excl_opp_detectors"":""True"",""k"":4,""l"":15,""leak_heralds"":""False"",""leak_repump"":""True"",""leakage"":""True"",""loss"":""True"",""m"":2,""n"":60,""noise"":""rl_helios"",""p"":0.001,""prllel_1q"":16,""prllel_2q"":4,""r"":20,""repump_cycles"":3,""seq_meas"":""True"",""seq_ops"":""True"",""swapLRC"":""False""}",
        16,         0,         0,    1.10,bposd,6d1ddacfb3af8946e01e6fa1f4a73feb1ff89b1e055e733a9f2c9e62f953590b,"{""A"":""x0y0+x1y0"",""B"":""x0y0+x0y1+x3y2"",""b"":""X"",""d"":7,""excl_opp_detectors"":""True"",""k"":4,""l"":8,""leak_heralds"":""False"",""leak_repump"":""True"",""leakage"":""True"",""loss"":""True"",""m"":3,""n"":48,""noise"":""rl_helios"",""p"":0.001,""prllel_1q"":16,""prllel_2q"":4,""r"":20,""repump_cycles"":3,""seq_meas"":""True"",""seq_ops"":""True"",""swapLRC"":""False""}",
        17,         0,         0,   0.172,bposd,d6466f1f2401ef78211b48d2724c0f28b872cf57bdff80ba7079cbc781acfd49,"{""A"":""x0y0+x1y0"",""B"":""x0y0+x0y1+x3y2"",""b"":""X"",""d"":7,""excl_opp_detectors"":""True"",""k"":4,""l"":8,""leak_heralds"":""False"",""leak_repump"":""True"",""leakage"":""True"",""loss"":""True"",""m"":3,""n"":48,""noise"":""rl_helios"",""p"":0.002,""prllel_1q"":16,""prllel_2q"":4,""r"":20,""repump_cycles"":3,""seq_meas"":""True"",""seq_ops"":""True"",""swapLRC"":""False""}",
        16,         0,         0,   0.032,bposd,6d1ddacfb3af8946e01e6fa1f4a73feb1ff89b1e055e733a9f2c9e62f953590b,"{""A"":""x0y0+x1y0"",""B"":""x0y0+x0y1+x3y2"",""b"":""X"",""d"":7,""excl_opp_detectors"":""True"",""k"":4,""l"":8,""leak_heralds"":""False"",""leak_repump"":""True"",""leakage"":""True"",""loss"":""True"",""m"":3,""n"":48,""noise"":""rl_helios"",""p"":0.001,""prllel_1q"":16,""prllel_2q"":4,""r"":20,""repump_cycles"":3,""seq_meas"":""True"",""seq_ops"":""True"",""swapLRC"":""False""}",
        16,         1,         0,    1.18,bposd,fc034e74c25f52c7dca5bec3ced3fbedd720fbeb24afc199749aab9c2019f874,"{""A"":""x2y0+x8y1"",""B"":""x0y1+x4y1+x14y1"",""b"":""X"",""d"":8,""excl_opp_detectors"":""True"",""k"":4,""l"":15,""leak_heralds"":""False"",""leak_repump"":""True"",""leakage"":""True"",""loss"":""True"",""m"":2,""n"":60,""noise"":""rl_helios"",""p"":0.001,""prllel_1q"":16,""prllel_2q"":4,""r"":20,""repump_cycles"":3,""seq_meas"":""True"",""seq_ops"":""True"",""swapLRC"":""False""}",
        17,         0,         0,   0.735,bposd,6d1ddacfb3af8946e01e6fa1f4a73feb1ff89b1e055e733a9f2c9e62f953590b,"{""A"":""x0y0+x1y0"",""B"":""x0y0+x0y1+x3y2"",""b"":""X"",""d"":7,""excl_opp_detectors"":""True"",""k"":4,""l"":8,""leak_heralds"":""False"",""leak_repump"":""True"",""leakage"":""True"",""loss"":""True"",""m"":3,""n"":48,""noise"":""rl_helios"",""p"":0.001,""prllel_1q"":16,""prllel_2q"":4,""r"":20,""repump_cycles"":3,""seq_meas"":""True"",""seq_ops"":""True"",""swapLRC"":""False""}",
         1,         0,         0,   0.922,bposd,d2e31a876ff9ab44086a0403902670ab7f3daf025f64a4ada3171d61ce3ff2f5,"{""A"":""x2y0+x8y1"",""B"":""x0y1+x4y1+x14y1"",""b"":""X"",""d"":8,""excl_opp_detectors"":""True"",""k"":4,""l"":15,""leak_heralds"":""False"",""leak_repump"":""True"",""leakage"":""True"",""loss"":""True"",""m"":2,""n"":60,""noise"":""rl_helios"",""p"":0.002,""prllel_1q"":16,""prllel_2q"":4,""r"":20,""repump_cycles"":3,""seq_meas"":""True"",""seq_ops"":""True"",""swapLRC"":""False""}",
        16,         0,         0,    1.35,bposd,d6466f1f2401ef78211b48d2724c0f28b872cf57bdff80ba7079cbc781acfd49,"{""A"":""x0y0+x1y0"",""B"":""x0y0+x0y1+x3y2"",""b"":""X"",""d"":7,""excl_opp_detectors"":""True"",""k"":4,""l"":8,""leak_heralds"":""False"",""leak_repump"":""True"",""leakage"":""True"",""loss"":""True"",""m"":3,""n"":48,""noise"":""rl_helios"",""p"":0.002,""prllel_1q"":16,""prllel_2q"":4,""r"":20,""repump_cycles"":3,""seq_meas"":""True"",""seq_ops"":""True"",""swapLRC"":""False""}",
        16,         0,         0,    1.27,bposd,6d1ddacfb3af8946e01e6fa1f4a73feb1ff89b1e055e733a9f2c9e62f953590b,"{""A"":""x0y0+x1y0"",""B"":""x0y0+x0y1+x3y2"",""b"":""X"",""d"":7,""excl_opp_detectors"":""True"",""k"":4,""l"":8,""leak_heralds"":""False"",""leak_repump"":""True"",""leakage"":""True"",""loss"":""True"",""m"":3,""n"":48,""noise"":""rl_helios"",""p"":0.001,""prllel_1q"":16,""prllel_2q"":4,""r"":20,""repump_cycles"":3,""seq_meas"":""True"",""seq_ops"":""True"",""swapLRC"":""False""}",
         8,         0,         0,   0.044,bposd,d6466f1f2401ef78211b48d2724c0f28b872cf57bdff80ba7079cbc781acfd49,"{""A"":""x0y0+x1y0"",""B"":""x0y0+x0y1+x3y2"",""b"":""X"",""d"":7,""excl_opp_detectors"":""True"",""k"":4,""l"":8,""leak_heralds"":""False"",""leak_repump"":""True"",""leakage"":""True"",""loss"":""True"",""m"":3,""n"":48,""noise"":""rl_helios"",""p"":0.002,""prllel_1q"":16,""prllel_2q"":4,""r"":20,""repump_cycles"":3,""seq_meas"":""True"",""seq_ops"":""True"",""swapLRC"":""False""}",
       128,         0,         0,    1.73,bposd,6d1ddacfb3af8946e01e6fa1f4a73feb1ff89b1e055e733a9f2c9e62f953590b,"{""A"":""x0y0+x1y0"",""B"":""x0y0+x0y1+x3y2"",""b"":""X"",""d"":7,""excl_opp_detectors"":""True"",""k"":4,""l"":8,""leak_heralds"":""False"",""leak_repump"":""True"",""leakage"":""True"",""loss"":""True"",""m"":3,""n"":48,""noise"":""rl_helios"",""p"":0.001,""prllel_1q"":16,""prllel_2q"":4,""r"":20,""repump_cycles"":3,""seq_meas"":""True"",""seq_ops"":""True"",""swapLRC"":""False""}",
         1,         0,         0,   0.382,bposd,14555660f0e1698bf981b2f3b692ea34d92f6c6a1ee8c83ab9230ef68cf27946,"{""A"":""x2y0+x8y1"",""B"":""x0y1+x4y1+x14y1"",""b"":""X"",""d"":8,""excl_opp_detectors"":""True"",""k"":4,""l"":15,""leak_heralds"":""False"",""leak_repump"":""True"",""leakage"":""True"",""loss"":""True"",""m"":2,""n"":60,""noise"":""rl_helios"",""p"":0.003,""prllel_1q"":16,""prllel_2q"":4,""r"":20,""repump_cycles"":3,""seq_meas"":""True"",""seq_ops"":""True"",""swapLRC"":""False""}",
        17,         1,         0,    1.39,bposd,14555660f0e1698bf981b2f3b692ea34d92f6c6a1ee8c83ab9230ef68cf27946,"{""A"":""x2y0+x8y1"",""B"":""x0y1+x4y1+x14y1"",""b"":""X"",""d"":8,""excl_opp_detectors"":""True"",""k"":4,""l"":15,""leak_heralds"":""False"",""leak_repump"":""True"",""leakage"":""True"",""loss"":""True"",""m"":2,""n"":60,""noise"":""rl_helios"",""p"":0.003,""prllel_1q"":16,""prllel_2q"":4,""r"":20,""repump_cycles"":3,""seq_meas"":""True"",""seq_ops"":""True"",""swapLRC"":""False""}",
        16,         0,         0,    1.73,bposd,d2e31a876ff9ab44086a0403902670ab7f3daf025f64a4ada3171d61ce3ff2f5,"{""A"":""x2y0+x8y1"",""B"":""x0y1+x4y1+x14y1"",""b"":""X"",""d"":8,""excl_opp_detectors"":""True"",""k"":4,""l"":15,""leak_heralds"":""False"",""leak_repump"":""True"",""leakage"":""True"",""loss"":""True"",""m"":2,""n"":60,""noise"":""rl_helios"",""p"":0.002,""prllel_1q"":16,""prllel_2q"":4,""r"":20,""repump_cycles"":3,""seq_meas"":""True"",""seq_ops"":""True"",""swapLRC"":""False""}",
         8,         1,         0,   0.092,bposd,d2e31a876ff9ab44086a0403902670ab7f3daf025f64a4ada3171d61ce3ff2f5,"{""A"":""x2y0+x8y1"",""B"":""x0y1+x4y1+x14y1"",""b"":""X"",""d"":8,""excl_opp_detectors"":""True"",""k"":4,""l"":15,""leak_heralds"":""False"",""leak_repump"":""True"",""leakage"":""True"",""loss"":""True"",""m"":2,""n"":60,""noise"":""rl_helios"",""p"":0.002,""prllel_1q"":16,""prllel_2q"":4,""r"":20,""repump_cycles"":3,""seq_meas"":""True"",""seq_ops"":""True"",""swapLRC"":""False""}",
        17,         0,         0,   0.027,bposd,fc034e74c25f52c7dca5bec3ced3fbedd720fbeb24afc199749aab9c2019f874,"{""A"":""x2y0+x8y1"",""B"":""x0y1+x4y1+x14y1"",""b"":""X"",""d"":8,""excl_opp_detectors"":""True"",""k"":4,""l"":15,""leak_heralds"":""False"",""leak_repump"":""True"",""leakage"":""True"",""loss"":""True"",""m"":2,""n"":60,""noise"":""rl_helios"",""p"":0.001,""prllel_1q"":16,""prllel_2q"":4,""r"":20,""repump_cycles"":3,""seq_meas"":""True"",""seq_ops"":""True"",""swapLRC"":""False""}",
        16,         0,         0,   0.727,bposd,6d1ddacfb3af8946e01e6fa1f4a73feb1ff89b1e055e733a9f2c9e62f953590b,"{""A"":""x0y0+x1y0"",""B"":""x0y0+x0y1+x3y2"",""b"":""X"",""d"":7,""excl_opp_detectors"":""True"",""k"":4,""l"":8,""leak_heralds"":""False"",""leak_repump"":""True"",""leakage"":""True"",""loss"":""True"",""m"":3,""n"":48,""noise"":""rl_helios"",""p"":0.001,""prllel_1q"":16,""prllel_2q"":4,""r"":20,""repump_cycles"":3,""seq_meas"":""True"",""seq_ops"":""True"",""swapLRC"":""False""}",
        16,         2,         0,    1.63,bposd,14555660f0e1698bf981b2f3b692ea34d92f6c6a1ee8c83ab9230ef68cf27946,"{""A"":""x2y0+x8y1"",""B"":""x0y1+x4y1+x14y1"",""b"":""X"",""d"":8,""excl_opp_detectors"":""True"",""k"":4,""l"":15,""leak_heralds"":""False"",""leak_repump"":""True"",""leakage"":""True"",""loss"":""True"",""m"":2,""n"":60,""noise"":""rl_helios"",""p"":0.003,""prllel_1q"":16,""prllel_2q"":4,""r"":20,""repump_cycles"":3,""seq_meas"":""True"",""seq_ops"":""True"",""swapLRC"":""False""}",
        17,         0,         0,   0.509,bposd,d2e31a876ff9ab44086a0403902670ab7f3daf025f64a4ada3171d61ce3ff2f5,"{""A"":""x2y0+x8y1"",""B"":""x0y1+x4y1+x14y1"",""b"":""X"",""d"":8,""excl_opp_detectors"":""True"",""k"":4,""l"":15,""leak_heralds"":""False"",""leak_repump"":""True"",""leakage"":""True"",""loss"":""True"",""m"":2,""n"":60,""noise"":""rl_helios"",""p"":0.002,""prllel_1q"":16,""prllel_2q"":4,""r"":20,""repump_cycles"":3,""seq_meas"":""True"",""seq_ops"":""True"",""swapLRC"":""False""}",
        55,         0,         0,   0.924,bposd,6d1ddacfb3af8946e01e6fa1f4a73feb1ff89b1e055e733a9f2c9e62f953590b,"{""A"":""x0y0+x1y0"",""B"":""x0y0+x0y1+x3y2"",""b"":""X"",""d"":7,""excl_opp_detectors"":""True"",""k"":4,""l"":8,""leak_heralds"":""False"",""leak_repump"":""True"",""leakage"":""True"",""loss"":""True"",""m"":3,""n"":48,""noise"":""rl_helios"",""p"":0.001,""prllel_1q"":16,""prllel_2q"":4,""r"":20,""repump_cycles"":3,""seq_meas"":""True"",""seq_ops"":""True"",""swapLRC"":""False""}",
        16,         1,         0,    2.36,bposd,d2e31a876ff9ab44086a0403902670ab7f3daf025f64a4ada3171d61ce3ff2f5,"{""A"":""x2y0+x8y1"",""B"":""x0y1+x4y1+x14y1"",""b"":""X"",""d"":8,""excl_opp_detectors"":""True"",""k"":4,""l"":15,""leak_heralds"":""False"",""leak_repump"":""True"",""leakage"":""True"",""loss"":""True"",""m"":2,""n"":60,""noise"":""rl_helios"",""p"":0.002,""prllel_1q"":16,""prllel_2q"":4,""r"":20,""repump_cycles"":3,""seq_meas"":""True"",""seq_ops"":""True"",""swapLRC"":""False""}",
         8,         0,         0,   0.826,bposd,14555660f0e1698bf981b2f3b692ea34d92f6c6a1ee8c83ab9230ef68cf27946,"{""A"":""x2y0+x8y1"",""B"":""x0y1+x4y1+x14y1"",""b"":""X"",""d"":8,""excl_opp_detectors"":""True"",""k"":4,""l"":15,""leak_heralds"":""False"",""leak_repump"":""True"",""leakage"":""True"",""loss"":""True"",""m"":2,""n"":60,""noise"":""rl_helios"",""p"":0.003,""prllel_1q"":16,""prllel_2q"":4,""r"":20,""repump_cycles"":3,""seq_meas"":""True"",""seq_ops"":""True"",""swapLRC"":""False""}",
        17,         3,         0,    2.58,bposd,363dbbe25c5091f9c41c5f79d383c415bc6a447daa00d35e45a6d7d40ccf4257,"{""A"":""x0y0+x1y0"",""B"":""x0y0+x0y1+x3y2"",""b"":""X"",""d"":7,""excl_opp_detectors"":""True"",""k"":4,""l"":8,""leak_heralds"":""False"",""leak_repump"":""True"",""leakage"":""True"",""loss"":""True"",""m"":3,""n"":48,""noise"":""rl_helios"",""p"":0.003,""prllel_1q"":16,""prllel_2q"":4,""r"":20,""repump_cycles"":3,""seq_meas"":""True"",""seq_ops"":""True"",""swapLRC"":""False""}",
        16,         0,         0,    2.78,bposd,d6466f1f2401ef78211b48d2724c0f28b872cf57bdff80ba7079cbc781acfd49,"{""A"":""x0y0+x1y0"",""B"":""x0y0+x0y1+x3y2"",""b"":""X"",""d"":7,""excl_opp_detectors"":""True"",""k"":4,""l"":8,""leak_heralds"":""False"",""leak_repump"":""True"",""leakage"":""True"",""loss"":""True"",""m"":3,""n"":48,""noise"":""rl_helios"",""p"":0.002,""prllel_1q"":16,""prllel_2q"":4,""r"":20,""repump_cycles"":3,""seq_meas"":""True"",""seq_ops"":""True"",""swapLRC"":""False""}",
        16,         0,         0,    2.77,bposd,14555660f0e1698bf981b2f3b692ea34d92f6c6a1ee8c83ab9230ef68cf27946,"{""A"":""x2y0+x8y1"",""B"":""x0y1+x4y1+x14y1"",""b"":""X"",""d"":8,""excl_opp_detectors"":""True"",""k"":4,""l"":15,""leak_heralds"":""False"",""leak_repump"":""True"",""leakage"":""True"",""loss"":""True"",""m"":2,""n"":60,""noise"":""rl_helios"",""p"":0.003,""prllel_1q"":16,""prllel_2q"":4,""r"":20,""repump_cycles"":3,""seq_meas"":""True"",""seq_ops"":""True"",""swapLRC"":""False""}",
       183,         0,         0,    2.07,bposd,6d1ddacfb3af8946e01e6fa1f4a73feb1ff89b1e055e733a9f2c9e62f953590b,"{""A"":""x0y0+x1y0"",""B"":""x0y0+x0y1+x3y2"",""b"":""X"",""d"":7,""excl_opp_detectors"":""True"",""k"":4,""l"":8,""leak_heralds"":""False"",""leak_repump"":""True"",""leakage"":""True"",""loss"":""True"",""m"":3,""n"":48,""noise"":""rl_helios"",""p"":0.001,""prllel_1q"":16,""prllel_2q"":4,""r"":20,""repump_cycles"":3,""seq_meas"":""True"",""seq_ops"":""True"",""swapLRC"":""False""}",
        16,         0,         0,    2.92,bposd,d2e31a876ff9ab44086a0403902670ab7f3daf025f64a4ada3171d61ce3ff2f5,"{""A"":""x2y0+x8y1"",""B"":""x0y1+x4y1+x14y1"",""b"":""X"",""d"":8,""excl_opp_detectors"":""True"",""k"":4,""l"":15,""leak_heralds"":""False"",""leak_repump"":""True"",""leakage"":""True"",""loss"":""True"",""m"":2,""n"":60,""noise"":""rl_helios"",""p"":0.002,""prllel_1q"":16,""prllel_2q"":4,""r"":20,""repump_cycles"":3,""seq_meas"":""True"",""seq_ops"":""True"",""swapLRC"":""False""}",
         8,         0,         0,   0.031,bposd,d2e31a876ff9ab44086a0403902670ab7f3daf025f64a4ada3171d61ce3ff2f5,"{""A"":""x2y0+x8y1"",""B"":""x0y1+x4y1+x14y1"",""b"":""X"",""d"":8,""excl_opp_detectors"":""True"",""k"":4,""l"":15,""leak_heralds"":""False"",""leak_repump"":""True"",""leakage"":""True"",""loss"":""True"",""m"":2,""n"":60,""noise"":""rl_helios"",""p"":0.002,""prllel_1q"":16,""prllel_2q"":4,""r"":20,""repump_cycles"":3,""seq_meas"":""True"",""seq_ops"":""True"",""swapLRC"":""False""}",
        32,         0,         0,    1.97,bposd,d6466f1f2401ef78211b48d2724c0f28b872cf57bdff80ba7079cbc781acfd49,"{""A"":""x0y0+x1y0"",""B"":""x0y0+x0y1+x3y2"",""b"":""X"",""d"":7,""excl_opp_detectors"":""True"",""k"":4,""l"":8,""leak_heralds"":""False"",""leak_repump"":""True"",""leakage"":""True"",""loss"":""True"",""m"":3,""n"":48,""noise"":""rl_helios"",""p"":0.002,""prllel_1q"":16,""prllel_2q"":4,""r"":20,""repump_cycles"":3,""seq_meas"":""True"",""seq_ops"":""True"",""swapLRC"":""False""}",
        17,         0,         0,    2.15,bposd,14555660f0e1698bf981b2f3b692ea34d92f6c6a1ee8c83ab9230ef68cf27946,"{""A"":""x2y0+x8y1"",""B"":""x0y1+x4y1+x14y1"",""b"":""X"",""d"":8,""excl_opp_detectors"":""True"",""k"":4,""l"":15,""leak_heralds"":""False"",""leak_repump"":""True"",""leakage"":""True"",""loss"":""True"",""m"":2,""n"":60,""noise"":""rl_helios"",""p"":0.003,""prllel_1q"":16,""prllel_2q"":4,""r"":20,""repump_cycles"":3,""seq_meas"":""True"",""seq_ops"":""True"",""swapLRC"":""False""}",
        64,         0,         0,    2.83,bposd,fc034e74c25f52c7dca5bec3ced3fbedd720fbeb24afc199749aab9c2019f874,"{""A"":""x2y0+x8y1"",""B"":""x0y1+x4y1+x14y1"",""b"":""X"",""d"":8,""excl_opp_detectors"":""True"",""k"":4,""l"":15,""leak_heralds"":""False"",""leak_repump"":""True"",""leakage"":""True"",""loss"":""True"",""m"":2,""n"":60,""noise"":""rl_helios"",""p"":0.001,""prllel_1q"":16,""prllel_2q"":4,""r"":20,""repump_cycles"":3,""seq_meas"":""True"",""seq_ops"":""True"",""swapLRC"":""False""}",
        17,         0,         0,    1.78,bposd,d2e31a876ff9ab44086a0403902670ab7f3daf025f64a4ada3171d61ce3ff2f5,"{""A"":""x2y0+x8y1"",""B"":""x0y1+x4y1+x14y1"",""b"":""X"",""d"":8,""excl_opp_detectors"":""True"",""k"":4,""l"":15,""leak_heralds"":""False"",""leak_repump"":""True"",""leakage"":""True"",""loss"":""True"",""m"":2,""n"":60,""noise"":""rl_helios"",""p"":0.002,""prllel_1q"":16,""prllel_2q"":4,""r"":20,""repump_cycles"":3,""seq_meas"":""True"",""seq_ops"":""True"",""swapLRC"":""False""}",
        16,         1,         0,    3.13,bposd,363dbbe25c5091f9c41c5f79d383c415bc6a447daa00d35e45a6d7d40ccf4257,"{""A"":""x0y0+x1y0"",""B"":""x0y0+x0y1+x3y2"",""b"":""X"",""d"":7,""excl_opp_detectors"":""True"",""k"":4,""l"":8,""leak_heralds"":""False"",""leak_repump"":""True"",""leakage"":""True"",""loss"":""True"",""m"":3,""n"":48,""noise"":""rl_helios"",""p"":0.003,""prllel_1q"":16,""prllel_2q"":4,""r"":20,""repump_cycles"":3,""seq_meas"":""True"",""seq_ops"":""True"",""swapLRC"":""False""}",
         8,         0,         0,    1.21,bposd,14555660f0e1698bf981b2f3b692ea34d92f6c6a1ee8c83ab9230ef68cf27946,"{""A"":""x2y0+x8y1"",""B"":""x0y1+x4y1+x14y1"",""b"":""X"",""d"":8,""excl_opp_detectors"":""True"",""k"":4,""l"":15,""leak_heralds"":""False"",""leak_repump"":""True"",""leakage"":""True"",""loss"":""True"",""m"":2,""n"":60,""noise"":""rl_helios"",""p"":0.003,""prllel_1q"":16,""prllel_2q"":4,""r"":20,""repump_cycles"":3,""seq_meas"":""True"",""seq_ops"":""True"",""swapLRC"":""False""}",
        16,         1,         0,    3.14,bposd,363dbbe25c5091f9c41c5f79d383c415bc6a447daa00d35e45a6d7d40ccf4257,"{""A"":""x0y0+x1y0"",""B"":""x0y0+x0y1+x3y2"",""b"":""X"",""d"":7,""excl_opp_detectors"":""True"",""k"":4,""l"":8,""leak_heralds"":""False"",""leak_repump"":""True"",""leakage"":""True"",""loss"":""True"",""m"":3,""n"":48,""noise"":""rl_helios"",""p"":0.003,""prllel_1q"":16,""prllel_2q"":4,""r"":20,""repump_cycles"":3,""seq_meas"":""True"",""seq_ops"":""True"",""swapLRC"":""False""}",
        16,         1,         0,    2.72,bposd,363dbbe25c5091f9c41c5f79d383c415bc6a447daa00d35e45a6d7d40ccf4257,"{""A"":""x0y0+x1y0"",""B"":""x0y0+x0y1+x3y2"",""b"":""X"",""d"":7,""excl_opp_detectors"":""True"",""k"":4,""l"":8,""leak_heralds"":""False"",""leak_repump"":""True"",""leakage"":""True"",""loss"":""True"",""m"":3,""n"":48,""noise"":""rl_helios"",""p"":0.003,""prllel_1q"":16,""prllel_2q"":4,""r"":20,""repump_cycles"":3,""seq_meas"":""True"",""seq_ops"":""True"",""swapLRC"":""False""}",
        17,         0,         0,    3.27,bposd,d6466f1f2401ef78211b48d2724c0f28b872cf57bdff80ba7079cbc781acfd49,"{""A"":""x0y0+x1y0"",""B"":""x0y0+x0y1+x3y2"",""b"":""X"",""d"":7,""excl_opp_detectors"":""True"",""k"":4,""l"":8,""leak_heralds"":""False"",""leak_repump"":""True"",""leakage"":""True"",""loss"":""True"",""m"":3,""n"":48,""noise"":""rl_helios"",""p"":0.002,""prllel_1q"":16,""prllel_2q"":4,""r"":20,""repump_cycles"":3,""seq_meas"":""True"",""seq_ops"":""True"",""swapLRC"":""False""}",
         8,         0,         0,    1.08,bposd,d2e31a876ff9ab44086a0403902670ab7f3daf025f64a4ada3171d61ce3ff2f5,"{""A"":""x2y0+x8y1"",""B"":""x0y1+x4y1+x14y1"",""b"":""X"",""d"":8,""excl_opp_detectors"":""True"",""k"":4,""l"":15,""leak_heralds"":""False"",""leak_repump"":""True"",""leakage"":""True"",""loss"":""True"",""m"":2,""n"":60,""noise"":""rl_helios"",""p"":0.002,""prllel_1q"":16,""prllel_2q"":4,""r"":20,""repump_cycles"":3,""seq_meas"":""True"",""seq_ops"":""True"",""swapLRC"":""False""}",
         8,         0,         0,   0.024,bposd,d6466f1f2401ef78211b48d2724c0f28b872cf57bdff80ba7079cbc781acfd49,"{""A"":""x0y0+x1y0"",""B"":""x0y0+x0y1+x3y2"",""b"":""X"",""d"":7,""excl_opp_detectors"":""True"",""k"":4,""l"":8,""leak_heralds"":""False"",""leak_repump"":""True"",""leakage"":""True"",""loss"":""True"",""m"":3,""n"":48,""noise"":""rl_helios"",""p"":0.002,""prllel_1q"":16,""prllel_2q"":4,""r"":20,""repump_cycles"":3,""seq_meas"":""True"",""seq_ops"":""True"",""swapLRC"":""False""}",
         8,         0,         0,   0.757,bposd,363dbbe25c5091f9c41c5f79d383c415bc6a447daa00d35e45a6d7d40ccf4257,"{""A"":""x0y0+x1y0"",""B"":""x0y0+x0y1+x3y2"",""b"":""X"",""d"":7,""excl_opp_detectors"":""True"",""k"":4,""l"":8,""leak_heralds"":""False"",""leak_repump"":""True"",""leakage"":""True"",""loss"":""True"",""m"":3,""n"":48,""noise"":""rl_helios"",""p"":0.003,""prllel_1q"":16,""prllel_2q"":4,""r"":20,""repump_cycles"":3,""seq_meas"":""True"",""seq_ops"":""True"",""swapLRC"":""False""}",
         8,         0,         0,   0.897,bposd,d2e31a876ff9ab44086a0403902670ab7f3daf025f64a4ada3171d61ce3ff2f5,"{""A"":""x2y0+x8y1"",""B"":""x0y1+x4y1+x14y1"",""b"":""X"",""d"":8,""excl_opp_detectors"":""True"",""k"":4,""l"":15,""leak_heralds"":""False"",""leak_repump"":""True"",""leakage"":""True"",""loss"":""True"",""m"":2,""n"":60,""noise"":""rl_helios"",""p"":0.002,""prllel_1q"":16,""prllel_2q"":4,""r"":20,""repump_cycles"":3,""seq_meas"":""True"",""seq_ops"":""True"",""swapLRC"":""False""}",
       167,         1,         0,    2.96,bposd,6d1ddacfb3af8946e01e6fa1f4a73feb1ff89b1e055e733a9f2c9e62f953590b,"{""A"":""x0y0+x1y0"",""B"":""x0y0+x0y1+x3y2"",""b"":""X"",""d"":7,""excl_opp_detectors"":""True"",""k"":4,""l"":8,""leak_heralds"":""False"",""leak_repump"":""True"",""leakage"":""True"",""loss"":""True"",""m"":3,""n"":48,""noise"":""rl_helios"",""p"":0.001,""prllel_1q"":16,""prllel_2q"":4,""r"":20,""repump_cycles"":3,""seq_meas"":""True"",""seq_ops"":""True"",""swapLRC"":""False""}",
       128,         0,         0,    3.24,bposd,fc034e74c25f52c7dca5bec3ced3fbedd720fbeb24afc199749aab9c2019f874,"{""A"":""x2y0+x8y1"",""B"":""x0y1+x4y1+x14y1"",""b"":""X"",""d"":8,""excl_opp_detectors"":""True"",""k"":4,""l"":15,""leak_heralds"":""False"",""leak_repump"":""True"",""leakage"":""True"",""loss"":""True"",""m"":2,""n"":60,""noise"":""rl_helios"",""p"":0.001,""prllel_1q"":16,""prllel_2q"":4,""r"":20,""repump_cycles"":3,""seq_meas"":""True"",""seq_ops"":""True"",""swapLRC"":""False""}",
        39,         0,         0,   0.088,bposd,fc034e74c25f52c7dca5bec3ced3fbedd720fbeb24afc199749aab9c2019f874,"{""A"":""x2y0+x8y1"",""B"":""x0y1+x4y1+x14y1"",""b"":""X"",""d"":8,""excl_opp_detectors"":""True"",""k"":4,""l"":15,""leak_heralds"":""False"",""leak_repump"":""True"",""leakage"":""True"",""loss"":""True"",""m"":2,""n"":60,""noise"":""rl_helios"",""p"":0.001,""prllel_1q"":16,""prllel_2q"":4,""r"":20,""repump_cycles"":3,""seq_meas"":""True"",""seq_ops"":""True"",""swapLRC"":""False""}",
        16,         0,         0,    2.07,bposd,d2e31a876ff9ab44086a0403902670ab7f3daf025f64a4ada3171d61ce3ff2f5,"{""A"":""x2y0+x8y1"",""B"":""x0y1+x4y1+x14y1"",""b"":""X"",""d"":8,""excl_opp_detectors"":""True"",""k"":4,""l"":15,""leak_heralds"":""False"",""leak_repump"":""True"",""leakage"":""True"",""loss"":""True"",""m"":2,""n"":60,""noise"":""rl_helios"",""p"":0.002,""prllel_1q"":16,""prllel_2q"":4,""r"":20,""repump_cycles"":3,""seq_meas"":""True"",""seq_ops"":""True"",""swapLRC"":""False""}",
         8,         0,         0,    1.45,bposd,14555660f0e1698bf981b2f3b692ea34d92f6c6a1ee8c83ab9230ef68cf27946,"{""A"":""x2y0+x8y1"",""B"":""x0y1+x4y1+x14y1"",""b"":""X"",""d"":8,""excl_opp_detectors"":""True"",""k"":4,""l"":15,""leak_heralds"":""False"",""leak_repump"":""True"",""leakage"":""True"",""loss"":""True"",""m"":2,""n"":60,""noise"":""rl_helios"",""p"":0.003,""prllel_1q"":16,""prllel_2q"":4,""r"":20,""repump_cycles"":3,""seq_meas"":""True"",""seq_ops"":""True"",""swapLRC"":""False""}",
        16,         0,         0,    1.89,bposd,d6466f1f2401ef78211b48d2724c0f28b872cf57bdff80ba7079cbc781acfd49,"{""A"":""x0y0+x1y0"",""B"":""x0y0+x0y1+x3y2"",""b"":""X"",""d"":7,""excl_opp_detectors"":""True"",""k"":4,""l"":8,""leak_heralds"":""False"",""leak_repump"":""True"",""leakage"":""True"",""loss"":""True"",""m"":3,""n"":48,""noise"":""rl_helios"",""p"":0.002,""prllel_1q"":16,""prllel_2q"":4,""r"":20,""repump_cycles"":3,""seq_meas"":""True"",""seq_ops"":""True"",""swapLRC"":""False""}",
         8,         0,         0,    1.35,bposd,d2e31a876ff9ab44086a0403902670ab7f3daf025f64a4ada3171d61ce3ff2f5,"{""A"":""x2y0+x8y1"",""B"":""x0y1+x4y1+x14y1"",""b"":""X"",""d"":8,""excl_opp_detectors"":""True"",""k"":4,""l"":15,""leak_heralds"":""False"",""leak_repump"":""True"",""leakage"":""True"",""loss"":""True"",""m"":2,""n"":60,""noise"":""rl_helios"",""p"":0.002,""prllel_1q"":16,""prllel_2q"":4,""r"":20,""repump_cycles"":3,""seq_meas"":""True"",""seq_ops"":""True"",""swapLRC"":""False""}",
        32,         0,         0,    1.83,bposd,fc034e74c25f52c7dca5bec3ced3fbedd720fbeb24afc199749aab9c2019f874,"{""A"":""x2y0+x8y1"",""B"":""x0y1+x4y1+x14y1"",""b"":""X"",""d"":8,""excl_opp_detectors"":""True"",""k"":4,""l"":15,""leak_heralds"":""False"",""leak_repump"":""True"",""leakage"":""True"",""loss"":""True"",""m"":2,""n"":60,""noise"":""rl_helios"",""p"":0.001,""prllel_1q"":16,""prllel_2q"":4,""r"":20,""repump_cycles"":3,""seq_meas"":""True"",""seq_ops"":""True"",""swapLRC"":""False""}",
         8,         0,         0,   0.028,bposd,d6466f1f2401ef78211b48d2724c0f28b872cf57bdff80ba7079cbc781acfd49,"{""A"":""x0y0+x1y0"",""B"":""x0y0+x0y1+x3y2"",""b"":""X"",""d"":7,""excl_opp_detectors"":""True"",""k"":4,""l"":8,""leak_heralds"":""False"",""leak_repump"":""True"",""leakage"":""True"",""loss"":""True"",""m"":3,""n"":48,""noise"":""rl_helios"",""p"":0.002,""prllel_1q"":16,""prllel_2q"":4,""r"":20,""repump_cycles"":3,""seq_meas"":""True"",""seq_ops"":""True"",""swapLRC"":""False""}",
         8,         0,         0,    2.29,bposd,363dbbe25c5091f9c41c5f79d383c415bc6a447daa00d35e45a6d7d40ccf4257,"{""A"":""x0y0+x1y0"",""B"":""x0y0+x0y1+x3y2"",""b"":""X"",""d"":7,""excl_opp_detectors"":""True"",""k"":4,""l"":8,""leak_heralds"":""False"",""leak_repump"":""True"",""leakage"":""True"",""loss"":""True"",""m"":3,""n"":48,""noise"":""rl_helios"",""p"":0.003,""prllel_1q"":16,""prllel_2q"":4,""r"":20,""repump_cycles"":3,""seq_meas"":""True"",""seq_ops"":""True"",""swapLRC"":""False""}",
         8,         0,         0,   0.823,bposd,d2e31a876ff9ab44086a0403902670ab7f3daf025f64a4ada3171d61ce3ff2f5,"{""A"":""x2y0+x8y1"",""B"":""x0y1+x4y1+x14y1"",""b"":""X"",""d"":8,""excl_opp_detectors"":""True"",""k"":4,""l"":15,""leak_heralds"":""False"",""leak_repump"":""True"",""leakage"":""True"",""loss"":""True"",""m"":2,""n"":60,""noise"":""rl_helios"",""p"":0.002,""prllel_1q"":16,""prllel_2q"":4,""r"":20,""repump_cycles"":3,""seq_meas"":""True"",""seq_ops"":""True"",""swapLRC"":""False""}",
         8,         1,         0,    2.26,bposd,363dbbe25c5091f9c41c5f79d383c415bc6a447daa00d35e45a6d7d40ccf4257,"{""A"":""x0y0+x1y0"",""B"":""x0y0+x0y1+x3y2"",""b"":""X"",""d"":7,""excl_opp_detectors"":""True"",""k"":4,""l"":8,""leak_heralds"":""False"",""leak_repump"":""True"",""leakage"":""True"",""loss"":""True"",""m"":3,""n"":48,""noise"":""rl_helios"",""p"":0.003,""prllel_1q"":16,""prllel_2q"":4,""r"":20,""repump_cycles"":3,""seq_meas"":""True"",""seq_ops"":""True"",""swapLRC"":""False""}",
         4,         1,         0,   0.933,bposd,14555660f0e1698bf981b2f3b692ea34d92f6c6a1ee8c83ab9230ef68cf27946,"{""A"":""x2y0+x8y1"",""B"":""x0y1+x4y1+x14y1"",""b"":""X"",""d"":8,""excl_opp_detectors"":""True"",""k"":4,""l"":15,""leak_heralds"":""False"",""leak_repump"":""True"",""leakage"":""True"",""loss"":""True"",""m"":2,""n"":60,""noise"":""rl_helios"",""p"":0.003,""prllel_1q"":16,""prllel_2q"":4,""r"":20,""repump_cycles"":3,""seq_meas"":""True"",""seq_ops"":""True"",""swapLRC"":""False""}",
         8,         0,         0,    2.71,bposd,14555660f0e1698bf981b2f3b692ea34d92f6c6a1ee8c83ab9230ef68cf27946,"{""A"":""x2y0+x8y1"",""B"":""x0y1+x4y1+x14y1"",""b"":""X"",""d"":8,""excl_opp_detectors"":""True"",""k"":4,""l"":15,""leak_heralds"":""False"",""leak_repump"":""True"",""leakage"":""True"",""loss"":""True"",""m"":2,""n"":60,""noise"":""rl_helios"",""p"":0.003,""prllel_1q"":16,""prllel_2q"":4,""r"":20,""repump_cycles"":3,""seq_meas"":""True"",""seq_ops"":""True"",""swapLRC"":""False""}",
        17,         0,         0,    3.90,bposd,14555660f0e1698bf981b2f3b692ea34d92f6c6a1ee8c83ab9230ef68cf27946,"{""A"":""x2y0+x8y1"",""B"":""x0y1+x4y1+x14y1"",""b"":""X"",""d"":8,""excl_opp_detectors"":""True"",""k"":4,""l"":15,""leak_heralds"":""False"",""leak_repump"":""True"",""leakage"":""True"",""loss"":""True"",""m"":2,""n"":60,""noise"":""rl_helios"",""p"":0.003,""prllel_1q"":16,""prllel_2q"":4,""r"":20,""repump_cycles"":3,""seq_meas"":""True"",""seq_ops"":""True"",""swapLRC"":""False""}",
        64,         0,         0,    4.10,bposd,d6466f1f2401ef78211b48d2724c0f28b872cf57bdff80ba7079cbc781acfd49,"{""A"":""x0y0+x1y0"",""B"":""x0y0+x0y1+x3y2"",""b"":""X"",""d"":7,""excl_opp_detectors"":""True"",""k"":4,""l"":8,""leak_heralds"":""False"",""leak_repump"":""True"",""leakage"":""True"",""loss"":""True"",""m"":3,""n"":48,""noise"":""rl_helios"",""p"":0.002,""prllel_1q"":16,""prllel_2q"":4,""r"":20,""repump_cycles"":3,""seq_meas"":""True"",""seq_ops"":""True"",""swapLRC"":""False""}",
        32,         0,         0,   0.042,bposd,d6466f1f2401ef78211b48d2724c0f28b872cf57bdff80ba7079cbc781acfd49,"{""A"":""x0y0+x1y0"",""B"":""x0y0+x0y1+x3y2"",""b"":""X"",""d"":7,""excl_opp_detectors"":""True"",""k"":4,""l"":8,""leak_heralds"":""False"",""leak_repump"":""True"",""leakage"":""True"",""loss"":""True"",""m"":3,""n"":48,""noise"":""rl_helios"",""p"":0.002,""prllel_1q"":16,""prllel_2q"":4,""r"":20,""repump_cycles"":3,""seq_meas"":""True"",""seq_ops"":""True"",""swapLRC"":""False""}",
         4,         1,         0,   0.100,bposd,14555660f0e1698bf981b2f3b692ea34d92f6c6a1ee8c83ab9230ef68cf27946,"{""A"":""x2y0+x8y1"",""B"":""x0y1+x4y1+x14y1"",""b"":""X"",""d"":8,""excl_opp_detectors"":""True"",""k"":4,""l"":15,""leak_heralds"":""False"",""leak_repump"":""True"",""leakage"":""True"",""loss"":""True"",""m"":2,""n"":60,""noise"":""rl_helios"",""p"":0.003,""prllel_1q"":16,""prllel_2q"":4,""r"":20,""repump_cycles"":3,""seq_meas"":""True"",""seq_ops"":""True"",""swapLRC"":""False""}",
         8,         1,         0,   0.542,bposd,d2e31a876ff9ab44086a0403902670ab7f3daf025f64a4ada3171d61ce3ff2f5,"{""A"":""x2y0+x8y1"",""B"":""x0y1+x4y1+x14y1"",""b"":""X"",""d"":8,""excl_opp_detectors"":""True"",""k"":4,""l"":15,""leak_heralds"":""False"",""leak_repump"":""True"",""leakage"":""True"",""loss"":""True"",""m"":2,""n"":60,""noise"":""rl_helios"",""p"":0.002,""prllel_1q"":16,""prllel_2q"":4,""r"":20,""repump_cycles"":3,""seq_meas"":""True"",""seq_ops"":""True"",""swapLRC"":""False""}",
         4,         0,         0,   0.741,bposd,363dbbe25c5091f9c41c5f79d383c415bc6a447daa00d35e45a6d7d40ccf4257,"{""A"":""x0y0+x1y0"",""B"":""x0y0+x0y1+x3y2"",""b"":""X"",""d"":7,""excl_opp_detectors"":""True"",""k"":4,""l"":8,""leak_heralds"":""False"",""leak_repump"":""True"",""leakage"":""True"",""loss"":""True"",""m"":3,""n"":48,""noise"":""rl_helios"",""p"":0.003,""prllel_1q"":16,""prllel_2q"":4,""r"":20,""repump_cycles"":3,""seq_meas"":""True"",""seq_ops"":""True"",""swapLRC"":""False""}",
         8,         1,         0,    2.53,bposd,14555660f0e1698bf981b2f3b692ea34d92f6c6a1ee8c83ab9230ef68cf27946,"{""A"":""x2y0+x8y1"",""B"":""x0y1+x4y1+x14y1"",""b"":""X"",""d"":8,""excl_opp_detectors"":""True"",""k"":4,""l"":15,""leak_heralds"":""False"",""leak_repump"":""True"",""leakage"":""True"",""loss"":""True"",""m"":2,""n"":60,""noise"":""rl_helios"",""p"":0.003,""prllel_1q"":16,""prllel_2q"":4,""r"":20,""repump_cycles"":3,""seq_meas"":""True"",""seq_ops"":""True"",""swapLRC"":""False""}",
        16,         0,         0,   0.953,bposd,fc034e74c25f52c7dca5bec3ced3fbedd720fbeb24afc199749aab9c2019f874,"{""A"":""x2y0+x8y1"",""B"":""x0y1+x4y1+x14y1"",""b"":""X"",""d"":8,""excl_opp_detectors"":""True"",""k"":4,""l"":15,""leak_heralds"":""False"",""leak_repump"":""True"",""leakage"":""True"",""loss"":""True"",""m"":2,""n"":60,""noise"":""rl_helios"",""p"":0.001,""prllel_1q"":16,""prllel_2q"":4,""r"":20,""repump_cycles"":3,""seq_meas"":""True"",""seq_ops"":""True"",""swapLRC"":""False""}",
       183,         0,         0,    4.48,bposd,6d1ddacfb3af8946e01e6fa1f4a73feb1ff89b1e055e733a9f2c9e62f953590b,"{""A"":""x0y0+x1y0"",""B"":""x0y0+x0y1+x3y2"",""b"":""X"",""d"":7,""excl_opp_detectors"":""True"",""k"":4,""l"":8,""leak_heralds"":""False"",""leak_repump"":""True"",""leakage"":""True"",""loss"":""True"",""m"":3,""n"":48,""noise"":""rl_helios"",""p"":0.001,""prllel_1q"":16,""prllel_2q"":4,""r"":20,""repump_cycles"":3,""seq_meas"":""True"",""seq_ops"":""True"",""swapLRC"":""False""}",
         8,         1,         0,    1.87,bposd,d2e31a876ff9ab44086a0403902670ab7f3daf025f64a4ada3171d61ce3ff2f5,"{""A"":""x2y0+x8y1"",""B"":""x0y1+x4y1+x14y1"",""b"":""X"",""d"":8,""excl_opp_detectors"":""True"",""k"":4,""l"":15,""leak_heralds"":""False"",""leak_repump"":""True"",""leakage"":""True"",""loss"":""True"",""m"":2,""n"":60,""noise"":""rl_helios"",""p"":0.002,""prllel_1q"":16,""prllel_2q"":4,""r"":20,""repump_cycles"":3,""seq_meas"":""True"",""seq_ops"":""True"",""swapLRC"":""False""}",
        16,         1,         0,    6.20,bposd,14555660f0e1698bf981b2f3b692ea34d92f6c6a1ee8c83ab9230ef68cf27946,"{""A"":""x2y0+x8y1"",""B"":""x0y1+x4y1+x14y1"",""b"":""X"",""d"":8,""excl_opp_detectors"":""True"",""k"":4,""l"":15,""leak_heralds"":""False"",""leak_repump"":""True"",""leakage"":""True"",""loss"":""True"",""m"":2,""n"":60,""noise"":""rl_helios"",""p"":0.003,""prllel_1q"":16,""prllel_2q"":4,""r"":20,""repump_cycles"":3,""seq_meas"":""True"",""seq_ops"":""True"",""swapLRC"":""False""}",
        32,         0,         0,    4.18,bposd,d2e31a876ff9ab44086a0403902670ab7f3daf025f64a4ada3171d61ce3ff2f5,"{""A"":""x2y0+x8y1"",""B"":""x0y1+x4y1+x14y1"",""b"":""X"",""d"":8,""excl_opp_detectors"":""True"",""k"":4,""l"":15,""leak_heralds"":""False"",""leak_repump"":""True"",""leakage"":""True"",""loss"":""True"",""m"":2,""n"":60,""noise"":""rl_helios"",""p"":0.002,""prllel_1q"":16,""prllel_2q"":4,""r"":20,""repump_cycles"":3,""seq_meas"":""True"",""seq_ops"":""True"",""swapLRC"":""False""}",
       167,         0,         0,    4.42,bposd,6d1ddacfb3af8946e01e6fa1f4a73feb1ff89b1e055e733a9f2c9e62f953590b,"{""A"":""x0y0+x1y0"",""B"":""x0y0+x0y1+x3y2"",""b"":""X"",""d"":7,""excl_opp_detectors"":""True"",""k"":4,""l"":8,""leak_heralds"":""False"",""leak_repump"":""True"",""leakage"":""True"",""loss"":""True"",""m"":3,""n"":48,""noise"":""rl_helios"",""p"":0.001,""prllel_1q"":16,""prllel_2q"":4,""r"":20,""repump_cycles"":3,""seq_meas"":""True"",""seq_ops"":""True"",""swapLRC"":""False""}",
       183,         0,         0,    5.63,bposd,fc034e74c25f52c7dca5bec3ced3fbedd720fbeb24afc199749aab9c2019f874,"{""A"":""x2y0+x8y1"",""B"":""x0y1+x4y1+x14y1"",""b"":""X"",""d"":8,""excl_opp_detectors"":""True"",""k"":4,""l"":15,""leak_heralds"":""False"",""leak_repump"":""True"",""leakage"":""True"",""loss"":""True"",""m"":2,""n"":60,""noise"":""rl_helios"",""p"":0.001,""prllel_1q"":16,""prllel_2q"":4,""r"":20,""repump_cycles"":3,""seq_meas"":""True"",""seq_ops"":""True"",""swapLRC"":""False""}",
         8,         0,         0,    3.08,bposd,363dbbe25c5091f9c41c5f79d383c415bc6a447daa00d35e45a6d7d40ccf4257,"{""A"":""x0y0+x1y0"",""B"":""x0y0+x0y1+x3y2"",""b"":""X"",""d"":7,""excl_opp_detectors"":""True"",""k"":4,""l"":8,""leak_heralds"":""False"",""leak_repump"":""True"",""leakage"":""True"",""loss"":""True"",""m"":3,""n"":48,""noise"":""rl_helios"",""p"":0.003,""prllel_1q"":16,""prllel_2q"":4,""r"":20,""repump_cycles"":3,""seq_meas"":""True"",""seq_ops"":""True"",""swapLRC"":""False""}",
         8,         0,         0,   0.994,bposd,d2e31a876ff9ab44086a0403902670ab7f3daf025f64a4ada3171d61ce3ff2f5,"{""A"":""x2y0+x8y1"",""B"":""x0y1+x4y1+x14y1"",""b"":""X"",""d"":8,""excl_opp_detectors"":""True"",""k"":4,""l"":15,""leak_heralds"":""False"",""leak_repump"":""True"",""leakage"":""True"",""loss"":""True"",""m"":2,""n"":60,""noise"":""rl_helios"",""p"":0.002,""prllel_1q"":16,""prllel_2q"":4,""r"":20,""repump_cycles"":3,""seq_meas"":""True"",""seq_ops"":""True"",""swapLRC"":""False""}",
        16,         0,         0,   0.829,bposd,fc034e74c25f52c7dca5bec3ced3fbedd720fbeb24afc199749aab9c2019f874,"{""A"":""x2y0+x8y1"",""B"":""x0y1+x4y1+x14y1"",""b"":""X"",""d"":8,""excl_opp_detectors"":""True"",""k"":4,""l"":15,""leak_heralds"":""False"",""leak_repump"":""True"",""leakage"":""True"",""loss"":""True"",""m"":2,""n"":60,""noise"":""rl_helios"",""p"":0.001,""prllel_1q"":16,""prllel_2q"":4,""r"":20,""repump_cycles"":3,""seq_meas"":""True"",""seq_ops"":""True"",""swapLRC"":""False""}",
         4,         0,         0,   0.821,bposd,d2e31a876ff9ab44086a0403902670ab7f3daf025f64a4ada3171d61ce3ff2f5,"{""A"":""x2y0+x8y1"",""B"":""x0y1+x4y1+x14y1"",""b"":""X"",""d"":8,""excl_opp_detectors"":""True"",""k"":4,""l"":15,""leak_heralds"":""False"",""leak_repump"":""True"",""leakage"":""True"",""loss"":""True"",""m"":2,""n"":60,""noise"":""rl_helios"",""p"":0.002,""prllel_1q"":16,""prllel_2q"":4,""r"":20,""repump_cycles"":3,""seq_meas"":""True"",""seq_ops"":""True"",""swapLRC"":""False""}",
         8,         2,         0,    4.40,bposd,14555660f0e1698bf981b2f3b692ea34d92f6c6a1ee8c83ab9230ef68cf27946,"{""A"":""x2y0+x8y1"",""B"":""x0y1+x4y1+x14y1"",""b"":""X"",""d"":8,""excl_opp_detectors"":""True"",""k"":4,""l"":15,""leak_heralds"":""False"",""leak_repump"":""True"",""leakage"":""True"",""loss"":""True"",""m"":2,""n"":60,""noise"":""rl_helios"",""p"":0.003,""prllel_1q"":16,""prllel_2q"":4,""r"":20,""repump_cycles"":3,""seq_meas"":""True"",""seq_ops"":""True"",""swapLRC"":""False""}",
        47,         0,         0,   0.331,bposd,fc034e74c25f52c7dca5bec3ced3fbedd720fbeb24afc199749aab9c2019f874,"{""A"":""x2y0+x8y1"",""B"":""x0y1+x4y1+x14y1"",""b"":""X"",""d"":8,""excl_opp_detectors"":""True"",""k"":4,""l"":15,""leak_heralds"":""False"",""leak_repump"":""True"",""leakage"":""True"",""loss"":""True"",""m"":2,""n"":60,""noise"":""rl_helios"",""p"":0.001,""prllel_1q"":16,""prllel_2q"":4,""r"":20,""repump_cycles"":3,""seq_meas"":""True"",""seq_ops"":""True"",""swapLRC"":""False""}",
         4,         1,         0,    1.65,bposd,363dbbe25c5091f9c41c5f79d383c415bc6a447daa00d35e45a6d7d40ccf4257,"{""A"":""x0y0+x1y0"",""B"":""x0y0+x0y1+x3y2"",""b"":""X"",""d"":7,""excl_opp_detectors"":""True"",""k"":4,""l"":8,""leak_heralds"":""False"",""leak_repump"":""True"",""leakage"":""True"",""loss"":""True"",""m"":3,""n"":48,""noise"":""rl_helios"",""p"":0.003,""prllel_1q"":16,""prllel_2q"":4,""r"":20,""repump_cycles"":3,""seq_meas"":""True"",""seq_ops"":""True"",""swapLRC"":""False""}",
         4,         0,         0,   0.685,bposd,363dbbe25c5091f9c41c5f79d383c415bc6a447daa00d35e45a6d7d40ccf4257,"{""A"":""x0y0+x1y0"",""B"":""x0y0+x0y1+x3y2"",""b"":""X"",""d"":7,""excl_opp_detectors"":""True"",""k"":4,""l"":8,""leak_heralds"":""False"",""leak_repump"":""True"",""leakage"":""True"",""loss"":""True"",""m"":3,""n"":48,""noise"":""rl_helios"",""p"":0.003,""prllel_1q"":16,""prllel_2q"":4,""r"":20,""repump_cycles"":3,""seq_meas"":""True"",""seq_ops"":""True"",""swapLRC"":""False""}",
         4,         1,         0,    1.87,bposd,14555660f0e1698bf981b2f3b692ea34d92f6c6a1ee8c83ab9230ef68cf27946,"{""A"":""x2y0+x8y1"",""B"":""x0y1+x4y1+x14y1"",""b"":""X"",""d"":8,""excl_opp_detectors"":""True"",""k"":4,""l"":15,""leak_heralds"":""False"",""leak_repump"":""True"",""leakage"":""True"",""loss"":""True"",""m"":2,""n"":60,""noise"":""rl_helios"",""p"":0.003,""prllel_1q"":16,""prllel_2q"":4,""r"":20,""repump_cycles"":3,""seq_meas"":""True"",""seq_ops"":""True"",""swapLRC"":""False""}",
         4,         0,         0,    2.13,bposd,14555660f0e1698bf981b2f3b692ea34d92f6c6a1ee8c83ab9230ef68cf27946,"{""A"":""x2y0+x8y1"",""B"":""x0y1+x4y1+x14y1"",""b"":""X"",""d"":8,""excl_opp_detectors"":""True"",""k"":4,""l"":15,""leak_heralds"":""False"",""leak_repump"":""True"",""leakage"":""True"",""loss"":""True"",""m"":2,""n"":60,""noise"":""rl_helios"",""p"":0.003,""prllel_1q"":16,""prllel_2q"":4,""r"":20,""repump_cycles"":3,""seq_meas"":""True"",""seq_ops"":""True"",""swapLRC"":""False""}",
       183,         0,         0,    5.94,bposd,fc034e74c25f52c7dca5bec3ced3fbedd720fbeb24afc199749aab9c2019f874,"{""A"":""x2y0+x8y1"",""B"":""x0y1+x4y1+x14y1"",""b"":""X"",""d"":8,""excl_opp_detectors"":""True"",""k"":4,""l"":15,""leak_heralds"":""False"",""leak_repump"":""True"",""leakage"":""True"",""loss"":""True"",""m"":2,""n"":60,""noise"":""rl_helios"",""p"":0.001,""prllel_1q"":16,""prllel_2q"":4,""r"":20,""repump_cycles"":3,""seq_meas"":""True"",""seq_ops"":""True"",""swapLRC"":""False""}",
         2,         0,         0,   0.806,bposd,363dbbe25c5091f9c41c5f79d383c415bc6a447daa00d35e45a6d7d40ccf4257,"{""A"":""x0y0+x1y0"",""B"":""x0y0+x0y1+x3y2"",""b"":""X"",""d"":7,""excl_opp_detectors"":""True"",""k"":4,""l"":8,""leak_heralds"":""False"",""leak_repump"":""True"",""leakage"":""True"",""loss"":""True"",""m"":3,""n"":48,""noise"":""rl_helios"",""p"":0.003,""prllel_1q"":16,""prllel_2q"":4,""r"":20,""repump_cycles"":3,""seq_meas"":""True"",""seq_ops"":""True"",""swapLRC"":""False""}",
        16,         0,         0,    1.85,bposd,d2e31a876ff9ab44086a0403902670ab7f3daf025f64a4ada3171d61ce3ff2f5,"{""A"":""x2y0+x8y1"",""B"":""x0y1+x4y1+x14y1"",""b"":""X"",""d"":8,""excl_opp_detectors"":""True"",""k"":4,""l"":15,""leak_heralds"":""False"",""leak_repump"":""True"",""leakage"":""True"",""loss"":""True"",""m"":2,""n"":60,""noise"":""rl_helios"",""p"":0.002,""prllel_1q"":16,""prllel_2q"":4,""r"":20,""repump_cycles"":3,""seq_meas"":""True"",""seq_ops"":""True"",""swapLRC"":""False""}",
         8,         0,         0,    1.21,bposd,fc034e74c25f52c7dca5bec3ced3fbedd720fbeb24afc199749aab9c2019f874,"{""A"":""x2y0+x8y1"",""B"":""x0y1+x4y1+x14y1"",""b"":""X"",""d"":8,""excl_opp_detectors"":""True"",""k"":4,""l"":15,""leak_heralds"":""False"",""leak_repump"":""True"",""leakage"":""True"",""loss"":""True"",""m"":2,""n"":60,""noise"":""rl_helios"",""p"":0.001,""prllel_1q"":16,""prllel_2q"":4,""r"":20,""repump_cycles"":3,""seq_meas"":""True"",""seq_ops"":""True"",""swapLRC"":""False""}",
         1,         0,         0,   0.813,bposd,363dbbe25c5091f9c41c5f79d383c415bc6a447daa00d35e45a6d7d40ccf4257,"{""A"":""x0y0+x1y0"",""B"":""x0y0+x0y1+x3y2"",""b"":""X"",""d"":7,""excl_opp_detectors"":""True"",""k"":4,""l"":8,""leak_heralds"":""False"",""leak_repump"":""True"",""leakage"":""True"",""loss"":""True"",""m"":3,""n"":48,""noise"":""rl_helios"",""p"":0.003,""prllel_1q"":16,""prllel_2q"":4,""r"":20,""repump_cycles"":3,""seq_meas"":""True"",""seq_ops"":""True"",""swapLRC"":""False""}",
         1,         1,         0,   0.861,bposd,363dbbe25c5091f9c41c5f79d383c415bc6a447daa00d35e45a6d7d40ccf4257,"{""A"":""x0y0+x1y0"",""B"":""x0y0+x0y1+x3y2"",""b"":""X"",""d"":7,""excl_opp_detectors"":""True"",""k"":4,""l"":8,""leak_heralds"":""False"",""leak_repump"":""True"",""leakage"":""True"",""loss"":""True"",""m"":3,""n"":48,""noise"":""rl_helios"",""p"":0.003,""prllel_1q"":16,""prllel_2q"":4,""r"":20,""repump_cycles"":3,""seq_meas"":""True"",""seq_ops"":""True"",""swapLRC"":""False""}",
         2,         0,         0,    1.24,bposd,14555660f0e1698bf981b2f3b692ea34d92f6c6a1ee8c83ab9230ef68cf27946,"{""A"":""x2y0+x8y1"",""B"":""x0y1+x4y1+x14y1"",""b"":""X"",""d"":8,""excl_opp_detectors"":""True"",""k"":4,""l"":15,""leak_heralds"":""False"",""leak_repump"":""True"",""leakage"":""True"",""loss"":""True"",""m"":2,""n"":60,""noise"":""rl_helios"",""p"":0.003,""prllel_1q"":16,""prllel_2q"":4,""r"":20,""repump_cycles"":3,""seq_meas"":""True"",""seq_ops"":""True"",""swapLRC"":""False""}",
         4,         0,         0,    1.62,bposd,363dbbe25c5091f9c41c5f79d383c415bc6a447daa00d35e45a6d7d40ccf4257,"{""A"":""x0y0+x1y0"",""B"":""x0y0+x0y1+x3y2"",""b"":""X"",""d"":7,""excl_opp_detectors"":""True"",""k"":4,""l"":8,""leak_heralds"":""False"",""leak_repump"":""True"",""leakage"":""True"",""loss"":""True"",""m"":3,""n"":48,""noise"":""rl_helios"",""p"":0.003,""prllel_1q"":16,""prllel_2q"":4,""r"":20,""repump_cycles"":3,""seq_meas"":""True"",""seq_ops"":""True"",""swapLRC"":""False""}",
         4,         1,         0,    1.99,bposd,14555660f0e1698bf981b2f3b692ea34d92f6c6a1ee8c83ab9230ef68cf27946,"{""A"":""x2y0+x8y1"",""B"":""x0y1+x4y1+x14y1"",""b"":""X"",""d"":8,""excl_opp_detectors"":""True"",""k"":4,""l"":15,""leak_heralds"":""False"",""leak_repump"":""True"",""leakage"":""True"",""loss"":""True"",""m"":2,""n"":60,""noise"":""rl_helios"",""p"":0.003,""prllel_1q"":16,""prllel_2q"":4,""r"":20,""repump_cycles"":3,""seq_meas"":""True"",""seq_ops"":""True"",""swapLRC"":""False""}",
       128,         3,         0,    9.23,bposd,d6466f1f2401ef78211b48d2724c0f28b872cf57bdff80ba7079cbc781acfd49,"{""A"":""x0y0+x1y0"",""B"":""x0y0+x0y1+x3y2"",""b"":""X"",""d"":7,""excl_opp_detectors"":""True"",""k"":4,""l"":8,""leak_heralds"":""False"",""leak_repump"":""True"",""leakage"":""True"",""loss"":""True"",""m"":3,""n"":48,""noise"":""rl_helios"",""p"":0.002,""prllel_1q"":16,""prllel_2q"":4,""r"":20,""repump_cycles"":3,""seq_meas"":""True"",""seq_ops"":""True"",""swapLRC"":""False""}",
       183,         0,         0,    8.27,bposd,fc034e74c25f52c7dca5bec3ced3fbedd720fbeb24afc199749aab9c2019f874,"{""A"":""x2y0+x8y1"",""B"":""x0y1+x4y1+x14y1"",""b"":""X"",""d"":8,""excl_opp_detectors"":""True"",""k"":4,""l"":15,""leak_heralds"":""False"",""leak_repump"":""True"",""leakage"":""True"",""loss"":""True"",""m"":2,""n"":60,""noise"":""rl_helios"",""p"":0.001,""prllel_1q"":16,""prllel_2q"":4,""r"":20,""repump_cycles"":3,""seq_meas"":""True"",""seq_ops"":""True"",""swapLRC"":""False""}",
         8,         0,         0,    4.45,bposd,14555660f0e1698bf981b2f3b692ea34d92f6c6a1ee8c83ab9230ef68cf27946,"{""A"":""x2y0+x8y1"",""B"":""x0y1+x4y1+x14y1"",""b"":""X"",""d"":8,""excl_opp_detectors"":""True"",""k"":4,""l"":15,""leak_heralds"":""False"",""leak_repump"":""True"",""leakage"":""True"",""loss"":""True"",""m"":2,""n"":60,""noise"":""rl_helios"",""p"":0.003,""prllel_1q"":16,""prllel_2q"":4,""r"":20,""repump_cycles"":3,""seq_meas"":""True"",""seq_ops"":""True"",""swapLRC"":""False""}",
         8,         2,         0,    3.99,bposd,14555660f0e1698bf981b2f3b692ea34d92f6c6a1ee8c83ab9230ef68cf27946,"{""A"":""x2y0+x8y1"",""B"":""x0y1+x4y1+x14y1"",""b"":""X"",""d"":8,""excl_opp_detectors"":""True"",""k"":4,""l"":15,""leak_heralds"":""False"",""leak_repump"":""True"",""leakage"":""True"",""loss"":""True"",""m"":2,""n"":60,""noise"":""rl_helios"",""p"":0.003,""prllel_1q"":16,""prllel_2q"":4,""r"":20,""repump_cycles"":3,""seq_meas"":""True"",""seq_ops"":""True"",""swapLRC"":""False""}",
        68,         1,         0,    5.31,bposd,d2e31a876ff9ab44086a0403902670ab7f3daf025f64a4ada3171d61ce3ff2f5,"{""A"":""x2y0+x8y1"",""B"":""x0y1+x4y1+x14y1"",""b"":""X"",""d"":8,""excl_opp_detectors"":""True"",""k"":4,""l"":15,""leak_heralds"":""False"",""leak_repump"":""True"",""leakage"":""True"",""loss"":""True"",""m"":2,""n"":60,""noise"":""rl_helios"",""p"":0.002,""prllel_1q"":16,""prllel_2q"":4,""r"":20,""repump_cycles"":3,""seq_meas"":""True"",""seq_ops"":""True"",""swapLRC"":""False""}",
        16,         0,         0,    4.78,bposd,14555660f0e1698bf981b2f3b692ea34d92f6c6a1ee8c83ab9230ef68cf27946,"{""A"":""x2y0+x8y1"",""B"":""x0y1+x4y1+x14y1"",""b"":""X"",""d"":8,""excl_opp_detectors"":""True"",""k"":4,""l"":15,""leak_heralds"":""False"",""leak_repump"":""True"",""leakage"":""True"",""loss"":""True"",""m"":2,""n"":60,""noise"":""rl_helios"",""p"":0.003,""prllel_1q"":16,""prllel_2q"":4,""r"":20,""repump_cycles"":3,""seq_meas"":""True"",""seq_ops"":""True"",""swapLRC"":""False""}",
         1,         0,         0,   0.020,bposd,d2e31a876ff9ab44086a0403902670ab7f3daf025f64a4ada3171d61ce3ff2f5,"{""A"":""x2y0+x8y1"",""B"":""x0y1+x4y1+x14y1"",""b"":""X"",""d"":8,""excl_opp_detectors"":""True"",""k"":4,""l"":15,""leak_heralds"":""False"",""leak_repump"":""True"",""leakage"":""True"",""loss"":""True"",""m"":2,""n"":60,""noise"":""rl_helios"",""p"":0.002,""prllel_1q"":16,""prllel_2q"":4,""r"":20,""repump_cycles"":3,""seq_meas"":""True"",""seq_ops"":""True"",""swapLRC"":""False""}",
        17,         0,         0,    2.61,bposd,363dbbe25c5091f9c41c5f79d383c415bc6a447daa00d35e45a6d7d40ccf4257,"{""A"":""x0y0+x1y0"",""B"":""x0y0+x0y1+x3y2"",""b"":""X"",""d"":7,""excl_opp_detectors"":""True"",""k"":4,""l"":8,""leak_heralds"":""False"",""leak_repump"":""True"",""leakage"":""True"",""loss"":""True"",""m"":3,""n"":48,""noise"":""rl_helios"",""p"":0.003,""prllel_1q"":16,""prllel_2q"":4,""r"":20,""repump_cycles"":3,""seq_meas"":""True"",""seq_ops"":""True"",""swapLRC"":""False""}",
        34,         0,         0,    3.25,bposd,363dbbe25c5091f9c41c5f79d383c415bc6a447daa00d35e45a6d7d40ccf4257,"{""A"":""x0y0+x1y0"",""B"":""x0y0+x0y1+x3y2"",""b"":""X"",""d"":7,""excl_opp_detectors"":""True"",""k"":4,""l"":8,""leak_heralds"":""False"",""leak_repump"":""True"",""leakage"":""True"",""loss"":""True"",""m"":3,""n"":48,""noise"":""rl_helios"",""p"":0.003,""prllel_1q"":16,""prllel_2q"":4,""r"":20,""repump_cycles"":3,""seq_meas"":""True"",""seq_ops"":""True"",""swapLRC"":""False""}",
         1,         0,         0,   0.009,bposd,363dbbe25c5091f9c41c5f79d383c415bc6a447daa00d35e45a6d7d40ccf4257,"{""A"":""x0y0+x1y0"",""B"":""x0y0+x0y1+x3y2"",""b"":""X"",""d"":7,""excl_opp_detectors"":""True"",""k"":4,""l"":8,""leak_heralds"":""False"",""leak_repump"":""True"",""leakage"":""True"",""loss"":""True"",""m"":3,""n"":48,""noise"":""rl_helios"",""p"":0.003,""prllel_1q"":16,""prllel_2q"":4,""r"":20,""repump_cycles"":3,""seq_meas"":""True"",""seq_ops"":""True"",""swapLRC"":""False""}",
       128,         3,         0,    7.71,bposd,d6466f1f2401ef78211b48d2724c0f28b872cf57bdff80ba7079cbc781acfd49,"{""A"":""x0y0+x1y0"",""B"":""x0y0+x0y1+x3y2"",""b"":""X"",""d"":7,""excl_opp_detectors"":""True"",""k"":4,""l"":8,""leak_heralds"":""False"",""leak_repump"":""True"",""leakage"":""True"",""loss"":""True"",""m"":3,""n"":48,""noise"":""rl_helios"",""p"":0.002,""prllel_1q"":16,""prllel_2q"":4,""r"":20,""repump_cycles"":3,""seq_meas"":""True"",""seq_ops"":""True"",""swapLRC"":""False""}",
        68,         0,         0,    4.59,bposd,d2e31a876ff9ab44086a0403902670ab7f3daf025f64a4ada3171d61ce3ff2f5,"{""A"":""x2y0+x8y1"",""B"":""x0y1+x4y1+x14y1"",""b"":""X"",""d"":8,""excl_opp_detectors"":""True"",""k"":4,""l"":15,""leak_heralds"":""False"",""leak_repump"":""True"",""leakage"":""True"",""loss"":""True"",""m"":2,""n"":60,""noise"":""rl_helios"",""p"":0.002,""prllel_1q"":16,""prllel_2q"":4,""r"":20,""repump_cycles"":3,""seq_meas"":""True"",""seq_ops"":""True"",""swapLRC"":""False""}",
         1,         0,         0,   0.009,bposd,d2e31a876ff9ab44086a0403902670ab7f3daf025f64a4ada3171d61ce3ff2f5,"{""A"":""x2y0+x8y1"",""B"":""x0y1+x4y1+x14y1"",""b"":""X"",""d"":8,""excl_opp_detectors"":""True"",""k"":4,""l"":15,""leak_heralds"":""False"",""leak_repump"":""True"",""leakage"":""True"",""loss"":""True"",""m"":2,""n"":60,""noise"":""rl_helios"",""p"":0.002,""prllel_1q"":16,""prllel_2q"":4,""r"":20,""repump_cycles"":3,""seq_meas"":""True"",""seq_ops"":""True"",""swapLRC"":""False""}",
        79,         2,         0,    6.00,bposd,d6466f1f2401ef78211b48d2724c0f28b872cf57bdff80ba7079cbc781acfd49,"{""A"":""x0y0+x1y0"",""B"":""x0y0+x0y1+x3y2"",""b"":""X"",""d"":7,""excl_opp_detectors"":""True"",""k"":4,""l"":8,""leak_heralds"":""False"",""leak_repump"":""True"",""leakage"":""True"",""loss"":""True"",""m"":3,""n"":48,""noise"":""rl_helios"",""p"":0.002,""prllel_1q"":16,""prllel_2q"":4,""r"":20,""repump_cycles"":3,""seq_meas"":""True"",""seq_ops"":""True"",""swapLRC"":""False""}",
         4,         1,         0,    1.68,bposd,14555660f0e1698bf981b2f3b692ea34d92f6c6a1ee8c83ab9230ef68cf27946,"{""A"":""x2y0+x8y1"",""B"":""x0y1+x4y1+x14y1"",""b"":""X"",""d"":8,""excl_opp_detectors"":""True"",""k"":4,""l"":15,""leak_heralds"":""False"",""leak_repump"":""True"",""leakage"":""True"",""loss"":""True"",""m"":2,""n"":60,""noise"":""rl_helios"",""p"":0.003,""prllel_1q"":16,""prllel_2q"":4,""r"":20,""repump_cycles"":3,""seq_meas"":""True"",""seq_ops"":""True"",""swapLRC"":""False""}",
         1,         0,         0,   0.942,bposd,14555660f0e1698bf981b2f3b692ea34d92f6c6a1ee8c83ab9230ef68cf27946,"{""A"":""x2y0+x8y1"",""B"":""x0y1+x4y1+x14y1"",""b"":""X"",""d"":8,""excl_opp_detectors"":""True"",""k"":4,""l"":15,""leak_heralds"":""False"",""leak_repump"":""True"",""leakage"":""True"",""loss"":""True"",""m"":2,""n"":60,""noise"":""rl_helios"",""p"":0.003,""prllel_1q"":16,""prllel_2q"":4,""r"":20,""repump_cycles"":3,""seq_meas"":""True"",""seq_ops"":""True"",""swapLRC"":""False""}",
         1,         0,         0,   0.029,bposd,14555660f0e1698bf981b2f3b692ea34d92f6c6a1ee8c83ab9230ef68cf27946,"{""A"":""x2y0+x8y1"",""B"":""x0y1+x4y1+x14y1"",""b"":""X"",""d"":8,""excl_opp_detectors"":""True"",""k"":4,""l"":15,""leak_heralds"":""False"",""leak_repump"":""True"",""leakage"":""True"",""loss"":""True"",""m"":2,""n"":60,""noise"":""rl_helios"",""p"":0.003,""prllel_1q"":16,""prllel_2q"":4,""r"":20,""repump_cycles"":3,""seq_meas"":""True"",""seq_ops"":""True"",""swapLRC"":""False""}",
         4,         0,         0,    1.94,bposd,14555660f0e1698bf981b2f3b692ea34d92f6c6a1ee8c83ab9230ef68cf27946,"{""A"":""x2y0+x8y1"",""B"":""x0y1+x4y1+x14y1"",""b"":""X"",""d"":8,""excl_opp_detectors"":""True"",""k"":4,""l"":15,""leak_heralds"":""False"",""leak_repump"":""True"",""leakage"":""True"",""loss"":""True"",""m"":2,""n"":60,""noise"":""rl_helios"",""p"":0.003,""prllel_1q"":16,""prllel_2q"":4,""r"":20,""repump_cycles"":3,""seq_meas"":""True"",""seq_ops"":""True"",""swapLRC"":""False""}",
        34,         3,         0,    4.71,bposd,14555660f0e1698bf981b2f3b692ea34d92f6c6a1ee8c83ab9230ef68cf27946,"{""A"":""x2y0+x8y1"",""B"":""x0y1+x4y1+x14y1"",""b"":""X"",""d"":8,""excl_opp_detectors"":""True"",""k"":4,""l"":15,""leak_heralds"":""False"",""leak_repump"":""True"",""leakage"":""True"",""loss"":""True"",""m"":2,""n"":60,""noise"":""rl_helios"",""p"":0.003,""prllel_1q"":16,""prllel_2q"":4,""r"":20,""repump_cycles"":3,""seq_meas"":""True"",""seq_ops"":""True"",""swapLRC"":""False""}",
        16,         0,         0,    2.14,bposd,d2e31a876ff9ab44086a0403902670ab7f3daf025f64a4ada3171d61ce3ff2f5,"{""A"":""x2y0+x8y1"",""B"":""x0y1+x4y1+x14y1"",""b"":""X"",""d"":8,""excl_opp_detectors"":""True"",""k"":4,""l"":15,""leak_heralds"":""False"",""leak_repump"":""True"",""leakage"":""True"",""loss"":""True"",""m"":2,""n"":60,""noise"":""rl_helios"",""p"":0.002,""prllel_1q"":16,""prllel_2q"":4,""r"":20,""repump_cycles"":3,""seq_meas"":""True"",""seq_ops"":""True"",""swapLRC"":""False""}",
        17,         0,         0,    4.89,bposd,363dbbe25c5091f9c41c5f79d383c415bc6a447daa00d35e45a6d7d40ccf4257,"{""A"":""x0y0+x1y0"",""B"":""x0y0+x0y1+x3y2"",""b"":""X"",""d"":7,""excl_opp_detectors"":""True"",""k"":4,""l"":8,""leak_heralds"":""False"",""leak_repump"":""True"",""leakage"":""True"",""loss"":""True"",""m"":3,""n"":48,""noise"":""rl_helios"",""p"":0.003,""prllel_1q"":16,""prllel_2q"":4,""r"":20,""repump_cycles"":3,""seq_meas"":""True"",""seq_ops"":""True"",""swapLRC"":""False""}",
         8,         0,         0,    2.67,bposd,14555660f0e1698bf981b2f3b692ea34d92f6c6a1ee8c83ab9230ef68cf27946,"{""A"":""x2y0+x8y1"",""B"":""x0y1+x4y1+x14y1"",""b"":""X"",""d"":8,""excl_opp_detectors"":""True"",""k"":4,""l"":15,""leak_heralds"":""False"",""leak_repump"":""True"",""leakage"":""True"",""loss"":""True"",""m"":2,""n"":60,""noise"":""rl_helios"",""p"":0.003,""prllel_1q"":16,""prllel_2q"":4,""r"":20,""repump_cycles"":3,""seq_meas"":""True"",""seq_ops"":""True"",""swapLRC"":""False""}",
         4,         0,         0,   0.085,bposd,14555660f0e1698bf981b2f3b692ea34d92f6c6a1ee8c83ab9230ef68cf27946,"{""A"":""x2y0+x8y1"",""B"":""x0y1+x4y1+x14y1"",""b"":""X"",""d"":8,""excl_opp_detectors"":""True"",""k"":4,""l"":15,""leak_heralds"":""False"",""leak_repump"":""True"",""leakage"":""True"",""loss"":""True"",""m"":2,""n"":60,""noise"":""rl_helios"",""p"":0.003,""prllel_1q"":16,""prllel_2q"":4,""r"":20,""repump_cycles"":3,""seq_meas"":""True"",""seq_ops"":""True"",""swapLRC"":""False""}",
         8,         0,         0,    2.31,bposd,363dbbe25c5091f9c41c5f79d383c415bc6a447daa00d35e45a6d7d40ccf4257,"{""A"":""x0y0+x1y0"",""B"":""x0y0+x0y1+x3y2"",""b"":""X"",""d"":7,""excl_opp_detectors"":""True"",""k"":4,""l"":8,""leak_heralds"":""False"",""leak_repump"":""True"",""leakage"":""True"",""loss"":""True"",""m"":3,""n"":48,""noise"":""rl_helios"",""p"":0.003,""prllel_1q"":16,""prllel_2q"":4,""r"":20,""repump_cycles"":3,""seq_meas"":""True"",""seq_ops"":""True"",""swapLRC"":""False""}",
        34,         4,         0,    5.11,bposd,363dbbe25c5091f9c41c5f79d383c415bc6a447daa00d35e45a6d7d40ccf4257,"{""A"":""x0y0+x1y0"",""B"":""x0y0+x0y1+x3y2"",""b"":""X"",""d"":7,""excl_opp_detectors"":""True"",""k"":4,""l"":8,""leak_heralds"":""False"",""leak_repump"":""True"",""leakage"":""True"",""loss"":""True"",""m"":3,""n"":48,""noise"":""rl_helios"",""p"":0.003,""prllel_1q"":16,""prllel_2q"":4,""r"":20,""repump_cycles"":3,""seq_meas"":""True"",""seq_ops"":""True"",""swapLRC"":""False""}",
        16,         0,         0,    2.69,bposd,d2e31a876ff9ab44086a0403902670ab7f3daf025f64a4ada3171d61ce3ff2f5,"{""A"":""x2y0+x8y1"",""B"":""x0y1+x4y1+x14y1"",""b"":""X"",""d"":8,""excl_opp_detectors"":""True"",""k"":4,""l"":15,""leak_heralds"":""False"",""leak_repump"":""True"",""leakage"":""True"",""loss"":""True"",""m"":2,""n"":60,""noise"":""rl_helios"",""p"":0.002,""prllel_1q"":16,""prllel_2q"":4,""r"":20,""repump_cycles"":3,""seq_meas"":""True"",""seq_ops"":""True"",""swapLRC"":""False""}",
        17,         1,         0,    3.22,bposd,14555660f0e1698bf981b2f3b692ea34d92f6c6a1ee8c83ab9230ef68cf27946,"{""A"":""x2y0+x8y1"",""B"":""x0y1+x4y1+x14y1"",""b"":""X"",""d"":8,""excl_opp_detectors"":""True"",""k"":4,""l"":15,""leak_heralds"":""False"",""leak_repump"":""True"",""leakage"":""True"",""loss"":""True"",""m"":2,""n"":60,""noise"":""rl_helios"",""p"":0.003,""prllel_1q"":16,""prllel_2q"":4,""r"":20,""repump_cycles"":3,""seq_meas"":""True"",""seq_ops"":""True"",""swapLRC"":""False""}",
        64,         3,         0,    13.2,bposd,363dbbe25c5091f9c41c5f79d383c415bc6a447daa00d35e45a6d7d40ccf4257,"{""A"":""x0y0+x1y0"",""B"":""x0y0+x0y1+x3y2"",""b"":""X"",""d"":7,""excl_opp_detectors"":""True"",""k"":4,""l"":8,""leak_heralds"":""False"",""leak_repump"":""True"",""leakage"":""True"",""loss"":""True"",""m"":3,""n"":48,""noise"":""rl_helios"",""p"":0.003,""prllel_1q"":16,""prllel_2q"":4,""r"":20,""repump_cycles"":3,""seq_meas"":""True"",""seq_ops"":""True"",""swapLRC"":""False""}",
         8,         1,         0,    1.29,bposd,d2e31a876ff9ab44086a0403902670ab7f3daf025f64a4ada3171d61ce3ff2f5,"{""A"":""x2y0+x8y1"",""B"":""x0y1+x4y1+x14y1"",""b"":""X"",""d"":8,""excl_opp_detectors"":""True"",""k"":4,""l"":15,""leak_heralds"":""False"",""leak_repump"":""True"",""leakage"":""True"",""loss"":""True"",""m"":2,""n"":60,""noise"":""rl_helios"",""p"":0.002,""prllel_1q"":16,""prllel_2q"":4,""r"":20,""repump_cycles"":3,""seq_meas"":""True"",""seq_ops"":""True"",""swapLRC"":""False""}",
        12,         0,         0,    3.14,bposd,363dbbe25c5091f9c41c5f79d383c415bc6a447daa00d35e45a6d7d40ccf4257,"{""A"":""x0y0+x1y0"",""B"":""x0y0+x0y1+x3y2"",""b"":""X"",""d"":7,""excl_opp_detectors"":""True"",""k"":4,""l"":8,""leak_heralds"":""False"",""leak_repump"":""True"",""leakage"":""True"",""loss"":""True"",""m"":3,""n"":48,""noise"":""rl_helios"",""p"":0.003,""prllel_1q"":16,""prllel_2q"":4,""r"":20,""repump_cycles"":3,""seq_meas"":""True"",""seq_ops"":""True"",""swapLRC"":""False""}",
        27,         0,         0,    3.31,bposd,d2e31a876ff9ab44086a0403902670ab7f3daf025f64a4ada3171d61ce3ff2f5,"{""A"":""x2y0+x8y1"",""B"":""x0y1+x4y1+x14y1"",""b"":""X"",""d"":8,""excl_opp_detectors"":""True"",""k"":4,""l"":15,""leak_heralds"":""False"",""leak_repump"":""True"",""leakage"":""True"",""loss"":""True"",""m"":2,""n"":60,""noise"":""rl_helios"",""p"":0.002,""prllel_1q"":16,""prllel_2q"":4,""r"":20,""repump_cycles"":3,""seq_meas"":""True"",""seq_ops"":""True"",""swapLRC"":""False""}",
         8,         0,         0,    1.73,bposd,363dbbe25c5091f9c41c5f79d383c415bc6a447daa00d35e45a6d7d40ccf4257,"{""A"":""x0y0+x1y0"",""B"":""x0y0+x0y1+x3y2"",""b"":""X"",""d"":7,""excl_opp_detectors"":""True"",""k"":4,""l"":8,""leak_heralds"":""False"",""leak_repump"":""True"",""leakage"":""True"",""loss"":""True"",""m"":3,""n"":48,""noise"":""rl_helios"",""p"":0.003,""prllel_1q"":16,""prllel_2q"":4,""r"":20,""repump_cycles"":3,""seq_meas"":""True"",""seq_ops"":""True"",""swapLRC"":""False""}",
         8,         0,         0,   0.801,bposd,d2e31a876ff9ab44086a0403902670ab7f3daf025f64a4ada3171d61ce3ff2f5,"{""A"":""x2y0+x8y1"",""B"":""x0y1+x4y1+x14y1"",""b"":""X"",""d"":8,""excl_opp_detectors"":""True"",""k"":4,""l"":15,""leak_heralds"":""False"",""leak_repump"":""True"",""leakage"":""True"",""loss"":""True"",""m"":2,""n"":60,""noise"":""rl_helios"",""p"":0.002,""prllel_1q"":16,""prllel_2q"":4,""r"":20,""repump_cycles"":3,""seq_meas"":""True"",""seq_ops"":""True"",""swapLRC"":""False""}",
        16,         0,         0,    3.73,bposd,363dbbe25c5091f9c41c5f79d383c415bc6a447daa00d35e45a6d7d40ccf4257,"{""A"":""x0y0+x1y0"",""B"":""x0y0+x0y1+x3y2"",""b"":""X"",""d"":7,""excl_opp_detectors"":""True"",""k"":4,""l"":8,""leak_heralds"":""False"",""leak_repump"":""True"",""leakage"":""True"",""loss"":""True"",""m"":3,""n"":48,""noise"":""rl_helios"",""p"":0.003,""prllel_1q"":16,""prllel_2q"":4,""r"":20,""repump_cycles"":3,""seq_meas"":""True"",""seq_ops"":""True"",""swapLRC"":""False""}",
       136,         2,         0,    12.3,bposd,d6466f1f2401ef78211b48d2724c0f28b872cf57bdff80ba7079cbc781acfd49,"{""A"":""x0y0+x1y0"",""B"":""x0y0+x0y1+x3y2"",""b"":""X"",""d"":7,""excl_opp_detectors"":""True"",""k"":4,""l"":8,""leak_heralds"":""False"",""leak_repump"":""True"",""leakage"":""True"",""loss"":""True"",""m"":3,""n"":48,""noise"":""rl_helios"",""p"":0.002,""prllel_1q"":16,""prllel_2q"":4,""r"":20,""repump_cycles"":3,""seq_meas"":""True"",""seq_ops"":""True"",""swapLRC"":""False""}",
        34,         0,         0,    6.51,bposd,14555660f0e1698bf981b2f3b692ea34d92f6c6a1ee8c83ab9230ef68cf27946,"{""A"":""x2y0+x8y1"",""B"":""x0y1+x4y1+x14y1"",""b"":""X"",""d"":8,""excl_opp_detectors"":""True"",""k"":4,""l"":15,""leak_heralds"":""False"",""leak_repump"":""True"",""leakage"":""True"",""loss"":""True"",""m"":2,""n"":60,""noise"":""rl_helios"",""p"":0.003,""prllel_1q"":16,""prllel_2q"":4,""r"":20,""repump_cycles"":3,""seq_meas"":""True"",""seq_ops"":""True"",""swapLRC"":""False""}",
         8,         0,         0,   0.817,bposd,363dbbe25c5091f9c41c5f79d383c415bc6a447daa00d35e45a6d7d40ccf4257,"{""A"":""x0y0+x1y0"",""B"":""x0y0+x0y1+x3y2"",""b"":""X"",""d"":7,""excl_opp_detectors"":""True"",""k"":4,""l"":8,""leak_heralds"":""False"",""leak_repump"":""True"",""leakage"":""True"",""loss"":""True"",""m"":3,""n"":48,""noise"":""rl_helios"",""p"":0.003,""prllel_1q"":16,""prllel_2q"":4,""r"":20,""repump_cycles"":3,""seq_meas"":""True"",""seq_ops"":""True"",""swapLRC"":""False""}",
        14,         0,         0,   0.993,bposd,d2e31a876ff9ab44086a0403902670ab7f3daf025f64a4ada3171d61ce3ff2f5,"{""A"":""x2y0+x8y1"",""B"":""x0y1+x4y1+x14y1"",""b"":""X"",""d"":8,""excl_opp_detectors"":""True"",""k"":4,""l"":15,""leak_heralds"":""False"",""leak_repump"":""True"",""leakage"":""True"",""loss"":""True"",""m"":2,""n"":60,""noise"":""rl_helios"",""p"":0.002,""prllel_1q"":16,""prllel_2q"":4,""r"":20,""repump_cycles"":3,""seq_meas"":""True"",""seq_ops"":""True"",""swapLRC"":""False""}",
        21,         0,         0,    1.97,bposd,363dbbe25c5091f9c41c5f79d383c415bc6a447daa00d35e45a6d7d40ccf4257,"{""A"":""x0y0+x1y0"",""B"":""x0y0+x0y1+x3y2"",""b"":""X"",""d"":7,""excl_opp_detectors"":""True"",""k"":4,""l"":8,""leak_heralds"":""False"",""leak_repump"":""True"",""leakage"":""True"",""loss"":""True"",""m"":3,""n"":48,""noise"":""rl_helios"",""p"":0.003,""prllel_1q"":16,""prllel_2q"":4,""r"":20,""repump_cycles"":3,""seq_meas"":""True"",""seq_ops"":""True"",""swapLRC"":""False""}",
       127,         5,         0,    10.3,bposd,d6466f1f2401ef78211b48d2724c0f28b872cf57bdff80ba7079cbc781acfd49,"{""A"":""x0y0+x1y0"",""B"":""x0y0+x0y1+x3y2"",""b"":""X"",""d"":7,""excl_opp_detectors"":""True"",""k"":4,""l"":8,""leak_heralds"":""False"",""leak_repump"":""True"",""leakage"":""True"",""loss"":""True"",""m"":3,""n"":48,""noise"":""rl_helios"",""p"":0.002,""prllel_1q"":16,""prllel_2q"":4,""r"":20,""repump_cycles"":3,""seq_meas"":""True"",""seq_ops"":""True"",""swapLRC"":""False""}",
        47,         1,         0,    4.05,bposd,d6466f1f2401ef78211b48d2724c0f28b872cf57bdff80ba7079cbc781acfd49,"{""A"":""x0y0+x1y0"",""B"":""x0y0+x0y1+x3y2"",""b"":""X"",""d"":7,""excl_opp_detectors"":""True"",""k"":4,""l"":8,""leak_heralds"":""False"",""leak_repump"":""True"",""leakage"":""True"",""loss"":""True"",""m"":3,""n"":48,""noise"":""rl_helios"",""p"":0.002,""prllel_1q"":16,""prllel_2q"":4,""r"":20,""repump_cycles"":3,""seq_meas"":""True"",""seq_ops"":""True"",""swapLRC"":""False""}",
         4,         0,         0,   0.650,bposd,363dbbe25c5091f9c41c5f79d383c415bc6a447daa00d35e45a6d7d40ccf4257,"{""A"":""x0y0+x1y0"",""B"":""x0y0+x0y1+x3y2"",""b"":""X"",""d"":7,""excl_opp_detectors"":""True"",""k"":4,""l"":8,""leak_heralds"":""False"",""leak_repump"":""True"",""leakage"":""True"",""loss"":""True"",""m"":3,""n"":48,""noise"":""rl_helios"",""p"":0.003,""prllel_1q"":16,""prllel_2q"":4,""r"":20,""repump_cycles"":3,""seq_meas"":""True"",""seq_ops"":""True"",""swapLRC"":""False""}",
        16,         1,         0,    3.75,bposd,14555660f0e1698bf981b2f3b692ea34d92f6c6a1ee8c83ab9230ef68cf27946,"{""A"":""x2y0+x8y1"",""B"":""x0y1+x4y1+x14y1"",""b"":""X"",""d"":8,""excl_opp_detectors"":""True"",""k"":4,""l"":15,""leak_heralds"":""False"",""leak_repump"":""True"",""leakage"":""True"",""loss"":""True"",""m"":2,""n"":60,""noise"":""rl_helios"",""p"":0.003,""prllel_1q"":16,""prllel_2q"":4,""r"":20,""repump_cycles"":3,""seq_meas"":""True"",""seq_ops"":""True"",""swapLRC"":""False""}",
         8,         0,         0,   0.840,bposd,d2e31a876ff9ab44086a0403902670ab7f3daf025f64a4ada3171d61ce3ff2f5,"{""A"":""x2y0+x8y1"",""B"":""x0y1+x4y1+x14y1"",""b"":""X"",""d"":8,""excl_opp_detectors"":""True"",""k"":4,""l"":15,""leak_heralds"":""False"",""leak_repump"":""True"",""leakage"":""True"",""loss"":""True"",""m"":2,""n"":60,""noise"":""rl_helios"",""p"":0.002,""prllel_1q"":16,""prllel_2q"":4,""r"":20,""repump_cycles"":3,""seq_meas"":""True"",""seq_ops"":""True"",""swapLRC"":""False""}",
         1,         0,         0,   0.009,bposd,d2e31a876ff9ab44086a0403902670ab7f3daf025f64a4ada3171d61ce3ff2f5,"{""A"":""x2y0+x8y1"",""B"":""x0y1+x4y1+x14y1"",""b"":""X"",""d"":8,""excl_opp_detectors"":""True"",""k"":4,""l"":15,""leak_heralds"":""False"",""leak_repump"":""True"",""leakage"":""True"",""loss"":""True"",""m"":2,""n"":60,""noise"":""rl_helios"",""p"":0.002,""prllel_1q"":16,""prllel_2q"":4,""r"":20,""repump_cycles"":3,""seq_meas"":""True"",""seq_ops"":""True"",""swapLRC"":""False""}",
        27,         0,         0,    5.63,bposd,d2e31a876ff9ab44086a0403902670ab7f3daf025f64a4ada3171d61ce3ff2f5,"{""A"":""x2y0+x8y1"",""B"":""x0y1+x4y1+x14y1"",""b"":""X"",""d"":8,""excl_opp_detectors"":""True"",""k"":4,""l"":15,""leak_heralds"":""False"",""leak_repump"":""True"",""leakage"":""True"",""loss"":""True"",""m"":2,""n"":60,""noise"":""rl_helios"",""p"":0.002,""prllel_1q"":16,""prllel_2q"":4,""r"":20,""repump_cycles"":3,""seq_meas"":""True"",""seq_ops"":""True"",""swapLRC"":""False""}",
        35,         0,         0,   0.853,bposd,d6466f1f2401ef78211b48d2724c0f28b872cf57bdff80ba7079cbc781acfd49,"{""A"":""x0y0+x1y0"",""B"":""x0y0+x0y1+x3y2"",""b"":""X"",""d"":7,""excl_opp_detectors"":""True"",""k"":4,""l"":8,""leak_heralds"":""False"",""leak_repump"":""True"",""leakage"":""True"",""loss"":""True"",""m"":3,""n"":48,""noise"":""rl_helios"",""p"":0.002,""prllel_1q"":16,""prllel_2q"":4,""r"":20,""repump_cycles"":3,""seq_meas"":""True"",""seq_ops"":""True"",""swapLRC"":""False""}",
         4,         0,         0,   0.680,bposd,363dbbe25c5091f9c41c5f79d383c415bc6a447daa00d35e45a6d7d40ccf4257,"{""A"":""x0y0+x1y0"",""B"":""x0y0+x0y1+x3y2"",""b"":""X"",""d"":7,""excl_opp_detectors"":""True"",""k"":4,""l"":8,""leak_heralds"":""False"",""leak_repump"":""True"",""leakage"":""True"",""loss"":""True"",""m"":3,""n"":48,""noise"":""rl_helios"",""p"":0.003,""prllel_1q"":16,""prllel_2q"":4,""r"":20,""repump_cycles"":3,""seq_meas"":""True"",""seq_ops"":""True"",""swapLRC"":""False""}",
        16,         0,         0,    2.15,bposd,363dbbe25c5091f9c41c5f79d383c415bc6a447daa00d35e45a6d7d40ccf4257,"{""A"":""x0y0+x1y0"",""B"":""x0y0+x0y1+x3y2"",""b"":""X"",""d"":7,""excl_opp_detectors"":""True"",""k"":4,""l"":8,""leak_heralds"":""False"",""leak_repump"":""True"",""leakage"":""True"",""loss"":""True"",""m"":3,""n"":48,""noise"":""rl_helios"",""p"":0.003,""prllel_1q"":16,""prllel_2q"":4,""r"":20,""repump_cycles"":3,""seq_meas"":""True"",""seq_ops"":""True"",""swapLRC"":""False""}",
       128,         1,         0,    13.4,bposd,d2e31a876ff9ab44086a0403902670ab7f3daf025f64a4ada3171d61ce3ff2f5,"{""A"":""x2y0+x8y1"",""B"":""x0y1+x4y1+x14y1"",""b"":""X"",""d"":8,""excl_opp_detectors"":""True"",""k"":4,""l"":15,""leak_heralds"":""False"",""leak_repump"":""True"",""leakage"":""True"",""loss"":""True"",""m"":2,""n"":60,""noise"":""rl_helios"",""p"":0.002,""prllel_1q"":16,""prllel_2q"":4,""r"":20,""repump_cycles"":3,""seq_meas"":""True"",""seq_ops"":""True"",""swapLRC"":""False""}",
         8,         0,         0,   0.644,bposd,363dbbe25c5091f9c41c5f79d383c415bc6a447daa00d35e45a6d7d40ccf4257,"{""A"":""x0y0+x1y0"",""B"":""x0y0+x0y1+x3y2"",""b"":""X"",""d"":7,""excl_opp_detectors"":""True"",""k"":4,""l"":8,""leak_heralds"":""False"",""leak_repump"":""True"",""leakage"":""True"",""loss"":""True"",""m"":3,""n"":48,""noise"":""rl_helios"",""p"":0.003,""prllel_1q"":16,""prllel_2q"":4,""r"":20,""repump_cycles"":3,""seq_meas"":""True"",""seq_ops"":""True"",""swapLRC"":""False""}",
        16,         1,         0,    4.22,bposd,14555660f0e1698bf981b2f3b692ea34d92f6c6a1ee8c83ab9230ef68cf27946,"{""A"":""x2y0+x8y1"",""B"":""x0y1+x4y1+x14y1"",""b"":""X"",""d"":8,""excl_opp_detectors"":""True"",""k"":4,""l"":15,""leak_heralds"":""False"",""leak_repump"":""True"",""leakage"":""True"",""loss"":""True"",""m"":2,""n"":60,""noise"":""rl_helios"",""p"":0.003,""prllel_1q"":16,""prllel_2q"":4,""r"":20,""repump_cycles"":3,""seq_meas"":""True"",""seq_ops"":""True"",""swapLRC"":""False""}",
        12,         0,         0,    1.81,bposd,d6466f1f2401ef78211b48d2724c0f28b872cf57bdff80ba7079cbc781acfd49,"{""A"":""x0y0+x1y0"",""B"":""x0y0+x0y1+x3y2"",""b"":""X"",""d"":7,""excl_opp_detectors"":""True"",""k"":4,""l"":8,""leak_heralds"":""False"",""leak_repump"":""True"",""leakage"":""True"",""loss"":""True"",""m"":3,""n"":48,""noise"":""rl_helios"",""p"":0.002,""prllel_1q"":16,""prllel_2q"":4,""r"":20,""repump_cycles"":3,""seq_meas"":""True"",""seq_ops"":""True"",""swapLRC"":""False""}",
       110,         1,         0,    10.5,bposd,d2e31a876ff9ab44086a0403902670ab7f3daf025f64a4ada3171d61ce3ff2f5,"{""A"":""x2y0+x8y1"",""B"":""x0y1+x4y1+x14y1"",""b"":""X"",""d"":8,""excl_opp_detectors"":""True"",""k"":4,""l"":15,""leak_heralds"":""False"",""leak_repump"":""True"",""leakage"":""True"",""loss"":""True"",""m"":2,""n"":60,""noise"":""rl_helios"",""p"":0.002,""prllel_1q"":16,""prllel_2q"":4,""r"":20,""repump_cycles"":3,""seq_meas"":""True"",""seq_ops"":""True"",""swapLRC"":""False""}",
         8,         0,         0,    2.06,bposd,363dbbe25c5091f9c41c5f79d383c415bc6a447daa00d35e45a6d7d40ccf4257,"{""A"":""x0y0+x1y0"",""B"":""x0y0+x0y1+x3y2"",""b"":""X"",""d"":7,""excl_opp_detectors"":""True"",""k"":4,""l"":8,""leak_heralds"":""False"",""leak_repump"":""True"",""leakage"":""True"",""loss"":""True"",""m"":3,""n"":48,""noise"":""rl_helios"",""p"":0.003,""prllel_1q"":16,""prllel_2q"":4,""r"":20,""repump_cycles"":3,""seq_meas"":""True"",""seq_ops"":""True"",""swapLRC"":""False""}",
        14,         0,         0,   0.933,bposd,d2e31a876ff9ab44086a0403902670ab7f3daf025f64a4ada3171d61ce3ff2f5,"{""A"":""x2y0+x8y1"",""B"":""x0y1+x4y1+x14y1"",""b"":""X"",""d"":8,""excl_opp_detectors"":""True"",""k"":4,""l"":15,""leak_heralds"":""False"",""leak_repump"":""True"",""leakage"":""True"",""loss"":""True"",""m"":2,""n"":60,""noise"":""rl_helios"",""p"":0.002,""prllel_1q"":16,""prllel_2q"":4,""r"":20,""repump_cycles"":3,""seq_meas"":""True"",""seq_ops"":""True"",""swapLRC"":""False""}",
         8,         1,         0,    3.52,bposd,14555660f0e1698bf981b2f3b692ea34d92f6c6a1ee8c83ab9230ef68cf27946,"{""A"":""x2y0+x8y1"",""B"":""x0y1+x4y1+x14y1"",""b"":""X"",""d"":8,""excl_opp_detectors"":""True"",""k"":4,""l"":15,""leak_heralds"":""False"",""leak_repump"":""True"",""leakage"":""True"",""loss"":""True"",""m"":2,""n"":60,""noise"":""rl_helios"",""p"":0.003,""prllel_1q"":16,""prllel_2q"":4,""r"":20,""repump_cycles"":3,""seq_meas"":""True"",""seq_ops"":""True"",""swapLRC"":""False""}",
         8,         1,         0,    2.74,bposd,363dbbe25c5091f9c41c5f79d383c415bc6a447daa00d35e45a6d7d40ccf4257,"{""A"":""x0y0+x1y0"",""B"":""x0y0+x0y1+x3y2"",""b"":""X"",""d"":7,""excl_opp_detectors"":""True"",""k"":4,""l"":8,""leak_heralds"":""False"",""leak_repump"":""True"",""leakage"":""True"",""loss"":""True"",""m"":3,""n"":48,""noise"":""rl_helios"",""p"":0.003,""prllel_1q"":16,""prllel_2q"":4,""r"":20,""repump_cycles"":3,""seq_meas"":""True"",""seq_ops"":""True"",""swapLRC"":""False""}",
        55,         0,         0,    8.46,bposd,d6466f1f2401ef78211b48d2724c0f28b872cf57bdff80ba7079cbc781acfd49,"{""A"":""x0y0+x1y0"",""B"":""x0y0+x0y1+x3y2"",""b"":""X"",""d"":7,""excl_opp_detectors"":""True"",""k"":4,""l"":8,""leak_heralds"":""False"",""leak_repump"":""True"",""leakage"":""True"",""loss"":""True"",""m"":3,""n"":48,""noise"":""rl_helios"",""p"":0.002,""prllel_1q"":16,""prllel_2q"":4,""r"":20,""repump_cycles"":3,""seq_meas"":""True"",""seq_ops"":""True"",""swapLRC"":""False""}",
         4,         0,         0,   0.153,bposd,14555660f0e1698bf981b2f3b692ea34d92f6c6a1ee8c83ab9230ef68cf27946,"{""A"":""x2y0+x8y1"",""B"":""x0y1+x4y1+x14y1"",""b"":""X"",""d"":8,""excl_opp_detectors"":""True"",""k"":4,""l"":15,""leak_heralds"":""False"",""leak_repump"":""True"",""leakage"":""True"",""loss"":""True"",""m"":2,""n"":60,""noise"":""rl_helios"",""p"":0.003,""prllel_1q"":16,""prllel_2q"":4,""r"":20,""repump_cycles"":3,""seq_meas"":""True"",""seq_ops"":""True"",""swapLRC"":""False""}",
       128,         2,         0,    17.1,bposd,d2e31a876ff9ab44086a0403902670ab7f3daf025f64a4ada3171d61ce3ff2f5,"{""A"":""x2y0+x8y1"",""B"":""x0y1+x4y1+x14y1"",""b"":""X"",""d"":8,""excl_opp_detectors"":""True"",""k"":4,""l"":15,""leak_heralds"":""False"",""leak_repump"":""True"",""leakage"":""True"",""loss"":""True"",""m"":2,""n"":60,""noise"":""rl_helios"",""p"":0.002,""prllel_1q"":16,""prllel_2q"":4,""r"":20,""repump_cycles"":3,""seq_meas"":""True"",""seq_ops"":""True"",""swapLRC"":""False""}",
        11,         0,         0,   0.028,bposd,d2e31a876ff9ab44086a0403902670ab7f3daf025f64a4ada3171d61ce3ff2f5,"{""A"":""x2y0+x8y1"",""B"":""x0y1+x4y1+x14y1"",""b"":""X"",""d"":8,""excl_opp_detectors"":""True"",""k"":4,""l"":15,""leak_heralds"":""False"",""leak_repump"":""True"",""leakage"":""True"",""loss"":""True"",""m"":2,""n"":60,""noise"":""rl_helios"",""p"":0.002,""prllel_1q"":16,""prllel_2q"":4,""r"":20,""repump_cycles"":3,""seq_meas"":""True"",""seq_ops"":""True"",""swapLRC"":""False""}",
         4,         0,         0,   0.971,bposd,363dbbe25c5091f9c41c5f79d383c415bc6a447daa00d35e45a6d7d40ccf4257,"{""A"":""x0y0+x1y0"",""B"":""x0y0+x0y1+x3y2"",""b"":""X"",""d"":7,""excl_opp_detectors"":""True"",""k"":4,""l"":8,""leak_heralds"":""False"",""leak_repump"":""True"",""leakage"":""True"",""loss"":""True"",""m"":3,""n"":48,""noise"":""rl_helios"",""p"":0.003,""prllel_1q"":16,""prllel_2q"":4,""r"":20,""repump_cycles"":3,""seq_meas"":""True"",""seq_ops"":""True"",""swapLRC"":""False""}",
        68,         2,         0,    12.9,bposd,363dbbe25c5091f9c41c5f79d383c415bc6a447daa00d35e45a6d7d40ccf4257,"{""A"":""x0y0+x1y0"",""B"":""x0y0+x0y1+x3y2"",""b"":""X"",""d"":7,""excl_opp_detectors"":""True"",""k"":4,""l"":8,""leak_heralds"":""False"",""leak_repump"":""True"",""leakage"":""True"",""loss"":""True"",""m"":3,""n"":48,""noise"":""rl_helios"",""p"":0.003,""prllel_1q"":16,""prllel_2q"":4,""r"":20,""repump_cycles"":3,""seq_meas"":""True"",""seq_ops"":""True"",""swapLRC"":""False""}",
        16,         1,         0,    3.61,bposd,14555660f0e1698bf981b2f3b692ea34d92f6c6a1ee8c83ab9230ef68cf27946,"{""A"":""x2y0+x8y1"",""B"":""x0y1+x4y1+x14y1"",""b"":""X"",""d"":8,""excl_opp_detectors"":""True"",""k"":4,""l"":15,""leak_heralds"":""False"",""leak_repump"":""True"",""leakage"":""True"",""loss"":""True"",""m"":2,""n"":60,""noise"":""rl_helios"",""p"":0.003,""prllel_1q"":16,""prllel_2q"":4,""r"":20,""repump_cycles"":3,""seq_meas"":""True"",""seq_ops"":""True"",""swapLRC"":""False""}",
         8,         0,         0,    3.10,bposd,14555660f0e1698bf981b2f3b692ea34d92f6c6a1ee8c83ab9230ef68cf27946,"{""A"":""x2y0+x8y1"",""B"":""x0y1+x4y1+x14y1"",""b"":""X"",""d"":8,""excl_opp_detectors"":""True"",""k"":4,""l"":15,""leak_heralds"":""False"",""leak_repump"":""True"",""leakage"":""True"",""loss"":""True"",""m"":2,""n"":60,""noise"":""rl_helios"",""p"":0.003,""prllel_1q"":16,""prllel_2q"":4,""r"":20,""repump_cycles"":3,""seq_meas"":""True"",""seq_ops"":""True"",""swapLRC"":""False""}",
        21,         0,         0,    2.62,bposd,363dbbe25c5091f9c41c5f79d383c415bc6a447daa00d35e45a6d7d40ccf4257,"{""A"":""x0y0+x1y0"",""B"":""x0y0+x0y1+x3y2"",""b"":""X"",""d"":7,""excl_opp_detectors"":""True"",""k"":4,""l"":8,""leak_heralds"":""False"",""leak_repump"":""True"",""leakage"":""True"",""loss"":""True"",""m"":3,""n"":48,""noise"":""rl_helios"",""p"":0.003,""prllel_1q"":16,""prllel_2q"":4,""r"":20,""repump_cycles"":3,""seq_meas"":""True"",""seq_ops"":""True"",""swapLRC"":""False""}",
         9,         0,         0,   0.925,bposd,d2e31a876ff9ab44086a0403902670ab7f3daf025f64a4ada3171d61ce3ff2f5,"{""A"":""x2y0+x8y1"",""B"":""x0y1+x4y1+x14y1"",""b"":""X"",""d"":8,""excl_opp_detectors"":""True"",""k"":4,""l"":15,""leak_heralds"":""False"",""leak_repump"":""True"",""leakage"":""True"",""loss"":""True"",""m"":2,""n"":60,""noise"":""rl_helios"",""p"":0.002,""prllel_1q"":16,""prllel_2q"":4,""r"":20,""repump_cycles"":3,""seq_meas"":""True"",""seq_ops"":""True"",""swapLRC"":""False""}",
        16,         0,         0,    6.25,bposd,14555660f0e1698bf981b2f3b692ea34d92f6c6a1ee8c83ab9230ef68cf27946,"{""A"":""x2y0+x8y1"",""B"":""x0y1+x4y1+x14y1"",""b"":""X"",""d"":8,""excl_opp_detectors"":""True"",""k"":4,""l"":15,""leak_heralds"":""False"",""leak_repump"":""True"",""leakage"":""True"",""loss"":""True"",""m"":2,""n"":60,""noise"":""rl_helios"",""p"":0.003,""prllel_1q"":16,""prllel_2q"":4,""r"":20,""repump_cycles"":3,""seq_meas"":""True"",""seq_ops"":""True"",""swapLRC"":""False""}",
         4,         0,         0,   0.854,bposd,363dbbe25c5091f9c41c5f79d383c415bc6a447daa00d35e45a6d7d40ccf4257,"{""A"":""x0y0+x1y0"",""B"":""x0y0+x0y1+x3y2"",""b"":""X"",""d"":7,""excl_opp_detectors"":""True"",""k"":4,""l"":8,""leak_heralds"":""False"",""leak_repump"":""True"",""leakage"":""True"",""loss"":""True"",""m"":3,""n"":48,""noise"":""rl_helios"",""p"":0.003,""prllel_1q"":16,""prllel_2q"":4,""r"":20,""repump_cycles"":3,""seq_meas"":""True"",""seq_ops"":""True"",""swapLRC"":""False""}",
         8,         1,         0,    1.94,bposd,14555660f0e1698bf981b2f3b692ea34d92f6c6a1ee8c83ab9230ef68cf27946,"{""A"":""x2y0+x8y1"",""B"":""x0y1+x4y1+x14y1"",""b"":""X"",""d"":8,""excl_opp_detectors"":""True"",""k"":4,""l"":15,""leak_heralds"":""False"",""leak_repump"":""True"",""leakage"":""True"",""loss"":""True"",""m"":2,""n"":60,""noise"":""rl_helios"",""p"":0.003,""prllel_1q"":16,""prllel_2q"":4,""r"":20,""repump_cycles"":3,""seq_meas"":""True"",""seq_ops"":""True"",""swapLRC"":""False""}",
         2,         0,         0,   0.216,bposd,363dbbe25c5091f9c41c5f79d383c415bc6a447daa00d35e45a6d7d40ccf4257,"{""A"":""x0y0+x1y0"",""B"":""x0y0+x0y1+x3y2"",""b"":""X"",""d"":7,""excl_opp_detectors"":""True"",""k"":4,""l"":8,""leak_heralds"":""False"",""leak_repump"":""True"",""leakage"":""True"",""loss"":""True"",""m"":3,""n"":48,""noise"":""rl_helios"",""p"":0.003,""prllel_1q"":16,""prllel_2q"":4,""r"":20,""repump_cycles"":3,""seq_meas"":""True"",""seq_ops"":""True"",""swapLRC"":""False""}",
         8,         0,         0,    1.01,bposd,14555660f0e1698bf981b2f3b692ea34d92f6c6a1ee8c83ab9230ef68cf27946,"{""A"":""x2y0+x8y1"",""B"":""x0y1+x4y1+x14y1"",""b"":""X"",""d"":8,""excl_opp_detectors"":""True"",""k"":4,""l"":15,""leak_heralds"":""False"",""leak_repump"":""True"",""leakage"":""True"",""loss"":""True"",""m"":2,""n"":60,""noise"":""rl_helios"",""p"":0.003,""prllel_1q"":16,""prllel_2q"":4,""r"":20,""repump_cycles"":3,""seq_meas"":""True"",""seq_ops"":""True"",""swapLRC"":""False""}",
        34,         3,         0,    11.0,bposd,14555660f0e1698bf981b2f3b692ea34d92f6c6a1ee8c83ab9230ef68cf27946,"{""A"":""x2y0+x8y1"",""B"":""x0y1+x4y1+x14y1"",""b"":""X"",""d"":8,""excl_opp_detectors"":""True"",""k"":4,""l"":15,""leak_heralds"":""False"",""leak_repump"":""True"",""leakage"":""True"",""loss"":""True"",""m"":2,""n"":60,""noise"":""rl_helios"",""p"":0.003,""prllel_1q"":16,""prllel_2q"":4,""r"":20,""repump_cycles"":3,""seq_meas"":""True"",""seq_ops"":""True"",""swapLRC"":""False""}",
         8,         0,         0,    3.16,bposd,363dbbe25c5091f9c41c5f79d383c415bc6a447daa00d35e45a6d7d40ccf4257,"{""A"":""x0y0+x1y0"",""B"":""x0y0+x0y1+x3y2"",""b"":""X"",""d"":7,""excl_opp_detectors"":""True"",""k"":4,""l"":8,""leak_heralds"":""False"",""leak_repump"":""True"",""leakage"":""True"",""loss"":""True"",""m"":3,""n"":48,""noise"":""rl_helios"",""p"":0.003,""prllel_1q"":16,""prllel_2q"":4,""r"":20,""repump_cycles"":3,""seq_meas"":""True"",""seq_ops"":""True"",""swapLRC"":""False""}",
         4,         0,         0,   0.009,bposd,363dbbe25c5091f9c41c5f79d383c415bc6a447daa00d35e45a6d7d40ccf4257,"{""A"":""x0y0+x1y0"",""B"":""x0y0+x0y1+x3y2"",""b"":""X"",""d"":7,""excl_opp_detectors"":""True"",""k"":4,""l"":8,""leak_heralds"":""False"",""leak_repump"":""True"",""leakage"":""True"",""loss"":""True"",""m"":3,""n"":48,""noise"":""rl_helios"",""p"":0.003,""prllel_1q"":16,""prllel_2q"":4,""r"":20,""repump_cycles"":3,""seq_meas"":""True"",""seq_ops"":""True"",""swapLRC"":""False""}",
         8,         0,         0,    3.20,bposd,14555660f0e1698bf981b2f3b692ea34d92f6c6a1ee8c83ab9230ef68cf27946,"{""A"":""x2y0+x8y1"",""B"":""x0y1+x4y1+x14y1"",""b"":""X"",""d"":8,""excl_opp_detectors"":""True"",""k"":4,""l"":15,""leak_heralds"":""False"",""leak_repump"":""True"",""leakage"":""True"",""loss"":""True"",""m"":2,""n"":60,""noise"":""rl_helios"",""p"":0.003,""prllel_1q"":16,""prllel_2q"":4,""r"":20,""repump_cycles"":3,""seq_meas"":""True"",""seq_ops"":""True"",""swapLRC"":""False""}",
         1,         0,         0,    1.04,bposd,14555660f0e1698bf981b2f3b692ea34d92f6c6a1ee8c83ab9230ef68cf27946,"{""A"":""x2y0+x8y1"",""B"":""x0y1+x4y1+x14y1"",""b"":""X"",""d"":8,""excl_opp_detectors"":""True"",""k"":4,""l"":15,""leak_heralds"":""False"",""leak_repump"":""True"",""leakage"":""True"",""loss"":""True"",""m"":2,""n"":60,""noise"":""rl_helios"",""p"":0.003,""prllel_1q"":16,""prllel_2q"":4,""r"":20,""repump_cycles"":3,""seq_meas"":""True"",""seq_ops"":""True"",""swapLRC"":""False""}",
         1,         0,         0,   0.920,bposd,14555660f0e1698bf981b2f3b692ea34d92f6c6a1ee8c83ab9230ef68cf27946,"{""A"":""x2y0+x8y1"",""B"":""x0y1+x4y1+x14y1"",""b"":""X"",""d"":8,""excl_opp_detectors"":""True"",""k"":4,""l"":15,""leak_heralds"":""False"",""leak_repump"":""True"",""leakage"":""True"",""loss"":""True"",""m"":2,""n"":60,""noise"":""rl_helios"",""p"":0.003,""prllel_1q"":16,""prllel_2q"":4,""r"":20,""repump_cycles"":3,""seq_meas"":""True"",""seq_ops"":""True"",""swapLRC"":""False""}",
         1,         0,         0,   0.149,bposd,14555660f0e1698bf981b2f3b692ea34d92f6c6a1ee8c83ab9230ef68cf27946,"{""A"":""x2y0+x8y1"",""B"":""x0y1+x4y1+x14y1"",""b"":""X"",""d"":8,""excl_opp_detectors"":""True"",""k"":4,""l"":15,""leak_heralds"":""False"",""leak_repump"":""True"",""leakage"":""True"",""loss"":""True"",""m"":2,""n"":60,""noise"":""rl_helios"",""p"":0.003,""prllel_1q"":16,""prllel_2q"":4,""r"":20,""repump_cycles"":3,""seq_meas"":""True"",""seq_ops"":""True"",""swapLRC"":""False""}",
        94,         0,         0,    12.5,bposd,d2e31a876ff9ab44086a0403902670ab7f3daf025f64a4ada3171d61ce3ff2f5,"{""A"":""x2y0+x8y1"",""B"":""x0y1+x4y1+x14y1"",""b"":""X"",""d"":8,""excl_opp_detectors"":""True"",""k"":4,""l"":15,""leak_heralds"":""False"",""leak_repump"":""True"",""leakage"":""True"",""loss"":""True"",""m"":2,""n"":60,""noise"":""rl_helios"",""p"":0.002,""prllel_1q"":16,""prllel_2q"":4,""r"":20,""repump_cycles"":3,""seq_meas"":""True"",""seq_ops"":""True"",""swapLRC"":""False""}",
         4,         0,         0,   0.792,bposd,14555660f0e1698bf981b2f3b692ea34d92f6c6a1ee8c83ab9230ef68cf27946,"{""A"":""x2y0+x8y1"",""B"":""x0y1+x4y1+x14y1"",""b"":""X"",""d"":8,""excl_opp_detectors"":""True"",""k"":4,""l"":15,""leak_heralds"":""False"",""leak_repump"":""True"",""leakage"":""True"",""loss"":""True"",""m"":2,""n"":60,""noise"":""rl_helios"",""p"":0.003,""prllel_1q"":16,""prllel_2q"":4,""r"":20,""repump_cycles"":3,""seq_meas"":""True"",""seq_ops"":""True"",""swapLRC"":""False""}",
         4,         0,         0,   0.898,bposd,14555660f0e1698bf981b2f3b692ea34d92f6c6a1ee8c83ab9230ef68cf27946,"{""A"":""x2y0+x8y1"",""B"":""x0y1+x4y1+x14y1"",""b"":""X"",""d"":8,""excl_opp_detectors"":""True"",""k"":4,""l"":15,""leak_heralds"":""False"",""leak_repump"":""True"",""leakage"":""True"",""loss"":""True"",""m"":2,""n"":60,""noise"":""rl_helios"",""p"":0.003,""prllel_1q"":16,""prllel_2q"":4,""r"":20,""repump_cycles"":3,""seq_meas"":""True"",""seq_ops"":""True"",""swapLRC"":""False""}",
        32,         0,         0,    7.00,bposd,363dbbe25c5091f9c41c5f79d383c415bc6a447daa00d35e45a6d7d40ccf4257,"{""A"":""x0y0+x1y0"",""B"":""x0y0+x0y1+x3y2"",""b"":""X"",""d"":7,""excl_opp_detectors"":""True"",""k"":4,""l"":8,""leak_heralds"":""False"",""leak_repump"":""True"",""leakage"":""True"",""loss"":""True"",""m"":3,""n"":48,""noise"":""rl_helios"",""p"":0.003,""prllel_1q"":16,""prllel_2q"":4,""r"":20,""repump_cycles"":3,""seq_meas"":""True"",""seq_ops"":""True"",""swapLRC"":""False""}",
         4,         0,         0,    1.62,bposd,14555660f0e1698bf981b2f3b692ea34d92f6c6a1ee8c83ab9230ef68cf27946,"{""A"":""x2y0+x8y1"",""B"":""x0y1+x4y1+x14y1"",""b"":""X"",""d"":8,""excl_opp_detectors"":""True"",""k"":4,""l"":15,""leak_heralds"":""False"",""leak_repump"":""True"",""leakage"":""True"",""loss"":""True"",""m"":2,""n"":60,""noise"":""rl_helios"",""p"":0.003,""prllel_1q"":16,""prllel_2q"":4,""r"":20,""repump_cycles"":3,""seq_meas"":""True"",""seq_ops"":""True"",""swapLRC"":""False""}",
        16,         0,         0,    1.74,bposd,14555660f0e1698bf981b2f3b692ea34d92f6c6a1ee8c83ab9230ef68cf27946,"{""A"":""x2y0+x8y1"",""B"":""x0y1+x4y1+x14y1"",""b"":""X"",""d"":8,""excl_opp_detectors"":""True"",""k"":4,""l"":15,""leak_heralds"":""False"",""leak_repump"":""True"",""leakage"":""True"",""loss"":""True"",""m"":2,""n"":60,""noise"":""rl_helios"",""p"":0.003,""prllel_1q"":16,""prllel_2q"":4,""r"":20,""repump_cycles"":3,""seq_meas"":""True"",""seq_ops"":""True"",""swapLRC"":""False""}",
         4,         0,         0,    1.20,bposd,14555660f0e1698bf981b2f3b692ea34d92f6c6a1ee8c83ab9230ef68cf27946,"{""A"":""x2y0+x8y1"",""B"":""x0y1+x4y1+x14y1"",""b"":""X"",""d"":8,""excl_opp_detectors"":""True"",""k"":4,""l"":15,""leak_heralds"":""False"",""leak_repump"":""True"",""leakage"":""True"",""loss"":""True"",""m"":2,""n"":60,""noise"":""rl_helios"",""p"":0.003,""prllel_1q"":16,""prllel_2q"":4,""r"":20,""repump_cycles"":3,""seq_meas"":""True"",""seq_ops"":""True"",""swapLRC"":""False""}",
        34,         1,         0,    9.74,bposd,14555660f0e1698bf981b2f3b692ea34d92f6c6a1ee8c83ab9230ef68cf27946,"{""A"":""x2y0+x8y1"",""B"":""x0y1+x4y1+x14y1"",""b"":""X"",""d"":8,""excl_opp_detectors"":""True"",""k"":4,""l"":15,""leak_heralds"":""False"",""leak_repump"":""True"",""leakage"":""True"",""loss"":""True"",""m"":2,""n"":60,""noise"":""rl_helios"",""p"":0.003,""prllel_1q"":16,""prllel_2q"":4,""r"":20,""repump_cycles"":3,""seq_meas"":""True"",""seq_ops"":""True"",""swapLRC"":""False""}",
         8,         1,         0,    2.05,bposd,14555660f0e1698bf981b2f3b692ea34d92f6c6a1ee8c83ab9230ef68cf27946,"{""A"":""x2y0+x8y1"",""B"":""x0y1+x4y1+x14y1"",""b"":""X"",""d"":8,""excl_opp_detectors"":""True"",""k"":4,""l"":15,""leak_heralds"":""False"",""leak_repump"":""True"",""leakage"":""True"",""loss"":""True"",""m"":2,""n"":60,""noise"":""rl_helios"",""p"":0.003,""prllel_1q"":16,""prllel_2q"":4,""r"":20,""repump_cycles"":3,""seq_meas"":""True"",""seq_ops"":""True"",""swapLRC"":""False""}",
        32,         0,         0,    3.18,bposd,363dbbe25c5091f9c41c5f79d383c415bc6a447daa00d35e45a6d7d40ccf4257,"{""A"":""x0y0+x1y0"",""B"":""x0y0+x0y1+x3y2"",""b"":""X"",""d"":7,""excl_opp_detectors"":""True"",""k"":4,""l"":8,""leak_heralds"":""False"",""leak_repump"":""True"",""leakage"":""True"",""loss"":""True"",""m"":3,""n"":48,""noise"":""rl_helios"",""p"":0.003,""prllel_1q"":16,""prllel_2q"":4,""r"":20,""repump_cycles"":3,""seq_meas"":""True"",""seq_ops"":""True"",""swapLRC"":""False""}",
         1,         0,         0,   0.009,bposd,363dbbe25c5091f9c41c5f79d383c415bc6a447daa00d35e45a6d7d40ccf4257,"{""A"":""x0y0+x1y0"",""B"":""x0y0+x0y1+x3y2"",""b"":""X"",""d"":7,""excl_opp_detectors"":""True"",""k"":4,""l"":8,""leak_heralds"":""False"",""leak_repump"":""True"",""leakage"":""True"",""loss"":""True"",""m"":3,""n"":48,""noise"":""rl_helios"",""p"":0.003,""prllel_1q"":16,""prllel_2q"":4,""r"":20,""repump_cycles"":3,""seq_meas"":""True"",""seq_ops"":""True"",""swapLRC"":""False""}",
         4,         0,         0,    1.04,bposd,14555660f0e1698bf981b2f3b692ea34d92f6c6a1ee8c83ab9230ef68cf27946,"{""A"":""x2y0+x8y1"",""B"":""x0y1+x4y1+x14y1"",""b"":""X"",""d"":8,""excl_opp_detectors"":""True"",""k"":4,""l"":15,""leak_heralds"":""False"",""leak_repump"":""True"",""leakage"":""True"",""loss"":""True"",""m"":2,""n"":60,""noise"":""rl_helios"",""p"":0.003,""prllel_1q"":16,""prllel_2q"":4,""r"":20,""repump_cycles"":3,""seq_meas"":""True"",""seq_ops"":""True"",""swapLRC"":""False""}",
         1,         0,         0,   0.298,bposd,14555660f0e1698bf981b2f3b692ea34d92f6c6a1ee8c83ab9230ef68cf27946,"{""A"":""x2y0+x8y1"",""B"":""x0y1+x4y1+x14y1"",""b"":""X"",""d"":8,""excl_opp_detectors"":""True"",""k"":4,""l"":15,""leak_heralds"":""False"",""leak_repump"":""True"",""leakage"":""True"",""loss"":""True"",""m"":2,""n"":60,""noise"":""rl_helios"",""p"":0.003,""prllel_1q"":16,""prllel_2q"":4,""r"":20,""repump_cycles"":3,""seq_meas"":""True"",""seq_ops"":""True"",""swapLRC"":""False""}",
         1,         0,         0,   0.030,bposd,14555660f0e1698bf981b2f3b692ea34d92f6c6a1ee8c83ab9230ef68cf27946,"{""A"":""x2y0+x8y1"",""B"":""x0y1+x4y1+x14y1"",""b"":""X"",""d"":8,""excl_opp_detectors"":""True"",""k"":4,""l"":15,""leak_heralds"":""False"",""leak_repump"":""True"",""leakage"":""True"",""loss"":""True"",""m"":2,""n"":60,""noise"":""rl_helios"",""p"":0.003,""prllel_1q"":16,""prllel_2q"":4,""r"":20,""repump_cycles"":3,""seq_meas"":""True"",""seq_ops"":""True"",""swapLRC"":""False""}",
         2,         1,         0,   0.069,bposd,14555660f0e1698bf981b2f3b692ea34d92f6c6a1ee8c83ab9230ef68cf27946,"{""A"":""x2y0+x8y1"",""B"":""x0y1+x4y1+x14y1"",""b"":""X"",""d"":8,""excl_opp_detectors"":""True"",""k"":4,""l"":15,""leak_heralds"":""False"",""leak_repump"":""True"",""leakage"":""True"",""loss"":""True"",""m"":2,""n"":60,""noise"":""rl_helios"",""p"":0.003,""prllel_1q"":16,""prllel_2q"":4,""r"":20,""repump_cycles"":3,""seq_meas"":""True"",""seq_ops"":""True"",""swapLRC"":""False""}",
         2,         0,         0,   0.995,bposd,14555660f0e1698bf981b2f3b692ea34d92f6c6a1ee8c83ab9230ef68cf27946,"{""A"":""x2y0+x8y1"",""B"":""x0y1+x4y1+x14y1"",""b"":""X"",""d"":8,""excl_opp_detectors"":""True"",""k"":4,""l"":15,""leak_heralds"":""False"",""leak_repump"":""True"",""leakage"":""True"",""loss"":""True"",""m"":2,""n"":60,""noise"":""rl_helios"",""p"":0.003,""prllel_1q"":16,""prllel_2q"":4,""r"":20,""repump_cycles"":3,""seq_meas"":""True"",""seq_ops"":""True"",""swapLRC"":""False""}",
        34,         3,         0,    11.0,bposd,14555660f0e1698bf981b2f3b692ea34d92f6c6a1ee8c83ab9230ef68cf27946,"{""A"":""x2y0+x8y1"",""B"":""x0y1+x4y1+x14y1"",""b"":""X"",""d"":8,""excl_opp_detectors"":""True"",""k"":4,""l"":15,""leak_heralds"":""False"",""leak_repump"":""True"",""leakage"":""True"",""loss"":""True"",""m"":2,""n"":60,""noise"":""rl_helios"",""p"":0.003,""prllel_1q"":16,""prllel_2q"":4,""r"":20,""repump_cycles"":3,""seq_meas"":""True"",""seq_ops"":""True"",""swapLRC"":""False""}",
         1,         0,         0,    1.01,bposd,14555660f0e1698bf981b2f3b692ea34d92f6c6a1ee8c83ab9230ef68cf27946,"{""A"":""x2y0+x8y1"",""B"":""x0y1+x4y1+x14y1"",""b"":""X"",""d"":8,""excl_opp_detectors"":""True"",""k"":4,""l"":15,""leak_heralds"":""False"",""leak_repump"":""True"",""leakage"":""True"",""loss"":""True"",""m"":2,""n"":60,""noise"":""rl_helios"",""p"":0.003,""prllel_1q"":16,""prllel_2q"":4,""r"":20,""repump_cycles"":3,""seq_meas"":""True"",""seq_ops"":""True"",""swapLRC"":""False""}",
         4,         0,         0,    1.00,bposd,14555660f0e1698bf981b2f3b692ea34d92f6c6a1ee8c83ab9230ef68cf27946,"{""A"":""x2y0+x8y1"",""B"":""x0y1+x4y1+x14y1"",""b"":""X"",""d"":8,""excl_opp_detectors"":""True"",""k"":4,""l"":15,""leak_heralds"":""False"",""leak_repump"":""True"",""leakage"":""True"",""loss"":""True"",""m"":2,""n"":60,""noise"":""rl_helios"",""p"":0.003,""prllel_1q"":16,""prllel_2q"":4,""r"":20,""repump_cycles"":3,""seq_meas"":""True"",""seq_ops"":""True"",""swapLRC"":""False""}",
        16,         0,         0,    1.63,bposd,363dbbe25c5091f9c41c5f79d383c415bc6a447daa00d35e45a6d7d40ccf4257,"{""A"":""x0y0+x1y0"",""B"":""x0y0+x0y1+x3y2"",""b"":""X"",""d"":7,""excl_opp_detectors"":""True"",""k"":4,""l"":8,""leak_heralds"":""False"",""leak_repump"":""True"",""leakage"":""True"",""loss"":""True"",""m"":3,""n"":48,""noise"":""rl_helios"",""p"":0.003,""prllel_1q"":16,""prllel_2q"":4,""r"":20,""repump_cycles"":3,""seq_meas"":""True"",""seq_ops"":""True"",""swapLRC"":""False""}",
         1,         0,         0,   0.832,bposd,14555660f0e1698bf981b2f3b692ea34d92f6c6a1ee8c83ab9230ef68cf27946,"{""A"":""x2y0+x8y1"",""B"":""x0y1+x4y1+x14y1"",""b"":""X"",""d"":8,""excl_opp_detectors"":""True"",""k"":4,""l"":15,""leak_heralds"":""False"",""leak_repump"":""True"",""leakage"":""True"",""loss"":""True"",""m"":2,""n"":60,""noise"":""rl_helios"",""p"":0.003,""prllel_1q"":16,""prllel_2q"":4,""r"":20,""repump_cycles"":3,""seq_meas"":""True"",""seq_ops"":""True"",""swapLRC"":""False""}",
         4,         0,         0,    1.01,bposd,14555660f0e1698bf981b2f3b692ea34d92f6c6a1ee8c83ab9230ef68cf27946,"{""A"":""x2y0+x8y1"",""B"":""x0y1+x4y1+x14y1"",""b"":""X"",""d"":8,""excl_opp_detectors"":""True"",""k"":4,""l"":15,""leak_heralds"":""False"",""leak_repump"":""True"",""leakage"":""True"",""loss"":""True"",""m"":2,""n"":60,""noise"":""rl_helios"",""p"":0.003,""prllel_1q"":16,""prllel_2q"":4,""r"":20,""repump_cycles"":3,""seq_meas"":""True"",""seq_ops"":""True"",""swapLRC"":""False""}",
         1,         0,         0,   0.946,bposd,14555660f0e1698bf981b2f3b692ea34d92f6c6a1ee8c83ab9230ef68cf27946,"{""A"":""x2y0+x8y1"",""B"":""x0y1+x4y1+x14y1"",""b"":""X"",""d"":8,""excl_opp_detectors"":""True"",""k"":4,""l"":15,""leak_heralds"":""False"",""leak_repump"":""True"",""leakage"":""True"",""loss"":""True"",""m"":2,""n"":60,""noise"":""rl_helios"",""p"":0.003,""prllel_1q"":16,""prllel_2q"":4,""r"":20,""repump_cycles"":3,""seq_meas"":""True"",""seq_ops"":""True"",""swapLRC"":""False""}",
         4,         0,         0,    1.76,bposd,14555660f0e1698bf981b2f3b692ea34d92f6c6a1ee8c83ab9230ef68cf27946,"{""A"":""x2y0+x8y1"",""B"":""x0y1+x4y1+x14y1"",""b"":""X"",""d"":8,""excl_opp_detectors"":""True"",""k"":4,""l"":15,""leak_heralds"":""False"",""leak_repump"":""True"",""leakage"":""True"",""loss"":""True"",""m"":2,""n"":60,""noise"":""rl_helios"",""p"":0.003,""prllel_1q"":16,""prllel_2q"":4,""r"":20,""repump_cycles"":3,""seq_meas"":""True"",""seq_ops"":""True"",""swapLRC"":""False""}",
         5,         0,         0,   0.684,bposd,363dbbe25c5091f9c41c5f79d383c415bc6a447daa00d35e45a6d7d40ccf4257,"{""A"":""x0y0+x1y0"",""B"":""x0y0+x0y1+x3y2"",""b"":""X"",""d"":7,""excl_opp_detectors"":""True"",""k"":4,""l"":8,""leak_heralds"":""False"",""leak_repump"":""True"",""leakage"":""True"",""loss"":""True"",""m"":3,""n"":48,""noise"":""rl_helios"",""p"":0.003,""prllel_1q"":16,""prllel_2q"":4,""r"":20,""repump_cycles"":3,""seq_meas"":""True"",""seq_ops"":""True"",""swapLRC"":""False""}",
         4,         0,         0,   0.776,bposd,14555660f0e1698bf981b2f3b692ea34d92f6c6a1ee8c83ab9230ef68cf27946,"{""A"":""x2y0+x8y1"",""B"":""x0y1+x4y1+x14y1"",""b"":""X"",""d"":8,""excl_opp_detectors"":""True"",""k"":4,""l"":15,""leak_heralds"":""False"",""leak_repump"":""True"",""leakage"":""True"",""loss"":""True"",""m"":2,""n"":60,""noise"":""rl_helios"",""p"":0.003,""prllel_1q"":16,""prllel_2q"":4,""r"":20,""repump_cycles"":3,""seq_meas"":""True"",""seq_ops"":""True"",""swapLRC"":""False""}",
         8,         1,         0,    4.28,bposd,14555660f0e1698bf981b2f3b692ea34d92f6c6a1ee8c83ab9230ef68cf27946,"{""A"":""x2y0+x8y1"",""B"":""x0y1+x4y1+x14y1"",""b"":""X"",""d"":8,""excl_opp_detectors"":""True"",""k"":4,""l"":15,""leak_heralds"":""False"",""leak_repump"":""True"",""leakage"":""True"",""loss"":""True"",""m"":2,""n"":60,""noise"":""rl_helios"",""p"":0.003,""prllel_1q"":16,""prllel_2q"":4,""r"":20,""repump_cycles"":3,""seq_meas"":""True"",""seq_ops"":""True"",""swapLRC"":""False""}",
        11,         1,         0,    2.42,bposd,363dbbe25c5091f9c41c5f79d383c415bc6a447daa00d35e45a6d7d40ccf4257,"{""A"":""x0y0+x1y0"",""B"":""x0y0+x0y1+x3y2"",""b"":""X"",""d"":7,""excl_opp_detectors"":""True"",""k"":4,""l"":8,""leak_heralds"":""False"",""leak_repump"":""True"",""leakage"":""True"",""loss"":""True"",""m"":3,""n"":48,""noise"":""rl_helios"",""p"":0.003,""prllel_1q"":16,""prllel_2q"":4,""r"":20,""repump_cycles"":3,""seq_meas"":""True"",""seq_ops"":""True"",""swapLRC"":""False""}",
         1,         0,         0,   0.824,bposd,14555660f0e1698bf981b2f3b692ea34d92f6c6a1ee8c83ab9230ef68cf27946,"{""A"":""x2y0+x8y1"",""B"":""x0y1+x4y1+x14y1"",""b"":""X"",""d"":8,""excl_opp_detectors"":""True"",""k"":4,""l"":15,""leak_heralds"":""False"",""leak_repump"":""True"",""leakage"":""True"",""loss"":""True"",""m"":2,""n"":60,""noise"":""rl_helios"",""p"":0.003,""prllel_1q"":16,""prllel_2q"":4,""r"":20,""repump_cycles"":3,""seq_meas"":""True"",""seq_ops"":""True"",""swapLRC"":""False""}",
        12,         0,         0,    1.90,bposd,363dbbe25c5091f9c41c5f79d383c415bc6a447daa00d35e45a6d7d40ccf4257,"{""A"":""x0y0+x1y0"",""B"":""x0y0+x0y1+x3y2"",""b"":""X"",""d"":7,""excl_opp_detectors"":""True"",""k"":4,""l"":8,""leak_heralds"":""False"",""leak_repump"":""True"",""leakage"":""True"",""loss"":""True"",""m"":3,""n"":48,""noise"":""rl_helios"",""p"":0.003,""prllel_1q"":16,""prllel_2q"":4,""r"":20,""repump_cycles"":3,""seq_meas"":""True"",""seq_ops"":""True"",""swapLRC"":""False""}",
        15,         0,         0,    3.79,bposd,14555660f0e1698bf981b2f3b692ea34d92f6c6a1ee8c83ab9230ef68cf27946,"{""A"":""x2y0+x8y1"",""B"":""x0y1+x4y1+x14y1"",""b"":""X"",""d"":8,""excl_opp_detectors"":""True"",""k"":4,""l"":15,""leak_heralds"":""False"",""leak_repump"":""True"",""leakage"":""True"",""loss"":""True"",""m"":2,""n"":60,""noise"":""rl_helios"",""p"":0.003,""prllel_1q"":16,""prllel_2q"":4,""r"":20,""repump_cycles"":3,""seq_meas"":""True"",""seq_ops"":""True"",""swapLRC"":""False""}",
         1,         0,         0,   0.818,bposd,14555660f0e1698bf981b2f3b692ea34d92f6c6a1ee8c83ab9230ef68cf27946,"{""A"":""x2y0+x8y1"",""B"":""x0y1+x4y1+x14y1"",""b"":""X"",""d"":8,""excl_opp_detectors"":""True"",""k"":4,""l"":15,""leak_heralds"":""False"",""leak_repump"":""True"",""leakage"":""True"",""loss"":""True"",""m"":2,""n"":60,""noise"":""rl_helios"",""p"":0.003,""prllel_1q"":16,""prllel_2q"":4,""r"":20,""repump_cycles"":3,""seq_meas"":""True"",""seq_ops"":""True"",""swapLRC"":""False""}",
         2,         0,         0,   0.640,bposd,14555660f0e1698bf981b2f3b692ea34d92f6c6a1ee8c83ab9230ef68cf27946,"{""A"":""x2y0+x8y1"",""B"":""x0y1+x4y1+x14y1"",""b"":""X"",""d"":8,""excl_opp_detectors"":""True"",""k"":4,""l"":15,""leak_heralds"":""False"",""leak_repump"":""True"",""leakage"":""True"",""loss"":""True"",""m"":2,""n"":60,""noise"":""rl_helios"",""p"":0.003,""prllel_1q"":16,""prllel_2q"":4,""r"":20,""repump_cycles"":3,""seq_meas"":""True"",""seq_ops"":""True"",""swapLRC"":""False""}",
         2,         0,         0,   0.134,bposd,14555660f0e1698bf981b2f3b692ea34d92f6c6a1ee8c83ab9230ef68cf27946,"{""A"":""x2y0+x8y1"",""B"":""x0y1+x4y1+x14y1"",""b"":""X"",""d"":8,""excl_opp_detectors"":""True"",""k"":4,""l"":15,""leak_heralds"":""False"",""leak_repump"":""True"",""leakage"":""True"",""loss"":""True"",""m"":2,""n"":60,""noise"":""rl_helios"",""p"":0.003,""prllel_1q"":16,""prllel_2q"":4,""r"":20,""repump_cycles"":3,""seq_meas"":""True"",""seq_ops"":""True"",""swapLRC"":""False""}",
         4,         1,         0,    1.01,bposd,14555660f0e1698bf981b2f3b692ea34d92f6c6a1ee8c83ab9230ef68cf27946,"{""A"":""x2y0+x8y1"",""B"":""x0y1+x4y1+x14y1"",""b"":""X"",""d"":8,""excl_opp_detectors"":""True"",""k"":4,""l"":15,""leak_heralds"":""False"",""leak_repump"":""True"",""leakage"":""True"",""loss"":""True"",""m"":2,""n"":60,""noise"":""rl_helios"",""p"":0.003,""prllel_1q"":16,""prllel_2q"":4,""r"":20,""repump_cycles"":3,""seq_meas"":""True"",""seq_ops"":""True"",""swapLRC"":""False""}",
        16,         0,         0,    1.80,bposd,14555660f0e1698bf981b2f3b692ea34d92f6c6a1ee8c83ab9230ef68cf27946,"{""A"":""x2y0+x8y1"",""B"":""x0y1+x4y1+x14y1"",""b"":""X"",""d"":8,""excl_opp_detectors"":""True"",""k"":4,""l"":15,""leak_heralds"":""False"",""leak_repump"":""True"",""leakage"":""True"",""loss"":""True"",""m"":2,""n"":60,""noise"":""rl_helios"",""p"":0.003,""prllel_1q"":16,""prllel_2q"":4,""r"":20,""repump_cycles"":3,""seq_meas"":""True"",""seq_ops"":""True"",""swapLRC"":""False""}",
        50,         2,         0,    7.10,bposd,363dbbe25c5091f9c41c5f79d383c415bc6a447daa00d35e45a6d7d40ccf4257,"{""A"":""x0y0+x1y0"",""B"":""x0y0+x0y1+x3y2"",""b"":""X"",""d"":7,""excl_opp_detectors"":""True"",""k"":4,""l"":8,""leak_heralds"":""False"",""leak_repump"":""True"",""leakage"":""True"",""loss"":""True"",""m"":3,""n"":48,""noise"":""rl_helios"",""p"":0.003,""prllel_1q"":16,""prllel_2q"":4,""r"":20,""repump_cycles"":3,""seq_meas"":""True"",""seq_ops"":""True"",""swapLRC"":""False""}",
        16,         0,         0,    1.72,bposd,14555660f0e1698bf981b2f3b692ea34d92f6c6a1ee8c83ab9230ef68cf27946,"{""A"":""x2y0+x8y1"",""B"":""x0y1+x4y1+x14y1"",""b"":""X"",""d"":8,""excl_opp_detectors"":""True"",""k"":4,""l"":15,""leak_heralds"":""False"",""leak_repump"":""True"",""leakage"":""True"",""loss"":""True"",""m"":2,""n"":60,""noise"":""rl_helios"",""p"":0.003,""prllel_1q"":16,""prllel_2q"":4,""r"":20,""repump_cycles"":3,""seq_meas"":""True"",""seq_ops"":""True"",""swapLRC"":""False""}",
        17,         0,         0,    1.25,bposd,14555660f0e1698bf981b2f3b692ea34d92f6c6a1ee8c83ab9230ef68cf27946,"{""A"":""x2y0+x8y1"",""B"":""x0y1+x4y1+x14y1"",""b"":""X"",""d"":8,""excl_opp_detectors"":""True"",""k"":4,""l"":15,""leak_heralds"":""False"",""leak_repump"":""True"",""leakage"":""True"",""loss"":""True"",""m"":2,""n"":60,""noise"":""rl_helios"",""p"":0.003,""prllel_1q"":16,""prllel_2q"":4,""r"":20,""repump_cycles"":3,""seq_meas"":""True"",""seq_ops"":""True"",""swapLRC"":""False""}",
         8,         2,         0,   0.899,bposd,14555660f0e1698bf981b2f3b692ea34d92f6c6a1ee8c83ab9230ef68cf27946,"{""A"":""x2y0+x8y1"",""B"":""x0y1+x4y1+x14y1"",""b"":""X"",""d"":8,""excl_opp_detectors"":""True"",""k"":4,""l"":15,""leak_heralds"":""False"",""leak_repump"":""True"",""leakage"":""True"",""loss"":""True"",""m"":2,""n"":60,""noise"":""rl_helios"",""p"":0.003,""prllel_1q"":16,""prllel_2q"":4,""r"":20,""repump_cycles"":3,""seq_meas"":""True"",""seq_ops"":""True"",""swapLRC"":""False""}",
         8,         4,         0,    3.60,bposd,14555660f0e1698bf981b2f3b692ea34d92f6c6a1ee8c83ab9230ef68cf27946,"{""A"":""x2y0+x8y1"",""B"":""x0y1+x4y1+x14y1"",""b"":""X"",""d"":8,""excl_opp_detectors"":""True"",""k"":4,""l"":15,""leak_heralds"":""False"",""leak_repump"":""True"",""leakage"":""True"",""loss"":""True"",""m"":2,""n"":60,""noise"":""rl_helios"",""p"":0.003,""prllel_1q"":16,""prllel_2q"":4,""r"":20,""repump_cycles"":3,""seq_meas"":""True"",""seq_ops"":""True"",""swapLRC"":""False""}",
         8,         1,         0,    3.31,bposd,14555660f0e1698bf981b2f3b692ea34d92f6c6a1ee8c83ab9230ef68cf27946,"{""A"":""x2y0+x8y1"",""B"":""x0y1+x4y1+x14y1"",""b"":""X"",""d"":8,""excl_opp_detectors"":""True"",""k"":4,""l"":15,""leak_heralds"":""False"",""leak_repump"":""True"",""leakage"":""True"",""loss"":""True"",""m"":2,""n"":60,""noise"":""rl_helios"",""p"":0.003,""prllel_1q"":16,""prllel_2q"":4,""r"":20,""repump_cycles"":3,""seq_meas"":""True"",""seq_ops"":""True"",""swapLRC"":""False""}",
         4,         0,         0,    1.73,bposd,14555660f0e1698bf981b2f3b692ea34d92f6c6a1ee8c83ab9230ef68cf27946,"{""A"":""x2y0+x8y1"",""B"":""x0y1+x4y1+x14y1"",""b"":""X"",""d"":8,""excl_opp_detectors"":""True"",""k"":4,""l"":15,""leak_heralds"":""False"",""leak_repump"":""True"",""leakage"":""True"",""loss"":""True"",""m"":2,""n"":60,""noise"":""rl_helios"",""p"":0.003,""prllel_1q"":16,""prllel_2q"":4,""r"":20,""repump_cycles"":3,""seq_meas"":""True"",""seq_ops"":""True"",""swapLRC"":""False""}",
        16,         1,         0,    3.69,bposd,14555660f0e1698bf981b2f3b692ea34d92f6c6a1ee8c83ab9230ef68cf27946,"{""A"":""x2y0+x8y1"",""B"":""x0y1+x4y1+x14y1"",""b"":""X"",""d"":8,""excl_opp_detectors"":""True"",""k"":4,""l"":15,""leak_heralds"":""False"",""leak_repump"":""True"",""leakage"":""True"",""loss"":""True"",""m"":2,""n"":60,""noise"":""rl_helios"",""p"":0.003,""prllel_1q"":16,""prllel_2q"":4,""r"":20,""repump_cycles"":3,""seq_meas"":""True"",""seq_ops"":""True"",""swapLRC"":""False""}",
        11,         0,         0,    3.14,bposd,14555660f0e1698bf981b2f3b692ea34d92f6c6a1ee8c83ab9230ef68cf27946,"{""A"":""x2y0+x8y1"",""B"":""x0y1+x4y1+x14y1"",""b"":""X"",""d"":8,""excl_opp_detectors"":""True"",""k"":4,""l"":15,""leak_heralds"":""False"",""leak_repump"":""True"",""leakage"":""True"",""loss"":""True"",""m"":2,""n"":60,""noise"":""rl_helios"",""p"":0.003,""prllel_1q"":16,""prllel_2q"":4,""r"":20,""repump_cycles"":3,""seq_meas"":""True"",""seq_ops"":""True"",""swapLRC"":""False""}",
       136,         7,         0,    21.7,bposd,363dbbe25c5091f9c41c5f79d383c415bc6a447daa00d35e45a6d7d40ccf4257,"{""A"":""x0y0+x1y0"",""B"":""x0y0+x0y1+x3y2"",""b"":""X"",""d"":7,""excl_opp_detectors"":""True"",""k"":4,""l"":8,""leak_heralds"":""False"",""leak_repump"":""True"",""leakage"":""True"",""loss"":""True"",""m"":3,""n"":48,""noise"":""rl_helios"",""p"":0.003,""prllel_1q"":16,""prllel_2q"":4,""r"":20,""repump_cycles"":3,""seq_meas"":""True"",""seq_ops"":""True"",""swapLRC"":""False""}",
         1,         0,         0,   0.825,bposd,14555660f0e1698bf981b2f3b692ea34d92f6c6a1ee8c83ab9230ef68cf27946,"{""A"":""x2y0+x8y1"",""B"":""x0y1+x4y1+x14y1"",""b"":""X"",""d"":8,""excl_opp_detectors"":""True"",""k"":4,""l"":15,""leak_heralds"":""False"",""leak_repump"":""True"",""leakage"":""True"",""loss"":""True"",""m"":2,""n"":60,""noise"":""rl_helios"",""p"":0.003,""prllel_1q"":16,""prllel_2q"":4,""r"":20,""repump_cycles"":3,""seq_meas"":""True"",""seq_ops"":""True"",""swapLRC"":""False""}",
         4,         0,         0,    1.85,bposd,14555660f0e1698bf981b2f3b692ea34d92f6c6a1ee8c83ab9230ef68cf27946,"{""A"":""x2y0+x8y1"",""B"":""x0y1+x4y1+x14y1"",""b"":""X"",""d"":8,""excl_opp_detectors"":""True"",""k"":4,""l"":15,""leak_heralds"":""False"",""leak_repump"":""True"",""leakage"":""True"",""loss"":""True"",""m"":2,""n"":60,""noise"":""rl_helios"",""p"":0.003,""prllel_1q"":16,""prllel_2q"":4,""r"":20,""repump_cycles"":3,""seq_meas"":""True"",""seq_ops"":""True"",""swapLRC"":""False""}",
        10,         0,         0,   0.821,bposd,14555660f0e1698bf981b2f3b692ea34d92f6c6a1ee8c83ab9230ef68cf27946,"{""A"":""x2y0+x8y1"",""B"":""x0y1+x4y1+x14y1"",""b"":""X"",""d"":8,""excl_opp_detectors"":""True"",""k"":4,""l"":15,""leak_heralds"":""False"",""leak_repump"":""True"",""leakage"":""True"",""loss"":""True"",""m"":2,""n"":60,""noise"":""rl_helios"",""p"":0.003,""prllel_1q"":16,""prllel_2q"":4,""r"":20,""repump_cycles"":3,""seq_meas"":""True"",""seq_ops"":""True"",""swapLRC"":""False""}",
        32,         4,         0,    7.59,bposd,363dbbe25c5091f9c41c5f79d383c415bc6a447daa00d35e45a6d7d40ccf4257,"{""A"":""x0y0+x1y0"",""B"":""x0y0+x0y1+x3y2"",""b"":""X"",""d"":7,""excl_opp_detectors"":""True"",""k"":4,""l"":8,""leak_heralds"":""False"",""leak_repump"":""True"",""leakage"":""True"",""loss"":""True"",""m"":3,""n"":48,""noise"":""rl_helios"",""p"":0.003,""prllel_1q"":16,""prllel_2q"":4,""r"":20,""repump_cycles"":3,""seq_meas"":""True"",""seq_ops"":""True"",""swapLRC"":""False""}",
         1,         0,         0,   0.008,bposd,363dbbe25c5091f9c41c5f79d383c415bc6a447daa00d35e45a6d7d40ccf4257,"{""A"":""x0y0+x1y0"",""B"":""x0y0+x0y1+x3y2"",""b"":""X"",""d"":7,""excl_opp_detectors"":""True"",""k"":4,""l"":8,""leak_heralds"":""False"",""leak_repump"":""True"",""leakage"":""True"",""loss"":""True"",""m"":3,""n"":48,""noise"":""rl_helios"",""p"":0.003,""prllel_1q"":16,""prllel_2q"":4,""r"":20,""repump_cycles"":3,""seq_meas"":""True"",""seq_ops"":""True"",""swapLRC"":""False""}",
        15,         2,         0,    4.58,bposd,363dbbe25c5091f9c41c5f79d383c415bc6a447daa00d35e45a6d7d40ccf4257,"{""A"":""x0y0+x1y0"",""B"":""x0y0+x0y1+x3y2"",""b"":""X"",""d"":7,""excl_opp_detectors"":""True"",""k"":4,""l"":8,""leak_heralds"":""False"",""leak_repump"":""True"",""leakage"":""True"",""loss"":""True"",""m"":3,""n"":48,""noise"":""rl_helios"",""p"":0.003,""prllel_1q"":16,""prllel_2q"":4,""r"":20,""repump_cycles"":3,""seq_meas"":""True"",""seq_ops"":""True"",""swapLRC"":""False""}",
        12,         0,         0,   0.654,bposd,363dbbe25c5091f9c41c5f79d383c415bc6a447daa00d35e45a6d7d40ccf4257,"{""A"":""x0y0+x1y0"",""B"":""x0y0+x0y1+x3y2"",""b"":""X"",""d"":7,""excl_opp_detectors"":""True"",""k"":4,""l"":8,""leak_heralds"":""False"",""leak_repump"":""True"",""leakage"":""True"",""loss"":""True"",""m"":3,""n"":48,""noise"":""rl_helios"",""p"":0.003,""prllel_1q"":16,""prllel_2q"":4,""r"":20,""repump_cycles"":3,""seq_meas"":""True"",""seq_ops"":""True"",""swapLRC"":""False""}",
         8,         0,         0,    1.10,bposd,14555660f0e1698bf981b2f3b692ea34d92f6c6a1ee8c83ab9230ef68cf27946,"{""A"":""x2y0+x8y1"",""B"":""x0y1+x4y1+x14y1"",""b"":""X"",""d"":8,""excl_opp_detectors"":""True"",""k"":4,""l"":15,""leak_heralds"":""False"",""leak_repump"":""True"",""leakage"":""True"",""loss"":""True"",""m"":2,""n"":60,""noise"":""rl_helios"",""p"":0.003,""prllel_1q"":16,""prllel_2q"":4,""r"":20,""repump_cycles"":3,""seq_meas"":""True"",""seq_ops"":""True"",""swapLRC"":""False""}",
         6,         0,         0,    1.14,bposd,14555660f0e1698bf981b2f3b692ea34d92f6c6a1ee8c83ab9230ef68cf27946,"{""A"":""x2y0+x8y1"",""B"":""x0y1+x4y1+x14y1"",""b"":""X"",""d"":8,""excl_opp_detectors"":""True"",""k"":4,""l"":15,""leak_heralds"":""False"",""leak_repump"":""True"",""leakage"":""True"",""loss"":""True"",""m"":2,""n"":60,""noise"":""rl_helios"",""p"":0.003,""prllel_1q"":16,""prllel_2q"":4,""r"":20,""repump_cycles"":3,""seq_meas"":""True"",""seq_ops"":""True"",""swapLRC"":""False""}",
         4,         1,         0,    3.05,bposd,14555660f0e1698bf981b2f3b692ea34d92f6c6a1ee8c83ab9230ef68cf27946,"{""A"":""x2y0+x8y1"",""B"":""x0y1+x4y1+x14y1"",""b"":""X"",""d"":8,""excl_opp_detectors"":""True"",""k"":4,""l"":15,""leak_heralds"":""False"",""leak_repump"":""True"",""leakage"":""True"",""loss"":""True"",""m"":2,""n"":60,""noise"":""rl_helios"",""p"":0.003,""prllel_1q"":16,""prllel_2q"":4,""r"":20,""repump_cycles"":3,""seq_meas"":""True"",""seq_ops"":""True"",""swapLRC"":""False""}",
         3,         0,         0,   0.819,bposd,363dbbe25c5091f9c41c5f79d383c415bc6a447daa00d35e45a6d7d40ccf4257,"{""A"":""x0y0+x1y0"",""B"":""x0y0+x0y1+x3y2"",""b"":""X"",""d"":7,""excl_opp_detectors"":""True"",""k"":4,""l"":8,""leak_heralds"":""False"",""leak_repump"":""True"",""leakage"":""True"",""loss"":""True"",""m"":3,""n"":48,""noise"":""rl_helios"",""p"":0.003,""prllel_1q"":16,""prllel_2q"":4,""r"":20,""repump_cycles"":3,""seq_meas"":""True"",""seq_ops"":""True"",""swapLRC"":""False""}",
        17,         2,         0,    3.99,bposd,14555660f0e1698bf981b2f3b692ea34d92f6c6a1ee8c83ab9230ef68cf27946,"{""A"":""x2y0+x8y1"",""B"":""x0y1+x4y1+x14y1"",""b"":""X"",""d"":8,""excl_opp_detectors"":""True"",""k"":4,""l"":15,""leak_heralds"":""False"",""leak_repump"":""True"",""leakage"":""True"",""loss"":""True"",""m"":2,""n"":60,""noise"":""rl_helios"",""p"":0.003,""prllel_1q"":16,""prllel_2q"":4,""r"":20,""repump_cycles"":3,""seq_meas"":""True"",""seq_ops"":""True"",""swapLRC"":""False""}",
        36,         1,         0,    6.78,bposd,363dbbe25c5091f9c41c5f79d383c415bc6a447daa00d35e45a6d7d40ccf4257,"{""A"":""x0y0+x1y0"",""B"":""x0y0+x0y1+x3y2"",""b"":""X"",""d"":7,""excl_opp_detectors"":""True"",""k"":4,""l"":8,""leak_heralds"":""False"",""leak_repump"":""True"",""leakage"":""True"",""loss"":""True"",""m"":3,""n"":48,""noise"":""rl_helios"",""p"":0.003,""prllel_1q"":16,""prllel_2q"":4,""r"":20,""repump_cycles"":3,""seq_meas"":""True"",""seq_ops"":""True"",""swapLRC"":""False""}",
         7,         0,         0,    1.89,bposd,14555660f0e1698bf981b2f3b692ea34d92f6c6a1ee8c83ab9230ef68cf27946,"{""A"":""x2y0+x8y1"",""B"":""x0y1+x4y1+x14y1"",""b"":""X"",""d"":8,""excl_opp_detectors"":""True"",""k"":4,""l"":15,""leak_heralds"":""False"",""leak_repump"":""True"",""leakage"":""True"",""loss"":""True"",""m"":2,""n"":60,""noise"":""rl_helios"",""p"":0.003,""prllel_1q"":16,""prllel_2q"":4,""r"":20,""repump_cycles"":3,""seq_meas"":""True"",""seq_ops"":""True"",""swapLRC"":""False""}",
         2,         0,         0,   0.930,bposd,14555660f0e1698bf981b2f3b692ea34d92f6c6a1ee8c83ab9230ef68cf27946,"{""A"":""x2y0+x8y1"",""B"":""x0y1+x4y1+x14y1"",""b"":""X"",""d"":8,""excl_opp_detectors"":""True"",""k"":4,""l"":15,""leak_heralds"":""False"",""leak_repump"":""True"",""leakage"":""True"",""loss"":""True"",""m"":2,""n"":60,""noise"":""rl_helios"",""p"":0.003,""prllel_1q"":16,""prllel_2q"":4,""r"":20,""repump_cycles"":3,""seq_meas"":""True"",""seq_ops"":""True"",""swapLRC"":""False""}",
         8,         0,         0,    1.57,bposd,14555660f0e1698bf981b2f3b692ea34d92f6c6a1ee8c83ab9230ef68cf27946,"{""A"":""x2y0+x8y1"",""B"":""x0y1+x4y1+x14y1"",""b"":""X"",""d"":8,""excl_opp_detectors"":""True"",""k"":4,""l"":15,""leak_heralds"":""False"",""leak_repump"":""True"",""leakage"":""True"",""loss"":""True"",""m"":2,""n"":60,""noise"":""rl_helios"",""p"":0.003,""prllel_1q"":16,""prllel_2q"":4,""r"":20,""repump_cycles"":3,""seq_meas"":""True"",""seq_ops"":""True"",""swapLRC"":""False""}",
         1,         0,         0,   0.755,bposd,363dbbe25c5091f9c41c5f79d383c415bc6a447daa00d35e45a6d7d40ccf4257,"{""A"":""x0y0+x1y0"",""B"":""x0y0+x0y1+x3y2"",""b"":""X"",""d"":7,""excl_opp_detectors"":""True"",""k"":4,""l"":8,""leak_heralds"":""False"",""leak_repump"":""True"",""leakage"":""True"",""loss"":""True"",""m"":3,""n"":48,""noise"":""rl_helios"",""p"":0.003,""prllel_1q"":16,""prllel_2q"":4,""r"":20,""repump_cycles"":3,""seq_meas"":""True"",""seq_ops"":""True"",""swapLRC"":""False""}",
         7,         0,         0,    1.36,bposd,14555660f0e1698bf981b2f3b692ea34d92f6c6a1ee8c83ab9230ef68cf27946,"{""A"":""x2y0+x8y1"",""B"":""x0y1+x4y1+x14y1"",""b"":""X"",""d"":8,""excl_opp_detectors"":""True"",""k"":4,""l"":15,""leak_heralds"":""False"",""leak_repump"":""True"",""leakage"":""True"",""loss"":""True"",""m"":2,""n"":60,""noise"":""rl_helios"",""p"":0.003,""prllel_1q"":16,""prllel_2q"":4,""r"":20,""repump_cycles"":3,""seq_meas"":""True"",""seq_ops"":""True"",""swapLRC"":""False""}",
        28,         0,         0,    4.55,bposd,14555660f0e1698bf981b2f3b692ea34d92f6c6a1ee8c83ab9230ef68cf27946,"{""A"":""x2y0+x8y1"",""B"":""x0y1+x4y1+x14y1"",""b"":""X"",""d"":8,""excl_opp_detectors"":""True"",""k"":4,""l"":15,""leak_heralds"":""False"",""leak_repump"":""True"",""leakage"":""True"",""loss"":""True"",""m"":2,""n"":60,""noise"":""rl_helios"",""p"":0.003,""prllel_1q"":16,""prllel_2q"":4,""r"":20,""repump_cycles"":3,""seq_meas"":""True"",""seq_ops"":""True"",""swapLRC"":""False""}",
         3,         0,         0,    1.67,bposd,14555660f0e1698bf981b2f3b692ea34d92f6c6a1ee8c83ab9230ef68cf27946,"{""A"":""x2y0+x8y1"",""B"":""x0y1+x4y1+x14y1"",""b"":""X"",""d"":8,""excl_opp_detectors"":""True"",""k"":4,""l"":15,""leak_heralds"":""False"",""leak_repump"":""True"",""leakage"":""True"",""loss"":""True"",""m"":2,""n"":60,""noise"":""rl_helios"",""p"":0.003,""prllel_1q"":16,""prllel_2q"":4,""r"":20,""repump_cycles"":3,""seq_meas"":""True"",""seq_ops"":""True"",""swapLRC"":""False""}",
        12,         0,         0,    1.51,bposd,363dbbe25c5091f9c41c5f79d383c415bc6a447daa00d35e45a6d7d40ccf4257,"{""A"":""x0y0+x1y0"",""B"":""x0y0+x0y1+x3y2"",""b"":""X"",""d"":7,""excl_opp_detectors"":""True"",""k"":4,""l"":8,""leak_heralds"":""False"",""leak_repump"":""True"",""leakage"":""True"",""loss"":""True"",""m"":3,""n"":48,""noise"":""rl_helios"",""p"":0.003,""prllel_1q"":16,""prllel_2q"":4,""r"":20,""repump_cycles"":3,""seq_meas"":""True"",""seq_ops"":""True"",""swapLRC"":""False""}",
         3,         1,         0,    1.90,bposd,14555660f0e1698bf981b2f3b692ea34d92f6c6a1ee8c83ab9230ef68cf27946,"{""A"":""x2y0+x8y1"",""B"":""x0y1+x4y1+x14y1"",""b"":""X"",""d"":8,""excl_opp_detectors"":""True"",""k"":4,""l"":15,""leak_heralds"":""False"",""leak_repump"":""True"",""leakage"":""True"",""loss"":""True"",""m"":2,""n"":60,""noise"":""rl_helios"",""p"":0.003,""prllel_1q"":16,""prllel_2q"":4,""r"":20,""repump_cycles"":3,""seq_meas"":""True"",""seq_ops"":""True"",""swapLRC"":""False""}",
         4,         1,         0,   0.853,bposd,14555660f0e1698bf981b2f3b692ea34d92f6c6a1ee8c83ab9230ef68cf27946,"{""A"":""x2y0+x8y1"",""B"":""x0y1+x4y1+x14y1"",""b"":""X"",""d"":8,""excl_opp_detectors"":""True"",""k"":4,""l"":15,""leak_heralds"":""False"",""leak_repump"":""True"",""leakage"":""True"",""loss"":""True"",""m"":2,""n"":60,""noise"":""rl_helios"",""p"":0.003,""prllel_1q"":16,""prllel_2q"":4,""r"":20,""repump_cycles"":3,""seq_meas"":""True"",""seq_ops"":""True"",""swapLRC"":""False""}",
         8,         1,         0,    1.03,bposd,14555660f0e1698bf981b2f3b692ea34d92f6c6a1ee8c83ab9230ef68cf27946,"{""A"":""x2y0+x8y1"",""B"":""x0y1+x4y1+x14y1"",""b"":""X"",""d"":8,""excl_opp_detectors"":""True"",""k"":4,""l"":15,""leak_heralds"":""False"",""leak_repump"":""True"",""leakage"":""True"",""loss"":""True"",""m"":2,""n"":60,""noise"":""rl_helios"",""p"":0.003,""prllel_1q"":16,""prllel_2q"":4,""r"":20,""repump_cycles"":3,""seq_meas"":""True"",""seq_ops"":""True"",""swapLRC"":""False""}",
         3,         0,         0,   0.815,bposd,363dbbe25c5091f9c41c5f79d383c415bc6a447daa00d35e45a6d7d40ccf4257,"{""A"":""x0y0+x1y0"",""B"":""x0y0+x0y1+x3y2"",""b"":""X"",""d"":7,""excl_opp_detectors"":""True"",""k"":4,""l"":8,""leak_heralds"":""False"",""leak_repump"":""True"",""leakage"":""True"",""loss"":""True"",""m"":3,""n"":48,""noise"":""rl_helios"",""p"":0.003,""prllel_1q"":16,""prllel_2q"":4,""r"":20,""repump_cycles"":3,""seq_meas"":""True"",""seq_ops"":""True"",""swapLRC"":""False""}",
         2,         0,         0,   0.956,bposd,14555660f0e1698bf981b2f3b692ea34d92f6c6a1ee8c83ab9230ef68cf27946,"{""A"":""x2y0+x8y1"",""B"":""x0y1+x4y1+x14y1"",""b"":""X"",""d"":8,""excl_opp_detectors"":""True"",""k"":4,""l"":15,""leak_heralds"":""False"",""leak_repump"":""True"",""leakage"":""True"",""loss"":""True"",""m"":2,""n"":60,""noise"":""rl_helios"",""p"":0.003,""prllel_1q"":16,""prllel_2q"":4,""r"":20,""repump_cycles"":3,""seq_meas"":""True"",""seq_ops"":""True"",""swapLRC"":""False""}",
         1,         0,         0,   0.013,bposd,14555660f0e1698bf981b2f3b692ea34d92f6c6a1ee8c83ab9230ef68cf27946,"{""A"":""x2y0+x8y1"",""B"":""x0y1+x4y1+x14y1"",""b"":""X"",""d"":8,""excl_opp_detectors"":""True"",""k"":4,""l"":15,""leak_heralds"":""False"",""leak_repump"":""True"",""leakage"":""True"",""loss"":""True"",""m"":2,""n"":60,""noise"":""rl_helios"",""p"":0.003,""prllel_1q"":16,""prllel_2q"":4,""r"":20,""repump_cycles"":3,""seq_meas"":""True"",""seq_ops"":""True"",""swapLRC"":""False""}",
         2,         0,         0,   0.248,bposd,14555660f0e1698bf981b2f3b692ea34d92f6c6a1ee8c83ab9230ef68cf27946,"{""A"":""x2y0+x8y1"",""B"":""x0y1+x4y1+x14y1"",""b"":""X"",""d"":8,""excl_opp_detectors"":""True"",""k"":4,""l"":15,""leak_heralds"":""False"",""leak_repump"":""True"",""leakage"":""True"",""loss"":""True"",""m"":2,""n"":60,""noise"":""rl_helios"",""p"":0.003,""prllel_1q"":16,""prllel_2q"":4,""r"":20,""repump_cycles"":3,""seq_meas"":""True"",""seq_ops"":""True"",""swapLRC"":""False""}",
         4,         1,         0,    1.03,bposd,14555660f0e1698bf981b2f3b692ea34d92f6c6a1ee8c83ab9230ef68cf27946,"{""A"":""x2y0+x8y1"",""B"":""x0y1+x4y1+x14y1"",""b"":""X"",""d"":8,""excl_opp_detectors"":""True"",""k"":4,""l"":15,""leak_heralds"":""False"",""leak_repump"":""True"",""leakage"":""True"",""loss"":""True"",""m"":2,""n"":60,""noise"":""rl_helios"",""p"":0.003,""prllel_1q"":16,""prllel_2q"":4,""r"":20,""repump_cycles"":3,""seq_meas"":""True"",""seq_ops"":""True"",""swapLRC"":""False""}",
         7,         0,         0,   0.924,bposd,14555660f0e1698bf981b2f3b692ea34d92f6c6a1ee8c83ab9230ef68cf27946,"{""A"":""x2y0+x8y1"",""B"":""x0y1+x4y1+x14y1"",""b"":""X"",""d"":8,""excl_opp_detectors"":""True"",""k"":4,""l"":15,""leak_heralds"":""False"",""leak_repump"":""True"",""leakage"":""True"",""loss"":""True"",""m"":2,""n"":60,""noise"":""rl_helios"",""p"":0.003,""prllel_1q"":16,""prllel_2q"":4,""r"":20,""repump_cycles"":3,""seq_meas"":""True"",""seq_ops"":""True"",""swapLRC"":""False""}",
        41,         3,         0,    8.16,bposd,363dbbe25c5091f9c41c5f79d383c415bc6a447daa00d35e45a6d7d40ccf4257,"{""A"":""x0y0+x1y0"",""B"":""x0y0+x0y1+x3y2"",""b"":""X"",""d"":7,""excl_opp_detectors"":""True"",""k"":4,""l"":8,""leak_heralds"":""False"",""leak_repump"":""True"",""leakage"":""True"",""loss"":""True"",""m"":3,""n"":48,""noise"":""rl_helios"",""p"":0.003,""prllel_1q"":16,""prllel_2q"":4,""r"":20,""repump_cycles"":3,""seq_meas"":""True"",""seq_ops"":""True"",""swapLRC"":""False""}",
         8,         0,         0,    2.17,bposd,363dbbe25c5091f9c41c5f79d383c415bc6a447daa00d35e45a6d7d40ccf4257,"{""A"":""x0y0+x1y0"",""B"":""x0y0+x0y1+x3y2"",""b"":""X"",""d"":7,""excl_opp_detectors"":""True"",""k"":4,""l"":8,""leak_heralds"":""False"",""leak_repump"":""True"",""leakage"":""True"",""loss"":""True"",""m"":3,""n"":48,""noise"":""rl_helios"",""p"":0.003,""prllel_1q"":16,""prllel_2q"":4,""r"":20,""repump_cycles"":3,""seq_meas"":""True"",""seq_ops"":""True"",""swapLRC"":""False""}",
         2,         0,         0,   0.009,bposd,363dbbe25c5091f9c41c5f79d383c415bc6a447daa00d35e45a6d7d40ccf4257,"{""A"":""x0y0+x1y0"",""B"":""x0y0+x0y1+x3y2"",""b"":""X"",""d"":7,""excl_opp_detectors"":""True"",""k"":4,""l"":8,""leak_heralds"":""False"",""leak_repump"":""True"",""leakage"":""True"",""loss"":""True"",""m"":3,""n"":48,""noise"":""rl_helios"",""p"":0.003,""prllel_1q"":16,""prllel_2q"":4,""r"":20,""repump_cycles"":3,""seq_meas"":""True"",""seq_ops"":""True"",""swapLRC"":""False""}",
         1,         0,         0,   0.009,bposd,363dbbe25c5091f9c41c5f79d383c415bc6a447daa00d35e45a6d7d40ccf4257,"{""A"":""x0y0+x1y0"",""B"":""x0y0+x0y1+x3y2"",""b"":""X"",""d"":7,""excl_opp_detectors"":""True"",""k"":4,""l"":8,""leak_heralds"":""False"",""leak_repump"":""True"",""leakage"":""True"",""loss"":""True"",""m"":3,""n"":48,""noise"":""rl_helios"",""p"":0.003,""prllel_1q"":16,""prllel_2q"":4,""r"":20,""repump_cycles"":3,""seq_meas"":""True"",""seq_ops"":""True"",""swapLRC"":""False""}",
         7,         0,         0,    3.73,bposd,14555660f0e1698bf981b2f3b692ea34d92f6c6a1ee8c83ab9230ef68cf27946,"{""A"":""x2y0+x8y1"",""B"":""x0y1+x4y1+x14y1"",""b"":""X"",""d"":8,""excl_opp_detectors"":""True"",""k"":4,""l"":15,""leak_heralds"":""False"",""leak_repump"":""True"",""leakage"":""True"",""loss"":""True"",""m"":2,""n"":60,""noise"":""rl_helios"",""p"":0.003,""prllel_1q"":16,""prllel_2q"":4,""r"":20,""repump_cycles"":3,""seq_meas"":""True"",""seq_ops"":""True"",""swapLRC"":""False""}",
         1,         0,         0,   0.013,bposd,14555660f0e1698bf981b2f3b692ea34d92f6c6a1ee8c83ab9230ef68cf27946,"{""A"":""x2y0+x8y1"",""B"":""x0y1+x4y1+x14y1"",""b"":""X"",""d"":8,""excl_opp_detectors"":""True"",""k"":4,""l"":15,""leak_heralds"":""False"",""leak_repump"":""True"",""leakage"":""True"",""loss"":""True"",""m"":2,""n"":60,""noise"":""rl_helios"",""p"":0.003,""prllel_1q"":16,""prllel_2q"":4,""r"":20,""repump_cycles"":3,""seq_meas"":""True"",""seq_ops"":""True"",""swapLRC"":""False""}",
         1,         1,         0,   0.656,bposd,363dbbe25c5091f9c41c5f79d383c415bc6a447daa00d35e45a6d7d40ccf4257,"{""A"":""x0y0+x1y0"",""B"":""x0y0+x0y1+x3y2"",""b"":""X"",""d"":7,""excl_opp_detectors"":""True"",""k"":4,""l"":8,""leak_heralds"":""False"",""leak_repump"":""True"",""leakage"":""True"",""loss"":""True"",""m"":3,""n"":48,""noise"":""rl_helios"",""p"":0.003,""prllel_1q"":16,""prllel_2q"":4,""r"":20,""repump_cycles"":3,""seq_meas"":""True"",""seq_ops"":""True"",""swapLRC"":""False""}",
         9,         1,         0,    2.70,bposd,363dbbe25c5091f9c41c5f79d383c415bc6a447daa00d35e45a6d7d40ccf4257,"{""A"":""x0y0+x1y0"",""B"":""x0y0+x0y1+x3y2"",""b"":""X"",""d"":7,""excl_opp_detectors"":""True"",""k"":4,""l"":8,""leak_heralds"":""False"",""leak_repump"":""True"",""leakage"":""True"",""loss"":""True"",""m"":3,""n"":48,""noise"":""rl_helios"",""p"":0.003,""prllel_1q"":16,""prllel_2q"":4,""r"":20,""repump_cycles"":3,""seq_meas"":""True"",""seq_ops"":""True"",""swapLRC"":""False""}",
         4,         1,         0,    1.66,bposd,14555660f0e1698bf981b2f3b692ea34d92f6c6a1ee8c83ab9230ef68cf27946,"{""A"":""x2y0+x8y1"",""B"":""x0y1+x4y1+x14y1"",""b"":""X"",""d"":8,""excl_opp_detectors"":""True"",""k"":4,""l"":15,""leak_heralds"":""False"",""leak_repump"":""True"",""leakage"":""True"",""loss"":""True"",""m"":2,""n"":60,""noise"":""rl_helios"",""p"":0.003,""prllel_1q"":16,""prllel_2q"":4,""r"":20,""repump_cycles"":3,""seq_meas"":""True"",""seq_ops"":""True"",""swapLRC"":""False""}",
         2,         0,         0,   0.012,bposd,14555660f0e1698bf981b2f3b692ea34d92f6c6a1ee8c83ab9230ef68cf27946,"{""A"":""x2y0+x8y1"",""B"":""x0y1+x4y1+x14y1"",""b"":""X"",""d"":8,""excl_opp_detectors"":""True"",""k"":4,""l"":15,""leak_heralds"":""False"",""leak_repump"":""True"",""leakage"":""True"",""loss"":""True"",""m"":2,""n"":60,""noise"":""rl_helios"",""p"":0.003,""prllel_1q"":16,""prllel_2q"":4,""r"":20,""repump_cycles"":3,""seq_meas"":""True"",""seq_ops"":""True"",""swapLRC"":""False""}",
         4,         0,         0,    1.64,bposd,14555660f0e1698bf981b2f3b692ea34d92f6c6a1ee8c83ab9230ef68cf27946,"{""A"":""x2y0+x8y1"",""B"":""x0y1+x4y1+x14y1"",""b"":""X"",""d"":8,""excl_opp_detectors"":""True"",""k"":4,""l"":15,""leak_heralds"":""False"",""leak_repump"":""True"",""leakage"":""True"",""loss"":""True"",""m"":2,""n"":60,""noise"":""rl_helios"",""p"":0.003,""prllel_1q"":16,""prllel_2q"":4,""r"":20,""repump_cycles"":3,""seq_meas"":""True"",""seq_ops"":""True"",""swapLRC"":""False""}",
        20,         2,         0,    6.13,bposd,14555660f0e1698bf981b2f3b692ea34d92f6c6a1ee8c83ab9230ef68cf27946,"{""A"":""x2y0+x8y1"",""B"":""x0y1+x4y1+x14y1"",""b"":""X"",""d"":8,""excl_opp_detectors"":""True"",""k"":4,""l"":15,""leak_heralds"":""False"",""leak_repump"":""True"",""leakage"":""True"",""loss"":""True"",""m"":2,""n"":60,""noise"":""rl_helios"",""p"":0.003,""prllel_1q"":16,""prllel_2q"":4,""r"":20,""repump_cycles"":3,""seq_meas"":""True"",""seq_ops"":""True"",""swapLRC"":""False""}",
        17,         0,         0,    6.39,bposd,14555660f0e1698bf981b2f3b692ea34d92f6c6a1ee8c83ab9230ef68cf27946,"{""A"":""x2y0+x8y1"",""B"":""x0y1+x4y1+x14y1"",""b"":""X"",""d"":8,""excl_opp_detectors"":""True"",""k"":4,""l"":15,""leak_heralds"":""False"",""leak_repump"":""True"",""leakage"":""True"",""loss"":""True"",""m"":2,""n"":60,""noise"":""rl_helios"",""p"":0.003,""prllel_1q"":16,""prllel_2q"":4,""r"":20,""repump_cycles"":3,""seq_meas"":""True"",""seq_ops"":""True"",""swapLRC"":""False""}",
         1,         0,         0,   0.028,bposd,14555660f0e1698bf981b2f3b692ea34d92f6c6a1ee8c83ab9230ef68cf27946,"{""A"":""x2y0+x8y1"",""B"":""x0y1+x4y1+x14y1"",""b"":""X"",""d"":8,""excl_opp_detectors"":""True"",""k"":4,""l"":15,""leak_heralds"":""False"",""leak_repump"":""True"",""leakage"":""True"",""loss"":""True"",""m"":2,""n"":60,""noise"":""rl_helios"",""p"":0.003,""prllel_1q"":16,""prllel_2q"":4,""r"":20,""repump_cycles"":3,""seq_meas"":""True"",""seq_ops"":""True"",""swapLRC"":""False""}",
         4,         0,         0,    3.36,bposd,14555660f0e1698bf981b2f3b692ea34d92f6c6a1ee8c83ab9230ef68cf27946,"{""A"":""x2y0+x8y1"",""B"":""x0y1+x4y1+x14y1"",""b"":""X"",""d"":8,""excl_opp_detectors"":""True"",""k"":4,""l"":15,""leak_heralds"":""False"",""leak_repump"":""True"",""leakage"":""True"",""loss"":""True"",""m"":2,""n"":60,""noise"":""rl_helios"",""p"":0.003,""prllel_1q"":16,""prllel_2q"":4,""r"":20,""repump_cycles"":3,""seq_meas"":""True"",""seq_ops"":""True"",""swapLRC"":""False""}",
         1,         0,         0,   0.015,bposd,14555660f0e1698bf981b2f3b692ea34d92f6c6a1ee8c83ab9230ef68cf27946,"{""A"":""x2y0+x8y1"",""B"":""x0y1+x4y1+x14y1"",""b"":""X"",""d"":8,""excl_opp_detectors"":""True"",""k"":4,""l"":15,""leak_heralds"":""False"",""leak_repump"":""True"",""leakage"":""True"",""loss"":""True"",""m"":2,""n"":60,""noise"":""rl_helios"",""p"":0.003,""prllel_1q"":16,""prllel_2q"":4,""r"":20,""repump_cycles"":3,""seq_meas"":""True"",""seq_ops"":""True"",""swapLRC"":""False""}",
         2,         0,         0,    1.77,bposd,14555660f0e1698bf981b2f3b692ea34d92f6c6a1ee8c83ab9230ef68cf27946,"{""A"":""x2y0+x8y1"",""B"":""x0y1+x4y1+x14y1"",""b"":""X"",""d"":8,""excl_opp_detectors"":""True"",""k"":4,""l"":15,""leak_heralds"":""False"",""leak_repump"":""True"",""leakage"":""True"",""loss"":""True"",""m"":2,""n"":60,""noise"":""rl_helios"",""p"":0.003,""prllel_1q"":16,""prllel_2q"":4,""r"":20,""repump_cycles"":3,""seq_meas"":""True"",""seq_ops"":""True"",""swapLRC"":""False""}",
        10,         0,         0,    4.40,bposd,14555660f0e1698bf981b2f3b692ea34d92f6c6a1ee8c83ab9230ef68cf27946,"{""A"":""x2y0+x8y1"",""B"":""x0y1+x4y1+x14y1"",""b"":""X"",""d"":8,""excl_opp_detectors"":""True"",""k"":4,""l"":15,""leak_heralds"":""False"",""leak_repump"":""True"",""leakage"":""True"",""loss"":""True"",""m"":2,""n"":60,""noise"":""rl_helios"",""p"":0.003,""prllel_1q"":16,""prllel_2q"":4,""r"":20,""repump_cycles"":3,""seq_meas"":""True"",""seq_ops"":""True"",""swapLRC"":""False""}",
        53,         3,         0,    12.8,bposd,14555660f0e1698bf981b2f3b692ea34d92f6c6a1ee8c83ab9230ef68cf27946,"{""A"":""x2y0+x8y1"",""B"":""x0y1+x4y1+x14y1"",""b"":""X"",""d"":8,""excl_opp_detectors"":""True"",""k"":4,""l"":15,""leak_heralds"":""False"",""leak_repump"":""True"",""leakage"":""True"",""loss"":""True"",""m"":2,""n"":60,""noise"":""rl_helios"",""p"":0.003,""prllel_1q"":16,""prllel_2q"":4,""r"":20,""repump_cycles"":3,""seq_meas"":""True"",""seq_ops"":""True"",""swapLRC"":""False""}",
         2,         0,         0,    1.07,bposd,14555660f0e1698bf981b2f3b692ea34d92f6c6a1ee8c83ab9230ef68cf27946,"{""A"":""x2y0+x8y1"",""B"":""x0y1+x4y1+x14y1"",""b"":""X"",""d"":8,""excl_opp_detectors"":""True"",""k"":4,""l"":15,""leak_heralds"":""False"",""leak_repump"":""True"",""leakage"":""True"",""loss"":""True"",""m"":2,""n"":60,""noise"":""rl_helios"",""p"":0.003,""prllel_1q"":16,""prllel_2q"":4,""r"":20,""repump_cycles"":3,""seq_meas"":""True"",""seq_ops"":""True"",""swapLRC"":""False""}",
         5,         0,         0,    1.80,bposd,14555660f0e1698bf981b2f3b692ea34d92f6c6a1ee8c83ab9230ef68cf27946,"{""A"":""x2y0+x8y1"",""B"":""x0y1+x4y1+x14y1"",""b"":""X"",""d"":8,""excl_opp_detectors"":""True"",""k"":4,""l"":15,""leak_heralds"":""False"",""leak_repump"":""True"",""leakage"":""True"",""loss"":""True"",""m"":2,""n"":60,""noise"":""rl_helios"",""p"":0.003,""prllel_1q"":16,""prllel_2q"":4,""r"":20,""repump_cycles"":3,""seq_meas"":""True"",""seq_ops"":""True"",""swapLRC"":""False""}",
         1,         0,         0,   0.007,bposd,6d1ddacfb3af8946e01e6fa1f4a73feb1ff89b1e055e733a9f2c9e62f953590b,"{""A"":""x0y0+x1y0"",""B"":""x0y0+x0y1+x3y2"",""b"":""X"",""d"":7,""excl_opp_detectors"":""True"",""k"":4,""l"":8,""leak_heralds"":""False"",""leak_repump"":""True"",""leakage"":""True"",""loss"":""True"",""m"":3,""n"":48,""noise"":""rl_helios"",""p"":0.001,""prllel_1q"":16,""prllel_2q"":4,""r"":20,""repump_cycles"":3,""seq_meas"":""True"",""seq_ops"":""True"",""swapLRC"":""False""}",
        16,         0,         0,   0.018,bposd,6d1ddacfb3af8946e01e6fa1f4a73feb1ff89b1e055e733a9f2c9e62f953590b,"{""A"":""x0y0+x1y0"",""B"":""x0y0+x0y1+x3y2"",""b"":""X"",""d"":7,""excl_opp_detectors"":""True"",""k"":4,""l"":8,""leak_heralds"":""False"",""leak_repump"":""True"",""leakage"":""True"",""loss"":""True"",""m"":3,""n"":48,""noise"":""rl_helios"",""p"":0.001,""prllel_1q"":16,""prllel_2q"":4,""r"":20,""repump_cycles"":3,""seq_meas"":""True"",""seq_ops"":""True"",""swapLRC"":""False""}",
         1,         0,         0,   0.007,bposd,d6466f1f2401ef78211b48d2724c0f28b872cf57bdff80ba7079cbc781acfd49,"{""A"":""x0y0+x1y0"",""B"":""x0y0+x0y1+x3y2"",""b"":""X"",""d"":7,""excl_opp_detectors"":""True"",""k"":4,""l"":8,""leak_heralds"":""False"",""leak_repump"":""True"",""leakage"":""True"",""loss"":""True"",""m"":3,""n"":48,""noise"":""rl_helios"",""p"":0.002,""prllel_1q"":16,""prllel_2q"":4,""r"":20,""repump_cycles"":3,""seq_meas"":""True"",""seq_ops"":""True"",""swapLRC"":""False""}",
         1,         0,         0,   0.007,bposd,d6466f1f2401ef78211b48d2724c0f28b872cf57bdff80ba7079cbc781acfd49,"{""A"":""x0y0+x1y0"",""B"":""x0y0+x0y1+x3y2"",""b"":""X"",""d"":7,""excl_opp_detectors"":""True"",""k"":4,""l"":8,""leak_heralds"":""False"",""leak_repump"":""True"",""leakage"":""True"",""loss"":""True"",""m"":3,""n"":48,""noise"":""rl_helios"",""p"":0.002,""prllel_1q"":16,""prllel_2q"":4,""r"":20,""repump_cycles"":3,""seq_meas"":""True"",""seq_ops"":""True"",""swapLRC"":""False""}",
         1,         0,         0,   0.007,bposd,6d1ddacfb3af8946e01e6fa1f4a73feb1ff89b1e055e733a9f2c9e62f953590b,"{""A"":""x0y0+x1y0"",""B"":""x0y0+x0y1+x3y2"",""b"":""X"",""d"":7,""excl_opp_detectors"":""True"",""k"":4,""l"":8,""leak_heralds"":""False"",""leak_repump"":""True"",""leakage"":""True"",""loss"":""True"",""m"":3,""n"":48,""noise"":""rl_helios"",""p"":0.001,""prllel_1q"":16,""prllel_2q"":4,""r"":20,""repump_cycles"":3,""seq_meas"":""True"",""seq_ops"":""True"",""swapLRC"":""False""}",
        16,         0,         0,   0.021,bposd,d6466f1f2401ef78211b48d2724c0f28b872cf57bdff80ba7079cbc781acfd49,"{""A"":""x0y0+x1y0"",""B"":""x0y0+x0y1+x3y2"",""b"":""X"",""d"":7,""excl_opp_detectors"":""True"",""k"":4,""l"":8,""leak_heralds"":""False"",""leak_repump"":""True"",""leakage"":""True"",""loss"":""True"",""m"":3,""n"":48,""noise"":""rl_helios"",""p"":0.002,""prllel_1q"":16,""prllel_2q"":4,""r"":20,""repump_cycles"":3,""seq_meas"":""True"",""seq_ops"":""True"",""swapLRC"":""False""}",
        16,         0,         0,   0.121,bposd,6d1ddacfb3af8946e01e6fa1f4a73feb1ff89b1e055e733a9f2c9e62f953590b,"{""A"":""x0y0+x1y0"",""B"":""x0y0+x0y1+x3y2"",""b"":""X"",""d"":7,""excl_opp_detectors"":""True"",""k"":4,""l"":8,""leak_heralds"":""False"",""leak_repump"":""True"",""leakage"":""True"",""loss"":""True"",""m"":3,""n"":48,""noise"":""rl_helios"",""p"":0.001,""prllel_1q"":16,""prllel_2q"":4,""r"":20,""repump_cycles"":3,""seq_meas"":""True"",""seq_ops"":""True"",""swapLRC"":""False""}",
         1,         0,         0,   0.018,bposd,6d1ddacfb3af8946e01e6fa1f4a73feb1ff89b1e055e733a9f2c9e62f953590b,"{""A"":""x0y0+x1y0"",""B"":""x0y0+x0y1+x3y2"",""b"":""X"",""d"":7,""excl_opp_detectors"":""True"",""k"":4,""l"":8,""leak_heralds"":""False"",""leak_repump"":""True"",""leakage"":""True"",""loss"":""True"",""m"":3,""n"":48,""noise"":""rl_helios"",""p"":0.001,""prllel_1q"":16,""prllel_2q"":4,""r"":20,""repump_cycles"":3,""seq_meas"":""True"",""seq_ops"":""True"",""swapLRC"":""False""}",
         1,         0,         0,   0.009,bposd,fc034e74c25f52c7dca5bec3ced3fbedd720fbeb24afc199749aab9c2019f874,"{""A"":""x2y0+x8y1"",""B"":""x0y1+x4y1+x14y1"",""b"":""X"",""d"":8,""excl_opp_detectors"":""True"",""k"":4,""l"":15,""leak_heralds"":""False"",""leak_repump"":""True"",""leakage"":""True"",""loss"":""True"",""m"":2,""n"":60,""noise"":""rl_helios"",""p"":0.001,""prllel_1q"":16,""prllel_2q"":4,""r"":20,""repump_cycles"":3,""seq_meas"":""True"",""seq_ops"":""True"",""swapLRC"":""False""}",
         1,         0,         0,   0.008,bposd,363dbbe25c5091f9c41c5f79d383c415bc6a447daa00d35e45a6d7d40ccf4257,"{""A"":""x0y0+x1y0"",""B"":""x0y0+x0y1+x3y2"",""b"":""X"",""d"":7,""excl_opp_detectors"":""True"",""k"":4,""l"":8,""leak_heralds"":""False"",""leak_repump"":""True"",""leakage"":""True"",""loss"":""True"",""m"":3,""n"":48,""noise"":""rl_helios"",""p"":0.003,""prllel_1q"":16,""prllel_2q"":4,""r"":20,""repump_cycles"":3,""seq_meas"":""True"",""seq_ops"":""True"",""swapLRC"":""False""}",
         1,         0,         0,   0.010,bposd,d2e31a876ff9ab44086a0403902670ab7f3daf025f64a4ada3171d61ce3ff2f5,"{""A"":""x2y0+x8y1"",""B"":""x0y1+x4y1+x14y1"",""b"":""X"",""d"":8,""excl_opp_detectors"":""True"",""k"":4,""l"":15,""leak_heralds"":""False"",""leak_repump"":""True"",""leakage"":""True"",""loss"":""True"",""m"":2,""n"":60,""noise"":""rl_helios"",""p"":0.002,""prllel_1q"":16,""prllel_2q"":4,""r"":20,""repump_cycles"":3,""seq_meas"":""True"",""seq_ops"":""True"",""swapLRC"":""False""}",
         1,         0,         0,   0.027,bposd,14555660f0e1698bf981b2f3b692ea34d92f6c6a1ee8c83ab9230ef68cf27946,"{""A"":""x2y0+x8y1"",""B"":""x0y1+x4y1+x14y1"",""b"":""X"",""d"":8,""excl_opp_detectors"":""True"",""k"":4,""l"":15,""leak_heralds"":""False"",""leak_repump"":""True"",""leakage"":""True"",""loss"":""True"",""m"":2,""n"":60,""noise"":""rl_helios"",""p"":0.003,""prllel_1q"":16,""prllel_2q"":4,""r"":20,""repump_cycles"":3,""seq_meas"":""True"",""seq_ops"":""True"",""swapLRC"":""False""}",
         1,         0,         0,   0.017,bposd,fc034e74c25f52c7dca5bec3ced3fbedd720fbeb24afc199749aab9c2019f874,"{""A"":""x2y0+x8y1"",""B"":""x0y1+x4y1+x14y1"",""b"":""X"",""d"":8,""excl_opp_detectors"":""True"",""k"":4,""l"":15,""leak_heralds"":""False"",""leak_repump"":""True"",""leakage"":""True"",""loss"":""True"",""m"":2,""n"":60,""noise"":""rl_helios"",""p"":0.001,""prllel_1q"":16,""prllel_2q"":4,""r"":20,""repump_cycles"":3,""seq_meas"":""True"",""seq_ops"":""True"",""swapLRC"":""False""}",
         1,         0,         0,   0.008,bposd,363dbbe25c5091f9c41c5f79d383c415bc6a447daa00d35e45a6d7d40ccf4257,"{""A"":""x0y0+x1y0"",""B"":""x0y0+x0y1+x3y2"",""b"":""X"",""d"":7,""excl_opp_detectors"":""True"",""k"":4,""l"":8,""leak_heralds"":""False"",""leak_repump"":""True"",""leakage"":""True"",""loss"":""True"",""m"":3,""n"":48,""noise"":""rl_helios"",""p"":0.003,""prllel_1q"":16,""prllel_2q"":4,""r"":20,""repump_cycles"":3,""seq_meas"":""True"",""seq_ops"":""True"",""swapLRC"":""False""}",
         1,         0,         0,   0.007,bposd,363dbbe25c5091f9c41c5f79d383c415bc6a447daa00d35e45a6d7d40ccf4257,"{""A"":""x0y0+x1y0"",""B"":""x0y0+x0y1+x3y2"",""b"":""X"",""d"":7,""excl_opp_detectors"":""True"",""k"":4,""l"":8,""leak_heralds"":""False"",""leak_repump"":""True"",""leakage"":""True"",""loss"":""True"",""m"":3,""n"":48,""noise"":""rl_helios"",""p"":0.003,""prllel_1q"":16,""prllel_2q"":4,""r"":20,""repump_cycles"":3,""seq_meas"":""True"",""seq_ops"":""True"",""swapLRC"":""False""}",
         1,         0,         0,   0.010,bposd,14555660f0e1698bf981b2f3b692ea34d92f6c6a1ee8c83ab9230ef68cf27946,"{""A"":""x2y0+x8y1"",""B"":""x0y1+x4y1+x14y1"",""b"":""X"",""d"":8,""excl_opp_detectors"":""True"",""k"":4,""l"":15,""leak_heralds"":""False"",""leak_repump"":""True"",""leakage"":""True"",""loss"":""True"",""m"":2,""n"":60,""noise"":""rl_helios"",""p"":0.003,""prllel_1q"":16,""prllel_2q"":4,""r"":20,""repump_cycles"":3,""seq_meas"":""True"",""seq_ops"":""True"",""swapLRC"":""False""}",
         1,         0,         0,   0.014,bposd,d2e31a876ff9ab44086a0403902670ab7f3daf025f64a4ada3171d61ce3ff2f5,"{""A"":""x2y0+x8y1"",""B"":""x0y1+x4y1+x14y1"",""b"":""X"",""d"":8,""excl_opp_detectors"":""True"",""k"":4,""l"":15,""leak_heralds"":""False"",""leak_repump"":""True"",""leakage"":""True"",""loss"":""True"",""m"":2,""n"":60,""noise"":""rl_helios"",""p"":0.002,""prllel_1q"":16,""prllel_2q"":4,""r"":20,""repump_cycles"":3,""seq_meas"":""True"",""seq_ops"":""True"",""swapLRC"":""False""}",
         1,         0,         0,   0.009,bposd,fc034e74c25f52c7dca5bec3ced3fbedd720fbeb24afc199749aab9c2019f874,"{""A"":""x2y0+x8y1"",""B"":""x0y1+x4y1+x14y1"",""b"":""X"",""d"":8,""excl_opp_detectors"":""True"",""k"":4,""l"":15,""leak_heralds"":""False"",""leak_repump"":""True"",""leakage"":""True"",""loss"":""True"",""m"":2,""n"":60,""noise"":""rl_helios"",""p"":0.001,""prllel_1q"":16,""prllel_2q"":4,""r"":20,""repump_cycles"":3,""seq_meas"":""True"",""seq_ops"":""True"",""swapLRC"":""False""}",
        16,         0,         0,   0.021,bposd,fc034e74c25f52c7dca5bec3ced3fbedd720fbeb24afc199749aab9c2019f874,"{""A"":""x2y0+x8y1"",""B"":""x0y1+x4y1+x14y1"",""b"":""X"",""d"":8,""excl_opp_detectors"":""True"",""k"":4,""l"":15,""leak_heralds"":""False"",""leak_repump"":""True"",""leakage"":""True"",""loss"":""True"",""m"":2,""n"":60,""noise"":""rl_helios"",""p"":0.001,""prllel_1q"":16,""prllel_2q"":4,""r"":20,""repump_cycles"":3,""seq_meas"":""True"",""seq_ops"":""True"",""swapLRC"":""False""}",
         1,         0,         0,   0.010,bposd,d2e31a876ff9ab44086a0403902670ab7f3daf025f64a4ada3171d61ce3ff2f5,"{""A"":""x2y0+x8y1"",""B"":""x0y1+x4y1+x14y1"",""b"":""X"",""d"":8,""excl_opp_detectors"":""True"",""k"":4,""l"":15,""leak_heralds"":""False"",""leak_repump"":""True"",""leakage"":""True"",""loss"":""True"",""m"":2,""n"":60,""noise"":""rl_helios"",""p"":0.002,""prllel_1q"":16,""prllel_2q"":4,""r"":20,""repump_cycles"":3,""seq_meas"":""True"",""seq_ops"":""True"",""swapLRC"":""False""}",
        17,         0,         0,   0.028,bposd,6d1ddacfb3af8946e01e6fa1f4a73feb1ff89b1e055e733a9f2c9e62f953590b,"{""A"":""x0y0+x1y0"",""B"":""x0y0+x0y1+x3y2"",""b"":""X"",""d"":7,""excl_opp_detectors"":""True"",""k"":4,""l"":8,""leak_heralds"":""False"",""leak_repump"":""True"",""leakage"":""True"",""loss"":""True"",""m"":3,""n"":48,""noise"":""rl_helios"",""p"":0.001,""prllel_1q"":16,""prllel_2q"":4,""r"":20,""repump_cycles"":3,""seq_meas"":""True"",""seq_ops"":""True"",""swapLRC"":""False""}",
        17,         0,         0,   0.020,bposd,6d1ddacfb3af8946e01e6fa1f4a73feb1ff89b1e055e733a9f2c9e62f953590b,"{""A"":""x0y0+x1y0"",""B"":""x0y0+x0y1+x3y2"",""b"":""X"",""d"":7,""excl_opp_detectors"":""True"",""k"":4,""l"":8,""leak_heralds"":""False"",""leak_repump"":""True"",""leakage"":""True"",""loss"":""True"",""m"":3,""n"":48,""noise"":""rl_helios"",""p"":0.001,""prllel_1q"":16,""prllel_2q"":4,""r"":20,""repump_cycles"":3,""seq_meas"":""True"",""seq_ops"":""True"",""swapLRC"":""False""}",
        17,         0,         0,   0.028,bposd,fc034e74c25f52c7dca5bec3ced3fbedd720fbeb24afc199749aab9c2019f874,"{""A"":""x2y0+x8y1"",""B"":""x0y1+x4y1+x14y1"",""b"":""X"",""d"":8,""excl_opp_detectors"":""True"",""k"":4,""l"":15,""leak_heralds"":""False"",""leak_repump"":""True"",""leakage"":""True"",""loss"":""True"",""m"":2,""n"":60,""noise"":""rl_helios"",""p"":0.001,""prllel_1q"":16,""prllel_2q"":4,""r"":20,""repump_cycles"":3,""seq_meas"":""True"",""seq_ops"":""True"",""swapLRC"":""False""}",
         1,         0,         0,   0.689,bposd,d6466f1f2401ef78211b48d2724c0f28b872cf57bdff80ba7079cbc781acfd49,"{""A"":""x0y0+x1y0"",""B"":""x0y0+x0y1+x3y2"",""b"":""X"",""d"":7,""excl_opp_detectors"":""True"",""k"":4,""l"":8,""leak_heralds"":""False"",""leak_repump"":""True"",""leakage"":""True"",""loss"":""True"",""m"":3,""n"":48,""noise"":""rl_helios"",""p"":0.002,""prllel_1q"":16,""prllel_2q"":4,""r"":20,""repump_cycles"":3,""seq_meas"":""True"",""seq_ops"":""True"",""swapLRC"":""False""}",
         1,         0,         0,   0.776,bposd,363dbbe25c5091f9c41c5f79d383c415bc6a447daa00d35e45a6d7d40ccf4257,"{""A"":""x0y0+x1y0"",""B"":""x0y0+x0y1+x3y2"",""b"":""X"",""d"":7,""excl_opp_detectors"":""True"",""k"":4,""l"":8,""leak_heralds"":""False"",""leak_repump"":""True"",""leakage"":""True"",""loss"":""True"",""m"":3,""n"":48,""noise"":""rl_helios"",""p"":0.003,""prllel_1q"":16,""prllel_2q"":4,""r"":20,""repump_cycles"":3,""seq_meas"":""True"",""seq_ops"":""True"",""swapLRC"":""False""}",
         1,         0,         0,   0.653,bposd,14555660f0e1698bf981b2f3b692ea34d92f6c6a1ee8c83ab9230ef68cf27946,"{""A"":""x2y0+x8y1"",""B"":""x0y1+x4y1+x14y1"",""b"":""X"",""d"":8,""excl_opp_detectors"":""True"",""k"":4,""l"":15,""leak_heralds"":""False"",""leak_repump"":""True"",""leakage"":""True"",""loss"":""True"",""m"":2,""n"":60,""noise"":""rl_helios"",""p"":0.003,""prllel_1q"":16,""prllel_2q"":4,""r"":20,""repump_cycles"":3,""seq_meas"":""True"",""seq_ops"":""True"",""swapLRC"":""False""}",
         1,         1,         0,   0.640,bposd,d6466f1f2401ef78211b48d2724c0f28b872cf57bdff80ba7079cbc781acfd49,"{""A"":""x0y0+x1y0"",""B"":""x0y0+x0y1+x3y2"",""b"":""X"",""d"":7,""excl_opp_detectors"":""True"",""k"":4,""l"":8,""leak_heralds"":""False"",""leak_repump"":""True"",""leakage"":""True"",""loss"":""True"",""m"":3,""n"":48,""noise"":""rl_helios"",""p"":0.002,""prllel_1q"":16,""prllel_2q"":4,""r"":20,""repump_cycles"":3,""seq_meas"":""True"",""seq_ops"":""True"",""swapLRC"":""False""}",
         1,         0,         0,   0.082,bposd,14555660f0e1698bf981b2f3b692ea34d92f6c6a1ee8c83ab9230ef68cf27946,"{""A"":""x2y0+x8y1"",""B"":""x0y1+x4y1+x14y1"",""b"":""X"",""d"":8,""excl_opp_detectors"":""True"",""k"":4,""l"":15,""leak_heralds"":""False"",""leak_repump"":""True"",""leakage"":""True"",""loss"":""True"",""m"":2,""n"":60,""noise"":""rl_helios"",""p"":0.003,""prllel_1q"":16,""prllel_2q"":4,""r"":20,""repump_cycles"":3,""seq_meas"":""True"",""seq_ops"":""True"",""swapLRC"":""False""}",
         1,         0,         0,   0.013,bposd,d6466f1f2401ef78211b48d2724c0f28b872cf57bdff80ba7079cbc781acfd49,"{""A"":""x0y0+x1y0"",""B"":""x0y0+x0y1+x3y2"",""b"":""X"",""d"":7,""excl_opp_detectors"":""True"",""k"":4,""l"":8,""leak_heralds"":""False"",""leak_repump"":""True"",""leakage"":""True"",""loss"":""True"",""m"":3,""n"":48,""noise"":""rl_helios"",""p"":0.002,""prllel_1q"":16,""prllel_2q"":4,""r"":20,""repump_cycles"":3,""seq_meas"":""True"",""seq_ops"":""True"",""swapLRC"":""False""}",
        16,         0,         0,   0.867,bposd,fc034e74c25f52c7dca5bec3ced3fbedd720fbeb24afc199749aab9c2019f874,"{""A"":""x2y0+x8y1"",""B"":""x0y1+x4y1+x14y1"",""b"":""X"",""d"":8,""excl_opp_detectors"":""True"",""k"":4,""l"":15,""leak_heralds"":""False"",""leak_repump"":""True"",""leakage"":""True"",""loss"":""True"",""m"":2,""n"":60,""noise"":""rl_helios"",""p"":0.001,""prllel_1q"":16,""prllel_2q"":4,""r"":20,""repump_cycles"":3,""seq_meas"":""True"",""seq_ops"":""True"",""swapLRC"":""False""}",
        16,         0,         0,   0.027,bposd,fc034e74c25f52c7dca5bec3ced3fbedd720fbeb24afc199749aab9c2019f874,"{""A"":""x2y0+x8y1"",""B"":""x0y1+x4y1+x14y1"",""b"":""X"",""d"":8,""excl_opp_detectors"":""True"",""k"":4,""l"":15,""leak_heralds"":""False"",""leak_repump"":""True"",""leakage"":""True"",""loss"":""True"",""m"":2,""n"":60,""noise"":""rl_helios"",""p"":0.001,""prllel_1q"":16,""prllel_2q"":4,""r"":20,""repump_cycles"":3,""seq_meas"":""True"",""seq_ops"":""True"",""swapLRC"":""False""}",
        16,         0,         0,   0.998,bposd,fc034e74c25f52c7dca5bec3ced3fbedd720fbeb24afc199749aab9c2019f874,"{""A"":""x2y0+x8y1"",""B"":""x0y1+x4y1+x14y1"",""b"":""X"",""d"":8,""excl_opp_detectors"":""True"",""k"":4,""l"":15,""leak_heralds"":""False"",""leak_repump"":""True"",""leakage"":""True"",""loss"":""True"",""m"":2,""n"":60,""noise"":""rl_helios"",""p"":0.001,""prllel_1q"":16,""prllel_2q"":4,""r"":20,""repump_cycles"":3,""seq_meas"":""True"",""seq_ops"":""True"",""swapLRC"":""False""}",
         1,         0,         0,   0.833,bposd,14555660f0e1698bf981b2f3b692ea34d92f6c6a1ee8c83ab9230ef68cf27946,"{""A"":""x2y0+x8y1"",""B"":""x0y1+x4y1+x14y1"",""b"":""X"",""d"":8,""excl_opp_detectors"":""True"",""k"":4,""l"":15,""leak_heralds"":""False"",""leak_repump"":""True"",""leakage"":""True"",""loss"":""True"",""m"":2,""n"":60,""noise"":""rl_helios"",""p"":0.003,""prllel_1q"":16,""prllel_2q"":4,""r"":20,""repump_cycles"":3,""seq_meas"":""True"",""seq_ops"":""True"",""swapLRC"":""False""}",
        16,         0,         0,   0.087,bposd,d6466f1f2401ef78211b48d2724c0f28b872cf57bdff80ba7079cbc781acfd49,"{""A"":""x0y0+x1y0"",""B"":""x0y0+x0y1+x3y2"",""b"":""X"",""d"":7,""excl_opp_detectors"":""True"",""k"":4,""l"":8,""leak_heralds"":""False"",""leak_repump"":""True"",""leakage"":""True"",""loss"":""True"",""m"":3,""n"":48,""noise"":""rl_helios"",""p"":0.002,""prllel_1q"":16,""prllel_2q"":4,""r"":20,""repump_cycles"":3,""seq_meas"":""True"",""seq_ops"":""True"",""swapLRC"":""False""}",
         1,         0,         0,   0.025,bposd,363dbbe25c5091f9c41c5f79d383c415bc6a447daa00d35e45a6d7d40ccf4257,"{""A"":""x0y0+x1y0"",""B"":""x0y0+x0y1+x3y2"",""b"":""X"",""d"":7,""excl_opp_detectors"":""True"",""k"":4,""l"":8,""leak_heralds"":""False"",""leak_repump"":""True"",""leakage"":""True"",""loss"":""True"",""m"":3,""n"":48,""noise"":""rl_helios"",""p"":0.003,""prllel_1q"":16,""prllel_2q"":4,""r"":20,""repump_cycles"":3,""seq_meas"":""True"",""seq_ops"":""True"",""swapLRC"":""False""}",
         1,         0,         0,   0.849,bposd,d2e31a876ff9ab44086a0403902670ab7f3daf025f64a4ada3171d61ce3ff2f5,"{""A"":""x2y0+x8y1"",""B"":""x0y1+x4y1+x14y1"",""b"":""X"",""d"":8,""excl_opp_detectors"":""True"",""k"":4,""l"":15,""leak_heralds"":""False"",""leak_repump"":""True"",""leakage"":""True"",""loss"":""True"",""m"":2,""n"":60,""noise"":""rl_helios"",""p"":0.002,""prllel_1q"":16,""prllel_2q"":4,""r"":20,""repump_cycles"":3,""seq_meas"":""True"",""seq_ops"":""True"",""swapLRC"":""False""}",
        16,         0,         0,    1.13,bposd,d2e31a876ff9ab44086a0403902670ab7f3daf025f64a4ada3171d61ce3ff2f5,"{""A"":""x2y0+x8y1"",""B"":""x0y1+x4y1+x14y1"",""b"":""X"",""d"":8,""excl_opp_detectors"":""True"",""k"":4,""l"":15,""leak_heralds"":""False"",""leak_repump"":""True"",""leakage"":""True"",""loss"":""True"",""m"":2,""n"":60,""noise"":""rl_helios"",""p"":0.002,""prllel_1q"":16,""prllel_2q"":4,""r"":20,""repump_cycles"":3,""seq_meas"":""True"",""seq_ops"":""True"",""swapLRC"":""False""}",
         1,         0,         0,   0.022,bposd,14555660f0e1698bf981b2f3b692ea34d92f6c6a1ee8c83ab9230ef68cf27946,"{""A"":""x2y0+x8y1"",""B"":""x0y1+x4y1+x14y1"",""b"":""X"",""d"":8,""excl_opp_detectors"":""True"",""k"":4,""l"":15,""leak_heralds"":""False"",""leak_repump"":""True"",""leakage"":""True"",""loss"":""True"",""m"":2,""n"":60,""noise"":""rl_helios"",""p"":0.003,""prllel_1q"":16,""prllel_2q"":4,""r"":20,""repump_cycles"":3,""seq_meas"":""True"",""seq_ops"":""True"",""swapLRC"":""False""}",
        64,         0,         0,    1.44,bposd,6d1ddacfb3af8946e01e6fa1f4a73feb1ff89b1e055e733a9f2c9e62f953590b,"{""A"":""x0y0+x1y0"",""B"":""x0y0+x0y1+x3y2"",""b"":""X"",""d"":7,""excl_opp_detectors"":""True"",""k"":4,""l"":8,""leak_heralds"":""False"",""leak_repump"":""True"",""leakage"":""True"",""loss"":""True"",""m"":3,""n"":48,""noise"":""rl_helios"",""p"":0.001,""prllel_1q"":16,""prllel_2q"":4,""r"":20,""repump_cycles"":3,""seq_meas"":""True"",""seq_ops"":""True"",""swapLRC"":""False""}",
         1,         0,         0,   0.010,bposd,fc034e74c25f52c7dca5bec3ced3fbedd720fbeb24afc199749aab9c2019f874,"{""A"":""x2y0+x8y1"",""B"":""x0y1+x4y1+x14y1"",""b"":""X"",""d"":8,""excl_opp_detectors"":""True"",""k"":4,""l"":15,""leak_heralds"":""False"",""leak_repump"":""True"",""leakage"":""True"",""loss"":""True"",""m"":2,""n"":60,""noise"":""rl_helios"",""p"":0.001,""prllel_1q"":16,""prllel_2q"":4,""r"":20,""repump_cycles"":3,""seq_meas"":""True"",""seq_ops"":""True"",""swapLRC"":""False""}",
        16,         0,         0,   0.031,bposd,fc034e74c25f52c7dca5bec3ced3fbedd720fbeb24afc199749aab9c2019f874,"{""A"":""x2y0+x8y1"",""B"":""x0y1+x4y1+x14y1"",""b"":""X"",""d"":8,""excl_opp_detectors"":""True"",""k"":4,""l"":15,""leak_heralds"":""False"",""leak_repump"":""True"",""leakage"":""True"",""loss"":""True"",""m"":2,""n"":60,""noise"":""rl_helios"",""p"":0.001,""prllel_1q"":16,""prllel_2q"":4,""r"":20,""repump_cycles"":3,""seq_meas"":""True"",""seq_ops"":""True"",""swapLRC"":""False""}",
        16,         1,         0,    1.56,bposd,363dbbe25c5091f9c41c5f79d383c415bc6a447daa00d35e45a6d7d40ccf4257,"{""A"":""x0y0+x1y0"",""B"":""x0y0+x0y1+x3y2"",""b"":""X"",""d"":7,""excl_opp_detectors"":""True"",""k"":4,""l"":8,""leak_heralds"":""False"",""leak_repump"":""True"",""leakage"":""True"",""loss"":""True"",""m"":3,""n"":48,""noise"":""rl_helios"",""p"":0.003,""prllel_1q"":16,""prllel_2q"":4,""r"":20,""repump_cycles"":3,""seq_meas"":""True"",""seq_ops"":""True"",""swapLRC"":""False""}",
        16,         0,         0,    1.68,bposd,d2e31a876ff9ab44086a0403902670ab7f3daf025f64a4ada3171d61ce3ff2f5,"{""A"":""x2y0+x8y1"",""B"":""x0y1+x4y1+x14y1"",""b"":""X"",""d"":8,""excl_opp_detectors"":""True"",""k"":4,""l"":15,""leak_heralds"":""False"",""leak_repump"":""True"",""leakage"":""True"",""loss"":""True"",""m"":2,""n"":60,""noise"":""rl_helios"",""p"":0.002,""prllel_1q"":16,""prllel_2q"":4,""r"":20,""repump_cycles"":3,""seq_meas"":""True"",""seq_ops"":""True"",""swapLRC"":""False""}",
         8,         0,         0,   0.048,bposd,d2e31a876ff9ab44086a0403902670ab7f3daf025f64a4ada3171d61ce3ff2f5,"{""A"":""x2y0+x8y1"",""B"":""x0y1+x4y1+x14y1"",""b"":""X"",""d"":8,""excl_opp_detectors"":""True"",""k"":4,""l"":15,""leak_heralds"":""False"",""leak_repump"":""True"",""leakage"":""True"",""loss"":""True"",""m"":2,""n"":60,""noise"":""rl_helios"",""p"":0.002,""prllel_1q"":16,""prllel_2q"":4,""r"":20,""repump_cycles"":3,""seq_meas"":""True"",""seq_ops"":""True"",""swapLRC"":""False""}",
        16,         0,         0,    2.06,bposd,d6466f1f2401ef78211b48d2724c0f28b872cf57bdff80ba7079cbc781acfd49,"{""A"":""x0y0+x1y0"",""B"":""x0y0+x0y1+x3y2"",""b"":""X"",""d"":7,""excl_opp_detectors"":""True"",""k"":4,""l"":8,""leak_heralds"":""False"",""leak_repump"":""True"",""leakage"":""True"",""loss"":""True"",""m"":3,""n"":48,""noise"":""rl_helios"",""p"":0.002,""prllel_1q"":16,""prllel_2q"":4,""r"":20,""repump_cycles"":3,""seq_meas"":""True"",""seq_ops"":""True"",""swapLRC"":""False""}",
        17,         0,         0,    1.45,bposd,d6466f1f2401ef78211b48d2724c0f28b872cf57bdff80ba7079cbc781acfd49,"{""A"":""x0y0+x1y0"",""B"":""x0y0+x0y1+x3y2"",""b"":""X"",""d"":7,""excl_opp_detectors"":""True"",""k"":4,""l"":8,""leak_heralds"":""False"",""leak_repump"":""True"",""leakage"":""True"",""loss"":""True"",""m"":3,""n"":48,""noise"":""rl_helios"",""p"":0.002,""prllel_1q"":16,""prllel_2q"":4,""r"":20,""repump_cycles"":3,""seq_meas"":""True"",""seq_ops"":""True"",""swapLRC"":""False""}",
        32,         0,         0,   0.767,bposd,6d1ddacfb3af8946e01e6fa1f4a73feb1ff89b1e055e733a9f2c9e62f953590b,"{""A"":""x0y0+x1y0"",""B"":""x0y0+x0y1+x3y2"",""b"":""X"",""d"":7,""excl_opp_detectors"":""True"",""k"":4,""l"":8,""leak_heralds"":""False"",""leak_repump"":""True"",""leakage"":""True"",""loss"":""True"",""m"":3,""n"":48,""noise"":""rl_helios"",""p"":0.001,""prllel_1q"":16,""prllel_2q"":4,""r"":20,""repump_cycles"":3,""seq_meas"":""True"",""seq_ops"":""True"",""swapLRC"":""False""}",
         4,         0,         0,    1.26,bposd,14555660f0e1698bf981b2f3b692ea34d92f6c6a1ee8c83ab9230ef68cf27946,"{""A"":""x2y0+x8y1"",""B"":""x0y1+x4y1+x14y1"",""b"":""X"",""d"":8,""excl_opp_detectors"":""True"",""k"":4,""l"":15,""leak_heralds"":""False"",""leak_repump"":""True"",""leakage"":""True"",""loss"":""True"",""m"":2,""n"":60,""noise"":""rl_helios"",""p"":0.003,""prllel_1q"":16,""prllel_2q"":4,""r"":20,""repump_cycles"":3,""seq_meas"":""True"",""seq_ops"":""True"",""swapLRC"":""False""}",
        16,         0,         0,    2.15,bposd,14555660f0e1698bf981b2f3b692ea34d92f6c6a1ee8c83ab9230ef68cf27946,"{""A"":""x2y0+x8y1"",""B"":""x0y1+x4y1+x14y1"",""b"":""X"",""d"":8,""excl_opp_detectors"":""True"",""k"":4,""l"":15,""leak_heralds"":""False"",""leak_repump"":""True"",""leakage"":""True"",""loss"":""True"",""m"":2,""n"":60,""noise"":""rl_helios"",""p"":0.003,""prllel_1q"":16,""prllel_2q"":4,""r"":20,""repump_cycles"":3,""seq_meas"":""True"",""seq_ops"":""True"",""swapLRC"":""False""}",
        17,         0,         0,    1.62,bposd,d6466f1f2401ef78211b48d2724c0f28b872cf57bdff80ba7079cbc781acfd49,"{""A"":""x0y0+x1y0"",""B"":""x0y0+x0y1+x3y2"",""b"":""X"",""d"":7,""excl_opp_detectors"":""True"",""k"":4,""l"":8,""leak_heralds"":""False"",""leak_repump"":""True"",""leakage"":""True"",""loss"":""True"",""m"":3,""n"":48,""noise"":""rl_helios"",""p"":0.002,""prllel_1q"":16,""prllel_2q"":4,""r"":20,""repump_cycles"":3,""seq_meas"":""True"",""seq_ops"":""True"",""swapLRC"":""False""}",
         1,         0,         0,    1.01,bposd,14555660f0e1698bf981b2f3b692ea34d92f6c6a1ee8c83ab9230ef68cf27946,"{""A"":""x2y0+x8y1"",""B"":""x0y1+x4y1+x14y1"",""b"":""X"",""d"":8,""excl_opp_detectors"":""True"",""k"":4,""l"":15,""leak_heralds"":""False"",""leak_repump"":""True"",""leakage"":""True"",""loss"":""True"",""m"":2,""n"":60,""noise"":""rl_helios"",""p"":0.003,""prllel_1q"":16,""prllel_2q"":4,""r"":20,""repump_cycles"":3,""seq_meas"":""True"",""seq_ops"":""True"",""swapLRC"":""False""}",
         8,         0,         0,   0.689,bposd,d6466f1f2401ef78211b48d2724c0f28b872cf57bdff80ba7079cbc781acfd49,"{""A"":""x0y0+x1y0"",""B"":""x0y0+x0y1+x3y2"",""b"":""X"",""d"":7,""excl_opp_detectors"":""True"",""k"":4,""l"":8,""leak_heralds"":""False"",""leak_repump"":""True"",""leakage"":""True"",""loss"":""True"",""m"":3,""n"":48,""noise"":""rl_helios"",""p"":0.002,""prllel_1q"":16,""prllel_2q"":4,""r"":20,""repump_cycles"":3,""seq_meas"":""True"",""seq_ops"":""True"",""swapLRC"":""False""}",
         8,         0,         0,   0.042,bposd,d6466f1f2401ef78211b48d2724c0f28b872cf57bdff80ba7079cbc781acfd49,"{""A"":""x0y0+x1y0"",""B"":""x0y0+x0y1+x3y2"",""b"":""X"",""d"":7,""excl_opp_detectors"":""True"",""k"":4,""l"":8,""leak_heralds"":""False"",""leak_repump"":""True"",""leakage"":""True"",""loss"":""True"",""m"":3,""n"":48,""noise"":""rl_helios"",""p"":0.002,""prllel_1q"":16,""prllel_2q"":4,""r"":20,""repump_cycles"":3,""seq_meas"":""True"",""seq_ops"":""True"",""swapLRC"":""False""}",
        17,         0,         0,    1.68,bposd,d2e31a876ff9ab44086a0403902670ab7f3daf025f64a4ada3171d61ce3ff2f5,"{""A"":""x2y0+x8y1"",""B"":""x0y1+x4y1+x14y1"",""b"":""X"",""d"":8,""excl_opp_detectors"":""True"",""k"":4,""l"":15,""leak_heralds"":""False"",""leak_repump"":""True"",""leakage"":""True"",""loss"":""True"",""m"":2,""n"":60,""noise"":""rl_helios"",""p"":0.002,""prllel_1q"":16,""prllel_2q"":4,""r"":20,""repump_cycles"":3,""seq_meas"":""True"",""seq_ops"":""True"",""swapLRC"":""False""}",
         8,         0,         0,   0.029,bposd,d2e31a876ff9ab44086a0403902670ab7f3daf025f64a4ada3171d61ce3ff2f5,"{""A"":""x2y0+x8y1"",""B"":""x0y1+x4y1+x14y1"",""b"":""X"",""d"":8,""excl_opp_detectors"":""True"",""k"":4,""l"":15,""leak_heralds"":""False"",""leak_repump"":""True"",""leakage"":""True"",""loss"":""True"",""m"":2,""n"":60,""noise"":""rl_helios"",""p"":0.002,""prllel_1q"":16,""prllel_2q"":4,""r"":20,""repump_cycles"":3,""seq_meas"":""True"",""seq_ops"":""True"",""swapLRC"":""False""}",
       256,         0,         0,    3.15,bposd,6d1ddacfb3af8946e01e6fa1f4a73feb1ff89b1e055e733a9f2c9e62f953590b,"{""A"":""x0y0+x1y0"",""B"":""x0y0+x0y1+x3y2"",""b"":""X"",""d"":7,""excl_opp_detectors"":""True"",""k"":4,""l"":8,""leak_heralds"":""False"",""leak_repump"":""True"",""leakage"":""True"",""loss"":""True"",""m"":3,""n"":48,""noise"":""rl_helios"",""p"":0.001,""prllel_1q"":16,""prllel_2q"":4,""r"":20,""repump_cycles"":3,""seq_meas"":""True"",""seq_ops"":""True"",""swapLRC"":""False""}",
        16,         0,         0,    1.79,bposd,d2e31a876ff9ab44086a0403902670ab7f3daf025f64a4ada3171d61ce3ff2f5,"{""A"":""x2y0+x8y1"",""B"":""x0y1+x4y1+x14y1"",""b"":""X"",""d"":8,""excl_opp_detectors"":""True"",""k"":4,""l"":15,""leak_heralds"":""False"",""leak_repump"":""True"",""leakage"":""True"",""loss"":""True"",""m"":2,""n"":60,""noise"":""rl_helios"",""p"":0.002,""prllel_1q"":16,""prllel_2q"":4,""r"":20,""repump_cycles"":3,""seq_meas"":""True"",""seq_ops"":""True"",""swapLRC"":""False""}",
         4,         0,         0,   0.839,bposd,14555660f0e1698bf981b2f3b692ea34d92f6c6a1ee8c83ab9230ef68cf27946,"{""A"":""x2y0+x8y1"",""B"":""x0y1+x4y1+x14y1"",""b"":""X"",""d"":8,""excl_opp_detectors"":""True"",""k"":4,""l"":15,""leak_heralds"":""False"",""leak_repump"":""True"",""leakage"":""True"",""loss"":""True"",""m"":2,""n"":60,""noise"":""rl_helios"",""p"":0.003,""prllel_1q"":16,""prllel_2q"":4,""r"":20,""repump_cycles"":3,""seq_meas"":""True"",""seq_ops"":""True"",""swapLRC"":""False""}",
        16,         1,         0,    3.12,bposd,363dbbe25c5091f9c41c5f79d383c415bc6a447daa00d35e45a6d7d40ccf4257,"{""A"":""x0y0+x1y0"",""B"":""x0y0+x0y1+x3y2"",""b"":""X"",""d"":7,""excl_opp_detectors"":""True"",""k"":4,""l"":8,""leak_heralds"":""False"",""leak_repump"":""True"",""leakage"":""True"",""loss"":""True"",""m"":3,""n"":48,""noise"":""rl_helios"",""p"":0.003,""prllel_1q"":16,""prllel_2q"":4,""r"":20,""repump_cycles"":3,""seq_meas"":""True"",""seq_ops"":""True"",""swapLRC"":""False""}",
         8,         0,         0,   0.705,bposd,d6466f1f2401ef78211b48d2724c0f28b872cf57bdff80ba7079cbc781acfd49,"{""A"":""x0y0+x1y0"",""B"":""x0y0+x0y1+x3y2"",""b"":""X"",""d"":7,""excl_opp_detectors"":""True"",""k"":4,""l"":8,""leak_heralds"":""False"",""leak_repump"":""True"",""leakage"":""True"",""loss"":""True"",""m"":3,""n"":48,""noise"":""rl_helios"",""p"":0.002,""prllel_1q"":16,""prllel_2q"":4,""r"":20,""repump_cycles"":3,""seq_meas"":""True"",""seq_ops"":""True"",""swapLRC"":""False""}",
        16,         0,         0,    2.24,bposd,fc034e74c25f52c7dca5bec3ced3fbedd720fbeb24afc199749aab9c2019f874,"{""A"":""x2y0+x8y1"",""B"":""x0y1+x4y1+x14y1"",""b"":""X"",""d"":8,""excl_opp_detectors"":""True"",""k"":4,""l"":15,""leak_heralds"":""False"",""leak_repump"":""True"",""leakage"":""True"",""loss"":""True"",""m"":2,""n"":60,""noise"":""rl_helios"",""p"":0.001,""prllel_1q"":16,""prllel_2q"":4,""r"":20,""repump_cycles"":3,""seq_meas"":""True"",""seq_ops"":""True"",""swapLRC"":""False""}",
       128,         0,         0,   0.350,bposd,6d1ddacfb3af8946e01e6fa1f4a73feb1ff89b1e055e733a9f2c9e62f953590b,"{""A"":""x0y0+x1y0"",""B"":""x0y0+x0y1+x3y2"",""b"":""X"",""d"":7,""excl_opp_detectors"":""True"",""k"":4,""l"":8,""leak_heralds"":""False"",""leak_repump"":""True"",""leakage"":""True"",""loss"":""True"",""m"":3,""n"":48,""noise"":""rl_helios"",""p"":0.001,""prllel_1q"":16,""prllel_2q"":4,""r"":20,""repump_cycles"":3,""seq_meas"":""True"",""seq_ops"":""True"",""swapLRC"":""False""}",
         8,         0,         0,   0.155,bposd,d6466f1f2401ef78211b48d2724c0f28b872cf57bdff80ba7079cbc781acfd49,"{""A"":""x0y0+x1y0"",""B"":""x0y0+x0y1+x3y2"",""b"":""X"",""d"":7,""excl_opp_detectors"":""True"",""k"":4,""l"":8,""leak_heralds"":""False"",""leak_repump"":""True"",""leakage"":""True"",""loss"":""True"",""m"":3,""n"":48,""noise"":""rl_helios"",""p"":0.002,""prllel_1q"":16,""prllel_2q"":4,""r"":20,""repump_cycles"":3,""seq_meas"":""True"",""seq_ops"":""True"",""swapLRC"":""False""}",
         1,         1,         0,    1.08,bposd,14555660f0e1698bf981b2f3b692ea34d92f6c6a1ee8c83ab9230ef68cf27946,"{""A"":""x2y0+x8y1"",""B"":""x0y1+x4y1+x14y1"",""b"":""X"",""d"":8,""excl_opp_detectors"":""True"",""k"":4,""l"":15,""leak_heralds"":""False"",""leak_repump"":""True"",""leakage"":""True"",""loss"":""True"",""m"":2,""n"":60,""noise"":""rl_helios"",""p"":0.003,""prllel_1q"":16,""prllel_2q"":4,""r"":20,""repump_cycles"":3,""seq_meas"":""True"",""seq_ops"":""True"",""swapLRC"":""False""}",
         8,         1,         0,    1.89,bposd,d6466f1f2401ef78211b48d2724c0f28b872cf57bdff80ba7079cbc781acfd49,"{""A"":""x0y0+x1y0"",""B"":""x0y0+x0y1+x3y2"",""b"":""X"",""d"":7,""excl_opp_detectors"":""True"",""k"":4,""l"":8,""leak_heralds"":""False"",""leak_repump"":""True"",""leakage"":""True"",""loss"":""True"",""m"":3,""n"":48,""noise"":""rl_helios"",""p"":0.002,""prllel_1q"":16,""prllel_2q"":4,""r"":20,""repump_cycles"":3,""seq_meas"":""True"",""seq_ops"":""True"",""swapLRC"":""False""}",
        16,         0,         0,    3.67,bposd,d2e31a876ff9ab44086a0403902670ab7f3daf025f64a4ada3171d61ce3ff2f5,"{""A"":""x2y0+x8y1"",""B"":""x0y1+x4y1+x14y1"",""b"":""X"",""d"":8,""excl_opp_detectors"":""True"",""k"":4,""l"":15,""leak_heralds"":""False"",""leak_repump"":""True"",""leakage"":""True"",""loss"":""True"",""m"":2,""n"":60,""noise"":""rl_helios"",""p"":0.002,""prllel_1q"":16,""prllel_2q"":4,""r"":20,""repump_cycles"":3,""seq_meas"":""True"",""seq_ops"":""True"",""swapLRC"":""False""}",
         4,         0,         0,   0.967,bposd,14555660f0e1698bf981b2f3b692ea34d92f6c6a1ee8c83ab9230ef68cf27946,"{""A"":""x2y0+x8y1"",""B"":""x0y1+x4y1+x14y1"",""b"":""X"",""d"":8,""excl_opp_detectors"":""True"",""k"":4,""l"":15,""leak_heralds"":""False"",""leak_repump"":""True"",""leakage"":""True"",""loss"":""True"",""m"":2,""n"":60,""noise"":""rl_helios"",""p"":0.003,""prllel_1q"":16,""prllel_2q"":4,""r"":20,""repump_cycles"":3,""seq_meas"":""True"",""seq_ops"":""True"",""swapLRC"":""False""}",
         8,         0,         0,   0.917,bposd,363dbbe25c5091f9c41c5f79d383c415bc6a447daa00d35e45a6d7d40ccf4257,"{""A"":""x0y0+x1y0"",""B"":""x0y0+x0y1+x3y2"",""b"":""X"",""d"":7,""excl_opp_detectors"":""True"",""k"":4,""l"":8,""leak_heralds"":""False"",""leak_repump"":""True"",""leakage"":""True"",""loss"":""True"",""m"":3,""n"":48,""noise"":""rl_helios"",""p"":0.003,""prllel_1q"":16,""prllel_2q"":4,""r"":20,""repump_cycles"":3,""seq_meas"":""True"",""seq_ops"":""True"",""swapLRC"":""False""}",
       256,         0,         0,    3.67,bposd,fc034e74c25f52c7dca5bec3ced3fbedd720fbeb24afc199749aab9c2019f874,"{""A"":""x2y0+x8y1"",""B"":""x0y1+x4y1+x14y1"",""b"":""X"",""d"":8,""excl_opp_detectors"":""True"",""k"":4,""l"":15,""leak_heralds"":""False"",""leak_repump"":""True"",""leakage"":""True"",""loss"":""True"",""m"":2,""n"":60,""noise"":""rl_helios"",""p"":0.001,""prllel_1q"":16,""prllel_2q"":4,""r"":20,""repump_cycles"":3,""seq_meas"":""True"",""seq_ops"":""True"",""swapLRC"":""False""}",
         8,         0,         0,    2.45,bposd,363dbbe25c5091f9c41c5f79d383c415bc6a447daa00d35e45a6d7d40ccf4257,"{""A"":""x0y0+x1y0"",""B"":""x0y0+x0y1+x3y2"",""b"":""X"",""d"":7,""excl_opp_detectors"":""True"",""k"":4,""l"":8,""leak_heralds"":""False"",""leak_repump"":""True"",""leakage"":""True"",""loss"":""True"",""m"":3,""n"":48,""noise"":""rl_helios"",""p"":0.003,""prllel_1q"":16,""prllel_2q"":4,""r"":20,""repump_cycles"":3,""seq_meas"":""True"",""seq_ops"":""True"",""swapLRC"":""False""}",
         8,         0,         0,    1.89,bposd,14555660f0e1698bf981b2f3b692ea34d92f6c6a1ee8c83ab9230ef68cf27946,"{""A"":""x2y0+x8y1"",""B"":""x0y1+x4y1+x14y1"",""b"":""X"",""d"":8,""excl_opp_detectors"":""True"",""k"":4,""l"":15,""leak_heralds"":""False"",""leak_repump"":""True"",""leakage"":""True"",""loss"":""True"",""m"":2,""n"":60,""noise"":""rl_helios"",""p"":0.003,""prllel_1q"":16,""prllel_2q"":4,""r"":20,""repump_cycles"":3,""seq_meas"":""True"",""seq_ops"":""True"",""swapLRC"":""False""}",
        16,         0,         0,    4.19,bposd,14555660f0e1698bf981b2f3b692ea34d92f6c6a1ee8c83ab9230ef68cf27946,"{""A"":""x2y0+x8y1"",""B"":""x0y1+x4y1+x14y1"",""b"":""X"",""d"":8,""excl_opp_detectors"":""True"",""k"":4,""l"":15,""leak_heralds"":""False"",""leak_repump"":""True"",""leakage"":""True"",""loss"":""True"",""m"":2,""n"":60,""noise"":""rl_helios"",""p"":0.003,""prllel_1q"":16,""prllel_2q"":4,""r"":20,""repump_cycles"":3,""seq_meas"":""True"",""seq_ops"":""True"",""swapLRC"":""False""}",
        17,         1,         0,    3.51,bposd,363dbbe25c5091f9c41c5f79d383c415bc6a447daa00d35e45a6d7d40ccf4257,"{""A"":""x0y0+x1y0"",""B"":""x0y0+x0y1+x3y2"",""b"":""X"",""d"":7,""excl_opp_detectors"":""True"",""k"":4,""l"":8,""leak_heralds"":""False"",""leak_repump"":""True"",""leakage"":""True"",""loss"":""True"",""m"":3,""n"":48,""noise"":""rl_helios"",""p"":0.003,""prllel_1q"":16,""prllel_2q"":4,""r"":20,""repump_cycles"":3,""seq_meas"":""True"",""seq_ops"":""True"",""swapLRC"":""False""}",
        16,         1,         0,    3.30,bposd,363dbbe25c5091f9c41c5f79d383c415bc6a447daa00d35e45a6d7d40ccf4257,"{""A"":""x0y0+x1y0"",""B"":""x0y0+x0y1+x3y2"",""b"":""X"",""d"":7,""excl_opp_detectors"":""True"",""k"":4,""l"":8,""leak_heralds"":""False"",""leak_repump"":""True"",""leakage"":""True"",""loss"":""True"",""m"":3,""n"":48,""noise"":""rl_helios"",""p"":0.003,""prllel_1q"":16,""prllel_2q"":4,""r"":20,""repump_cycles"":3,""seq_meas"":""True"",""seq_ops"":""True"",""swapLRC"":""False""}",
        16,         1,         0,    1.16,bposd,d6466f1f2401ef78211b48d2724c0f28b872cf57bdff80ba7079cbc781acfd49,"{""A"":""x0y0+x1y0"",""B"":""x0y0+x0y1+x3y2"",""b"":""X"",""d"":7,""excl_opp_detectors"":""True"",""k"":4,""l"":8,""leak_heralds"":""False"",""leak_repump"":""True"",""leakage"":""True"",""loss"":""True"",""m"":3,""n"":48,""noise"":""rl_helios"",""p"":0.002,""prllel_1q"":16,""prllel_2q"":4,""r"":20,""repump_cycles"":3,""seq_meas"":""True"",""seq_ops"":""True"",""swapLRC"":""False""}",
         4,         0,         0,   0.739,bposd,d6466f1f2401ef78211b48d2724c0f28b872cf57bdff80ba7079cbc781acfd49,"{""A"":""x0y0+x1y0"",""B"":""x0y0+x0y1+x3y2"",""b"":""X"",""d"":7,""excl_opp_detectors"":""True"",""k"":4,""l"":8,""leak_heralds"":""False"",""leak_repump"":""True"",""leakage"":""True"",""loss"":""True"",""m"":3,""n"":48,""noise"":""rl_helios"",""p"":0.002,""prllel_1q"":16,""prllel_2q"":4,""r"":20,""repump_cycles"":3,""seq_meas"":""True"",""seq_ops"":""True"",""swapLRC"":""False""}",
         1,         1,         0,    1.03,bposd,14555660f0e1698bf981b2f3b692ea34d92f6c6a1ee8c83ab9230ef68cf27946,"{""A"":""x2y0+x8y1"",""B"":""x0y1+x4y1+x14y1"",""b"":""X"",""d"":8,""excl_opp_detectors"":""True"",""k"":4,""l"":15,""leak_heralds"":""False"",""leak_repump"":""True"",""leakage"":""True"",""loss"":""True"",""m"":2,""n"":60,""noise"":""rl_helios"",""p"":0.003,""prllel_1q"":16,""prllel_2q"":4,""r"":20,""repump_cycles"":3,""seq_meas"":""True"",""seq_ops"":""True"",""swapLRC"":""False""}",
         8,         0,         0,    1.78,bposd,d2e31a876ff9ab44086a0403902670ab7f3daf025f64a4ada3171d61ce3ff2f5,"{""A"":""x2y0+x8y1"",""B"":""x0y1+x4y1+x14y1"",""b"":""X"",""d"":8,""excl_opp_detectors"":""True"",""k"":4,""l"":15,""leak_heralds"":""False"",""leak_repump"":""True"",""leakage"":""True"",""loss"":""True"",""m"":2,""n"":60,""noise"":""rl_helios"",""p"":0.002,""prllel_1q"":16,""prllel_2q"":4,""r"":20,""repump_cycles"":3,""seq_meas"":""True"",""seq_ops"":""True"",""swapLRC"":""False""}",
         8,         0,         0,    1.49,bposd,fc034e74c25f52c7dca5bec3ced3fbedd720fbeb24afc199749aab9c2019f874,"{""A"":""x2y0+x8y1"",""B"":""x0y1+x4y1+x14y1"",""b"":""X"",""d"":8,""excl_opp_detectors"":""True"",""k"":4,""l"":15,""leak_heralds"":""False"",""leak_repump"":""True"",""leakage"":""True"",""loss"":""True"",""m"":2,""n"":60,""noise"":""rl_helios"",""p"":0.001,""prllel_1q"":16,""prllel_2q"":4,""r"":20,""repump_cycles"":3,""seq_meas"":""True"",""seq_ops"":""True"",""swapLRC"":""False""}",
       256,         0,         0,    4.56,bposd,6d1ddacfb3af8946e01e6fa1f4a73feb1ff89b1e055e733a9f2c9e62f953590b,"{""A"":""x0y0+x1y0"",""B"":""x0y0+x0y1+x3y2"",""b"":""X"",""d"":7,""excl_opp_detectors"":""True"",""k"":4,""l"":8,""leak_heralds"":""False"",""leak_repump"":""True"",""leakage"":""True"",""loss"":""True"",""m"":3,""n"":48,""noise"":""rl_helios"",""p"":0.001,""prllel_1q"":16,""prllel_2q"":4,""r"":20,""repump_cycles"":3,""seq_meas"":""True"",""seq_ops"":""True"",""swapLRC"":""False""}",
         8,         0,         0,   0.970,bposd,d2e31a876ff9ab44086a0403902670ab7f3daf025f64a4ada3171d61ce3ff2f5,"{""A"":""x2y0+x8y1"",""B"":""x0y1+x4y1+x14y1"",""b"":""X"",""d"":8,""excl_opp_detectors"":""True"",""k"":4,""l"":15,""leak_heralds"":""False"",""leak_repump"":""True"",""leakage"":""True"",""loss"":""True"",""m"":2,""n"":60,""noise"":""rl_helios"",""p"":0.002,""prllel_1q"":16,""prllel_2q"":4,""r"":20,""repump_cycles"":3,""seq_meas"":""True"",""seq_ops"":""True"",""swapLRC"":""False""}",
        68,         0,         0,   0.060,bposd,fc034e74c25f52c7dca5bec3ced3fbedd720fbeb24afc199749aab9c2019f874,"{""A"":""x2y0+x8y1"",""B"":""x0y1+x4y1+x14y1"",""b"":""X"",""d"":8,""excl_opp_detectors"":""True"",""k"":4,""l"":15,""leak_heralds"":""False"",""leak_repump"":""True"",""leakage"":""True"",""loss"":""True"",""m"":2,""n"":60,""noise"":""rl_helios"",""p"":0.001,""prllel_1q"":16,""prllel_2q"":4,""r"":20,""repump_cycles"":3,""seq_meas"":""True"",""seq_ops"":""True"",""swapLRC"":""False""}",
         8,         0,         0,   0.496,bposd,363dbbe25c5091f9c41c5f79d383c415bc6a447daa00d35e45a6d7d40ccf4257,"{""A"":""x0y0+x1y0"",""B"":""x0y0+x0y1+x3y2"",""b"":""X"",""d"":7,""excl_opp_detectors"":""True"",""k"":4,""l"":8,""leak_heralds"":""False"",""leak_repump"":""True"",""leakage"":""True"",""loss"":""True"",""m"":3,""n"":48,""noise"":""rl_helios"",""p"":0.003,""prllel_1q"":16,""prllel_2q"":4,""r"":20,""repump_cycles"":3,""seq_meas"":""True"",""seq_ops"":""True"",""swapLRC"":""False""}",
         4,         0,         0,   0.928,bposd,14555660f0e1698bf981b2f3b692ea34d92f6c6a1ee8c83ab9230ef68cf27946,"{""A"":""x2y0+x8y1"",""B"":""x0y1+x4y1+x14y1"",""b"":""X"",""d"":8,""excl_opp_detectors"":""True"",""k"":4,""l"":15,""leak_heralds"":""False"",""leak_repump"":""True"",""leakage"":""True"",""loss"":""True"",""m"":2,""n"":60,""noise"":""rl_helios"",""p"":0.003,""prllel_1q"":16,""prllel_2q"":4,""r"":20,""repump_cycles"":3,""seq_meas"":""True"",""seq_ops"":""True"",""swapLRC"":""False""}",
       256,         0,         0,    4.97,bposd,6d1ddacfb3af8946e01e6fa1f4a73feb1ff89b1e055e733a9f2c9e62f953590b,"{""A"":""x0y0+x1y0"",""B"":""x0y0+x0y1+x3y2"",""b"":""X"",""d"":7,""excl_opp_detectors"":""True"",""k"":4,""l"":8,""leak_heralds"":""False"",""leak_repump"":""True"",""leakage"":""True"",""loss"":""True"",""m"":3,""n"":48,""noise"":""rl_helios"",""p"":0.001,""prllel_1q"":16,""prllel_2q"":4,""r"":20,""repump_cycles"":3,""seq_meas"":""True"",""seq_ops"":""True"",""swapLRC"":""False""}",
        16,         1,         0,    5.28,bposd,363dbbe25c5091f9c41c5f79d383c415bc6a447daa00d35e45a6d7d40ccf4257,"{""A"":""x0y0+x1y0"",""B"":""x0y0+x0y1+x3y2"",""b"":""X"",""d"":7,""excl_opp_detectors"":""True"",""k"":4,""l"":8,""leak_heralds"":""False"",""leak_repump"":""True"",""leakage"":""True"",""loss"":""True"",""m"":3,""n"":48,""noise"":""rl_helios"",""p"":0.003,""prllel_1q"":16,""prllel_2q"":4,""r"":20,""repump_cycles"":3,""seq_meas"":""True"",""seq_ops"":""True"",""swapLRC"":""False""}",
         8,         0,         0,    1.18,bposd,363dbbe25c5091f9c41c5f79d383c415bc6a447daa00d35e45a6d7d40ccf4257,"{""A"":""x0y0+x1y0"",""B"":""x0y0+x0y1+x3y2"",""b"":""X"",""d"":7,""excl_opp_detectors"":""True"",""k"":4,""l"":8,""leak_heralds"":""False"",""leak_repump"":""True"",""leakage"":""True"",""loss"":""True"",""m"":3,""n"":48,""noise"":""rl_helios"",""p"":0.003,""prllel_1q"":16,""prllel_2q"":4,""r"":20,""repump_cycles"":3,""seq_meas"":""True"",""seq_ops"":""True"",""swapLRC"":""False""}",
        17,         1,         0,    3.60,bposd,d2e31a876ff9ab44086a0403902670ab7f3daf025f64a4ada3171d61ce3ff2f5,"{""A"":""x2y0+x8y1"",""B"":""x0y1+x4y1+x14y1"",""b"":""X"",""d"":8,""excl_opp_detectors"":""True"",""k"":4,""l"":15,""leak_heralds"":""False"",""leak_repump"":""True"",""leakage"":""True"",""loss"":""True"",""m"":2,""n"":60,""noise"":""rl_helios"",""p"":0.002,""prllel_1q"":16,""prllel_2q"":4,""r"":20,""repump_cycles"":3,""seq_meas"":""True"",""seq_ops"":""True"",""swapLRC"":""False""}",
         1,         0,         0,    1.04,bposd,14555660f0e1698bf981b2f3b692ea34d92f6c6a1ee8c83ab9230ef68cf27946,"{""A"":""x2y0+x8y1"",""B"":""x0y1+x4y1+x14y1"",""b"":""X"",""d"":8,""excl_opp_detectors"":""True"",""k"":4,""l"":15,""leak_heralds"":""False"",""leak_repump"":""True"",""leakage"":""True"",""loss"":""True"",""m"":2,""n"":60,""noise"":""rl_helios"",""p"":0.003,""prllel_1q"":16,""prllel_2q"":4,""r"":20,""repump_cycles"":3,""seq_meas"":""True"",""seq_ops"":""True"",""swapLRC"":""False""}",
        17,         0,         0,    4.90,bposd,d2e31a876ff9ab44086a0403902670ab7f3daf025f64a4ada3171d61ce3ff2f5,"{""A"":""x2y0+x8y1"",""B"":""x0y1+x4y1+x14y1"",""b"":""X"",""d"":8,""excl_opp_detectors"":""True"",""k"":4,""l"":15,""leak_heralds"":""False"",""leak_repump"":""True"",""leakage"":""True"",""loss"":""True"",""m"":2,""n"":60,""noise"":""rl_helios"",""p"":0.002,""prllel_1q"":16,""prllel_2q"":4,""r"":20,""repump_cycles"":3,""seq_meas"":""True"",""seq_ops"":""True"",""swapLRC"":""False""}",
         8,         0,         0,    1.10,bposd,d2e31a876ff9ab44086a0403902670ab7f3daf025f64a4ada3171d61ce3ff2f5,"{""A"":""x2y0+x8y1"",""B"":""x0y1+x4y1+x14y1"",""b"":""X"",""d"":8,""excl_opp_detectors"":""True"",""k"":4,""l"":15,""leak_heralds"":""False"",""leak_repump"":""True"",""leakage"":""True"",""loss"":""True"",""m"":2,""n"":60,""noise"":""rl_helios"",""p"":0.002,""prllel_1q"":16,""prllel_2q"":4,""r"":20,""repump_cycles"":3,""seq_meas"":""True"",""seq_ops"":""True"",""swapLRC"":""False""}",
        16,         0,         0,    1.50,bposd,d6466f1f2401ef78211b48d2724c0f28b872cf57bdff80ba7079cbc781acfd49,"{""A"":""x0y0+x1y0"",""B"":""x0y0+x0y1+x3y2"",""b"":""X"",""d"":7,""excl_opp_detectors"":""True"",""k"":4,""l"":8,""leak_heralds"":""False"",""leak_repump"":""True"",""leakage"":""True"",""loss"":""True"",""m"":3,""n"":48,""noise"":""rl_helios"",""p"":0.002,""prllel_1q"":16,""prllel_2q"":4,""r"":20,""repump_cycles"":3,""seq_meas"":""True"",""seq_ops"":""True"",""swapLRC"":""False""}",
       272,         0,         0,    6.17,bposd,6d1ddacfb3af8946e01e6fa1f4a73feb1ff89b1e055e733a9f2c9e62f953590b,"{""A"":""x0y0+x1y0"",""B"":""x0y0+x0y1+x3y2"",""b"":""X"",""d"":7,""excl_opp_detectors"":""True"",""k"":4,""l"":8,""leak_heralds"":""False"",""leak_repump"":""True"",""leakage"":""True"",""loss"":""True"",""m"":3,""n"":48,""noise"":""rl_helios"",""p"":0.001,""prllel_1q"":16,""prllel_2q"":4,""r"":20,""repump_cycles"":3,""seq_meas"":""True"",""seq_ops"":""True"",""swapLRC"":""False""}",
         4,         0,         0,    1.31,bposd,14555660f0e1698bf981b2f3b692ea34d92f6c6a1ee8c83ab9230ef68cf27946,"{""A"":""x2y0+x8y1"",""B"":""x0y1+x4y1+x14y1"",""b"":""X"",""d"":8,""excl_opp_detectors"":""True"",""k"":4,""l"":15,""leak_heralds"":""False"",""leak_repump"":""True"",""leakage"":""True"",""loss"":""True"",""m"":2,""n"":60,""noise"":""rl_helios"",""p"":0.003,""prllel_1q"":16,""prllel_2q"":4,""r"":20,""repump_cycles"":3,""seq_meas"":""True"",""seq_ops"":""True"",""swapLRC"":""False""}",
       128,         0,         0,    1.45,bposd,6d1ddacfb3af8946e01e6fa1f4a73feb1ff89b1e055e733a9f2c9e62f953590b,"{""A"":""x0y0+x1y0"",""B"":""x0y0+x0y1+x3y2"",""b"":""X"",""d"":7,""excl_opp_detectors"":""True"",""k"":4,""l"":8,""leak_heralds"":""False"",""leak_repump"":""True"",""leakage"":""True"",""loss"":""True"",""m"":3,""n"":48,""noise"":""rl_helios"",""p"":0.001,""prllel_1q"":16,""prllel_2q"":4,""r"":20,""repump_cycles"":3,""seq_meas"":""True"",""seq_ops"":""True"",""swapLRC"":""False""}",
        16,         0,         0,    5.13,bposd,14555660f0e1698bf981b2f3b692ea34d92f6c6a1ee8c83ab9230ef68cf27946,"{""A"":""x2y0+x8y1"",""B"":""x0y1+x4y1+x14y1"",""b"":""X"",""d"":8,""excl_opp_detectors"":""True"",""k"":4,""l"":15,""leak_heralds"":""False"",""leak_repump"":""True"",""leakage"":""True"",""loss"":""True"",""m"":2,""n"":60,""noise"":""rl_helios"",""p"":0.003,""prllel_1q"":16,""prllel_2q"":4,""r"":20,""repump_cycles"":3,""seq_meas"":""True"",""seq_ops"":""True"",""swapLRC"":""False""}",
         8,         0,         0,   0.970,bposd,d2e31a876ff9ab44086a0403902670ab7f3daf025f64a4ada3171d61ce3ff2f5,"{""A"":""x2y0+x8y1"",""B"":""x0y1+x4y1+x14y1"",""b"":""X"",""d"":8,""excl_opp_detectors"":""True"",""k"":4,""l"":15,""leak_heralds"":""False"",""leak_repump"":""True"",""leakage"":""True"",""loss"":""True"",""m"":2,""n"":60,""noise"":""rl_helios"",""p"":0.002,""prllel_1q"":16,""prllel_2q"":4,""r"":20,""repump_cycles"":3,""seq_meas"":""True"",""seq_ops"":""True"",""swapLRC"":""False""}",
         8,         0,         0,    1.35,bposd,363dbbe25c5091f9c41c5f79d383c415bc6a447daa00d35e45a6d7d40ccf4257,"{""A"":""x0y0+x1y0"",""B"":""x0y0+x0y1+x3y2"",""b"":""X"",""d"":7,""excl_opp_detectors"":""True"",""k"":4,""l"":8,""leak_heralds"":""False"",""leak_repump"":""True"",""leakage"":""True"",""loss"":""True"",""m"":3,""n"":48,""noise"":""rl_helios"",""p"":0.003,""prllel_1q"":16,""prllel_2q"":4,""r"":20,""repump_cycles"":3,""seq_meas"":""True"",""seq_ops"":""True"",""swapLRC"":""False""}",
        64,         0,         0,    5.74,bposd,d6466f1f2401ef78211b48d2724c0f28b872cf57bdff80ba7079cbc781acfd49,"{""A"":""x0y0+x1y0"",""B"":""x0y0+x0y1+x3y2"",""b"":""X"",""d"":7,""excl_opp_detectors"":""True"",""k"":4,""l"":8,""leak_heralds"":""False"",""leak_repump"":""True"",""leakage"":""True"",""loss"":""True"",""m"":3,""n"":48,""noise"":""rl_helios"",""p"":0.002,""prllel_1q"":16,""prllel_2q"":4,""r"":20,""repump_cycles"":3,""seq_meas"":""True"",""seq_ops"":""True"",""swapLRC"":""False""}",
        64,         0,         0,    4.03,bposd,d6466f1f2401ef78211b48d2724c0f28b872cf57bdff80ba7079cbc781acfd49,"{""A"":""x0y0+x1y0"",""B"":""x0y0+x0y1+x3y2"",""b"":""X"",""d"":7,""excl_opp_detectors"":""True"",""k"":4,""l"":8,""leak_heralds"":""False"",""leak_repump"":""True"",""leakage"":""True"",""loss"":""True"",""m"":3,""n"":48,""noise"":""rl_helios"",""p"":0.002,""prllel_1q"":16,""prllel_2q"":4,""r"":20,""repump_cycles"":3,""seq_meas"":""True"",""seq_ops"":""True"",""swapLRC"":""False""}",
         8,         0,         0,    1.42,bposd,363dbbe25c5091f9c41c5f79d383c415bc6a447daa00d35e45a6d7d40ccf4257,"{""A"":""x0y0+x1y0"",""B"":""x0y0+x0y1+x3y2"",""b"":""X"",""d"":7,""excl_opp_detectors"":""True"",""k"":4,""l"":8,""leak_heralds"":""False"",""leak_repump"":""True"",""leakage"":""True"",""loss"":""True"",""m"":3,""n"":48,""noise"":""rl_helios"",""p"":0.003,""prllel_1q"":16,""prllel_2q"":4,""r"":20,""repump_cycles"":3,""seq_meas"":""True"",""seq_ops"":""True"",""swapLRC"":""False""}",
         8,         1,         0,   0.995,bposd,d6466f1f2401ef78211b48d2724c0f28b872cf57bdff80ba7079cbc781acfd49,"{""A"":""x0y0+x1y0"",""B"":""x0y0+x0y1+x3y2"",""b"":""X"",""d"":7,""excl_opp_detectors"":""True"",""k"":4,""l"":8,""leak_heralds"":""False"",""leak_repump"":""True"",""leakage"":""True"",""loss"":""True"",""m"":3,""n"":48,""noise"":""rl_helios"",""p"":0.002,""prllel_1q"":16,""prllel_2q"":4,""r"":20,""repump_cycles"":3,""seq_meas"":""True"",""seq_ops"":""True"",""swapLRC"":""False""}",
        32,         2,         0,   0.158,bposd,d6466f1f2401ef78211b48d2724c0f28b872cf57bdff80ba7079cbc781acfd49,"{""A"":""x0y0+x1y0"",""B"":""x0y0+x0y1+x3y2"",""b"":""X"",""d"":7,""excl_opp_detectors"":""True"",""k"":4,""l"":8,""leak_heralds"":""False"",""leak_repump"":""True"",""leakage"":""True"",""loss"":""True"",""m"":3,""n"":48,""noise"":""rl_helios"",""p"":0.002,""prllel_1q"":16,""prllel_2q"":4,""r"":20,""repump_cycles"":3,""seq_meas"":""True"",""seq_ops"":""True"",""swapLRC"":""False""}",
         4,         0,         0,    2.85,bposd,14555660f0e1698bf981b2f3b692ea34d92f6c6a1ee8c83ab9230ef68cf27946,"{""A"":""x2y0+x8y1"",""B"":""x0y1+x4y1+x14y1"",""b"":""X"",""d"":8,""excl_opp_detectors"":""True"",""k"":4,""l"":15,""leak_heralds"":""False"",""leak_repump"":""True"",""leakage"":""True"",""loss"":""True"",""m"":2,""n"":60,""noise"":""rl_helios"",""p"":0.003,""prllel_1q"":16,""prllel_2q"":4,""r"":20,""repump_cycles"":3,""seq_meas"":""True"",""seq_ops"":""True"",""swapLRC"":""False""}",
       128,         0,         0,    1.18,bposd,6d1ddacfb3af8946e01e6fa1f4a73feb1ff89b1e055e733a9f2c9e62f953590b,"{""A"":""x0y0+x1y0"",""B"":""x0y0+x0y1+x3y2"",""b"":""X"",""d"":7,""excl_opp_detectors"":""True"",""k"":4,""l"":8,""leak_heralds"":""False"",""leak_repump"":""True"",""leakage"":""True"",""loss"":""True"",""m"":3,""n"":48,""noise"":""rl_helios"",""p"":0.001,""prllel_1q"":16,""prllel_2q"":4,""r"":20,""repump_cycles"":3,""seq_meas"":""True"",""seq_ops"":""True"",""swapLRC"":""False""}",
         4,         1,         0,   0.495,bposd,363dbbe25c5091f9c41c5f79d383c415bc6a447daa00d35e45a6d7d40ccf4257,"{""A"":""x0y0+x1y0"",""B"":""x0y0+x0y1+x3y2"",""b"":""X"",""d"":7,""excl_opp_detectors"":""True"",""k"":4,""l"":8,""leak_heralds"":""False"",""leak_repump"":""True"",""leakage"":""True"",""loss"":""True"",""m"":3,""n"":48,""noise"":""rl_helios"",""p"":0.003,""prllel_1q"":16,""prllel_2q"":4,""r"":20,""repump_cycles"":3,""seq_meas"":""True"",""seq_ops"":""True"",""swapLRC"":""False""}",
         4,         0,         0,   0.728,bposd,363dbbe25c5091f9c41c5f79d383c415bc6a447daa00d35e45a6d7d40ccf4257,"{""A"":""x0y0+x1y0"",""B"":""x0y0+x0y1+x3y2"",""b"":""X"",""d"":7,""excl_opp_detectors"":""True"",""k"":4,""l"":8,""leak_heralds"":""False"",""leak_repump"":""True"",""leakage"":""True"",""loss"":""True"",""m"":3,""n"":48,""noise"":""rl_helios"",""p"":0.003,""prllel_1q"":16,""prllel_2q"":4,""r"":20,""repump_cycles"":3,""seq_meas"":""True"",""seq_ops"":""True"",""swapLRC"":""False""}",
       256,         0,         0,    7.34,bposd,fc034e74c25f52c7dca5bec3ced3fbedd720fbeb24afc199749aab9c2019f874,"{""A"":""x2y0+x8y1"",""B"":""x0y1+x4y1+x14y1"",""b"":""X"",""d"":8,""excl_opp_detectors"":""True"",""k"":4,""l"":15,""leak_heralds"":""False"",""leak_repump"":""True"",""leakage"":""True"",""loss"":""True"",""m"":2,""n"":60,""noise"":""rl_helios"",""p"":0.001,""prllel_1q"":16,""prllel_2q"":4,""r"":20,""repump_cycles"":3,""seq_meas"":""True"",""seq_ops"":""True"",""swapLRC"":""False""}",
         2,         0,         0,    1.40,bposd,14555660f0e1698bf981b2f3b692ea34d92f6c6a1ee8c83ab9230ef68cf27946,"{""A"":""x2y0+x8y1"",""B"":""x0y1+x4y1+x14y1"",""b"":""X"",""d"":8,""excl_opp_detectors"":""True"",""k"":4,""l"":15,""leak_heralds"":""False"",""leak_repump"":""True"",""leakage"":""True"",""loss"":""True"",""m"":2,""n"":60,""noise"":""rl_helios"",""p"":0.003,""prllel_1q"":16,""prllel_2q"":4,""r"":20,""repump_cycles"":3,""seq_meas"":""True"",""seq_ops"":""True"",""swapLRC"":""False""}",
        17,         0,         0,    6.68,bposd,14555660f0e1698bf981b2f3b692ea34d92f6c6a1ee8c83ab9230ef68cf27946,"{""A"":""x2y0+x8y1"",""B"":""x0y1+x4y1+x14y1"",""b"":""X"",""d"":8,""excl_opp_detectors"":""True"",""k"":4,""l"":15,""leak_heralds"":""False"",""leak_repump"":""True"",""leakage"":""True"",""loss"":""True"",""m"":2,""n"":60,""noise"":""rl_helios"",""p"":0.003,""prllel_1q"":16,""prllel_2q"":4,""r"":20,""repump_cycles"":3,""seq_meas"":""True"",""seq_ops"":""True"",""swapLRC"":""False""}",
         8,         0,         0,    2.00,bposd,d2e31a876ff9ab44086a0403902670ab7f3daf025f64a4ada3171d61ce3ff2f5,"{""A"":""x2y0+x8y1"",""B"":""x0y1+x4y1+x14y1"",""b"":""X"",""d"":8,""excl_opp_detectors"":""True"",""k"":4,""l"":15,""leak_heralds"":""False"",""leak_repump"":""True"",""leakage"":""True"",""loss"":""True"",""m"":2,""n"":60,""noise"":""rl_helios"",""p"":0.002,""prllel_1q"":16,""prllel_2q"":4,""r"":20,""repump_cycles"":3,""seq_meas"":""True"",""seq_ops"":""True"",""swapLRC"":""False""}",
         8,         0,         0,   0.873,bposd,d6466f1f2401ef78211b48d2724c0f28b872cf57bdff80ba7079cbc781acfd49,"{""A"":""x0y0+x1y0"",""B"":""x0y0+x0y1+x3y2"",""b"":""X"",""d"":7,""excl_opp_detectors"":""True"",""k"":4,""l"":8,""leak_heralds"":""False"",""leak_repump"":""True"",""leakage"":""True"",""loss"":""True"",""m"":3,""n"":48,""noise"":""rl_helios"",""p"":0.002,""prllel_1q"":16,""prllel_2q"":4,""r"":20,""repump_cycles"":3,""seq_meas"":""True"",""seq_ops"":""True"",""swapLRC"":""False""}",
         2,         0,         0,   0.825,bposd,14555660f0e1698bf981b2f3b692ea34d92f6c6a1ee8c83ab9230ef68cf27946,"{""A"":""x2y0+x8y1"",""B"":""x0y1+x4y1+x14y1"",""b"":""X"",""d"":8,""excl_opp_detectors"":""True"",""k"":4,""l"":15,""leak_heralds"":""False"",""leak_repump"":""True"",""leakage"":""True"",""loss"":""True"",""m"":2,""n"":60,""noise"":""rl_helios"",""p"":0.003,""prllel_1q"":16,""prllel_2q"":4,""r"":20,""repump_cycles"":3,""seq_meas"":""True"",""seq_ops"":""True"",""swapLRC"":""False""}",
       128,         0,         0,    4.58,bposd,6d1ddacfb3af8946e01e6fa1f4a73feb1ff89b1e055e733a9f2c9e62f953590b,"{""A"":""x0y0+x1y0"",""B"":""x0y0+x0y1+x3y2"",""b"":""X"",""d"":7,""excl_opp_detectors"":""True"",""k"":4,""l"":8,""leak_heralds"":""False"",""leak_repump"":""True"",""leakage"":""True"",""loss"":""True"",""m"":3,""n"":48,""noise"":""rl_helios"",""p"":0.001,""prllel_1q"":16,""prllel_2q"":4,""r"":20,""repump_cycles"":3,""seq_meas"":""True"",""seq_ops"":""True"",""swapLRC"":""False""}",
       128,         0,         0,    2.70,bposd,6d1ddacfb3af8946e01e6fa1f4a73feb1ff89b1e055e733a9f2c9e62f953590b,"{""A"":""x0y0+x1y0"",""B"":""x0y0+x0y1+x3y2"",""b"":""X"",""d"":7,""excl_opp_detectors"":""True"",""k"":4,""l"":8,""leak_heralds"":""False"",""leak_repump"":""True"",""leakage"":""True"",""loss"":""True"",""m"":3,""n"":48,""noise"":""rl_helios"",""p"":0.001,""prllel_1q"":16,""prllel_2q"":4,""r"":20,""repump_cycles"":3,""seq_meas"":""True"",""seq_ops"":""True"",""swapLRC"":""False""}",
         4,         1,         0,   0.671,bposd,363dbbe25c5091f9c41c5f79d383c415bc6a447daa00d35e45a6d7d40ccf4257,"{""A"":""x0y0+x1y0"",""B"":""x0y0+x0y1+x3y2"",""b"":""X"",""d"":7,""excl_opp_detectors"":""True"",""k"":4,""l"":8,""leak_heralds"":""False"",""leak_repump"":""True"",""leakage"":""True"",""loss"":""True"",""m"":3,""n"":48,""noise"":""rl_helios"",""p"":0.003,""prllel_1q"":16,""prllel_2q"":4,""r"":20,""repump_cycles"":3,""seq_meas"":""True"",""seq_ops"":""True"",""swapLRC"":""False""}",
        64,         0,         0,    1.96,bposd,6d1ddacfb3af8946e01e6fa1f4a73feb1ff89b1e055e733a9f2c9e62f953590b,"{""A"":""x0y0+x1y0"",""B"":""x0y0+x0y1+x3y2"",""b"":""X"",""d"":7,""excl_opp_detectors"":""True"",""k"":4,""l"":8,""leak_heralds"":""False"",""leak_repump"":""True"",""leakage"":""True"",""loss"":""True"",""m"":3,""n"":48,""noise"":""rl_helios"",""p"":0.001,""prllel_1q"":16,""prllel_2q"":4,""r"":20,""repump_cycles"":3,""seq_meas"":""True"",""seq_ops"":""True"",""swapLRC"":""False""}",
         8,         0,         0,   0.900,bposd,14555660f0e1698bf981b2f3b692ea34d92f6c6a1ee8c83ab9230ef68cf27946,"{""A"":""x2y0+x8y1"",""B"":""x0y1+x4y1+x14y1"",""b"":""X"",""d"":8,""excl_opp_detectors"":""True"",""k"":4,""l"":15,""leak_heralds"":""False"",""leak_repump"":""True"",""leakage"":""True"",""loss"":""True"",""m"":2,""n"":60,""noise"":""rl_helios"",""p"":0.003,""prllel_1q"":16,""prllel_2q"":4,""r"":20,""repump_cycles"":3,""seq_meas"":""True"",""seq_ops"":""True"",""swapLRC"":""False""}",
         4,         0,         0,    1.33,bposd,363dbbe25c5091f9c41c5f79d383c415bc6a447daa00d35e45a6d7d40ccf4257,"{""A"":""x0y0+x1y0"",""B"":""x0y0+x0y1+x3y2"",""b"":""X"",""d"":7,""excl_opp_detectors"":""True"",""k"":4,""l"":8,""leak_heralds"":""False"",""leak_repump"":""True"",""leakage"":""True"",""loss"":""True"",""m"":3,""n"":48,""noise"":""rl_helios"",""p"":0.003,""prllel_1q"":16,""prllel_2q"":4,""r"":20,""repump_cycles"":3,""seq_meas"":""True"",""seq_ops"":""True"",""swapLRC"":""False""}",
        64,         0,         0,   0.770,bposd,6d1ddacfb3af8946e01e6fa1f4a73feb1ff89b1e055e733a9f2c9e62f953590b,"{""A"":""x0y0+x1y0"",""B"":""x0y0+x0y1+x3y2"",""b"":""X"",""d"":7,""excl_opp_detectors"":""True"",""k"":4,""l"":8,""leak_heralds"":""False"",""leak_repump"":""True"",""leakage"":""True"",""loss"":""True"",""m"":3,""n"":48,""noise"":""rl_helios"",""p"":0.001,""prllel_1q"":16,""prllel_2q"":4,""r"":20,""repump_cycles"":3,""seq_meas"":""True"",""seq_ops"":""True"",""swapLRC"":""False""}",
         4,         0,         0,   0.708,bposd,363dbbe25c5091f9c41c5f79d383c415bc6a447daa00d35e45a6d7d40ccf4257,"{""A"":""x0y0+x1y0"",""B"":""x0y0+x0y1+x3y2"",""b"":""X"",""d"":7,""excl_opp_detectors"":""True"",""k"":4,""l"":8,""leak_heralds"":""False"",""leak_repump"":""True"",""leakage"":""True"",""loss"":""True"",""m"":3,""n"":48,""noise"":""rl_helios"",""p"":0.003,""prllel_1q"":16,""prllel_2q"":4,""r"":20,""repump_cycles"":3,""seq_meas"":""True"",""seq_ops"":""True"",""swapLRC"":""False""}",
        32,         0,         0,   0.710,bposd,6d1ddacfb3af8946e01e6fa1f4a73feb1ff89b1e055e733a9f2c9e62f953590b,"{""A"":""x0y0+x1y0"",""B"":""x0y0+x0y1+x3y2"",""b"":""X"",""d"":7,""excl_opp_detectors"":""True"",""k"":4,""l"":8,""leak_heralds"":""False"",""leak_repump"":""True"",""leakage"":""True"",""loss"":""True"",""m"":3,""n"":48,""noise"":""rl_helios"",""p"":0.001,""prllel_1q"":16,""prllel_2q"":4,""r"":20,""repump_cycles"":3,""seq_meas"":""True"",""seq_ops"":""True"",""swapLRC"":""False""}",
        64,         0,         0,    7.04,bposd,d2e31a876ff9ab44086a0403902670ab7f3daf025f64a4ada3171d61ce3ff2f5,"{""A"":""x2y0+x8y1"",""B"":""x0y1+x4y1+x14y1"",""b"":""X"",""d"":8,""excl_opp_detectors"":""True"",""k"":4,""l"":15,""leak_heralds"":""False"",""leak_repump"":""True"",""leakage"":""True"",""loss"":""True"",""m"":2,""n"":60,""noise"":""rl_helios"",""p"":0.002,""prllel_1q"":16,""prllel_2q"":4,""r"":20,""repump_cycles"":3,""seq_meas"":""True"",""seq_ops"":""True"",""swapLRC"":""False""}",
         8,         0,         0,    3.08,bposd,d2e31a876ff9ab44086a0403902670ab7f3daf025f64a4ada3171d61ce3ff2f5,"{""A"":""x2y0+x8y1"",""B"":""x0y1+x4y1+x14y1"",""b"":""X"",""d"":8,""excl_opp_detectors"":""True"",""k"":4,""l"":15,""leak_heralds"":""False"",""leak_repump"":""True"",""leakage"":""True"",""loss"":""True"",""m"":2,""n"":60,""noise"":""rl_helios"",""p"":0.002,""prllel_1q"":16,""prllel_2q"":4,""r"":20,""repump_cycles"":3,""seq_meas"":""True"",""seq_ops"":""True"",""swapLRC"":""False""}",
       128,         0,         0,    5.10,bposd,fc034e74c25f52c7dca5bec3ced3fbedd720fbeb24afc199749aab9c2019f874,"{""A"":""x2y0+x8y1"",""B"":""x0y1+x4y1+x14y1"",""b"":""X"",""d"":8,""excl_opp_detectors"":""True"",""k"":4,""l"":15,""leak_heralds"":""False"",""leak_repump"":""True"",""leakage"":""True"",""loss"":""True"",""m"":2,""n"":60,""noise"":""rl_helios"",""p"":0.001,""prllel_1q"":16,""prllel_2q"":4,""r"":20,""repump_cycles"":3,""seq_meas"":""True"",""seq_ops"":""True"",""swapLRC"":""False""}",
        64,         0,         0,    1.46,bposd,6d1ddacfb3af8946e01e6fa1f4a73feb1ff89b1e055e733a9f2c9e62f953590b,"{""A"":""x0y0+x1y0"",""B"":""x0y0+x0y1+x3y2"",""b"":""X"",""d"":7,""excl_opp_detectors"":""True"",""k"":4,""l"":8,""leak_heralds"":""False"",""leak_repump"":""True"",""leakage"":""True"",""loss"":""True"",""m"":3,""n"":48,""noise"":""rl_helios"",""p"":0.001,""prllel_1q"":16,""prllel_2q"":4,""r"":20,""repump_cycles"":3,""seq_meas"":""True"",""seq_ops"":""True"",""swapLRC"":""False""}",
        64,         0,         0,   0.224,bposd,fc034e74c25f52c7dca5bec3ced3fbedd720fbeb24afc199749aab9c2019f874,"{""A"":""x2y0+x8y1"",""B"":""x0y1+x4y1+x14y1"",""b"":""X"",""d"":8,""excl_opp_detectors"":""True"",""k"":4,""l"":15,""leak_heralds"":""False"",""leak_repump"":""True"",""leakage"":""True"",""loss"":""True"",""m"":2,""n"":60,""noise"":""rl_helios"",""p"":0.001,""prllel_1q"":16,""prllel_2q"":4,""r"":20,""repump_cycles"":3,""seq_meas"":""True"",""seq_ops"":""True"",""swapLRC"":""False""}",
        17,         0,         0,    3.84,bposd,14555660f0e1698bf981b2f3b692ea34d92f6c6a1ee8c83ab9230ef68cf27946,"{""A"":""x2y0+x8y1"",""B"":""x0y1+x4y1+x14y1"",""b"":""X"",""d"":8,""excl_opp_detectors"":""True"",""k"":4,""l"":15,""leak_heralds"":""False"",""leak_repump"":""True"",""leakage"":""True"",""loss"":""True"",""m"":2,""n"":60,""noise"":""rl_helios"",""p"":0.003,""prllel_1q"":16,""prllel_2q"":4,""r"":20,""repump_cycles"":3,""seq_meas"":""True"",""seq_ops"":""True"",""swapLRC"":""False""}",
         4,         0,         0,   0.692,bposd,363dbbe25c5091f9c41c5f79d383c415bc6a447daa00d35e45a6d7d40ccf4257,"{""A"":""x0y0+x1y0"",""B"":""x0y0+x0y1+x3y2"",""b"":""X"",""d"":7,""excl_opp_detectors"":""True"",""k"":4,""l"":8,""leak_heralds"":""False"",""leak_repump"":""True"",""leakage"":""True"",""loss"":""True"",""m"":3,""n"":48,""noise"":""rl_helios"",""p"":0.003,""prllel_1q"":16,""prllel_2q"":4,""r"":20,""repump_cycles"":3,""seq_meas"":""True"",""seq_ops"":""True"",""swapLRC"":""False""}",
       544,         0,         0,    7.58,bposd,6d1ddacfb3af8946e01e6fa1f4a73feb1ff89b1e055e733a9f2c9e62f953590b,"{""A"":""x0y0+x1y0"",""B"":""x0y0+x0y1+x3y2"",""b"":""X"",""d"":7,""excl_opp_detectors"":""True"",""k"":4,""l"":8,""leak_heralds"":""False"",""leak_repump"":""True"",""leakage"":""True"",""loss"":""True"",""m"":3,""n"":48,""noise"":""rl_helios"",""p"":0.001,""prllel_1q"":16,""prllel_2q"":4,""r"":20,""repump_cycles"":3,""seq_meas"":""True"",""seq_ops"":""True"",""swapLRC"":""False""}",
        32,         2,         0,    3.33,bposd,d6466f1f2401ef78211b48d2724c0f28b872cf57bdff80ba7079cbc781acfd49,"{""A"":""x0y0+x1y0"",""B"":""x0y0+x0y1+x3y2"",""b"":""X"",""d"":7,""excl_opp_detectors"":""True"",""k"":4,""l"":8,""leak_heralds"":""False"",""leak_repump"":""True"",""leakage"":""True"",""loss"":""True"",""m"":3,""n"":48,""noise"":""rl_helios"",""p"":0.002,""prllel_1q"":16,""prllel_2q"":4,""r"":20,""repump_cycles"":3,""seq_meas"":""True"",""seq_ops"":""True"",""swapLRC"":""False""}",
       256,         0,         0,    9.22,bposd,fc034e74c25f52c7dca5bec3ced3fbedd720fbeb24afc199749aab9c2019f874,"{""A"":""x2y0+x8y1"",""B"":""x0y1+x4y1+x14y1"",""b"":""X"",""d"":8,""excl_opp_detectors"":""True"",""k"":4,""l"":15,""leak_heralds"":""False"",""leak_repump"":""True"",""leakage"":""True"",""loss"":""True"",""m"":2,""n"":60,""noise"":""rl_helios"",""p"":0.001,""prllel_1q"":16,""prllel_2q"":4,""r"":20,""repump_cycles"":3,""seq_meas"":""True"",""seq_ops"":""True"",""swapLRC"":""False""}",
        68,         0,         0,    5.81,bposd,d6466f1f2401ef78211b48d2724c0f28b872cf57bdff80ba7079cbc781acfd49,"{""A"":""x0y0+x1y0"",""B"":""x0y0+x0y1+x3y2"",""b"":""X"",""d"":7,""excl_opp_detectors"":""True"",""k"":4,""l"":8,""leak_heralds"":""False"",""leak_repump"":""True"",""leakage"":""True"",""loss"":""True"",""m"":3,""n"":48,""noise"":""rl_helios"",""p"":0.002,""prllel_1q"":16,""prllel_2q"":4,""r"":20,""repump_cycles"":3,""seq_meas"":""True"",""seq_ops"":""True"",""swapLRC"":""False""}",
         8,         2,         0,    6.16,bposd,14555660f0e1698bf981b2f3b692ea34d92f6c6a1ee8c83ab9230ef68cf27946,"{""A"":""x2y0+x8y1"",""B"":""x0y1+x4y1+x14y1"",""b"":""X"",""d"":8,""excl_opp_detectors"":""True"",""k"":4,""l"":15,""leak_heralds"":""False"",""leak_repump"":""True"",""leakage"":""True"",""loss"":""True"",""m"":2,""n"":60,""noise"":""rl_helios"",""p"":0.003,""prllel_1q"":16,""prllel_2q"":4,""r"":20,""repump_cycles"":3,""seq_meas"":""True"",""seq_ops"":""True"",""swapLRC"":""False""}",
         8,         0,         0,   0.927,bposd,14555660f0e1698bf981b2f3b692ea34d92f6c6a1ee8c83ab9230ef68cf27946,"{""A"":""x2y0+x8y1"",""B"":""x0y1+x4y1+x14y1"",""b"":""X"",""d"":8,""excl_opp_detectors"":""True"",""k"":4,""l"":15,""leak_heralds"":""False"",""leak_repump"":""True"",""leakage"":""True"",""loss"":""True"",""m"":2,""n"":60,""noise"":""rl_helios"",""p"":0.003,""prllel_1q"":16,""prllel_2q"":4,""r"":20,""repump_cycles"":3,""seq_meas"":""True"",""seq_ops"":""True"",""swapLRC"":""False""}",
        32,         0,         0,    1.71,bposd,d2e31a876ff9ab44086a0403902670ab7f3daf025f64a4ada3171d61ce3ff2f5,"{""A"":""x2y0+x8y1"",""B"":""x0y1+x4y1+x14y1"",""b"":""X"",""d"":8,""excl_opp_detectors"":""True"",""k"":4,""l"":15,""leak_heralds"":""False"",""leak_repump"":""True"",""leakage"":""True"",""loss"":""True"",""m"":2,""n"":60,""noise"":""rl_helios"",""p"":0.002,""prllel_1q"":16,""prllel_2q"":4,""r"":20,""repump_cycles"":3,""seq_meas"":""True"",""seq_ops"":""True"",""swapLRC"":""False""}",
        64,         0,         0,    1.79,bposd,6d1ddacfb3af8946e01e6fa1f4a73feb1ff89b1e055e733a9f2c9e62f953590b,"{""A"":""x0y0+x1y0"",""B"":""x0y0+x0y1+x3y2"",""b"":""X"",""d"":7,""excl_opp_detectors"":""True"",""k"":4,""l"":8,""leak_heralds"":""False"",""leak_repump"":""True"",""leakage"":""True"",""loss"":""True"",""m"":3,""n"":48,""noise"":""rl_helios"",""p"":0.001,""prllel_1q"":16,""prllel_2q"":4,""r"":20,""repump_cycles"":3,""seq_meas"":""True"",""seq_ops"":""True"",""swapLRC"":""False""}",
         8,         0,         0,    2.44,bposd,14555660f0e1698bf981b2f3b692ea34d92f6c6a1ee8c83ab9230ef68cf27946,"{""A"":""x2y0+x8y1"",""B"":""x0y1+x4y1+x14y1"",""b"":""X"",""d"":8,""excl_opp_detectors"":""True"",""k"":4,""l"":15,""leak_heralds"":""False"",""leak_repump"":""True"",""leakage"":""True"",""loss"":""True"",""m"":2,""n"":60,""noise"":""rl_helios"",""p"":0.003,""prllel_1q"":16,""prllel_2q"":4,""r"":20,""repump_cycles"":3,""seq_meas"":""True"",""seq_ops"":""True"",""swapLRC"":""False""}",
         8,         1,         0,    4.74,bposd,14555660f0e1698bf981b2f3b692ea34d92f6c6a1ee8c83ab9230ef68cf27946,"{""A"":""x2y0+x8y1"",""B"":""x0y1+x4y1+x14y1"",""b"":""X"",""d"":8,""excl_opp_detectors"":""True"",""k"":4,""l"":15,""leak_heralds"":""False"",""leak_repump"":""True"",""leakage"":""True"",""loss"":""True"",""m"":2,""n"":60,""noise"":""rl_helios"",""p"":0.003,""prllel_1q"":16,""prllel_2q"":4,""r"":20,""repump_cycles"":3,""seq_meas"":""True"",""seq_ops"":""True"",""swapLRC"":""False""}",
       128,         0,         0,    3.67,bposd,fc034e74c25f52c7dca5bec3ced3fbedd720fbeb24afc199749aab9c2019f874,"{""A"":""x2y0+x8y1"",""B"":""x0y1+x4y1+x14y1"",""b"":""X"",""d"":8,""excl_opp_detectors"":""True"",""k"":4,""l"":15,""leak_heralds"":""False"",""leak_repump"":""True"",""leakage"":""True"",""loss"":""True"",""m"":2,""n"":60,""noise"":""rl_helios"",""p"":0.001,""prllel_1q"":16,""prllel_2q"":4,""r"":20,""repump_cycles"":3,""seq_meas"":""True"",""seq_ops"":""True"",""swapLRC"":""False""}",
         4,         0,         0,    1.81,bposd,363dbbe25c5091f9c41c5f79d383c415bc6a447daa00d35e45a6d7d40ccf4257,"{""A"":""x0y0+x1y0"",""B"":""x0y0+x0y1+x3y2"",""b"":""X"",""d"":7,""excl_opp_detectors"":""True"",""k"":4,""l"":8,""leak_heralds"":""False"",""leak_repump"":""True"",""leakage"":""True"",""loss"":""True"",""m"":3,""n"":48,""noise"":""rl_helios"",""p"":0.003,""prllel_1q"":16,""prllel_2q"":4,""r"":20,""repump_cycles"":3,""seq_meas"":""True"",""seq_ops"":""True"",""swapLRC"":""False""}",
        32,         0,         0,   0.832,bposd,6d1ddacfb3af8946e01e6fa1f4a73feb1ff89b1e055e733a9f2c9e62f953590b,"{""A"":""x0y0+x1y0"",""B"":""x0y0+x0y1+x3y2"",""b"":""X"",""d"":7,""excl_opp_detectors"":""True"",""k"":4,""l"":8,""leak_heralds"":""False"",""leak_repump"":""True"",""leakage"":""True"",""loss"":""True"",""m"":3,""n"":48,""noise"":""rl_helios"",""p"":0.001,""prllel_1q"":16,""prllel_2q"":4,""r"":20,""repump_cycles"":3,""seq_meas"":""True"",""seq_ops"":""True"",""swapLRC"":""False""}",
       128,         0,         0,    4.21,bposd,6d1ddacfb3af8946e01e6fa1f4a73feb1ff89b1e055e733a9f2c9e62f953590b,"{""A"":""x0y0+x1y0"",""B"":""x0y0+x0y1+x3y2"",""b"":""X"",""d"":7,""excl_opp_detectors"":""True"",""k"":4,""l"":8,""leak_heralds"":""False"",""leak_repump"":""True"",""leakage"":""True"",""loss"":""True"",""m"":3,""n"":48,""noise"":""rl_helios"",""p"":0.001,""prllel_1q"":16,""prllel_2q"":4,""r"":20,""repump_cycles"":3,""seq_meas"":""True"",""seq_ops"":""True"",""swapLRC"":""False""}",
        64,         0,         0,   0.355,bposd,fc034e74c25f52c7dca5bec3ced3fbedd720fbeb24afc199749aab9c2019f874,"{""A"":""x2y0+x8y1"",""B"":""x0y1+x4y1+x14y1"",""b"":""X"",""d"":8,""excl_opp_detectors"":""True"",""k"":4,""l"":15,""leak_heralds"":""False"",""leak_repump"":""True"",""leakage"":""True"",""loss"":""True"",""m"":2,""n"":60,""noise"":""rl_helios"",""p"":0.001,""prllel_1q"":16,""prllel_2q"":4,""r"":20,""repump_cycles"":3,""seq_meas"":""True"",""seq_ops"":""True"",""swapLRC"":""False""}",
        16,         0,         0,    1.48,bposd,d6466f1f2401ef78211b48d2724c0f28b872cf57bdff80ba7079cbc781acfd49,"{""A"":""x0y0+x1y0"",""B"":""x0y0+x0y1+x3y2"",""b"":""X"",""d"":7,""excl_opp_detectors"":""True"",""k"":4,""l"":8,""leak_heralds"":""False"",""leak_repump"":""True"",""leakage"":""True"",""loss"":""True"",""m"":3,""n"":48,""noise"":""rl_helios"",""p"":0.002,""prllel_1q"":16,""prllel_2q"":4,""r"":20,""repump_cycles"":3,""seq_meas"":""True"",""seq_ops"":""True"",""swapLRC"":""False""}",
        17,         1,         0,    4.16,bposd,14555660f0e1698bf981b2f3b692ea34d92f6c6a1ee8c83ab9230ef68cf27946,"{""A"":""x2y0+x8y1"",""B"":""x0y1+x4y1+x14y1"",""b"":""X"",""d"":8,""excl_opp_detectors"":""True"",""k"":4,""l"":15,""leak_heralds"":""False"",""leak_repump"":""True"",""leakage"":""True"",""loss"":""True"",""m"":2,""n"":60,""noise"":""rl_helios"",""p"":0.003,""prllel_1q"":16,""prllel_2q"":4,""r"":20,""repump_cycles"":3,""seq_meas"":""True"",""seq_ops"":""True"",""swapLRC"":""False""}",
       256,         0,         0,    10.3,bposd,fc034e74c25f52c7dca5bec3ced3fbedd720fbeb24afc199749aab9c2019f874,"{""A"":""x2y0+x8y1"",""B"":""x0y1+x4y1+x14y1"",""b"":""X"",""d"":8,""excl_opp_detectors"":""True"",""k"":4,""l"":15,""leak_heralds"":""False"",""leak_repump"":""True"",""leakage"":""True"",""loss"":""True"",""m"":2,""n"":60,""noise"":""rl_helios"",""p"":0.001,""prllel_1q"":16,""prllel_2q"":4,""r"":20,""repump_cycles"":3,""seq_meas"":""True"",""seq_ops"":""True"",""swapLRC"":""False""}",
         2,         0,         0,   0.671,bposd,363dbbe25c5091f9c41c5f79d383c415bc6a447daa00d35e45a6d7d40ccf4257,"{""A"":""x0y0+x1y0"",""B"":""x0y0+x0y1+x3y2"",""b"":""X"",""d"":7,""excl_opp_detectors"":""True"",""k"":4,""l"":8,""leak_heralds"":""False"",""leak_repump"":""True"",""leakage"":""True"",""loss"":""True"",""m"":3,""n"":48,""noise"":""rl_helios"",""p"":0.003,""prllel_1q"":16,""prllel_2q"":4,""r"":20,""repump_cycles"":3,""seq_meas"":""True"",""seq_ops"":""True"",""swapLRC"":""False""}",
         4,         0,         0,    1.68,bposd,14555660f0e1698bf981b2f3b692ea34d92f6c6a1ee8c83ab9230ef68cf27946,"{""A"":""x2y0+x8y1"",""B"":""x0y1+x4y1+x14y1"",""b"":""X"",""d"":8,""excl_opp_detectors"":""True"",""k"":4,""l"":15,""leak_heralds"":""False"",""leak_repump"":""True"",""leakage"":""True"",""loss"":""True"",""m"":2,""n"":60,""noise"":""rl_helios"",""p"":0.003,""prllel_1q"":16,""prllel_2q"":4,""r"":20,""repump_cycles"":3,""seq_meas"":""True"",""seq_ops"":""True"",""swapLRC"":""False""}",
         2,         0,         0,   0.039,bposd,14555660f0e1698bf981b2f3b692ea34d92f6c6a1ee8c83ab9230ef68cf27946,"{""A"":""x2y0+x8y1"",""B"":""x0y1+x4y1+x14y1"",""b"":""X"",""d"":8,""excl_opp_detectors"":""True"",""k"":4,""l"":15,""leak_heralds"":""False"",""leak_repump"":""True"",""leakage"":""True"",""loss"":""True"",""m"":2,""n"":60,""noise"":""rl_helios"",""p"":0.003,""prllel_1q"":16,""prllel_2q"":4,""r"":20,""repump_cycles"":3,""seq_meas"":""True"",""seq_ops"":""True"",""swapLRC"":""False""}",
        32,         0,         0,   0.678,bposd,6d1ddacfb3af8946e01e6fa1f4a73feb1ff89b1e055e733a9f2c9e62f953590b,"{""A"":""x0y0+x1y0"",""B"":""x0y0+x0y1+x3y2"",""b"":""X"",""d"":7,""excl_opp_detectors"":""True"",""k"":4,""l"":8,""leak_heralds"":""False"",""leak_repump"":""True"",""leakage"":""True"",""loss"":""True"",""m"":3,""n"":48,""noise"":""rl_helios"",""p"":0.001,""prllel_1q"":16,""prllel_2q"":4,""r"":20,""repump_cycles"":3,""seq_meas"":""True"",""seq_ops"":""True"",""swapLRC"":""False""}",
        68,         0,         0,    7.43,bposd,d2e31a876ff9ab44086a0403902670ab7f3daf025f64a4ada3171d61ce3ff2f5,"{""A"":""x2y0+x8y1"",""B"":""x0y1+x4y1+x14y1"",""b"":""X"",""d"":8,""excl_opp_detectors"":""True"",""k"":4,""l"":15,""leak_heralds"":""False"",""leak_repump"":""True"",""leakage"":""True"",""loss"":""True"",""m"":2,""n"":60,""noise"":""rl_helios"",""p"":0.002,""prllel_1q"":16,""prllel_2q"":4,""r"":20,""repump_cycles"":3,""seq_meas"":""True"",""seq_ops"":""True"",""swapLRC"":""False""}",
        64,         0,         0,   0.701,bposd,6d1ddacfb3af8946e01e6fa1f4a73feb1ff89b1e055e733a9f2c9e62f953590b,"{""A"":""x0y0+x1y0"",""B"":""x0y0+x0y1+x3y2"",""b"":""X"",""d"":7,""excl_opp_detectors"":""True"",""k"":4,""l"":8,""leak_heralds"":""False"",""leak_repump"":""True"",""leakage"":""True"",""loss"":""True"",""m"":3,""n"":48,""noise"":""rl_helios"",""p"":0.001,""prllel_1q"":16,""prllel_2q"":4,""r"":20,""repump_cycles"":3,""seq_meas"":""True"",""seq_ops"":""True"",""swapLRC"":""False""}",
        16,         0,         0,    1.69,bposd,d2e31a876ff9ab44086a0403902670ab7f3daf025f64a4ada3171d61ce3ff2f5,"{""A"":""x2y0+x8y1"",""B"":""x0y1+x4y1+x14y1"",""b"":""X"",""d"":8,""excl_opp_detectors"":""True"",""k"":4,""l"":15,""leak_heralds"":""False"",""leak_repump"":""True"",""leakage"":""True"",""loss"":""True"",""m"":2,""n"":60,""noise"":""rl_helios"",""p"":0.002,""prllel_1q"":16,""prllel_2q"":4,""r"":20,""repump_cycles"":3,""seq_meas"":""True"",""seq_ops"":""True"",""swapLRC"":""False""}",
        64,         0,         0,    5.42,bposd,d6466f1f2401ef78211b48d2724c0f28b872cf57bdff80ba7079cbc781acfd49,"{""A"":""x0y0+x1y0"",""B"":""x0y0+x0y1+x3y2"",""b"":""X"",""d"":7,""excl_opp_detectors"":""True"",""k"":4,""l"":8,""leak_heralds"":""False"",""leak_repump"":""True"",""leakage"":""True"",""loss"":""True"",""m"":3,""n"":48,""noise"":""rl_helios"",""p"":0.002,""prllel_1q"":16,""prllel_2q"":4,""r"":20,""repump_cycles"":3,""seq_meas"":""True"",""seq_ops"":""True"",""swapLRC"":""False""}",
        18,         2,         0,    4.78,bposd,14555660f0e1698bf981b2f3b692ea34d92f6c6a1ee8c83ab9230ef68cf27946,"{""A"":""x2y0+x8y1"",""B"":""x0y1+x4y1+x14y1"",""b"":""X"",""d"":8,""excl_opp_detectors"":""True"",""k"":4,""l"":15,""leak_heralds"":""False"",""leak_repump"":""True"",""leakage"":""True"",""loss"":""True"",""m"":2,""n"":60,""noise"":""rl_helios"",""p"":0.003,""prllel_1q"":16,""prllel_2q"":4,""r"":20,""repump_cycles"":3,""seq_meas"":""True"",""seq_ops"":""True"",""swapLRC"":""False""}",
        32,         0,         0,   0.634,bposd,6d1ddacfb3af8946e01e6fa1f4a73feb1ff89b1e055e733a9f2c9e62f953590b,"{""A"":""x0y0+x1y0"",""B"":""x0y0+x0y1+x3y2"",""b"":""X"",""d"":7,""excl_opp_detectors"":""True"",""k"":4,""l"":8,""leak_heralds"":""False"",""leak_repump"":""True"",""leakage"":""True"",""loss"":""True"",""m"":3,""n"":48,""noise"":""rl_helios"",""p"":0.001,""prllel_1q"":16,""prllel_2q"":4,""r"":20,""repump_cycles"":3,""seq_meas"":""True"",""seq_ops"":""True"",""swapLRC"":""False""}",
         6,         0,         0,   0.854,bposd,363dbbe25c5091f9c41c5f79d383c415bc6a447daa00d35e45a6d7d40ccf4257,"{""A"":""x0y0+x1y0"",""B"":""x0y0+x0y1+x3y2"",""b"":""X"",""d"":7,""excl_opp_detectors"":""True"",""k"":4,""l"":8,""leak_heralds"":""False"",""leak_repump"":""True"",""leakage"":""True"",""loss"":""True"",""m"":3,""n"":48,""noise"":""rl_helios"",""p"":0.003,""prllel_1q"":16,""prllel_2q"":4,""r"":20,""repump_cycles"":3,""seq_meas"":""True"",""seq_ops"":""True"",""swapLRC"":""False""}",
         8,         0,         0,    1.31,bposd,d6466f1f2401ef78211b48d2724c0f28b872cf57bdff80ba7079cbc781acfd49,"{""A"":""x0y0+x1y0"",""B"":""x0y0+x0y1+x3y2"",""b"":""X"",""d"":7,""excl_opp_detectors"":""True"",""k"":4,""l"":8,""leak_heralds"":""False"",""leak_repump"":""True"",""leakage"":""True"",""loss"":""True"",""m"":3,""n"":48,""noise"":""rl_helios"",""p"":0.002,""prllel_1q"":16,""prllel_2q"":4,""r"":20,""repump_cycles"":3,""seq_meas"":""True"",""seq_ops"":""True"",""swapLRC"":""False""}",
       128,         1,         0,    1.01,bposd,fc034e74c25f52c7dca5bec3ced3fbedd720fbeb24afc199749aab9c2019f874,"{""A"":""x2y0+x8y1"",""B"":""x0y1+x4y1+x14y1"",""b"":""X"",""d"":8,""excl_opp_detectors"":""True"",""k"":4,""l"":15,""leak_heralds"":""False"",""leak_repump"":""True"",""leakage"":""True"",""loss"":""True"",""m"":2,""n"":60,""noise"":""rl_helios"",""p"":0.001,""prllel_1q"":16,""prllel_2q"":4,""r"":20,""repump_cycles"":3,""seq_meas"":""True"",""seq_ops"":""True"",""swapLRC"":""False""}",
        34,         1,         0,    4.26,bposd,363dbbe25c5091f9c41c5f79d383c415bc6a447daa00d35e45a6d7d40ccf4257,"{""A"":""x0y0+x1y0"",""B"":""x0y0+x0y1+x3y2"",""b"":""X"",""d"":7,""excl_opp_detectors"":""True"",""k"":4,""l"":8,""leak_heralds"":""False"",""leak_repump"":""True"",""leakage"":""True"",""loss"":""True"",""m"":3,""n"":48,""noise"":""rl_helios"",""p"":0.003,""prllel_1q"":16,""prllel_2q"":4,""r"":20,""repump_cycles"":3,""seq_meas"":""True"",""seq_ops"":""True"",""swapLRC"":""False""}",
        32,         0,         0,    2.83,bposd,d6466f1f2401ef78211b48d2724c0f28b872cf57bdff80ba7079cbc781acfd49,"{""A"":""x0y0+x1y0"",""B"":""x0y0+x0y1+x3y2"",""b"":""X"",""d"":7,""excl_opp_detectors"":""True"",""k"":4,""l"":8,""leak_heralds"":""False"",""leak_repump"":""True"",""leakage"":""True"",""loss"":""True"",""m"":3,""n"":48,""noise"":""rl_helios"",""p"":0.002,""prllel_1q"":16,""prllel_2q"":4,""r"":20,""repump_cycles"":3,""seq_meas"":""True"",""seq_ops"":""True"",""swapLRC"":""False""}",
         8,         0,         0,    2.72,bposd,14555660f0e1698bf981b2f3b692ea34d92f6c6a1ee8c83ab9230ef68cf27946,"{""A"":""x2y0+x8y1"",""B"":""x0y1+x4y1+x14y1"",""b"":""X"",""d"":8,""excl_opp_detectors"":""True"",""k"":4,""l"":15,""leak_heralds"":""False"",""leak_repump"":""True"",""leakage"":""True"",""loss"":""True"",""m"":2,""n"":60,""noise"":""rl_helios"",""p"":0.003,""prllel_1q"":16,""prllel_2q"":4,""r"":20,""repump_cycles"":3,""seq_meas"":""True"",""seq_ops"":""True"",""swapLRC"":""False""}",
        68,         3,         0,    9.24,bposd,363dbbe25c5091f9c41c5f79d383c415bc6a447daa00d35e45a6d7d40ccf4257,"{""A"":""x0y0+x1y0"",""B"":""x0y0+x0y1+x3y2"",""b"":""X"",""d"":7,""excl_opp_detectors"":""True"",""k"":4,""l"":8,""leak_heralds"":""False"",""leak_repump"":""True"",""leakage"":""True"",""loss"":""True"",""m"":3,""n"":48,""noise"":""rl_helios"",""p"":0.003,""prllel_1q"":16,""prllel_2q"":4,""r"":20,""repump_cycles"":3,""seq_meas"":""True"",""seq_ops"":""True"",""swapLRC"":""False""}",
        32,         0,         0,   0.642,bposd,6d1ddacfb3af8946e01e6fa1f4a73feb1ff89b1e055e733a9f2c9e62f953590b,"{""A"":""x0y0+x1y0"",""B"":""x0y0+x0y1+x3y2"",""b"":""X"",""d"":7,""excl_opp_detectors"":""True"",""k"":4,""l"":8,""leak_heralds"":""False"",""leak_repump"":""True"",""leakage"":""True"",""loss"":""True"",""m"":3,""n"":48,""noise"":""rl_helios"",""p"":0.001,""prllel_1q"":16,""prllel_2q"":4,""r"":20,""repump_cycles"":3,""seq_meas"":""True"",""seq_ops"":""True"",""swapLRC"":""False""}",
         4,         0,         0,    2.53,bposd,14555660f0e1698bf981b2f3b692ea34d92f6c6a1ee8c83ab9230ef68cf27946,"{""A"":""x2y0+x8y1"",""B"":""x0y1+x4y1+x14y1"",""b"":""X"",""d"":8,""excl_opp_detectors"":""True"",""k"":4,""l"":15,""leak_heralds"":""False"",""leak_repump"":""True"",""leakage"":""True"",""loss"":""True"",""m"":2,""n"":60,""noise"":""rl_helios"",""p"":0.003,""prllel_1q"":16,""prllel_2q"":4,""r"":20,""repump_cycles"":3,""seq_meas"":""True"",""seq_ops"":""True"",""swapLRC"":""False""}",
         4,         0,         0,   0.713,bposd,363dbbe25c5091f9c41c5f79d383c415bc6a447daa00d35e45a6d7d40ccf4257,"{""A"":""x0y0+x1y0"",""B"":""x0y0+x0y1+x3y2"",""b"":""X"",""d"":7,""excl_opp_detectors"":""True"",""k"":4,""l"":8,""leak_heralds"":""False"",""leak_repump"":""True"",""leakage"":""True"",""loss"":""True"",""m"":3,""n"":48,""noise"":""rl_helios"",""p"":0.003,""prllel_1q"":16,""prllel_2q"":4,""r"":20,""repump_cycles"":3,""seq_meas"":""True"",""seq_ops"":""True"",""swapLRC"":""False""}",
        64,         0,         0,    1.50,bposd,6d1ddacfb3af8946e01e6fa1f4a73feb1ff89b1e055e733a9f2c9e62f953590b,"{""A"":""x0y0+x1y0"",""B"":""x0y0+x0y1+x3y2"",""b"":""X"",""d"":7,""excl_opp_detectors"":""True"",""k"":4,""l"":8,""leak_heralds"":""False"",""leak_repump"":""True"",""leakage"":""True"",""loss"":""True"",""m"":3,""n"":48,""noise"":""rl_helios"",""p"":0.001,""prllel_1q"":16,""prllel_2q"":4,""r"":20,""repump_cycles"":3,""seq_meas"":""True"",""seq_ops"":""True"",""swapLRC"":""False""}",
       256,         0,         0,    4.12,bposd,6d1ddacfb3af8946e01e6fa1f4a73feb1ff89b1e055e733a9f2c9e62f953590b,"{""A"":""x0y0+x1y0"",""B"":""x0y0+x0y1+x3y2"",""b"":""X"",""d"":7,""excl_opp_detectors"":""True"",""k"":4,""l"":8,""leak_heralds"":""False"",""leak_repump"":""True"",""leakage"":""True"",""loss"":""True"",""m"":3,""n"":48,""noise"":""rl_helios"",""p"":0.001,""prllel_1q"":16,""prllel_2q"":4,""r"":20,""repump_cycles"":3,""seq_meas"":""True"",""seq_ops"":""True"",""swapLRC"":""False""}",
       128,         0,         0,   0.112,bposd,6d1ddacfb3af8946e01e6fa1f4a73feb1ff89b1e055e733a9f2c9e62f953590b,"{""A"":""x0y0+x1y0"",""B"":""x0y0+x0y1+x3y2"",""b"":""X"",""d"":7,""excl_opp_detectors"":""True"",""k"":4,""l"":8,""leak_heralds"":""False"",""leak_repump"":""True"",""leakage"":""True"",""loss"":""True"",""m"":3,""n"":48,""noise"":""rl_helios"",""p"":0.001,""prllel_1q"":16,""prllel_2q"":4,""r"":20,""repump_cycles"":3,""seq_meas"":""True"",""seq_ops"":""True"",""swapLRC"":""False""}",
       128,         1,         0,    3.73,bposd,fc034e74c25f52c7dca5bec3ced3fbedd720fbeb24afc199749aab9c2019f874,"{""A"":""x2y0+x8y1"",""B"":""x0y1+x4y1+x14y1"",""b"":""X"",""d"":8,""excl_opp_detectors"":""True"",""k"":4,""l"":15,""leak_heralds"":""False"",""leak_repump"":""True"",""leakage"":""True"",""loss"":""True"",""m"":2,""n"":60,""noise"":""rl_helios"",""p"":0.001,""prllel_1q"":16,""prllel_2q"":4,""r"":20,""repump_cycles"":3,""seq_meas"":""True"",""seq_ops"":""True"",""swapLRC"":""False""}",
         4,         0,         0,    3.01,bposd,14555660f0e1698bf981b2f3b692ea34d92f6c6a1ee8c83ab9230ef68cf27946,"{""A"":""x2y0+x8y1"",""B"":""x0y1+x4y1+x14y1"",""b"":""X"",""d"":8,""excl_opp_detectors"":""True"",""k"":4,""l"":15,""leak_heralds"":""False"",""leak_repump"":""True"",""leakage"":""True"",""loss"":""True"",""m"":2,""n"":60,""noise"":""rl_helios"",""p"":0.003,""prllel_1q"":16,""prllel_2q"":4,""r"":20,""repump_cycles"":3,""seq_meas"":""True"",""seq_ops"":""True"",""swapLRC"":""False""}",
        16,         0,         0,    1.37,bposd,363dbbe25c5091f9c41c5f79d383c415bc6a447daa00d35e45a6d7d40ccf4257,"{""A"":""x0y0+x1y0"",""B"":""x0y0+x0y1+x3y2"",""b"":""X"",""d"":7,""excl_opp_detectors"":""True"",""k"":4,""l"":8,""leak_heralds"":""False"",""leak_repump"":""True"",""leakage"":""True"",""loss"":""True"",""m"":3,""n"":48,""noise"":""rl_helios"",""p"":0.003,""prllel_1q"":16,""prllel_2q"":4,""r"":20,""repump_cycles"":3,""seq_meas"":""True"",""seq_ops"":""True"",""swapLRC"":""False""}",
        32,         0,         0,    2.33,bposd,d2e31a876ff9ab44086a0403902670ab7f3daf025f64a4ada3171d61ce3ff2f5,"{""A"":""x2y0+x8y1"",""B"":""x0y1+x4y1+x14y1"",""b"":""X"",""d"":8,""excl_opp_detectors"":""True"",""k"":4,""l"":15,""leak_heralds"":""False"",""leak_repump"":""True"",""leakage"":""True"",""loss"":""True"",""m"":2,""n"":60,""noise"":""rl_helios"",""p"":0.002,""prllel_1q"":16,""prllel_2q"":4,""r"":20,""repump_cycles"":3,""seq_meas"":""True"",""seq_ops"":""True"",""swapLRC"":""False""}",
        64,         0,         0,    2.98,bposd,fc034e74c25f52c7dca5bec3ced3fbedd720fbeb24afc199749aab9c2019f874,"{""A"":""x2y0+x8y1"",""B"":""x0y1+x4y1+x14y1"",""b"":""X"",""d"":8,""excl_opp_detectors"":""True"",""k"":4,""l"":15,""leak_heralds"":""False"",""leak_repump"":""True"",""leakage"":""True"",""loss"":""True"",""m"":2,""n"":60,""noise"":""rl_helios"",""p"":0.001,""prllel_1q"":16,""prllel_2q"":4,""r"":20,""repump_cycles"":3,""seq_meas"":""True"",""seq_ops"":""True"",""swapLRC"":""False""}",
        32,         0,         0,    1.39,bposd,6d1ddacfb3af8946e01e6fa1f4a73feb1ff89b1e055e733a9f2c9e62f953590b,"{""A"":""x0y0+x1y0"",""B"":""x0y0+x0y1+x3y2"",""b"":""X"",""d"":7,""excl_opp_detectors"":""True"",""k"":4,""l"":8,""leak_heralds"":""False"",""leak_repump"":""True"",""leakage"":""True"",""loss"":""True"",""m"":3,""n"":48,""noise"":""rl_helios"",""p"":0.001,""prllel_1q"":16,""prllel_2q"":4,""r"":20,""repump_cycles"":3,""seq_meas"":""True"",""seq_ops"":""True"",""swapLRC"":""False""}",
         8,         1,         0,   0.850,bposd,363dbbe25c5091f9c41c5f79d383c415bc6a447daa00d35e45a6d7d40ccf4257,"{""A"":""x0y0+x1y0"",""B"":""x0y0+x0y1+x3y2"",""b"":""X"",""d"":7,""excl_opp_detectors"":""True"",""k"":4,""l"":8,""leak_heralds"":""False"",""leak_repump"":""True"",""leakage"":""True"",""loss"":""True"",""m"":3,""n"":48,""noise"":""rl_helios"",""p"":0.003,""prllel_1q"":16,""prllel_2q"":4,""r"":20,""repump_cycles"":3,""seq_meas"":""True"",""seq_ops"":""True"",""swapLRC"":""False""}",
         8,         1,         0,    2.74,bposd,14555660f0e1698bf981b2f3b692ea34d92f6c6a1ee8c83ab9230ef68cf27946,"{""A"":""x2y0+x8y1"",""B"":""x0y1+x4y1+x14y1"",""b"":""X"",""d"":8,""excl_opp_detectors"":""True"",""k"":4,""l"":15,""leak_heralds"":""False"",""leak_repump"":""True"",""leakage"":""True"",""loss"":""True"",""m"":2,""n"":60,""noise"":""rl_helios"",""p"":0.003,""prllel_1q"":16,""prllel_2q"":4,""r"":20,""repump_cycles"":3,""seq_meas"":""True"",""seq_ops"":""True"",""swapLRC"":""False""}",
         8,         2,         0,    3.60,bposd,14555660f0e1698bf981b2f3b692ea34d92f6c6a1ee8c83ab9230ef68cf27946,"{""A"":""x2y0+x8y1"",""B"":""x0y1+x4y1+x14y1"",""b"":""X"",""d"":8,""excl_opp_detectors"":""True"",""k"":4,""l"":15,""leak_heralds"":""False"",""leak_repump"":""True"",""leakage"":""True"",""loss"":""True"",""m"":2,""n"":60,""noise"":""rl_helios"",""p"":0.003,""prllel_1q"":16,""prllel_2q"":4,""r"":20,""repump_cycles"":3,""seq_meas"":""True"",""seq_ops"":""True"",""swapLRC"":""False""}",
        32,         1,         0,    3.08,bposd,d6466f1f2401ef78211b48d2724c0f28b872cf57bdff80ba7079cbc781acfd49,"{""A"":""x0y0+x1y0"",""B"":""x0y0+x0y1+x3y2"",""b"":""X"",""d"":7,""excl_opp_detectors"":""True"",""k"":4,""l"":8,""leak_heralds"":""False"",""leak_repump"":""True"",""leakage"":""True"",""loss"":""True"",""m"":3,""n"":48,""noise"":""rl_helios"",""p"":0.002,""prllel_1q"":16,""prllel_2q"":4,""r"":20,""repump_cycles"":3,""seq_meas"":""True"",""seq_ops"":""True"",""swapLRC"":""False""}",
         4,         0,         0,    1.99,bposd,363dbbe25c5091f9c41c5f79d383c415bc6a447daa00d35e45a6d7d40ccf4257,"{""A"":""x0y0+x1y0"",""B"":""x0y0+x0y1+x3y2"",""b"":""X"",""d"":7,""excl_opp_detectors"":""True"",""k"":4,""l"":8,""leak_heralds"":""False"",""leak_repump"":""True"",""leakage"":""True"",""loss"":""True"",""m"":3,""n"":48,""noise"":""rl_helios"",""p"":0.003,""prllel_1q"":16,""prllel_2q"":4,""r"":20,""repump_cycles"":3,""seq_meas"":""True"",""seq_ops"":""True"",""swapLRC"":""False""}",
         4,         0,         0,    2.48,bposd,14555660f0e1698bf981b2f3b692ea34d92f6c6a1ee8c83ab9230ef68cf27946,"{""A"":""x2y0+x8y1"",""B"":""x0y1+x4y1+x14y1"",""b"":""X"",""d"":8,""excl_opp_detectors"":""True"",""k"":4,""l"":15,""leak_heralds"":""False"",""leak_repump"":""True"",""leakage"":""True"",""loss"":""True"",""m"":2,""n"":60,""noise"":""rl_helios"",""p"":0.003,""prllel_1q"":16,""prllel_2q"":4,""r"":20,""repump_cycles"":3,""seq_meas"":""True"",""seq_ops"":""True"",""swapLRC"":""False""}",
        36,         0,         0,    2.84,bposd,d6466f1f2401ef78211b48d2724c0f28b872cf57bdff80ba7079cbc781acfd49,"{""A"":""x0y0+x1y0"",""B"":""x0y0+x0y1+x3y2"",""b"":""X"",""d"":7,""excl_opp_detectors"":""True"",""k"":4,""l"":8,""leak_heralds"":""False"",""leak_repump"":""True"",""leakage"":""True"",""loss"":""True"",""m"":3,""n"":48,""noise"":""rl_helios"",""p"":0.002,""prllel_1q"":16,""prllel_2q"":4,""r"":20,""repump_cycles"":3,""seq_meas"":""True"",""seq_ops"":""True"",""swapLRC"":""False""}",
        64,         0,         0,    1.96,bposd,fc034e74c25f52c7dca5bec3ced3fbedd720fbeb24afc199749aab9c2019f874,"{""A"":""x2y0+x8y1"",""B"":""x0y1+x4y1+x14y1"",""b"":""X"",""d"":8,""excl_opp_detectors"":""True"",""k"":4,""l"":15,""leak_heralds"":""False"",""leak_repump"":""True"",""leakage"":""True"",""loss"":""True"",""m"":2,""n"":60,""noise"":""rl_helios"",""p"":0.001,""prllel_1q"":16,""prllel_2q"":4,""r"":20,""repump_cycles"":3,""seq_meas"":""True"",""seq_ops"":""True"",""swapLRC"":""False""}",
         2,         1,         0,    1.81,bposd,14555660f0e1698bf981b2f3b692ea34d92f6c6a1ee8c83ab9230ef68cf27946,"{""A"":""x2y0+x8y1"",""B"":""x0y1+x4y1+x14y1"",""b"":""X"",""d"":8,""excl_opp_detectors"":""True"",""k"":4,""l"":15,""leak_heralds"":""False"",""leak_repump"":""True"",""leakage"":""True"",""loss"":""True"",""m"":2,""n"":60,""noise"":""rl_helios"",""p"":0.003,""prllel_1q"":16,""prllel_2q"":4,""r"":20,""repump_cycles"":3,""seq_meas"":""True"",""seq_ops"":""True"",""swapLRC"":""False""}",
         8,         0,         0,   0.774,bposd,363dbbe25c5091f9c41c5f79d383c415bc6a447daa00d35e45a6d7d40ccf4257,"{""A"":""x0y0+x1y0"",""B"":""x0y0+x0y1+x3y2"",""b"":""X"",""d"":7,""excl_opp_detectors"":""True"",""k"":4,""l"":8,""leak_heralds"":""False"",""leak_repump"":""True"",""leakage"":""True"",""loss"":""True"",""m"":3,""n"":48,""noise"":""rl_helios"",""p"":0.003,""prllel_1q"":16,""prllel_2q"":4,""r"":20,""repump_cycles"":3,""seq_meas"":""True"",""seq_ops"":""True"",""swapLRC"":""False""}",
       128,         0,         0,    6.94,bposd,fc034e74c25f52c7dca5bec3ced3fbedd720fbeb24afc199749aab9c2019f874,"{""A"":""x2y0+x8y1"",""B"":""x0y1+x4y1+x14y1"",""b"":""X"",""d"":8,""excl_opp_detectors"":""True"",""k"":4,""l"":15,""leak_heralds"":""False"",""leak_repump"":""True"",""leakage"":""True"",""loss"":""True"",""m"":2,""n"":60,""noise"":""rl_helios"",""p"":0.001,""prllel_1q"":16,""prllel_2q"":4,""r"":20,""repump_cycles"":3,""seq_meas"":""True"",""seq_ops"":""True"",""swapLRC"":""False""}",
       544,         0,         0,    7.50,bposd,6d1ddacfb3af8946e01e6fa1f4a73feb1ff89b1e055e733a9f2c9e62f953590b,"{""A"":""x0y0+x1y0"",""B"":""x0y0+x0y1+x3y2"",""b"":""X"",""d"":7,""excl_opp_detectors"":""True"",""k"":4,""l"":8,""leak_heralds"":""False"",""leak_repump"":""True"",""leakage"":""True"",""loss"":""True"",""m"":3,""n"":48,""noise"":""rl_helios"",""p"":0.001,""prllel_1q"":16,""prllel_2q"":4,""r"":20,""repump_cycles"":3,""seq_meas"":""True"",""seq_ops"":""True"",""swapLRC"":""False""}",
        16,         0,         0,   0.679,bposd,d6466f1f2401ef78211b48d2724c0f28b872cf57bdff80ba7079cbc781acfd49,"{""A"":""x0y0+x1y0"",""B"":""x0y0+x0y1+x3y2"",""b"":""X"",""d"":7,""excl_opp_detectors"":""True"",""k"":4,""l"":8,""leak_heralds"":""False"",""leak_repump"":""True"",""leakage"":""True"",""loss"":""True"",""m"":3,""n"":48,""noise"":""rl_helios"",""p"":0.002,""prllel_1q"":16,""prllel_2q"":4,""r"":20,""repump_cycles"":3,""seq_meas"":""True"",""seq_ops"":""True"",""swapLRC"":""False""}",
        16,         0,         0,    3.29,bposd,d6466f1f2401ef78211b48d2724c0f28b872cf57bdff80ba7079cbc781acfd49,"{""A"":""x0y0+x1y0"",""B"":""x0y0+x0y1+x3y2"",""b"":""X"",""d"":7,""excl_opp_detectors"":""True"",""k"":4,""l"":8,""leak_heralds"":""False"",""leak_repump"":""True"",""leakage"":""True"",""loss"":""True"",""m"":3,""n"":48,""noise"":""rl_helios"",""p"":0.002,""prllel_1q"":16,""prllel_2q"":4,""r"":20,""repump_cycles"":3,""seq_meas"":""True"",""seq_ops"":""True"",""swapLRC"":""False""}",
       136,         0,         0,    8.69,bposd,d6466f1f2401ef78211b48d2724c0f28b872cf57bdff80ba7079cbc781acfd49,"{""A"":""x0y0+x1y0"",""B"":""x0y0+x0y1+x3y2"",""b"":""X"",""d"":7,""excl_opp_detectors"":""True"",""k"":4,""l"":8,""leak_heralds"":""False"",""leak_repump"":""True"",""leakage"":""True"",""loss"":""True"",""m"":3,""n"":48,""noise"":""rl_helios"",""p"":0.002,""prllel_1q"":16,""prllel_2q"":4,""r"":20,""repump_cycles"":3,""seq_meas"":""True"",""seq_ops"":""True"",""swapLRC"":""False""}",
         4,         0,         0,    1.25,bposd,14555660f0e1698bf981b2f3b692ea34d92f6c6a1ee8c83ab9230ef68cf27946,"{""A"":""x2y0+x8y1"",""B"":""x0y1+x4y1+x14y1"",""b"":""X"",""d"":8,""excl_opp_detectors"":""True"",""k"":4,""l"":15,""leak_heralds"":""False"",""leak_repump"":""True"",""leakage"":""True"",""loss"":""True"",""m"":2,""n"":60,""noise"":""rl_helios"",""p"":0.003,""prllel_1q"":16,""prllel_2q"":4,""r"":20,""repump_cycles"":3,""seq_meas"":""True"",""seq_ops"":""True"",""swapLRC"":""False""}",
        32,         0,         0,    2.32,bposd,fc034e74c25f52c7dca5bec3ced3fbedd720fbeb24afc199749aab9c2019f874,"{""A"":""x2y0+x8y1"",""B"":""x0y1+x4y1+x14y1"",""b"":""X"",""d"":8,""excl_opp_detectors"":""True"",""k"":4,""l"":15,""leak_heralds"":""False"",""leak_repump"":""True"",""leakage"":""True"",""loss"":""True"",""m"":2,""n"":60,""noise"":""rl_helios"",""p"":0.001,""prllel_1q"":16,""prllel_2q"":4,""r"":20,""repump_cycles"":3,""seq_meas"":""True"",""seq_ops"":""True"",""swapLRC"":""False""}",
         8,         1,         0,   0.862,bposd,363dbbe25c5091f9c41c5f79d383c415bc6a447daa00d35e45a6d7d40ccf4257,"{""A"":""x0y0+x1y0"",""B"":""x0y0+x0y1+x3y2"",""b"":""X"",""d"":7,""excl_opp_detectors"":""True"",""k"":4,""l"":8,""leak_heralds"":""False"",""leak_repump"":""True"",""leakage"":""True"",""loss"":""True"",""m"":3,""n"":48,""noise"":""rl_helios"",""p"":0.003,""prllel_1q"":16,""prllel_2q"":4,""r"":20,""repump_cycles"":3,""seq_meas"":""True"",""seq_ops"":""True"",""swapLRC"":""False""}",
         4,         0,         0,    1.66,bposd,14555660f0e1698bf981b2f3b692ea34d92f6c6a1ee8c83ab9230ef68cf27946,"{""A"":""x2y0+x8y1"",""B"":""x0y1+x4y1+x14y1"",""b"":""X"",""d"":8,""excl_opp_detectors"":""True"",""k"":4,""l"":15,""leak_heralds"":""False"",""leak_repump"":""True"",""leakage"":""True"",""loss"":""True"",""m"":2,""n"":60,""noise"":""rl_helios"",""p"":0.003,""prllel_1q"":16,""prllel_2q"":4,""r"":20,""repump_cycles"":3,""seq_meas"":""True"",""seq_ops"":""True"",""swapLRC"":""False""}",
         1,         0,         0,    1.11,bposd,14555660f0e1698bf981b2f3b692ea34d92f6c6a1ee8c83ab9230ef68cf27946,"{""A"":""x2y0+x8y1"",""B"":""x0y1+x4y1+x14y1"",""b"":""X"",""d"":8,""excl_opp_detectors"":""True"",""k"":4,""l"":15,""leak_heralds"":""False"",""leak_repump"":""True"",""leakage"":""True"",""loss"":""True"",""m"":2,""n"":60,""noise"":""rl_helios"",""p"":0.003,""prllel_1q"":16,""prllel_2q"":4,""r"":20,""repump_cycles"":3,""seq_meas"":""True"",""seq_ops"":""True"",""swapLRC"":""False""}",
       128,         0,         0,    4.32,bposd,fc034e74c25f52c7dca5bec3ced3fbedd720fbeb24afc199749aab9c2019f874,"{""A"":""x2y0+x8y1"",""B"":""x0y1+x4y1+x14y1"",""b"":""X"",""d"":8,""excl_opp_detectors"":""True"",""k"":4,""l"":15,""leak_heralds"":""False"",""leak_repump"":""True"",""leakage"":""True"",""loss"":""True"",""m"":2,""n"":60,""noise"":""rl_helios"",""p"":0.001,""prllel_1q"":16,""prllel_2q"":4,""r"":20,""repump_cycles"":3,""seq_meas"":""True"",""seq_ops"":""True"",""swapLRC"":""False""}",
        64,         0,         0,   0.057,bposd,fc034e74c25f52c7dca5bec3ced3fbedd720fbeb24afc199749aab9c2019f874,"{""A"":""x2y0+x8y1"",""B"":""x0y1+x4y1+x14y1"",""b"":""X"",""d"":8,""excl_opp_detectors"":""True"",""k"":4,""l"":15,""leak_heralds"":""False"",""leak_repump"":""True"",""leakage"":""True"",""loss"":""True"",""m"":2,""n"":60,""noise"":""rl_helios"",""p"":0.001,""prllel_1q"":16,""prllel_2q"":4,""r"":20,""repump_cycles"":3,""seq_meas"":""True"",""seq_ops"":""True"",""swapLRC"":""False""}",
        64,         0,         0,    1.26,bposd,fc034e74c25f52c7dca5bec3ced3fbedd720fbeb24afc199749aab9c2019f874,"{""A"":""x2y0+x8y1"",""B"":""x0y1+x4y1+x14y1"",""b"":""X"",""d"":8,""excl_opp_detectors"":""True"",""k"":4,""l"":15,""leak_heralds"":""False"",""leak_repump"":""True"",""leakage"":""True"",""loss"":""True"",""m"":2,""n"":60,""noise"":""rl_helios"",""p"":0.001,""prllel_1q"":16,""prllel_2q"":4,""r"":20,""repump_cycles"":3,""seq_meas"":""True"",""seq_ops"":""True"",""swapLRC"":""False""}",
       136,         1,         0,    11.3,bposd,d2e31a876ff9ab44086a0403902670ab7f3daf025f64a4ada3171d61ce3ff2f5,"{""A"":""x2y0+x8y1"",""B"":""x0y1+x4y1+x14y1"",""b"":""X"",""d"":8,""excl_opp_detectors"":""True"",""k"":4,""l"":15,""leak_heralds"":""False"",""leak_repump"":""True"",""leakage"":""True"",""loss"":""True"",""m"":2,""n"":60,""noise"":""rl_helios"",""p"":0.002,""prllel_1q"":16,""prllel_2q"":4,""r"":20,""repump_cycles"":3,""seq_meas"":""True"",""seq_ops"":""True"",""swapLRC"":""False""}",
         8,         0,         0,    1.47,bposd,d6466f1f2401ef78211b48d2724c0f28b872cf57bdff80ba7079cbc781acfd49,"{""A"":""x0y0+x1y0"",""B"":""x0y0+x0y1+x3y2"",""b"":""X"",""d"":7,""excl_opp_detectors"":""True"",""k"":4,""l"":8,""leak_heralds"":""False"",""leak_repump"":""True"",""leakage"":""True"",""loss"":""True"",""m"":3,""n"":48,""noise"":""rl_helios"",""p"":0.002,""prllel_1q"":16,""prllel_2q"":4,""r"":20,""repump_cycles"":3,""seq_meas"":""True"",""seq_ops"":""True"",""swapLRC"":""False""}",
        16,         1,         0,    1.50,bposd,d6466f1f2401ef78211b48d2724c0f28b872cf57bdff80ba7079cbc781acfd49,"{""A"":""x0y0+x1y0"",""B"":""x0y0+x0y1+x3y2"",""b"":""X"",""d"":7,""excl_opp_detectors"":""True"",""k"":4,""l"":8,""leak_heralds"":""False"",""leak_repump"":""True"",""leakage"":""True"",""loss"":""True"",""m"":3,""n"":48,""noise"":""rl_helios"",""p"":0.002,""prllel_1q"":16,""prllel_2q"":4,""r"":20,""repump_cycles"":3,""seq_meas"":""True"",""seq_ops"":""True"",""swapLRC"":""False""}",
         1,         0,         0,   0.925,bposd,14555660f0e1698bf981b2f3b692ea34d92f6c6a1ee8c83ab9230ef68cf27946,"{""A"":""x2y0+x8y1"",""B"":""x0y1+x4y1+x14y1"",""b"":""X"",""d"":8,""excl_opp_detectors"":""True"",""k"":4,""l"":15,""leak_heralds"":""False"",""leak_repump"":""True"",""leakage"":""True"",""loss"":""True"",""m"":2,""n"":60,""noise"":""rl_helios"",""p"":0.003,""prllel_1q"":16,""prllel_2q"":4,""r"":20,""repump_cycles"":3,""seq_meas"":""True"",""seq_ops"":""True"",""swapLRC"":""False""}",
         4,         0,         0,    1.66,bposd,14555660f0e1698bf981b2f3b692ea34d92f6c6a1ee8c83ab9230ef68cf27946,"{""A"":""x2y0+x8y1"",""B"":""x0y1+x4y1+x14y1"",""b"":""X"",""d"":8,""excl_opp_detectors"":""True"",""k"":4,""l"":15,""leak_heralds"":""False"",""leak_repump"":""True"",""leakage"":""True"",""loss"":""True"",""m"":2,""n"":60,""noise"":""rl_helios"",""p"":0.003,""prllel_1q"":16,""prllel_2q"":4,""r"":20,""repump_cycles"":3,""seq_meas"":""True"",""seq_ops"":""True"",""swapLRC"":""False""}",
         8,         0,         0,   0.720,bposd,d6466f1f2401ef78211b48d2724c0f28b872cf57bdff80ba7079cbc781acfd49,"{""A"":""x0y0+x1y0"",""B"":""x0y0+x0y1+x3y2"",""b"":""X"",""d"":7,""excl_opp_detectors"":""True"",""k"":4,""l"":8,""leak_heralds"":""False"",""leak_repump"":""True"",""leakage"":""True"",""loss"":""True"",""m"":3,""n"":48,""noise"":""rl_helios"",""p"":0.002,""prllel_1q"":16,""prllel_2q"":4,""r"":20,""repump_cycles"":3,""seq_meas"":""True"",""seq_ops"":""True"",""swapLRC"":""False""}",
       256,         5,         0,    19.1,bposd,d6466f1f2401ef78211b48d2724c0f28b872cf57bdff80ba7079cbc781acfd49,"{""A"":""x0y0+x1y0"",""B"":""x0y0+x0y1+x3y2"",""b"":""X"",""d"":7,""excl_opp_detectors"":""True"",""k"":4,""l"":8,""leak_heralds"":""False"",""leak_repump"":""True"",""leakage"":""True"",""loss"":""True"",""m"":3,""n"":48,""noise"":""rl_helios"",""p"":0.002,""prllel_1q"":16,""prllel_2q"":4,""r"":20,""repump_cycles"":3,""seq_meas"":""True"",""seq_ops"":""True"",""swapLRC"":""False""}",
       128,         2,         0,    16.1,bposd,d2e31a876ff9ab44086a0403902670ab7f3daf025f64a4ada3171d61ce3ff2f5,"{""A"":""x2y0+x8y1"",""B"":""x0y1+x4y1+x14y1"",""b"":""X"",""d"":8,""excl_opp_detectors"":""True"",""k"":4,""l"":15,""leak_heralds"":""False"",""leak_repump"":""True"",""leakage"":""True"",""loss"":""True"",""m"":2,""n"":60,""noise"":""rl_helios"",""p"":0.002,""prllel_1q"":16,""prllel_2q"":4,""r"":20,""repump_cycles"":3,""seq_meas"":""True"",""seq_ops"":""True"",""swapLRC"":""False""}",
         1,         0,         0,    1.05,bposd,14555660f0e1698bf981b2f3b692ea34d92f6c6a1ee8c83ab9230ef68cf27946,"{""A"":""x2y0+x8y1"",""B"":""x0y1+x4y1+x14y1"",""b"":""X"",""d"":8,""excl_opp_detectors"":""True"",""k"":4,""l"":15,""leak_heralds"":""False"",""leak_repump"":""True"",""leakage"":""True"",""loss"":""True"",""m"":2,""n"":60,""noise"":""rl_helios"",""p"":0.003,""prllel_1q"":16,""prllel_2q"":4,""r"":20,""repump_cycles"":3,""seq_meas"":""True"",""seq_ops"":""True"",""swapLRC"":""False""}",
        16,         0,         0,    3.63,bposd,d6466f1f2401ef78211b48d2724c0f28b872cf57bdff80ba7079cbc781acfd49,"{""A"":""x0y0+x1y0"",""B"":""x0y0+x0y1+x3y2"",""b"":""X"",""d"":7,""excl_opp_detectors"":""True"",""k"":4,""l"":8,""leak_heralds"":""False"",""leak_repump"":""True"",""leakage"":""True"",""loss"":""True"",""m"":3,""n"":48,""noise"":""rl_helios"",""p"":0.002,""prllel_1q"":16,""prllel_2q"":4,""r"":20,""repump_cycles"":3,""seq_meas"":""True"",""seq_ops"":""True"",""swapLRC"":""False""}",
         2,         0,         0,   0.839,bposd,14555660f0e1698bf981b2f3b692ea34d92f6c6a1ee8c83ab9230ef68cf27946,"{""A"":""x2y0+x8y1"",""B"":""x0y1+x4y1+x14y1"",""b"":""X"",""d"":8,""excl_opp_detectors"":""True"",""k"":4,""l"":15,""leak_heralds"":""False"",""leak_repump"":""True"",""leakage"":""True"",""loss"":""True"",""m"":2,""n"":60,""noise"":""rl_helios"",""p"":0.003,""prllel_1q"":16,""prllel_2q"":4,""r"":20,""repump_cycles"":3,""seq_meas"":""True"",""seq_ops"":""True"",""swapLRC"":""False""}",
       272,         0,         0,    4.09,bposd,6d1ddacfb3af8946e01e6fa1f4a73feb1ff89b1e055e733a9f2c9e62f953590b,"{""A"":""x0y0+x1y0"",""B"":""x0y0+x0y1+x3y2"",""b"":""X"",""d"":7,""excl_opp_detectors"":""True"",""k"":4,""l"":8,""leak_heralds"":""False"",""leak_repump"":""True"",""leakage"":""True"",""loss"":""True"",""m"":3,""n"":48,""noise"":""rl_helios"",""p"":0.001,""prllel_1q"":16,""prllel_2q"":4,""r"":20,""repump_cycles"":3,""seq_meas"":""True"",""seq_ops"":""True"",""swapLRC"":""False""}",
        16,         0,         0,    4.75,bposd,d2e31a876ff9ab44086a0403902670ab7f3daf025f64a4ada3171d61ce3ff2f5,"{""A"":""x2y0+x8y1"",""B"":""x0y1+x4y1+x14y1"",""b"":""X"",""d"":8,""excl_opp_detectors"":""True"",""k"":4,""l"":15,""leak_heralds"":""False"",""leak_repump"":""True"",""leakage"":""True"",""loss"":""True"",""m"":2,""n"":60,""noise"":""rl_helios"",""p"":0.002,""prllel_1q"":16,""prllel_2q"":4,""r"":20,""repump_cycles"":3,""seq_meas"":""True"",""seq_ops"":""True"",""swapLRC"":""False""}",
         8,         1,         0,    2.40,bposd,363dbbe25c5091f9c41c5f79d383c415bc6a447daa00d35e45a6d7d40ccf4257,"{""A"":""x0y0+x1y0"",""B"":""x0y0+x0y1+x3y2"",""b"":""X"",""d"":7,""excl_opp_detectors"":""True"",""k"":4,""l"":8,""leak_heralds"":""False"",""leak_repump"":""True"",""leakage"":""True"",""loss"":""True"",""m"":3,""n"":48,""noise"":""rl_helios"",""p"":0.003,""prllel_1q"":16,""prllel_2q"":4,""r"":20,""repump_cycles"":3,""seq_meas"":""True"",""seq_ops"":""True"",""swapLRC"":""False""}",
         8,         0,         0,   0.665,bposd,d6466f1f2401ef78211b48d2724c0f28b872cf57bdff80ba7079cbc781acfd49,"{""A"":""x0y0+x1y0"",""B"":""x0y0+x0y1+x3y2"",""b"":""X"",""d"":7,""excl_opp_detectors"":""True"",""k"":4,""l"":8,""leak_heralds"":""False"",""leak_repump"":""True"",""leakage"":""True"",""loss"":""True"",""m"":3,""n"":48,""noise"":""rl_helios"",""p"":0.002,""prllel_1q"":16,""prllel_2q"":4,""r"":20,""repump_cycles"":3,""seq_meas"":""True"",""seq_ops"":""True"",""swapLRC"":""False""}",
        64,         0,         0,    1.96,bposd,fc034e74c25f52c7dca5bec3ced3fbedd720fbeb24afc199749aab9c2019f874,"{""A"":""x2y0+x8y1"",""B"":""x0y1+x4y1+x14y1"",""b"":""X"",""d"":8,""excl_opp_detectors"":""True"",""k"":4,""l"":15,""leak_heralds"":""False"",""leak_repump"":""True"",""leakage"":""True"",""loss"":""True"",""m"":2,""n"":60,""noise"":""rl_helios"",""p"":0.001,""prllel_1q"":16,""prllel_2q"":4,""r"":20,""repump_cycles"":3,""seq_meas"":""True"",""seq_ops"":""True"",""swapLRC"":""False""}",
         4,         0,         0,   0.741,bposd,363dbbe25c5091f9c41c5f79d383c415bc6a447daa00d35e45a6d7d40ccf4257,"{""A"":""x0y0+x1y0"",""B"":""x0y0+x0y1+x3y2"",""b"":""X"",""d"":7,""excl_opp_detectors"":""True"",""k"":4,""l"":8,""leak_heralds"":""False"",""leak_repump"":""True"",""leakage"":""True"",""loss"":""True"",""m"":3,""n"":48,""noise"":""rl_helios"",""p"":0.003,""prllel_1q"":16,""prllel_2q"":4,""r"":20,""repump_cycles"":3,""seq_meas"":""True"",""seq_ops"":""True"",""swapLRC"":""False""}",
        64,         1,         0,    3.48,bposd,d6466f1f2401ef78211b48d2724c0f28b872cf57bdff80ba7079cbc781acfd49,"{""A"":""x0y0+x1y0"",""B"":""x0y0+x0y1+x3y2"",""b"":""X"",""d"":7,""excl_opp_detectors"":""True"",""k"":4,""l"":8,""leak_heralds"":""False"",""leak_repump"":""True"",""leakage"":""True"",""loss"":""True"",""m"":3,""n"":48,""noise"":""rl_helios"",""p"":0.002,""prllel_1q"":16,""prllel_2q"":4,""r"":20,""repump_cycles"":3,""seq_meas"":""True"",""seq_ops"":""True"",""swapLRC"":""False""}",
         8,         0,         0,   0.906,bposd,d6466f1f2401ef78211b48d2724c0f28b872cf57bdff80ba7079cbc781acfd49,"{""A"":""x0y0+x1y0"",""B"":""x0y0+x0y1+x3y2"",""b"":""X"",""d"":7,""excl_opp_detectors"":""True"",""k"":4,""l"":8,""leak_heralds"":""False"",""leak_repump"":""True"",""leakage"":""True"",""loss"":""True"",""m"":3,""n"":48,""noise"":""rl_helios"",""p"":0.002,""prllel_1q"":16,""prllel_2q"":4,""r"":20,""repump_cycles"":3,""seq_meas"":""True"",""seq_ops"":""True"",""swapLRC"":""False""}",
         1,         0,         0,    1.12,bposd,14555660f0e1698bf981b2f3b692ea34d92f6c6a1ee8c83ab9230ef68cf27946,"{""A"":""x2y0+x8y1"",""B"":""x0y1+x4y1+x14y1"",""b"":""X"",""d"":8,""excl_opp_detectors"":""True"",""k"":4,""l"":15,""leak_heralds"":""False"",""leak_repump"":""True"",""leakage"":""True"",""loss"":""True"",""m"":2,""n"":60,""noise"":""rl_helios"",""p"":0.003,""prllel_1q"":16,""prllel_2q"":4,""r"":20,""repump_cycles"":3,""seq_meas"":""True"",""seq_ops"":""True"",""swapLRC"":""False""}",
        16,         0,         0,    8.09,bposd,14555660f0e1698bf981b2f3b692ea34d92f6c6a1ee8c83ab9230ef68cf27946,"{""A"":""x2y0+x8y1"",""B"":""x0y1+x4y1+x14y1"",""b"":""X"",""d"":8,""excl_opp_detectors"":""True"",""k"":4,""l"":15,""leak_heralds"":""False"",""leak_repump"":""True"",""leakage"":""True"",""loss"":""True"",""m"":2,""n"":60,""noise"":""rl_helios"",""p"":0.003,""prllel_1q"":16,""prllel_2q"":4,""r"":20,""repump_cycles"":3,""seq_meas"":""True"",""seq_ops"":""True"",""swapLRC"":""False""}",
       512,         0,         0,    15.6,bposd,fc034e74c25f52c7dca5bec3ced3fbedd720fbeb24afc199749aab9c2019f874,"{""A"":""x2y0+x8y1"",""B"":""x0y1+x4y1+x14y1"",""b"":""X"",""d"":8,""excl_opp_detectors"":""True"",""k"":4,""l"":15,""leak_heralds"":""False"",""leak_repump"":""True"",""leakage"":""True"",""loss"":""True"",""m"":2,""n"":60,""noise"":""rl_helios"",""p"":0.001,""prllel_1q"":16,""prllel_2q"":4,""r"":20,""repump_cycles"":3,""seq_meas"":""True"",""seq_ops"":""True"",""swapLRC"":""False""}",
         2,         0,         0,    1.36,bposd,14555660f0e1698bf981b2f3b692ea34d92f6c6a1ee8c83ab9230ef68cf27946,"{""A"":""x2y0+x8y1"",""B"":""x0y1+x4y1+x14y1"",""b"":""X"",""d"":8,""excl_opp_detectors"":""True"",""k"":4,""l"":15,""leak_heralds"":""False"",""leak_repump"":""True"",""leakage"":""True"",""loss"":""True"",""m"":2,""n"":60,""noise"":""rl_helios"",""p"":0.003,""prllel_1q"":16,""prllel_2q"":4,""r"":20,""repump_cycles"":3,""seq_meas"":""True"",""seq_ops"":""True"",""swapLRC"":""False""}",
        18,         0,         0,    3.64,bposd,14555660f0e1698bf981b2f3b692ea34d92f6c6a1ee8c83ab9230ef68cf27946,"{""A"":""x2y0+x8y1"",""B"":""x0y1+x4y1+x14y1"",""b"":""X"",""d"":8,""excl_opp_detectors"":""True"",""k"":4,""l"":15,""leak_heralds"":""False"",""leak_repump"":""True"",""leakage"":""True"",""loss"":""True"",""m"":2,""n"":60,""noise"":""rl_helios"",""p"":0.003,""prllel_1q"":16,""prllel_2q"":4,""r"":20,""repump_cycles"":3,""seq_meas"":""True"",""seq_ops"":""True"",""swapLRC"":""False""}",
         8,         0,         0,   0.719,bposd,d6466f1f2401ef78211b48d2724c0f28b872cf57bdff80ba7079cbc781acfd49,"{""A"":""x0y0+x1y0"",""B"":""x0y0+x0y1+x3y2"",""b"":""X"",""d"":7,""excl_opp_detectors"":""True"",""k"":4,""l"":8,""leak_heralds"":""False"",""leak_repump"":""True"",""leakage"":""True"",""loss"":""True"",""m"":3,""n"":48,""noise"":""rl_helios"",""p"":0.002,""prllel_1q"":16,""prllel_2q"":4,""r"":20,""repump_cycles"":3,""seq_meas"":""True"",""seq_ops"":""True"",""swapLRC"":""False""}",
       544,         2,         0,    7.39,bposd,6d1ddacfb3af8946e01e6fa1f4a73feb1ff89b1e055e733a9f2c9e62f953590b,"{""A"":""x0y0+x1y0"",""B"":""x0y0+x0y1+x3y2"",""b"":""X"",""d"":7,""excl_opp_detectors"":""True"",""k"":4,""l"":8,""leak_heralds"":""False"",""leak_repump"":""True"",""leakage"":""True"",""loss"":""True"",""m"":3,""n"":48,""noise"":""rl_helios"",""p"":0.001,""prllel_1q"":16,""prllel_2q"":4,""r"":20,""repump_cycles"":3,""seq_meas"":""True"",""seq_ops"":""True"",""swapLRC"":""False""}",
         8,         0,         0,    1.57,bposd,d6466f1f2401ef78211b48d2724c0f28b872cf57bdff80ba7079cbc781acfd49,"{""A"":""x0y0+x1y0"",""B"":""x0y0+x0y1+x3y2"",""b"":""X"",""d"":7,""excl_opp_detectors"":""True"",""k"":4,""l"":8,""leak_heralds"":""False"",""leak_repump"":""True"",""leakage"":""True"",""loss"":""True"",""m"":3,""n"":48,""noise"":""rl_helios"",""p"":0.002,""prllel_1q"":16,""prllel_2q"":4,""r"":20,""repump_cycles"":3,""seq_meas"":""True"",""seq_ops"":""True"",""swapLRC"":""False""}",
         8,         1,         0,   0.844,bposd,14555660f0e1698bf981b2f3b692ea34d92f6c6a1ee8c83ab9230ef68cf27946,"{""A"":""x2y0+x8y1"",""B"":""x0y1+x4y1+x14y1"",""b"":""X"",""d"":8,""excl_opp_detectors"":""True"",""k"":4,""l"":15,""leak_heralds"":""False"",""leak_repump"":""True"",""leakage"":""True"",""loss"":""True"",""m"":2,""n"":60,""noise"":""rl_helios"",""p"":0.003,""prllel_1q"":16,""prllel_2q"":4,""r"":20,""repump_cycles"":3,""seq_meas"":""True"",""seq_ops"":""True"",""swapLRC"":""False""}",
       512,         0,         0,    7.18,bposd,6d1ddacfb3af8946e01e6fa1f4a73feb1ff89b1e055e733a9f2c9e62f953590b,"{""A"":""x0y0+x1y0"",""B"":""x0y0+x0y1+x3y2"",""b"":""X"",""d"":7,""excl_opp_detectors"":""True"",""k"":4,""l"":8,""leak_heralds"":""False"",""leak_repump"":""True"",""leakage"":""True"",""loss"":""True"",""m"":3,""n"":48,""noise"":""rl_helios"",""p"":0.001,""prllel_1q"":16,""prllel_2q"":4,""r"":20,""repump_cycles"":3,""seq_meas"":""True"",""seq_ops"":""True"",""swapLRC"":""False""}",
        32,         2,         0,    7.84,bposd,363dbbe25c5091f9c41c5f79d383c415bc6a447daa00d35e45a6d7d40ccf4257,"{""A"":""x0y0+x1y0"",""B"":""x0y0+x0y1+x3y2"",""b"":""X"",""d"":7,""excl_opp_detectors"":""True"",""k"":4,""l"":8,""leak_heralds"":""False"",""leak_repump"":""True"",""leakage"":""True"",""loss"":""True"",""m"":3,""n"":48,""noise"":""rl_helios"",""p"":0.003,""prllel_1q"":16,""prllel_2q"":4,""r"":20,""repump_cycles"":3,""seq_meas"":""True"",""seq_ops"":""True"",""swapLRC"":""False""}",
       544,         0,         0,    12.0,bposd,6d1ddacfb3af8946e01e6fa1f4a73feb1ff89b1e055e733a9f2c9e62f953590b,"{""A"":""x0y0+x1y0"",""B"":""x0y0+x0y1+x3y2"",""b"":""X"",""d"":7,""excl_opp_detectors"":""True"",""k"":4,""l"":8,""leak_heralds"":""False"",""leak_repump"":""True"",""leakage"":""True"",""loss"":""True"",""m"":3,""n"":48,""noise"":""rl_helios"",""p"":0.001,""prllel_1q"":16,""prllel_2q"":4,""r"":20,""repump_cycles"":3,""seq_meas"":""True"",""seq_ops"":""True"",""swapLRC"":""False""}",
         8,         0,         0,   0.686,bposd,d6466f1f2401ef78211b48d2724c0f28b872cf57bdff80ba7079cbc781acfd49,"{""A"":""x0y0+x1y0"",""B"":""x0y0+x0y1+x3y2"",""b"":""X"",""d"":7,""excl_opp_detectors"":""True"",""k"":4,""l"":8,""leak_heralds"":""False"",""leak_repump"":""True"",""leakage"":""True"",""loss"":""True"",""m"":3,""n"":48,""noise"":""rl_helios"",""p"":0.002,""prllel_1q"":16,""prllel_2q"":4,""r"":20,""repump_cycles"":3,""seq_meas"":""True"",""seq_ops"":""True"",""swapLRC"":""False""}",
        32,         0,         0,    1.88,bposd,fc034e74c25f52c7dca5bec3ced3fbedd720fbeb24afc199749aab9c2019f874,"{""A"":""x2y0+x8y1"",""B"":""x0y1+x4y1+x14y1"",""b"":""X"",""d"":8,""excl_opp_detectors"":""True"",""k"":4,""l"":15,""leak_heralds"":""False"",""leak_repump"":""True"",""leakage"":""True"",""loss"":""True"",""m"":2,""n"":60,""noise"":""rl_helios"",""p"":0.001,""prllel_1q"":16,""prllel_2q"":4,""r"":20,""repump_cycles"":3,""seq_meas"":""True"",""seq_ops"":""True"",""swapLRC"":""False""}",
        68,         2,         0,    12.9,bposd,d2e31a876ff9ab44086a0403902670ab7f3daf025f64a4ada3171d61ce3ff2f5,"{""A"":""x2y0+x8y1"",""B"":""x0y1+x4y1+x14y1"",""b"":""X"",""d"":8,""excl_opp_detectors"":""True"",""k"":4,""l"":15,""leak_heralds"":""False"",""leak_repump"":""True"",""leakage"":""True"",""loss"":""True"",""m"":2,""n"":60,""noise"":""rl_helios"",""p"":0.002,""prllel_1q"":16,""prllel_2q"":4,""r"":20,""repump_cycles"":3,""seq_meas"":""True"",""seq_ops"":""True"",""swapLRC"":""False""}",
        68,         1,         0,    14.1,bposd,d2e31a876ff9ab44086a0403902670ab7f3daf025f64a4ada3171d61ce3ff2f5,"{""A"":""x2y0+x8y1"",""B"":""x0y1+x4y1+x14y1"",""b"":""X"",""d"":8,""excl_opp_detectors"":""True"",""k"":4,""l"":15,""leak_heralds"":""False"",""leak_repump"":""True"",""leakage"":""True"",""loss"":""True"",""m"":2,""n"":60,""noise"":""rl_helios"",""p"":0.002,""prllel_1q"":16,""prllel_2q"":4,""r"":20,""repump_cycles"":3,""seq_meas"":""True"",""seq_ops"":""True"",""swapLRC"":""False""}",
         8,         1,         0,    2.67,bposd,d2e31a876ff9ab44086a0403902670ab7f3daf025f64a4ada3171d61ce3ff2f5,"{""A"":""x2y0+x8y1"",""B"":""x0y1+x4y1+x14y1"",""b"":""X"",""d"":8,""excl_opp_detectors"":""True"",""k"":4,""l"":15,""leak_heralds"":""False"",""leak_repump"":""True"",""leakage"":""True"",""loss"":""True"",""m"":2,""n"":60,""noise"":""rl_helios"",""p"":0.002,""prllel_1q"":16,""prllel_2q"":4,""r"":20,""repump_cycles"":3,""seq_meas"":""True"",""seq_ops"":""True"",""swapLRC"":""False""}",
         8,         0,         0,    2.03,bposd,363dbbe25c5091f9c41c5f79d383c415bc6a447daa00d35e45a6d7d40ccf4257,"{""A"":""x0y0+x1y0"",""B"":""x0y0+x0y1+x3y2"",""b"":""X"",""d"":7,""excl_opp_detectors"":""True"",""k"":4,""l"":8,""leak_heralds"":""False"",""leak_repump"":""True"",""leakage"":""True"",""loss"":""True"",""m"":3,""n"":48,""noise"":""rl_helios"",""p"":0.003,""prllel_1q"":16,""prllel_2q"":4,""r"":20,""repump_cycles"":3,""seq_meas"":""True"",""seq_ops"":""True"",""swapLRC"":""False""}",
       256,         0,         0,    6.31,bposd,6d1ddacfb3af8946e01e6fa1f4a73feb1ff89b1e055e733a9f2c9e62f953590b,"{""A"":""x0y0+x1y0"",""B"":""x0y0+x0y1+x3y2"",""b"":""X"",""d"":7,""excl_opp_detectors"":""True"",""k"":4,""l"":8,""leak_heralds"":""False"",""leak_repump"":""True"",""leakage"":""True"",""loss"":""True"",""m"":3,""n"":48,""noise"":""rl_helios"",""p"":0.001,""prllel_1q"":16,""prllel_2q"":4,""r"":20,""repump_cycles"":3,""seq_meas"":""True"",""seq_ops"":""True"",""swapLRC"":""False""}",
        32,         0,         0,   0.967,bposd,d2e31a876ff9ab44086a0403902670ab7f3daf025f64a4ada3171d61ce3ff2f5,"{""A"":""x2y0+x8y1"",""B"":""x0y1+x4y1+x14y1"",""b"":""X"",""d"":8,""excl_opp_detectors"":""True"",""k"":4,""l"":15,""leak_heralds"":""False"",""leak_repump"":""True"",""leakage"":""True"",""loss"":""True"",""m"":2,""n"":60,""noise"":""rl_helios"",""p"":0.002,""prllel_1q"":16,""prllel_2q"":4,""r"":20,""repump_cycles"":3,""seq_meas"":""True"",""seq_ops"":""True"",""swapLRC"":""False""}",
         8,         0,         0,    1.80,bposd,14555660f0e1698bf981b2f3b692ea34d92f6c6a1ee8c83ab9230ef68cf27946,"{""A"":""x2y0+x8y1"",""B"":""x0y1+x4y1+x14y1"",""b"":""X"",""d"":8,""excl_opp_detectors"":""True"",""k"":4,""l"":15,""leak_heralds"":""False"",""leak_repump"":""True"",""leakage"":""True"",""loss"":""True"",""m"":2,""n"":60,""noise"":""rl_helios"",""p"":0.003,""prllel_1q"":16,""prllel_2q"":4,""r"":20,""repump_cycles"":3,""seq_meas"":""True"",""seq_ops"":""True"",""swapLRC"":""False""}",
        16,         2,         0,    1.78,bposd,363dbbe25c5091f9c41c5f79d383c415bc6a447daa00d35e45a6d7d40ccf4257,"{""A"":""x0y0+x1y0"",""B"":""x0y0+x0y1+x3y2"",""b"":""X"",""d"":7,""excl_opp_detectors"":""True"",""k"":4,""l"":8,""leak_heralds"":""False"",""leak_repump"":""True"",""leakage"":""True"",""loss"":""True"",""m"":3,""n"":48,""noise"":""rl_helios"",""p"":0.003,""prllel_1q"":16,""prllel_2q"":4,""r"":20,""repump_cycles"":3,""seq_meas"":""True"",""seq_ops"":""True"",""swapLRC"":""False""}",
         8,         0,         0,    2.38,bposd,14555660f0e1698bf981b2f3b692ea34d92f6c6a1ee8c83ab9230ef68cf27946,"{""A"":""x2y0+x8y1"",""B"":""x0y1+x4y1+x14y1"",""b"":""X"",""d"":8,""excl_opp_detectors"":""True"",""k"":4,""l"":15,""leak_heralds"":""False"",""leak_repump"":""True"",""leakage"":""True"",""loss"":""True"",""m"":2,""n"":60,""noise"":""rl_helios"",""p"":0.003,""prllel_1q"":16,""prllel_2q"":4,""r"":20,""repump_cycles"":3,""seq_meas"":""True"",""seq_ops"":""True"",""swapLRC"":""False""}",
         4,         0,         0,    1.15,bposd,363dbbe25c5091f9c41c5f79d383c415bc6a447daa00d35e45a6d7d40ccf4257,"{""A"":""x0y0+x1y0"",""B"":""x0y0+x0y1+x3y2"",""b"":""X"",""d"":7,""excl_opp_detectors"":""True"",""k"":4,""l"":8,""leak_heralds"":""False"",""leak_repump"":""True"",""leakage"":""True"",""loss"":""True"",""m"":3,""n"":48,""noise"":""rl_helios"",""p"":0.003,""prllel_1q"":16,""prllel_2q"":4,""r"":20,""repump_cycles"":3,""seq_meas"":""True"",""seq_ops"":""True"",""swapLRC"":""False""}",
        12,         0,         0,    2.31,bposd,d6466f1f2401ef78211b48d2724c0f28b872cf57bdff80ba7079cbc781acfd49,"{""A"":""x0y0+x1y0"",""B"":""x0y0+x0y1+x3y2"",""b"":""X"",""d"":7,""excl_opp_detectors"":""True"",""k"":4,""l"":8,""leak_heralds"":""False"",""leak_repump"":""True"",""leakage"":""True"",""loss"":""True"",""m"":3,""n"":48,""noise"":""rl_helios"",""p"":0.002,""prllel_1q"":16,""prllel_2q"":4,""r"":20,""repump_cycles"":3,""seq_meas"":""True"",""seq_ops"":""True"",""swapLRC"":""False""}",
        68,         0,         0,    5.49,bposd,d6466f1f2401ef78211b48d2724c0f28b872cf57bdff80ba7079cbc781acfd49,"{""A"":""x0y0+x1y0"",""B"":""x0y0+x0y1+x3y2"",""b"":""X"",""d"":7,""excl_opp_detectors"":""True"",""k"":4,""l"":8,""leak_heralds"":""False"",""leak_repump"":""True"",""leakage"":""True"",""loss"":""True"",""m"":3,""n"":48,""noise"":""rl_helios"",""p"":0.002,""prllel_1q"":16,""prllel_2q"":4,""r"":20,""repump_cycles"":3,""seq_meas"":""True"",""seq_ops"":""True"",""swapLRC"":""False""}",
       272,         0,         0,    6.58,bposd,fc034e74c25f52c7dca5bec3ced3fbedd720fbeb24afc199749aab9c2019f874,"{""A"":""x2y0+x8y1"",""B"":""x0y1+x4y1+x14y1"",""b"":""X"",""d"":8,""excl_opp_detectors"":""True"",""k"":4,""l"":15,""leak_heralds"":""False"",""leak_repump"":""True"",""leakage"":""True"",""loss"":""True"",""m"":2,""n"":60,""noise"":""rl_helios"",""p"":0.001,""prllel_1q"":16,""prllel_2q"":4,""r"":20,""repump_cycles"":3,""seq_meas"":""True"",""seq_ops"":""True"",""swapLRC"":""False""}",
       128,         0,         0,    4.25,bposd,6d1ddacfb3af8946e01e6fa1f4a73feb1ff89b1e055e733a9f2c9e62f953590b,"{""A"":""x0y0+x1y0"",""B"":""x0y0+x0y1+x3y2"",""b"":""X"",""d"":7,""excl_opp_detectors"":""True"",""k"":4,""l"":8,""leak_heralds"":""False"",""leak_repump"":""True"",""leakage"":""True"",""loss"":""True"",""m"":3,""n"":48,""noise"":""rl_helios"",""p"":0.001,""prllel_1q"":16,""prllel_2q"":4,""r"":20,""repump_cycles"":3,""seq_meas"":""True"",""seq_ops"":""True"",""swapLRC"":""False""}",
        34,         2,         0,    7.95,bposd,363dbbe25c5091f9c41c5f79d383c415bc6a447daa00d35e45a6d7d40ccf4257,"{""A"":""x0y0+x1y0"",""B"":""x0y0+x0y1+x3y2"",""b"":""X"",""d"":7,""excl_opp_detectors"":""True"",""k"":4,""l"":8,""leak_heralds"":""False"",""leak_repump"":""True"",""leakage"":""True"",""loss"":""True"",""m"":3,""n"":48,""noise"":""rl_helios"",""p"":0.003,""prllel_1q"":16,""prllel_2q"":4,""r"":20,""repump_cycles"":3,""seq_meas"":""True"",""seq_ops"":""True"",""swapLRC"":""False""}",
        17,         1,         0,    3.39,bposd,14555660f0e1698bf981b2f3b692ea34d92f6c6a1ee8c83ab9230ef68cf27946,"{""A"":""x2y0+x8y1"",""B"":""x0y1+x4y1+x14y1"",""b"":""X"",""d"":8,""excl_opp_detectors"":""True"",""k"":4,""l"":15,""leak_heralds"":""False"",""leak_repump"":""True"",""leakage"":""True"",""loss"":""True"",""m"":2,""n"":60,""noise"":""rl_helios"",""p"":0.003,""prllel_1q"":16,""prllel_2q"":4,""r"":20,""repump_cycles"":3,""seq_meas"":""True"",""seq_ops"":""True"",""swapLRC"":""False""}",
        64,         0,         0,    4.75,bposd,d2e31a876ff9ab44086a0403902670ab7f3daf025f64a4ada3171d61ce3ff2f5,"{""A"":""x2y0+x8y1"",""B"":""x0y1+x4y1+x14y1"",""b"":""X"",""d"":8,""excl_opp_detectors"":""True"",""k"":4,""l"":15,""leak_heralds"":""False"",""leak_repump"":""True"",""leakage"":""True"",""loss"":""True"",""m"":2,""n"":60,""noise"":""rl_helios"",""p"":0.002,""prllel_1q"":16,""prllel_2q"":4,""r"":20,""repump_cycles"":3,""seq_meas"":""True"",""seq_ops"":""True"",""swapLRC"":""False""}",
         4,         0,         0,   0.883,bposd,14555660f0e1698bf981b2f3b692ea34d92f6c6a1ee8c83ab9230ef68cf27946,"{""A"":""x2y0+x8y1"",""B"":""x0y1+x4y1+x14y1"",""b"":""X"",""d"":8,""excl_opp_detectors"":""True"",""k"":4,""l"":15,""leak_heralds"":""False"",""leak_repump"":""True"",""leakage"":""True"",""loss"":""True"",""m"":2,""n"":60,""noise"":""rl_helios"",""p"":0.003,""prllel_1q"":16,""prllel_2q"":4,""r"":20,""repump_cycles"":3,""seq_meas"":""True"",""seq_ops"":""True"",""swapLRC"":""False""}",
        34,         2,         0,    8.18,bposd,14555660f0e1698bf981b2f3b692ea34d92f6c6a1ee8c83ab9230ef68cf27946,"{""A"":""x2y0+x8y1"",""B"":""x0y1+x4y1+x14y1"",""b"":""X"",""d"":8,""excl_opp_detectors"":""True"",""k"":4,""l"":15,""leak_heralds"":""False"",""leak_repump"":""True"",""leakage"":""True"",""loss"":""True"",""m"":2,""n"":60,""noise"":""rl_helios"",""p"":0.003,""prllel_1q"":16,""prllel_2q"":4,""r"":20,""repump_cycles"":3,""seq_meas"":""True"",""seq_ops"":""True"",""swapLRC"":""False""}",
        32,         0,         0,    1.07,bposd,d2e31a876ff9ab44086a0403902670ab7f3daf025f64a4ada3171d61ce3ff2f5,"{""A"":""x2y0+x8y1"",""B"":""x0y1+x4y1+x14y1"",""b"":""X"",""d"":8,""excl_opp_detectors"":""True"",""k"":4,""l"":15,""leak_heralds"":""False"",""leak_repump"":""True"",""leakage"":""True"",""loss"":""True"",""m"":2,""n"":60,""noise"":""rl_helios"",""p"":0.002,""prllel_1q"":16,""prllel_2q"":4,""r"":20,""repump_cycles"":3,""seq_meas"":""True"",""seq_ops"":""True"",""swapLRC"":""False""}",
        12,         1,         0,    1.04,bposd,14555660f0e1698bf981b2f3b692ea34d92f6c6a1ee8c83ab9230ef68cf27946,"{""A"":""x2y0+x8y1"",""B"":""x0y1+x4y1+x14y1"",""b"":""X"",""d"":8,""excl_opp_detectors"":""True"",""k"":4,""l"":15,""leak_heralds"":""False"",""leak_repump"":""True"",""leakage"":""True"",""loss"":""True"",""m"":2,""n"":60,""noise"":""rl_helios"",""p"":0.003,""prllel_1q"":16,""prllel_2q"":4,""r"":20,""repump_cycles"":3,""seq_meas"":""True"",""seq_ops"":""True"",""swapLRC"":""False""}",
        64,         0,         0,   0.703,bposd,6d1ddacfb3af8946e01e6fa1f4a73feb1ff89b1e055e733a9f2c9e62f953590b,"{""A"":""x0y0+x1y0"",""B"":""x0y0+x0y1+x3y2"",""b"":""X"",""d"":7,""excl_opp_detectors"":""True"",""k"":4,""l"":8,""leak_heralds"":""False"",""leak_repump"":""True"",""leakage"":""True"",""loss"":""True"",""m"":3,""n"":48,""noise"":""rl_helios"",""p"":0.001,""prllel_1q"":16,""prllel_2q"":4,""r"":20,""repump_cycles"":3,""seq_meas"":""True"",""seq_ops"":""True"",""swapLRC"":""False""}",
        17,         0,         0,    3.82,bposd,14555660f0e1698bf981b2f3b692ea34d92f6c6a1ee8c83ab9230ef68cf27946,"{""A"":""x2y0+x8y1"",""B"":""x0y1+x4y1+x14y1"",""b"":""X"",""d"":8,""excl_opp_detectors"":""True"",""k"":4,""l"":15,""leak_heralds"":""False"",""leak_repump"":""True"",""leakage"":""True"",""loss"":""True"",""m"":2,""n"":60,""noise"":""rl_helios"",""p"":0.003,""prllel_1q"":16,""prllel_2q"":4,""r"":20,""repump_cycles"":3,""seq_meas"":""True"",""seq_ops"":""True"",""swapLRC"":""False""}",
        32,         0,         0,    1.34,bposd,d6466f1f2401ef78211b48d2724c0f28b872cf57bdff80ba7079cbc781acfd49,"{""A"":""x0y0+x1y0"",""B"":""x0y0+x0y1+x3y2"",""b"":""X"",""d"":7,""excl_opp_detectors"":""True"",""k"":4,""l"":8,""leak_heralds"":""False"",""leak_repump"":""True"",""leakage"":""True"",""loss"":""True"",""m"":3,""n"":48,""noise"":""rl_helios"",""p"":0.002,""prllel_1q"":16,""prllel_2q"":4,""r"":20,""repump_cycles"":3,""seq_meas"":""True"",""seq_ops"":""True"",""swapLRC"":""False""}",
        32,         0,         0,    3.30,bposd,d2e31a876ff9ab44086a0403902670ab7f3daf025f64a4ada3171d61ce3ff2f5,"{""A"":""x2y0+x8y1"",""B"":""x0y1+x4y1+x14y1"",""b"":""X"",""d"":8,""excl_opp_detectors"":""True"",""k"":4,""l"":15,""leak_heralds"":""False"",""leak_repump"":""True"",""leakage"":""True"",""loss"":""True"",""m"":2,""n"":60,""noise"":""rl_helios"",""p"":0.002,""prllel_1q"":16,""prllel_2q"":4,""r"":20,""repump_cycles"":3,""seq_meas"":""True"",""seq_ops"":""True"",""swapLRC"":""False""}",
        32,         1,         0,    5.19,bposd,d6466f1f2401ef78211b48d2724c0f28b872cf57bdff80ba7079cbc781acfd49,"{""A"":""x0y0+x1y0"",""B"":""x0y0+x0y1+x3y2"",""b"":""X"",""d"":7,""excl_opp_detectors"":""True"",""k"":4,""l"":8,""leak_heralds"":""False"",""leak_repump"":""True"",""leakage"":""True"",""loss"":""True"",""m"":3,""n"":48,""noise"":""rl_helios"",""p"":0.002,""prllel_1q"":16,""prllel_2q"":4,""r"":20,""repump_cycles"":3,""seq_meas"":""True"",""seq_ops"":""True"",""swapLRC"":""False""}",
        34,         3,         0,    11.7,bposd,14555660f0e1698bf981b2f3b692ea34d92f6c6a1ee8c83ab9230ef68cf27946,"{""A"":""x2y0+x8y1"",""B"":""x0y1+x4y1+x14y1"",""b"":""X"",""d"":8,""excl_opp_detectors"":""True"",""k"":4,""l"":15,""leak_heralds"":""False"",""leak_repump"":""True"",""leakage"":""True"",""loss"":""True"",""m"":2,""n"":60,""noise"":""rl_helios"",""p"":0.003,""prllel_1q"":16,""prllel_2q"":4,""r"":20,""repump_cycles"":3,""seq_meas"":""True"",""seq_ops"":""True"",""swapLRC"":""False""}",
       256,         0,         0,    4.57,bposd,6d1ddacfb3af8946e01e6fa1f4a73feb1ff89b1e055e733a9f2c9e62f953590b,"{""A"":""x0y0+x1y0"",""B"":""x0y0+x0y1+x3y2"",""b"":""X"",""d"":7,""excl_opp_detectors"":""True"",""k"":4,""l"":8,""leak_heralds"":""False"",""leak_repump"":""True"",""leakage"":""True"",""loss"":""True"",""m"":3,""n"":48,""noise"":""rl_helios"",""p"":0.001,""prllel_1q"":16,""prllel_2q"":4,""r"":20,""repump_cycles"":3,""seq_meas"":""True"",""seq_ops"":""True"",""swapLRC"":""False""}",
        16,         0,         0,   0.836,bposd,d2e31a876ff9ab44086a0403902670ab7f3daf025f64a4ada3171d61ce3ff2f5,"{""A"":""x2y0+x8y1"",""B"":""x0y1+x4y1+x14y1"",""b"":""X"",""d"":8,""excl_opp_detectors"":""True"",""k"":4,""l"":15,""leak_heralds"":""False"",""leak_repump"":""True"",""leakage"":""True"",""loss"":""True"",""m"":2,""n"":60,""noise"":""rl_helios"",""p"":0.002,""prllel_1q"":16,""prllel_2q"":4,""r"":20,""repump_cycles"":3,""seq_meas"":""True"",""seq_ops"":""True"",""swapLRC"":""False""}",
       256,         1,         0,    5.94,bposd,fc034e74c25f52c7dca5bec3ced3fbedd720fbeb24afc199749aab9c2019f874,"{""A"":""x2y0+x8y1"",""B"":""x0y1+x4y1+x14y1"",""b"":""X"",""d"":8,""excl_opp_detectors"":""True"",""k"":4,""l"":15,""leak_heralds"":""False"",""leak_repump"":""True"",""leakage"":""True"",""loss"":""True"",""m"":2,""n"":60,""noise"":""rl_helios"",""p"":0.001,""prllel_1q"":16,""prllel_2q"":4,""r"":20,""repump_cycles"":3,""seq_meas"":""True"",""seq_ops"":""True"",""swapLRC"":""False""}",
         8,         0,         0,    2.94,bposd,14555660f0e1698bf981b2f3b692ea34d92f6c6a1ee8c83ab9230ef68cf27946,"{""A"":""x2y0+x8y1"",""B"":""x0y1+x4y1+x14y1"",""b"":""X"",""d"":8,""excl_opp_detectors"":""True"",""k"":4,""l"":15,""leak_heralds"":""False"",""leak_repump"":""True"",""leakage"":""True"",""loss"":""True"",""m"":2,""n"":60,""noise"":""rl_helios"",""p"":0.003,""prllel_1q"":16,""prllel_2q"":4,""r"":20,""repump_cycles"":3,""seq_meas"":""True"",""seq_ops"":""True"",""swapLRC"":""False""}",
       128,         0,         0,    3.90,bposd,6d1ddacfb3af8946e01e6fa1f4a73feb1ff89b1e055e733a9f2c9e62f953590b,"{""A"":""x0y0+x1y0"",""B"":""x0y0+x0y1+x3y2"",""b"":""X"",""d"":7,""excl_opp_detectors"":""True"",""k"":4,""l"":8,""leak_heralds"":""False"",""leak_repump"":""True"",""leakage"":""True"",""loss"":""True"",""m"":3,""n"":48,""noise"":""rl_helios"",""p"":0.001,""prllel_1q"":16,""prllel_2q"":4,""r"":20,""repump_cycles"":3,""seq_meas"":""True"",""seq_ops"":""True"",""swapLRC"":""False""}",
       256,         0,         0,    5.83,bposd,6d1ddacfb3af8946e01e6fa1f4a73feb1ff89b1e055e733a9f2c9e62f953590b,"{""A"":""x0y0+x1y0"",""B"":""x0y0+x0y1+x3y2"",""b"":""X"",""d"":7,""excl_opp_detectors"":""True"",""k"":4,""l"":8,""leak_heralds"":""False"",""leak_repump"":""True"",""leakage"":""True"",""loss"":""True"",""m"":3,""n"":48,""noise"":""rl_helios"",""p"":0.001,""prllel_1q"":16,""prllel_2q"":4,""r"":20,""repump_cycles"":3,""seq_meas"":""True"",""seq_ops"":""True"",""swapLRC"":""False""}",
         8,         2,         0,    2.46,bposd,14555660f0e1698bf981b2f3b692ea34d92f6c6a1ee8c83ab9230ef68cf27946,"{""A"":""x2y0+x8y1"",""B"":""x0y1+x4y1+x14y1"",""b"":""X"",""d"":8,""excl_opp_detectors"":""True"",""k"":4,""l"":15,""leak_heralds"":""False"",""leak_repump"":""True"",""leakage"":""True"",""loss"":""True"",""m"":2,""n"":60,""noise"":""rl_helios"",""p"":0.003,""prllel_1q"":16,""prllel_2q"":4,""r"":20,""repump_cycles"":3,""seq_meas"":""True"",""seq_ops"":""True"",""swapLRC"":""False""}",
        16,         1,         0,   0.889,bposd,d2e31a876ff9ab44086a0403902670ab7f3daf025f64a4ada3171d61ce3ff2f5,"{""A"":""x2y0+x8y1"",""B"":""x0y1+x4y1+x14y1"",""b"":""X"",""d"":8,""excl_opp_detectors"":""True"",""k"":4,""l"":15,""leak_heralds"":""False"",""leak_repump"":""True"",""leakage"":""True"",""loss"":""True"",""m"":2,""n"":60,""noise"":""rl_helios"",""p"":0.002,""prllel_1q"":16,""prllel_2q"":4,""r"":20,""repump_cycles"":3,""seq_meas"":""True"",""seq_ops"":""True"",""swapLRC"":""False""}",
        16,         0,         0,    2.20,bposd,d6466f1f2401ef78211b48d2724c0f28b872cf57bdff80ba7079cbc781acfd49,"{""A"":""x0y0+x1y0"",""B"":""x0y0+x0y1+x3y2"",""b"":""X"",""d"":7,""excl_opp_detectors"":""True"",""k"":4,""l"":8,""leak_heralds"":""False"",""leak_repump"":""True"",""leakage"":""True"",""loss"":""True"",""m"":3,""n"":48,""noise"":""rl_helios"",""p"":0.002,""prllel_1q"":16,""prllel_2q"":4,""r"":20,""repump_cycles"":3,""seq_meas"":""True"",""seq_ops"":""True"",""swapLRC"":""False""}",
        16,         0,         0,    3.42,bposd,363dbbe25c5091f9c41c5f79d383c415bc6a447daa00d35e45a6d7d40ccf4257,"{""A"":""x0y0+x1y0"",""B"":""x0y0+x0y1+x3y2"",""b"":""X"",""d"":7,""excl_opp_detectors"":""True"",""k"":4,""l"":8,""leak_heralds"":""False"",""leak_repump"":""True"",""leakage"":""True"",""loss"":""True"",""m"":3,""n"":48,""noise"":""rl_helios"",""p"":0.003,""prllel_1q"":16,""prllel_2q"":4,""r"":20,""repump_cycles"":3,""seq_meas"":""True"",""seq_ops"":""True"",""swapLRC"":""False""}",
        16,         0,         0,    1.80,bposd,d6466f1f2401ef78211b48d2724c0f28b872cf57bdff80ba7079cbc781acfd49,"{""A"":""x0y0+x1y0"",""B"":""x0y0+x0y1+x3y2"",""b"":""X"",""d"":7,""excl_opp_detectors"":""True"",""k"":4,""l"":8,""leak_heralds"":""False"",""leak_repump"":""True"",""leakage"":""True"",""loss"":""True"",""m"":3,""n"":48,""noise"":""rl_helios"",""p"":0.002,""prllel_1q"":16,""prllel_2q"":4,""r"":20,""repump_cycles"":3,""seq_meas"":""True"",""seq_ops"":""True"",""swapLRC"":""False""}",
        64,         1,         0,    9.67,bposd,d2e31a876ff9ab44086a0403902670ab7f3daf025f64a4ada3171d61ce3ff2f5,"{""A"":""x2y0+x8y1"",""B"":""x0y1+x4y1+x14y1"",""b"":""X"",""d"":8,""excl_opp_detectors"":""True"",""k"":4,""l"":15,""leak_heralds"":""False"",""leak_repump"":""True"",""leakage"":""True"",""loss"":""True"",""m"":2,""n"":60,""noise"":""rl_helios"",""p"":0.002,""prllel_1q"":16,""prllel_2q"":4,""r"":20,""repump_cycles"":3,""seq_meas"":""True"",""seq_ops"":""True"",""swapLRC"":""False""}",
         8,         0,         0,   0.916,bposd,d6466f1f2401ef78211b48d2724c0f28b872cf57bdff80ba7079cbc781acfd49,"{""A"":""x0y0+x1y0"",""B"":""x0y0+x0y1+x3y2"",""b"":""X"",""d"":7,""excl_opp_detectors"":""True"",""k"":4,""l"":8,""leak_heralds"":""False"",""leak_repump"":""True"",""leakage"":""True"",""loss"":""True"",""m"":3,""n"":48,""noise"":""rl_helios"",""p"":0.002,""prllel_1q"":16,""prllel_2q"":4,""r"":20,""repump_cycles"":3,""seq_meas"":""True"",""seq_ops"":""True"",""swapLRC"":""False""}",
        34,         1,         0,    4.80,bposd,363dbbe25c5091f9c41c5f79d383c415bc6a447daa00d35e45a6d7d40ccf4257,"{""A"":""x0y0+x1y0"",""B"":""x0y0+x0y1+x3y2"",""b"":""X"",""d"":7,""excl_opp_detectors"":""True"",""k"":4,""l"":8,""leak_heralds"":""False"",""leak_repump"":""True"",""leakage"":""True"",""loss"":""True"",""m"":3,""n"":48,""noise"":""rl_helios"",""p"":0.003,""prllel_1q"":16,""prllel_2q"":4,""r"":20,""repump_cycles"":3,""seq_meas"":""True"",""seq_ops"":""True"",""swapLRC"":""False""}",
         8,         0,         0,    1.09,bposd,d6466f1f2401ef78211b48d2724c0f28b872cf57bdff80ba7079cbc781acfd49,"{""A"":""x0y0+x1y0"",""B"":""x0y0+x0y1+x3y2"",""b"":""X"",""d"":7,""excl_opp_detectors"":""True"",""k"":4,""l"":8,""leak_heralds"":""False"",""leak_repump"":""True"",""leakage"":""True"",""loss"":""True"",""m"":3,""n"":48,""noise"":""rl_helios"",""p"":0.002,""prllel_1q"":16,""prllel_2q"":4,""r"":20,""repump_cycles"":3,""seq_meas"":""True"",""seq_ops"":""True"",""swapLRC"":""False""}",
       256,         0,         0,    6.97,bposd,6d1ddacfb3af8946e01e6fa1f4a73feb1ff89b1e055e733a9f2c9e62f953590b,"{""A"":""x0y0+x1y0"",""B"":""x0y0+x0y1+x3y2"",""b"":""X"",""d"":7,""excl_opp_detectors"":""True"",""k"":4,""l"":8,""leak_heralds"":""False"",""leak_repump"":""True"",""leakage"":""True"",""loss"":""True"",""m"":3,""n"":48,""noise"":""rl_helios"",""p"":0.001,""prllel_1q"":16,""prllel_2q"":4,""r"":20,""repump_cycles"":3,""seq_meas"":""True"",""seq_ops"":""True"",""swapLRC"":""False""}",
         8,         0,         0,   0.612,bposd,d6466f1f2401ef78211b48d2724c0f28b872cf57bdff80ba7079cbc781acfd49,"{""A"":""x0y0+x1y0"",""B"":""x0y0+x0y1+x3y2"",""b"":""X"",""d"":7,""excl_opp_detectors"":""True"",""k"":4,""l"":8,""leak_heralds"":""False"",""leak_repump"":""True"",""leakage"":""True"",""loss"":""True"",""m"":3,""n"":48,""noise"":""rl_helios"",""p"":0.002,""prllel_1q"":16,""prllel_2q"":4,""r"":20,""repump_cycles"":3,""seq_meas"":""True"",""seq_ops"":""True"",""swapLRC"":""False""}",
        32,         0,         0,    4.92,bposd,d2e31a876ff9ab44086a0403902670ab7f3daf025f64a4ada3171d61ce3ff2f5,"{""A"":""x2y0+x8y1"",""B"":""x0y1+x4y1+x14y1"",""b"":""X"",""d"":8,""excl_opp_detectors"":""True"",""k"":4,""l"":15,""leak_heralds"":""False"",""leak_repump"":""True"",""leakage"":""True"",""loss"":""True"",""m"":2,""n"":60,""noise"":""rl_helios"",""p"":0.002,""prllel_1q"":16,""prllel_2q"":4,""r"":20,""repump_cycles"":3,""seq_meas"":""True"",""seq_ops"":""True"",""swapLRC"":""False""}",
         8,         1,         0,    4.79,bposd,14555660f0e1698bf981b2f3b692ea34d92f6c6a1ee8c83ab9230ef68cf27946,"{""A"":""x2y0+x8y1"",""B"":""x0y1+x4y1+x14y1"",""b"":""X"",""d"":8,""excl_opp_detectors"":""True"",""k"":4,""l"":15,""leak_heralds"":""False"",""leak_repump"":""True"",""leakage"":""True"",""loss"":""True"",""m"":2,""n"":60,""noise"":""rl_helios"",""p"":0.003,""prllel_1q"":16,""prllel_2q"":4,""r"":20,""repump_cycles"":3,""seq_meas"":""True"",""seq_ops"":""True"",""swapLRC"":""False""}",
        16,         0,         0,   0.826,bposd,d6466f1f2401ef78211b48d2724c0f28b872cf57bdff80ba7079cbc781acfd49,"{""A"":""x0y0+x1y0"",""B"":""x0y0+x0y1+x3y2"",""b"":""X"",""d"":7,""excl_opp_detectors"":""True"",""k"":4,""l"":8,""leak_heralds"":""False"",""leak_repump"":""True"",""leakage"":""True"",""loss"":""True"",""m"":3,""n"":48,""noise"":""rl_helios"",""p"":0.002,""prllel_1q"":16,""prllel_2q"":4,""r"":20,""repump_cycles"":3,""seq_meas"":""True"",""seq_ops"":""True"",""swapLRC"":""False""}",
         8,         0,         0,    2.06,bposd,363dbbe25c5091f9c41c5f79d383c415bc6a447daa00d35e45a6d7d40ccf4257,"{""A"":""x0y0+x1y0"",""B"":""x0y0+x0y1+x3y2"",""b"":""X"",""d"":7,""excl_opp_detectors"":""True"",""k"":4,""l"":8,""leak_heralds"":""False"",""leak_repump"":""True"",""leakage"":""True"",""loss"":""True"",""m"":3,""n"":48,""noise"":""rl_helios"",""p"":0.003,""prllel_1q"":16,""prllel_2q"":4,""r"":20,""repump_cycles"":3,""seq_meas"":""True"",""seq_ops"":""True"",""swapLRC"":""False""}",
         4,         0,         0,    2.55,bposd,14555660f0e1698bf981b2f3b692ea34d92f6c6a1ee8c83ab9230ef68cf27946,"{""A"":""x2y0+x8y1"",""B"":""x0y1+x4y1+x14y1"",""b"":""X"",""d"":8,""excl_opp_detectors"":""True"",""k"":4,""l"":15,""leak_heralds"":""False"",""leak_repump"":""True"",""leakage"":""True"",""loss"":""True"",""m"":2,""n"":60,""noise"":""rl_helios"",""p"":0.003,""prllel_1q"":16,""prllel_2q"":4,""r"":20,""repump_cycles"":3,""seq_meas"":""True"",""seq_ops"":""True"",""swapLRC"":""False""}",
       128,         0,         0,    5.68,bposd,fc034e74c25f52c7dca5bec3ced3fbedd720fbeb24afc199749aab9c2019f874,"{""A"":""x2y0+x8y1"",""B"":""x0y1+x4y1+x14y1"",""b"":""X"",""d"":8,""excl_opp_detectors"":""True"",""k"":4,""l"":15,""leak_heralds"":""False"",""leak_repump"":""True"",""leakage"":""True"",""loss"":""True"",""m"":2,""n"":60,""noise"":""rl_helios"",""p"":0.001,""prllel_1q"":16,""prllel_2q"":4,""r"":20,""repump_cycles"":3,""seq_meas"":""True"",""seq_ops"":""True"",""swapLRC"":""False""}",
        32,         0,         0,    1.71,bposd,d2e31a876ff9ab44086a0403902670ab7f3daf025f64a4ada3171d61ce3ff2f5,"{""A"":""x2y0+x8y1"",""B"":""x0y1+x4y1+x14y1"",""b"":""X"",""d"":8,""excl_opp_detectors"":""True"",""k"":4,""l"":15,""leak_heralds"":""False"",""leak_repump"":""True"",""leakage"":""True"",""loss"":""True"",""m"":2,""n"":60,""noise"":""rl_helios"",""p"":0.002,""prllel_1q"":16,""prllel_2q"":4,""r"":20,""repump_cycles"":3,""seq_meas"":""True"",""seq_ops"":""True"",""swapLRC"":""False""}",
        16,         0,         0,    5.31,bposd,14555660f0e1698bf981b2f3b692ea34d92f6c6a1ee8c83ab9230ef68cf27946,"{""A"":""x2y0+x8y1"",""B"":""x0y1+x4y1+x14y1"",""b"":""X"",""d"":8,""excl_opp_detectors"":""True"",""k"":4,""l"":15,""leak_heralds"":""False"",""leak_repump"":""True"",""leakage"":""True"",""loss"":""True"",""m"":2,""n"":60,""noise"":""rl_helios"",""p"":0.003,""prllel_1q"":16,""prllel_2q"":4,""r"":20,""repump_cycles"":3,""seq_meas"":""True"",""seq_ops"":""True"",""swapLRC"":""False""}",
       136,         9,         0,    25.2,bposd,363dbbe25c5091f9c41c5f79d383c415bc6a447daa00d35e45a6d7d40ccf4257,"{""A"":""x0y0+x1y0"",""B"":""x0y0+x0y1+x3y2"",""b"":""X"",""d"":7,""excl_opp_detectors"":""True"",""k"":4,""l"":8,""leak_heralds"":""False"",""leak_repump"":""True"",""leakage"":""True"",""loss"":""True"",""m"":3,""n"":48,""noise"":""rl_helios"",""p"":0.003,""prllel_1q"":16,""prllel_2q"":4,""r"":20,""repump_cycles"":3,""seq_meas"":""True"",""seq_ops"":""True"",""swapLRC"":""False""}",
        16,         0,         0,    2.47,bposd,d2e31a876ff9ab44086a0403902670ab7f3daf025f64a4ada3171d61ce3ff2f5,"{""A"":""x2y0+x8y1"",""B"":""x0y1+x4y1+x14y1"",""b"":""X"",""d"":8,""excl_opp_detectors"":""True"",""k"":4,""l"":15,""leak_heralds"":""False"",""leak_repump"":""True"",""leakage"":""True"",""loss"":""True"",""m"":2,""n"":60,""noise"":""rl_helios"",""p"":0.002,""prllel_1q"":16,""prllel_2q"":4,""r"":20,""repump_cycles"":3,""seq_meas"":""True"",""seq_ops"":""True"",""swapLRC"":""False""}",
        16,         0,         0,    4.20,bposd,14555660f0e1698bf981b2f3b692ea34d92f6c6a1ee8c83ab9230ef68cf27946,"{""A"":""x2y0+x8y1"",""B"":""x0y1+x4y1+x14y1"",""b"":""X"",""d"":8,""excl_opp_detectors"":""True"",""k"":4,""l"":15,""leak_heralds"":""False"",""leak_repump"":""True"",""leakage"":""True"",""loss"":""True"",""m"":2,""n"":60,""noise"":""rl_helios"",""p"":0.003,""prllel_1q"":16,""prllel_2q"":4,""r"":20,""repump_cycles"":3,""seq_meas"":""True"",""seq_ops"":""True"",""swapLRC"":""False""}",
       128,         0,         0,    2.88,bposd,6d1ddacfb3af8946e01e6fa1f4a73feb1ff89b1e055e733a9f2c9e62f953590b,"{""A"":""x0y0+x1y0"",""B"":""x0y0+x0y1+x3y2"",""b"":""X"",""d"":7,""excl_opp_detectors"":""True"",""k"":4,""l"":8,""leak_heralds"":""False"",""leak_repump"":""True"",""leakage"":""True"",""loss"":""True"",""m"":3,""n"":48,""noise"":""rl_helios"",""p"":0.001,""prllel_1q"":16,""prllel_2q"":4,""r"":20,""repump_cycles"":3,""seq_meas"":""True"",""seq_ops"":""True"",""swapLRC"":""False""}",
        64,         0,         0,    3.12,bposd,6d1ddacfb3af8946e01e6fa1f4a73feb1ff89b1e055e733a9f2c9e62f953590b,"{""A"":""x0y0+x1y0"",""B"":""x0y0+x0y1+x3y2"",""b"":""X"",""d"":7,""excl_opp_detectors"":""True"",""k"":4,""l"":8,""leak_heralds"":""False"",""leak_repump"":""True"",""leakage"":""True"",""loss"":""True"",""m"":3,""n"":48,""noise"":""rl_helios"",""p"":0.001,""prllel_1q"":16,""prllel_2q"":4,""r"":20,""repump_cycles"":3,""seq_meas"":""True"",""seq_ops"":""True"",""swapLRC"":""False""}",
         4,         0,         0,    3.15,bposd,14555660f0e1698bf981b2f3b692ea34d92f6c6a1ee8c83ab9230ef68cf27946,"{""A"":""x2y0+x8y1"",""B"":""x0y1+x4y1+x14y1"",""b"":""X"",""d"":8,""excl_opp_detectors"":""True"",""k"":4,""l"":15,""leak_heralds"":""False"",""leak_repump"":""True"",""leakage"":""True"",""loss"":""True"",""m"":2,""n"":60,""noise"":""rl_helios"",""p"":0.003,""prllel_1q"":16,""prllel_2q"":4,""r"":20,""repump_cycles"":3,""seq_meas"":""True"",""seq_ops"":""True"",""swapLRC"":""False""}",
        32,         0,         0,    6.03,bposd,d2e31a876ff9ab44086a0403902670ab7f3daf025f64a4ada3171d61ce3ff2f5,"{""A"":""x2y0+x8y1"",""B"":""x0y1+x4y1+x14y1"",""b"":""X"",""d"":8,""excl_opp_detectors"":""True"",""k"":4,""l"":15,""leak_heralds"":""False"",""leak_repump"":""True"",""leakage"":""True"",""loss"":""True"",""m"":2,""n"":60,""noise"":""rl_helios"",""p"":0.002,""prllel_1q"":16,""prllel_2q"":4,""r"":20,""repump_cycles"":3,""seq_meas"":""True"",""seq_ops"":""True"",""swapLRC"":""False""}",
       512,         0,         0,    12.6,bposd,fc034e74c25f52c7dca5bec3ced3fbedd720fbeb24afc199749aab9c2019f874,"{""A"":""x2y0+x8y1"",""B"":""x0y1+x4y1+x14y1"",""b"":""X"",""d"":8,""excl_opp_detectors"":""True"",""k"":4,""l"":15,""leak_heralds"":""False"",""leak_repump"":""True"",""leakage"":""True"",""loss"":""True"",""m"":2,""n"":60,""noise"":""rl_helios"",""p"":0.001,""prllel_1q"":16,""prllel_2q"":4,""r"":20,""repump_cycles"":3,""seq_meas"":""True"",""seq_ops"":""True"",""swapLRC"":""False""}",
       136,         6,         0,    25.2,bposd,363dbbe25c5091f9c41c5f79d383c415bc6a447daa00d35e45a6d7d40ccf4257,"{""A"":""x0y0+x1y0"",""B"":""x0y0+x0y1+x3y2"",""b"":""X"",""d"":7,""excl_opp_detectors"":""True"",""k"":4,""l"":8,""leak_heralds"":""False"",""leak_repump"":""True"",""leakage"":""True"",""loss"":""True"",""m"":3,""n"":48,""noise"":""rl_helios"",""p"":0.003,""prllel_1q"":16,""prllel_2q"":4,""r"":20,""repump_cycles"":3,""seq_meas"":""True"",""seq_ops"":""True"",""swapLRC"":""False""}",
       128,         2,         0,    11.3,bposd,d6466f1f2401ef78211b48d2724c0f28b872cf57bdff80ba7079cbc781acfd49,"{""A"":""x0y0+x1y0"",""B"":""x0y0+x0y1+x3y2"",""b"":""X"",""d"":7,""excl_opp_detectors"":""True"",""k"":4,""l"":8,""leak_heralds"":""False"",""leak_repump"":""True"",""leakage"":""True"",""loss"":""True"",""m"":3,""n"":48,""noise"":""rl_helios"",""p"":0.002,""prllel_1q"":16,""prllel_2q"":4,""r"":20,""repump_cycles"":3,""seq_meas"":""True"",""seq_ops"":""True"",""swapLRC"":""False""}",
       128,         1,         0,    4.47,bposd,6d1ddacfb3af8946e01e6fa1f4a73feb1ff89b1e055e733a9f2c9e62f953590b,"{""A"":""x0y0+x1y0"",""B"":""x0y0+x0y1+x3y2"",""b"":""X"",""d"":7,""excl_opp_detectors"":""True"",""k"":4,""l"":8,""leak_heralds"":""False"",""leak_repump"":""True"",""leakage"":""True"",""loss"":""True"",""m"":3,""n"":48,""noise"":""rl_helios"",""p"":0.001,""prllel_1q"":16,""prllel_2q"":4,""r"":20,""repump_cycles"":3,""seq_meas"":""True"",""seq_ops"":""True"",""swapLRC"":""False""}",
         8,         0,         0,   0.901,bposd,d2e31a876ff9ab44086a0403902670ab7f3daf025f64a4ada3171d61ce3ff2f5,"{""A"":""x2y0+x8y1"",""B"":""x0y1+x4y1+x14y1"",""b"":""X"",""d"":8,""excl_opp_detectors"":""True"",""k"":4,""l"":15,""leak_heralds"":""False"",""leak_repump"":""True"",""leakage"":""True"",""loss"":""True"",""m"":2,""n"":60,""noise"":""rl_helios"",""p"":0.002,""prllel_1q"":16,""prllel_2q"":4,""r"":20,""repump_cycles"":3,""seq_meas"":""True"",""seq_ops"":""True"",""swapLRC"":""False""}",
       128,         0,         0,    2.07,bposd,6d1ddacfb3af8946e01e6fa1f4a73feb1ff89b1e055e733a9f2c9e62f953590b,"{""A"":""x0y0+x1y0"",""B"":""x0y0+x0y1+x3y2"",""b"":""X"",""d"":7,""excl_opp_detectors"":""True"",""k"":4,""l"":8,""leak_heralds"":""False"",""leak_repump"":""True"",""leakage"":""True"",""loss"":""True"",""m"":3,""n"":48,""noise"":""rl_helios"",""p"":0.001,""prllel_1q"":16,""prllel_2q"":4,""r"":20,""repump_cycles"":3,""seq_meas"":""True"",""seq_ops"":""True"",""swapLRC"":""False""}",
        16,         0,         0,    1.96,bposd,d6466f1f2401ef78211b48d2724c0f28b872cf57bdff80ba7079cbc781acfd49,"{""A"":""x0y0+x1y0"",""B"":""x0y0+x0y1+x3y2"",""b"":""X"",""d"":7,""excl_opp_detectors"":""True"",""k"":4,""l"":8,""leak_heralds"":""False"",""leak_repump"":""True"",""leakage"":""True"",""loss"":""True"",""m"":3,""n"":48,""noise"":""rl_helios"",""p"":0.002,""prllel_1q"":16,""prllel_2q"":4,""r"":20,""repump_cycles"":3,""seq_meas"":""True"",""seq_ops"":""True"",""swapLRC"":""False""}",
        68,         0,         0,    7.26,bposd,d6466f1f2401ef78211b48d2724c0f28b872cf57bdff80ba7079cbc781acfd49,"{""A"":""x0y0+x1y0"",""B"":""x0y0+x0y1+x3y2"",""b"":""X"",""d"":7,""excl_opp_detectors"":""True"",""k"":4,""l"":8,""leak_heralds"":""False"",""leak_repump"":""True"",""leakage"":""True"",""loss"":""True"",""m"":3,""n"":48,""noise"":""rl_helios"",""p"":0.002,""prllel_1q"":16,""prllel_2q"":4,""r"":20,""repump_cycles"":3,""seq_meas"":""True"",""seq_ops"":""True"",""swapLRC"":""False""}",
       272,         0,         0,    9.19,bposd,fc034e74c25f52c7dca5bec3ced3fbedd720fbeb24afc199749aab9c2019f874,"{""A"":""x2y0+x8y1"",""B"":""x0y1+x4y1+x14y1"",""b"":""X"",""d"":8,""excl_opp_detectors"":""True"",""k"":4,""l"":15,""leak_heralds"":""False"",""leak_repump"":""True"",""leakage"":""True"",""loss"":""True"",""m"":2,""n"":60,""noise"":""rl_helios"",""p"":0.001,""prllel_1q"":16,""prllel_2q"":4,""r"":20,""repump_cycles"":3,""seq_meas"":""True"",""seq_ops"":""True"",""swapLRC"":""False""}",
        16,         3,         0,    2.81,bposd,363dbbe25c5091f9c41c5f79d383c415bc6a447daa00d35e45a6d7d40ccf4257,"{""A"":""x0y0+x1y0"",""B"":""x0y0+x0y1+x3y2"",""b"":""X"",""d"":7,""excl_opp_detectors"":""True"",""k"":4,""l"":8,""leak_heralds"":""False"",""leak_repump"":""True"",""leakage"":""True"",""loss"":""True"",""m"":3,""n"":48,""noise"":""rl_helios"",""p"":0.003,""prllel_1q"":16,""prllel_2q"":4,""r"":20,""repump_cycles"":3,""seq_meas"":""True"",""seq_ops"":""True"",""swapLRC"":""False""}",
         8,         1,         0,    1.73,bposd,14555660f0e1698bf981b2f3b692ea34d92f6c6a1ee8c83ab9230ef68cf27946,"{""A"":""x2y0+x8y1"",""B"":""x0y1+x4y1+x14y1"",""b"":""X"",""d"":8,""excl_opp_detectors"":""True"",""k"":4,""l"":15,""leak_heralds"":""False"",""leak_repump"":""True"",""leakage"":""True"",""loss"":""True"",""m"":2,""n"":60,""noise"":""rl_helios"",""p"":0.003,""prllel_1q"":16,""prllel_2q"":4,""r"":20,""repump_cycles"":3,""seq_meas"":""True"",""seq_ops"":""True"",""swapLRC"":""False""}",
       136,         3,         0,    9.51,bposd,d6466f1f2401ef78211b48d2724c0f28b872cf57bdff80ba7079cbc781acfd49,"{""A"":""x0y0+x1y0"",""B"":""x0y0+x0y1+x3y2"",""b"":""X"",""d"":7,""excl_opp_detectors"":""True"",""k"":4,""l"":8,""leak_heralds"":""False"",""leak_repump"":""True"",""leakage"":""True"",""loss"":""True"",""m"":3,""n"":48,""noise"":""rl_helios"",""p"":0.002,""prllel_1q"":16,""prllel_2q"":4,""r"":20,""repump_cycles"":3,""seq_meas"":""True"",""seq_ops"":""True"",""swapLRC"":""False""}",
         8,         0,         0,   0.819,bposd,d2e31a876ff9ab44086a0403902670ab7f3daf025f64a4ada3171d61ce3ff2f5,"{""A"":""x2y0+x8y1"",""B"":""x0y1+x4y1+x14y1"",""b"":""X"",""d"":8,""excl_opp_detectors"":""True"",""k"":4,""l"":15,""leak_heralds"":""False"",""leak_repump"":""True"",""leakage"":""True"",""loss"":""True"",""m"":2,""n"":60,""noise"":""rl_helios"",""p"":0.002,""prllel_1q"":16,""prllel_2q"":4,""r"":20,""repump_cycles"":3,""seq_meas"":""True"",""seq_ops"":""True"",""swapLRC"":""False""}",
        64,         0,         0,   0.794,bposd,6d1ddacfb3af8946e01e6fa1f4a73feb1ff89b1e055e733a9f2c9e62f953590b,"{""A"":""x0y0+x1y0"",""B"":""x0y0+x0y1+x3y2"",""b"":""X"",""d"":7,""excl_opp_detectors"":""True"",""k"":4,""l"":8,""leak_heralds"":""False"",""leak_repump"":""True"",""leakage"":""True"",""loss"":""True"",""m"":3,""n"":48,""noise"":""rl_helios"",""p"":0.001,""prllel_1q"":16,""prllel_2q"":4,""r"":20,""repump_cycles"":3,""seq_meas"":""True"",""seq_ops"":""True"",""swapLRC"":""False""}",
        32,         0,         0,    1.56,bposd,6d1ddacfb3af8946e01e6fa1f4a73feb1ff89b1e055e733a9f2c9e62f953590b,"{""A"":""x0y0+x1y0"",""B"":""x0y0+x0y1+x3y2"",""b"":""X"",""d"":7,""excl_opp_detectors"":""True"",""k"":4,""l"":8,""leak_heralds"":""False"",""leak_repump"":""True"",""leakage"":""True"",""loss"":""True"",""m"":3,""n"":48,""noise"":""rl_helios"",""p"":0.001,""prllel_1q"":16,""prllel_2q"":4,""r"":20,""repump_cycles"":3,""seq_meas"":""True"",""seq_ops"":""True"",""swapLRC"":""False""}",
        16,         0,         0,    2.30,bposd,d2e31a876ff9ab44086a0403902670ab7f3daf025f64a4ada3171d61ce3ff2f5,"{""A"":""x2y0+x8y1"",""B"":""x0y1+x4y1+x14y1"",""b"":""X"",""d"":8,""excl_opp_detectors"":""True"",""k"":4,""l"":15,""leak_heralds"":""False"",""leak_repump"":""True"",""leakage"":""True"",""loss"":""True"",""m"":2,""n"":60,""noise"":""rl_helios"",""p"":0.002,""prllel_1q"":16,""prllel_2q"":4,""r"":20,""repump_cycles"":3,""seq_meas"":""True"",""seq_ops"":""True"",""swapLRC"":""False""}",
        68,         1,         0,    9.56,bposd,d2e31a876ff9ab44086a0403902670ab7f3daf025f64a4ada3171d61ce3ff2f5,"{""A"":""x2y0+x8y1"",""B"":""x0y1+x4y1+x14y1"",""b"":""X"",""d"":8,""excl_opp_detectors"":""True"",""k"":4,""l"":15,""leak_heralds"":""False"",""leak_repump"":""True"",""leakage"":""True"",""loss"":""True"",""m"":2,""n"":60,""noise"":""rl_helios"",""p"":0.002,""prllel_1q"":16,""prllel_2q"":4,""r"":20,""repump_cycles"":3,""seq_meas"":""True"",""seq_ops"":""True"",""swapLRC"":""False""}",
       576,         0,         0,    7.32,bposd,6d1ddacfb3af8946e01e6fa1f4a73feb1ff89b1e055e733a9f2c9e62f953590b,"{""A"":""x0y0+x1y0"",""B"":""x0y0+x0y1+x3y2"",""b"":""X"",""d"":7,""excl_opp_detectors"":""True"",""k"":4,""l"":8,""leak_heralds"":""False"",""leak_repump"":""True"",""leakage"":""True"",""loss"":""True"",""m"":3,""n"":48,""noise"":""rl_helios"",""p"":0.001,""prllel_1q"":16,""prllel_2q"":4,""r"":20,""repump_cycles"":3,""seq_meas"":""True"",""seq_ops"":""True"",""swapLRC"":""False""}",
        64,         0,         0,    1.34,bposd,6d1ddacfb3af8946e01e6fa1f4a73feb1ff89b1e055e733a9f2c9e62f953590b,"{""A"":""x0y0+x1y0"",""B"":""x0y0+x0y1+x3y2"",""b"":""X"",""d"":7,""excl_opp_detectors"":""True"",""k"":4,""l"":8,""leak_heralds"":""False"",""leak_repump"":""True"",""leakage"":""True"",""loss"":""True"",""m"":3,""n"":48,""noise"":""rl_helios"",""p"":0.001,""prllel_1q"":16,""prllel_2q"":4,""r"":20,""repump_cycles"":3,""seq_meas"":""True"",""seq_ops"":""True"",""swapLRC"":""False""}",
       128,         0,         0,    5.15,bposd,fc034e74c25f52c7dca5bec3ced3fbedd720fbeb24afc199749aab9c2019f874,"{""A"":""x2y0+x8y1"",""B"":""x0y1+x4y1+x14y1"",""b"":""X"",""d"":8,""excl_opp_detectors"":""True"",""k"":4,""l"":15,""leak_heralds"":""False"",""leak_repump"":""True"",""leakage"":""True"",""loss"":""True"",""m"":2,""n"":60,""noise"":""rl_helios"",""p"":0.001,""prllel_1q"":16,""prllel_2q"":4,""r"":20,""repump_cycles"":3,""seq_meas"":""True"",""seq_ops"":""True"",""swapLRC"":""False""}",
         8,         0,         0,    1.30,bposd,d6466f1f2401ef78211b48d2724c0f28b872cf57bdff80ba7079cbc781acfd49,"{""A"":""x0y0+x1y0"",""B"":""x0y0+x0y1+x3y2"",""b"":""X"",""d"":7,""excl_opp_detectors"":""True"",""k"":4,""l"":8,""leak_heralds"":""False"",""leak_repump"":""True"",""leakage"":""True"",""loss"":""True"",""m"":3,""n"":48,""noise"":""rl_helios"",""p"":0.002,""prllel_1q"":16,""prllel_2q"":4,""r"":20,""repump_cycles"":3,""seq_meas"":""True"",""seq_ops"":""True"",""swapLRC"":""False""}",
        64,         0,         0,    2.64,bposd,fc034e74c25f52c7dca5bec3ced3fbedd720fbeb24afc199749aab9c2019f874,"{""A"":""x2y0+x8y1"",""B"":""x0y1+x4y1+x14y1"",""b"":""X"",""d"":8,""excl_opp_detectors"":""True"",""k"":4,""l"":15,""leak_heralds"":""False"",""leak_repump"":""True"",""leakage"":""True"",""loss"":""True"",""m"":2,""n"":60,""noise"":""rl_helios"",""p"":0.001,""prllel_1q"":16,""prllel_2q"":4,""r"":20,""repump_cycles"":3,""seq_meas"":""True"",""seq_ops"":""True"",""swapLRC"":""False""}",
         4,         0,         0,   0.852,bposd,14555660f0e1698bf981b2f3b692ea34d92f6c6a1ee8c83ab9230ef68cf27946,"{""A"":""x2y0+x8y1"",""B"":""x0y1+x4y1+x14y1"",""b"":""X"",""d"":8,""excl_opp_detectors"":""True"",""k"":4,""l"":15,""leak_heralds"":""False"",""leak_repump"":""True"",""leakage"":""True"",""loss"":""True"",""m"":2,""n"":60,""noise"":""rl_helios"",""p"":0.003,""prllel_1q"":16,""prllel_2q"":4,""r"":20,""repump_cycles"":3,""seq_meas"":""True"",""seq_ops"":""True"",""swapLRC"":""False""}",
        64,         0,         0,   0.785,bposd,6d1ddacfb3af8946e01e6fa1f4a73feb1ff89b1e055e733a9f2c9e62f953590b,"{""A"":""x0y0+x1y0"",""B"":""x0y0+x0y1+x3y2"",""b"":""X"",""d"":7,""excl_opp_detectors"":""True"",""k"":4,""l"":8,""leak_heralds"":""False"",""leak_repump"":""True"",""leakage"":""True"",""loss"":""True"",""m"":3,""n"":48,""noise"":""rl_helios"",""p"":0.001,""prllel_1q"":16,""prllel_2q"":4,""r"":20,""repump_cycles"":3,""seq_meas"":""True"",""seq_ops"":""True"",""swapLRC"":""False""}",
        16,         0,         0,    2.01,bposd,d2e31a876ff9ab44086a0403902670ab7f3daf025f64a4ada3171d61ce3ff2f5,"{""A"":""x2y0+x8y1"",""B"":""x0y1+x4y1+x14y1"",""b"":""X"",""d"":8,""excl_opp_detectors"":""True"",""k"":4,""l"":15,""leak_heralds"":""False"",""leak_repump"":""True"",""leakage"":""True"",""loss"":""True"",""m"":2,""n"":60,""noise"":""rl_helios"",""p"":0.002,""prllel_1q"":16,""prllel_2q"":4,""r"":20,""repump_cycles"":3,""seq_meas"":""True"",""seq_ops"":""True"",""swapLRC"":""False""}",
         8,         1,         0,   0.923,bposd,d2e31a876ff9ab44086a0403902670ab7f3daf025f64a4ada3171d61ce3ff2f5,"{""A"":""x2y0+x8y1"",""B"":""x0y1+x4y1+x14y1"",""b"":""X"",""d"":8,""excl_opp_detectors"":""True"",""k"":4,""l"":15,""leak_heralds"":""False"",""leak_repump"":""True"",""leakage"":""True"",""loss"":""True"",""m"":2,""n"":60,""noise"":""rl_helios"",""p"":0.002,""prllel_1q"":16,""prllel_2q"":4,""r"":20,""repump_cycles"":3,""seq_meas"":""True"",""seq_ops"":""True"",""swapLRC"":""False""}",
        16,         0,         0,    3.38,bposd,d2e31a876ff9ab44086a0403902670ab7f3daf025f64a4ada3171d61ce3ff2f5,"{""A"":""x2y0+x8y1"",""B"":""x0y1+x4y1+x14y1"",""b"":""X"",""d"":8,""excl_opp_detectors"":""True"",""k"":4,""l"":15,""leak_heralds"":""False"",""leak_repump"":""True"",""leakage"":""True"",""loss"":""True"",""m"":2,""n"":60,""noise"":""rl_helios"",""p"":0.002,""prllel_1q"":16,""prllel_2q"":4,""r"":20,""repump_cycles"":3,""seq_meas"":""True"",""seq_ops"":""True"",""swapLRC"":""False""}",
         8,         3,         0,    2.66,bposd,14555660f0e1698bf981b2f3b692ea34d92f6c6a1ee8c83ab9230ef68cf27946,"{""A"":""x2y0+x8y1"",""B"":""x0y1+x4y1+x14y1"",""b"":""X"",""d"":8,""excl_opp_detectors"":""True"",""k"":4,""l"":15,""leak_heralds"":""False"",""leak_repump"":""True"",""leakage"":""True"",""loss"":""True"",""m"":2,""n"":60,""noise"":""rl_helios"",""p"":0.003,""prllel_1q"":16,""prllel_2q"":4,""r"":20,""repump_cycles"":3,""seq_meas"":""True"",""seq_ops"":""True"",""swapLRC"":""False""}",
         8,         0,         0,   0.125,bposd,d2e31a876ff9ab44086a0403902670ab7f3daf025f64a4ada3171d61ce3ff2f5,"{""A"":""x2y0+x8y1"",""B"":""x0y1+x4y1+x14y1"",""b"":""X"",""d"":8,""excl_opp_detectors"":""True"",""k"":4,""l"":15,""leak_heralds"":""False"",""leak_repump"":""True"",""leakage"":""True"",""loss"":""True"",""m"":2,""n"":60,""noise"":""rl_helios"",""p"":0.002,""prllel_1q"":16,""prllel_2q"":4,""r"":20,""repump_cycles"":3,""seq_meas"":""True"",""seq_ops"":""True"",""swapLRC"":""False""}",
        32,         0,         0,   0.673,bposd,6d1ddacfb3af8946e01e6fa1f4a73feb1ff89b1e055e733a9f2c9e62f953590b,"{""A"":""x0y0+x1y0"",""B"":""x0y0+x0y1+x3y2"",""b"":""X"",""d"":7,""excl_opp_detectors"":""True"",""k"":4,""l"":8,""leak_heralds"":""False"",""leak_repump"":""True"",""leakage"":""True"",""loss"":""True"",""m"":3,""n"":48,""noise"":""rl_helios"",""p"":0.001,""prllel_1q"":16,""prllel_2q"":4,""r"":20,""repump_cycles"":3,""seq_meas"":""True"",""seq_ops"":""True"",""swapLRC"":""False""}",
        64,         0,         0,   0.849,bposd,fc034e74c25f52c7dca5bec3ced3fbedd720fbeb24afc199749aab9c2019f874,"{""A"":""x2y0+x8y1"",""B"":""x0y1+x4y1+x14y1"",""b"":""X"",""d"":8,""excl_opp_detectors"":""True"",""k"":4,""l"":15,""leak_heralds"":""False"",""leak_repump"":""True"",""leakage"":""True"",""loss"":""True"",""m"":2,""n"":60,""noise"":""rl_helios"",""p"":0.001,""prllel_1q"":16,""prllel_2q"":4,""r"":20,""repump_cycles"":3,""seq_meas"":""True"",""seq_ops"":""True"",""swapLRC"":""False""}",
        32,         0,         0,   0.871,bposd,fc034e74c25f52c7dca5bec3ced3fbedd720fbeb24afc199749aab9c2019f874,"{""A"":""x2y0+x8y1"",""B"":""x0y1+x4y1+x14y1"",""b"":""X"",""d"":8,""excl_opp_detectors"":""True"",""k"":4,""l"":15,""leak_heralds"":""False"",""leak_repump"":""True"",""leakage"":""True"",""loss"":""True"",""m"":2,""n"":60,""noise"":""rl_helios"",""p"":0.001,""prllel_1q"":16,""prllel_2q"":4,""r"":20,""repump_cycles"":3,""seq_meas"":""True"",""seq_ops"":""True"",""swapLRC"":""False""}",
        64,         0,         0,   0.729,bposd,6d1ddacfb3af8946e01e6fa1f4a73feb1ff89b1e055e733a9f2c9e62f953590b,"{""A"":""x0y0+x1y0"",""B"":""x0y0+x0y1+x3y2"",""b"":""X"",""d"":7,""excl_opp_detectors"":""True"",""k"":4,""l"":8,""leak_heralds"":""False"",""leak_repump"":""True"",""leakage"":""True"",""loss"":""True"",""m"":3,""n"":48,""noise"":""rl_helios"",""p"":0.001,""prllel_1q"":16,""prllel_2q"":4,""r"":20,""repump_cycles"":3,""seq_meas"":""True"",""seq_ops"":""True"",""swapLRC"":""False""}",
        12,         0,         0,    3.79,bposd,14555660f0e1698bf981b2f3b692ea34d92f6c6a1ee8c83ab9230ef68cf27946,"{""A"":""x2y0+x8y1"",""B"":""x0y1+x4y1+x14y1"",""b"":""X"",""d"":8,""excl_opp_detectors"":""True"",""k"":4,""l"":15,""leak_heralds"":""False"",""leak_repump"":""True"",""leakage"":""True"",""loss"":""True"",""m"":2,""n"":60,""noise"":""rl_helios"",""p"":0.003,""prllel_1q"":16,""prllel_2q"":4,""r"":20,""repump_cycles"":3,""seq_meas"":""True"",""seq_ops"":""True"",""swapLRC"":""False""}",
       544,         1,         0,    16.9,bposd,fc034e74c25f52c7dca5bec3ced3fbedd720fbeb24afc199749aab9c2019f874,"{""A"":""x2y0+x8y1"",""B"":""x0y1+x4y1+x14y1"",""b"":""X"",""d"":8,""excl_opp_detectors"":""True"",""k"":4,""l"":15,""leak_heralds"":""False"",""leak_repump"":""True"",""leakage"":""True"",""loss"":""True"",""m"":2,""n"":60,""noise"":""rl_helios"",""p"":0.001,""prllel_1q"":16,""prllel_2q"":4,""r"":20,""repump_cycles"":3,""seq_meas"":""True"",""seq_ops"":""True"",""swapLRC"":""False""}",
       136,         1,         0,    20.5,bposd,d2e31a876ff9ab44086a0403902670ab7f3daf025f64a4ada3171d61ce3ff2f5,"{""A"":""x2y0+x8y1"",""B"":""x0y1+x4y1+x14y1"",""b"":""X"",""d"":8,""excl_opp_detectors"":""True"",""k"":4,""l"":15,""leak_heralds"":""False"",""leak_repump"":""True"",""leakage"":""True"",""loss"":""True"",""m"":2,""n"":60,""noise"":""rl_helios"",""p"":0.002,""prllel_1q"":16,""prllel_2q"":4,""r"":20,""repump_cycles"":3,""seq_meas"":""True"",""seq_ops"":""True"",""swapLRC"":""False""}",
         8,         0,         0,    1.48,bposd,d2e31a876ff9ab44086a0403902670ab7f3daf025f64a4ada3171d61ce3ff2f5,"{""A"":""x2y0+x8y1"",""B"":""x0y1+x4y1+x14y1"",""b"":""X"",""d"":8,""excl_opp_detectors"":""True"",""k"":4,""l"":15,""leak_heralds"":""False"",""leak_repump"":""True"",""leakage"":""True"",""loss"":""True"",""m"":2,""n"":60,""noise"":""rl_helios"",""p"":0.002,""prllel_1q"":16,""prllel_2q"":4,""r"":20,""repump_cycles"":3,""seq_meas"":""True"",""seq_ops"":""True"",""swapLRC"":""False""}",
        32,         0,         0,    2.58,bposd,d6466f1f2401ef78211b48d2724c0f28b872cf57bdff80ba7079cbc781acfd49,"{""A"":""x0y0+x1y0"",""B"":""x0y0+x0y1+x3y2"",""b"":""X"",""d"":7,""excl_opp_detectors"":""True"",""k"":4,""l"":8,""leak_heralds"":""False"",""leak_repump"":""True"",""leakage"":""True"",""loss"":""True"",""m"":3,""n"":48,""noise"":""rl_helios"",""p"":0.002,""prllel_1q"":16,""prllel_2q"":4,""r"":20,""repump_cycles"":3,""seq_meas"":""True"",""seq_ops"":""True"",""swapLRC"":""False""}",
        32,         0,         0,    2.74,bposd,d2e31a876ff9ab44086a0403902670ab7f3daf025f64a4ada3171d61ce3ff2f5,"{""A"":""x2y0+x8y1"",""B"":""x0y1+x4y1+x14y1"",""b"":""X"",""d"":8,""excl_opp_detectors"":""True"",""k"":4,""l"":15,""leak_heralds"":""False"",""leak_repump"":""True"",""leakage"":""True"",""loss"":""True"",""m"":2,""n"":60,""noise"":""rl_helios"",""p"":0.002,""prllel_1q"":16,""prllel_2q"":4,""r"":20,""repump_cycles"":3,""seq_meas"":""True"",""seq_ops"":""True"",""swapLRC"":""False""}",
        64,         1,         0,    1.85,bposd,fc034e74c25f52c7dca5bec3ced3fbedd720fbeb24afc199749aab9c2019f874,"{""A"":""x2y0+x8y1"",""B"":""x0y1+x4y1+x14y1"",""b"":""X"",""d"":8,""excl_opp_detectors"":""True"",""k"":4,""l"":15,""leak_heralds"":""False"",""leak_repump"":""True"",""leakage"":""True"",""loss"":""True"",""m"":2,""n"":60,""noise"":""rl_helios"",""p"":0.001,""prllel_1q"":16,""prllel_2q"":4,""r"":20,""repump_cycles"":3,""seq_meas"":""True"",""seq_ops"":""True"",""swapLRC"":""False""}",
        32,         0,         0,    1.68,bposd,fc034e74c25f52c7dca5bec3ced3fbedd720fbeb24afc199749aab9c2019f874,"{""A"":""x2y0+x8y1"",""B"":""x0y1+x4y1+x14y1"",""b"":""X"",""d"":8,""excl_opp_detectors"":""True"",""k"":4,""l"":15,""leak_heralds"":""False"",""leak_repump"":""True"",""leakage"":""True"",""loss"":""True"",""m"":2,""n"":60,""noise"":""rl_helios"",""p"":0.001,""prllel_1q"":16,""prllel_2q"":4,""r"":20,""repump_cycles"":3,""seq_meas"":""True"",""seq_ops"":""True"",""swapLRC"":""False""}",
        64,         0,         0,    1.74,bposd,6d1ddacfb3af8946e01e6fa1f4a73feb1ff89b1e055e733a9f2c9e62f953590b,"{""A"":""x0y0+x1y0"",""B"":""x0y0+x0y1+x3y2"",""b"":""X"",""d"":7,""excl_opp_detectors"":""True"",""k"":4,""l"":8,""leak_heralds"":""False"",""leak_repump"":""True"",""leakage"":""True"",""loss"":""True"",""m"":3,""n"":48,""noise"":""rl_helios"",""p"":0.001,""prllel_1q"":16,""prllel_2q"":4,""r"":20,""repump_cycles"":3,""seq_meas"":""True"",""seq_ops"":""True"",""swapLRC"":""False""}",
        36,         1,         0,    10.7,bposd,14555660f0e1698bf981b2f3b692ea34d92f6c6a1ee8c83ab9230ef68cf27946,"{""A"":""x2y0+x8y1"",""B"":""x0y1+x4y1+x14y1"",""b"":""X"",""d"":8,""excl_opp_detectors"":""True"",""k"":4,""l"":15,""leak_heralds"":""False"",""leak_repump"":""True"",""leakage"":""True"",""loss"":""True"",""m"":2,""n"":60,""noise"":""rl_helios"",""p"":0.003,""prllel_1q"":16,""prllel_2q"":4,""r"":20,""repump_cycles"":3,""seq_meas"":""True"",""seq_ops"":""True"",""swapLRC"":""False""}",
        32,         0,         0,   0.836,bposd,fc034e74c25f52c7dca5bec3ced3fbedd720fbeb24afc199749aab9c2019f874,"{""A"":""x2y0+x8y1"",""B"":""x0y1+x4y1+x14y1"",""b"":""X"",""d"":8,""excl_opp_detectors"":""True"",""k"":4,""l"":15,""leak_heralds"":""False"",""leak_repump"":""True"",""leakage"":""True"",""loss"":""True"",""m"":2,""n"":60,""noise"":""rl_helios"",""p"":0.001,""prllel_1q"":16,""prllel_2q"":4,""r"":20,""repump_cycles"":3,""seq_meas"":""True"",""seq_ops"":""True"",""swapLRC"":""False""}",
        64,         0,         0,    5.09,bposd,d6466f1f2401ef78211b48d2724c0f28b872cf57bdff80ba7079cbc781acfd49,"{""A"":""x0y0+x1y0"",""B"":""x0y0+x0y1+x3y2"",""b"":""X"",""d"":7,""excl_opp_detectors"":""True"",""k"":4,""l"":8,""leak_heralds"":""False"",""leak_repump"":""True"",""leakage"":""True"",""loss"":""True"",""m"":3,""n"":48,""noise"":""rl_helios"",""p"":0.002,""prllel_1q"":16,""prllel_2q"":4,""r"":20,""repump_cycles"":3,""seq_meas"":""True"",""seq_ops"":""True"",""swapLRC"":""False""}",
        12,         0,         0,    4.51,bposd,363dbbe25c5091f9c41c5f79d383c415bc6a447daa00d35e45a6d7d40ccf4257,"{""A"":""x0y0+x1y0"",""B"":""x0y0+x0y1+x3y2"",""b"":""X"",""d"":7,""excl_opp_detectors"":""True"",""k"":4,""l"":8,""leak_heralds"":""False"",""leak_repump"":""True"",""leakage"":""True"",""loss"":""True"",""m"":3,""n"":48,""noise"":""rl_helios"",""p"":0.003,""prllel_1q"":16,""prllel_2q"":4,""r"":20,""repump_cycles"":3,""seq_meas"":""True"",""seq_ops"":""True"",""swapLRC"":""False""}",
        32,         1,         0,    1.13,bposd,6d1ddacfb3af8946e01e6fa1f4a73feb1ff89b1e055e733a9f2c9e62f953590b,"{""A"":""x0y0+x1y0"",""B"":""x0y0+x0y1+x3y2"",""b"":""X"",""d"":7,""excl_opp_detectors"":""True"",""k"":4,""l"":8,""leak_heralds"":""False"",""leak_repump"":""True"",""leakage"":""True"",""loss"":""True"",""m"":3,""n"":48,""noise"":""rl_helios"",""p"":0.001,""prllel_1q"":16,""prllel_2q"":4,""r"":20,""repump_cycles"":3,""seq_meas"":""True"",""seq_ops"":""True"",""swapLRC"":""False""}",
        20,         0,         0,    3.80,bposd,14555660f0e1698bf981b2f3b692ea34d92f6c6a1ee8c83ab9230ef68cf27946,"{""A"":""x2y0+x8y1"",""B"":""x0y1+x4y1+x14y1"",""b"":""X"",""d"":8,""excl_opp_detectors"":""True"",""k"":4,""l"":15,""leak_heralds"":""False"",""leak_repump"":""True"",""leakage"":""True"",""loss"":""True"",""m"":2,""n"":60,""noise"":""rl_helios"",""p"":0.003,""prllel_1q"":16,""prllel_2q"":4,""r"":20,""repump_cycles"":3,""seq_meas"":""True"",""seq_ops"":""True"",""swapLRC"":""False""}",
       256,         0,         0,    4.11,bposd,6d1ddacfb3af8946e01e6fa1f4a73feb1ff89b1e055e733a9f2c9e62f953590b,"{""A"":""x0y0+x1y0"",""B"":""x0y0+x0y1+x3y2"",""b"":""X"",""d"":7,""excl_opp_detectors"":""True"",""k"":4,""l"":8,""leak_heralds"":""False"",""leak_repump"":""True"",""leakage"":""True"",""loss"":""True"",""m"":3,""n"":48,""noise"":""rl_helios"",""p"":0.001,""prllel_1q"":16,""prllel_2q"":4,""r"":20,""repump_cycles"":3,""seq_meas"":""True"",""seq_ops"":""True"",""swapLRC"":""False""}",
       128,         0,         0,    5.05,bposd,fc034e74c25f52c7dca5bec3ced3fbedd720fbeb24afc199749aab9c2019f874,"{""A"":""x2y0+x8y1"",""B"":""x0y1+x4y1+x14y1"",""b"":""X"",""d"":8,""excl_opp_detectors"":""True"",""k"":4,""l"":15,""leak_heralds"":""False"",""leak_repump"":""True"",""leakage"":""True"",""loss"":""True"",""m"":2,""n"":60,""noise"":""rl_helios"",""p"":0.001,""prllel_1q"":16,""prllel_2q"":4,""r"":20,""repump_cycles"":3,""seq_meas"":""True"",""seq_ops"":""True"",""swapLRC"":""False""}",
         8,         0,         0,   0.905,bposd,14555660f0e1698bf981b2f3b692ea34d92f6c6a1ee8c83ab9230ef68cf27946,"{""A"":""x2y0+x8y1"",""B"":""x0y1+x4y1+x14y1"",""b"":""X"",""d"":8,""excl_opp_detectors"":""True"",""k"":4,""l"":15,""leak_heralds"":""False"",""leak_repump"":""True"",""leakage"":""True"",""loss"":""True"",""m"":2,""n"":60,""noise"":""rl_helios"",""p"":0.003,""prllel_1q"":16,""prllel_2q"":4,""r"":20,""repump_cycles"":3,""seq_meas"":""True"",""seq_ops"":""True"",""swapLRC"":""False""}",
       288,         1,         0,    4.35,bposd,6d1ddacfb3af8946e01e6fa1f4a73feb1ff89b1e055e733a9f2c9e62f953590b,"{""A"":""x0y0+x1y0"",""B"":""x0y0+x0y1+x3y2"",""b"":""X"",""d"":7,""excl_opp_detectors"":""True"",""k"":4,""l"":8,""leak_heralds"":""False"",""leak_repump"":""True"",""leakage"":""True"",""loss"":""True"",""m"":3,""n"":48,""noise"":""rl_helios"",""p"":0.001,""prllel_1q"":16,""prllel_2q"":4,""r"":20,""repump_cycles"":3,""seq_meas"":""True"",""seq_ops"":""True"",""swapLRC"":""False""}",
       256,         0,         0,    4.17,bposd,fc034e74c25f52c7dca5bec3ced3fbedd720fbeb24afc199749aab9c2019f874,"{""A"":""x2y0+x8y1"",""B"":""x0y1+x4y1+x14y1"",""b"":""X"",""d"":8,""excl_opp_detectors"":""True"",""k"":4,""l"":15,""leak_heralds"":""False"",""leak_repump"":""True"",""leakage"":""True"",""loss"":""True"",""m"":2,""n"":60,""noise"":""rl_helios"",""p"":0.001,""prllel_1q"":16,""prllel_2q"":4,""r"":20,""repump_cycles"":3,""seq_meas"":""True"",""seq_ops"":""True"",""swapLRC"":""False""}",
        16,         0,         0,    2.88,bposd,d2e31a876ff9ab44086a0403902670ab7f3daf025f64a4ada3171d61ce3ff2f5,"{""A"":""x2y0+x8y1"",""B"":""x0y1+x4y1+x14y1"",""b"":""X"",""d"":8,""excl_opp_detectors"":""True"",""k"":4,""l"":15,""leak_heralds"":""False"",""leak_repump"":""True"",""leakage"":""True"",""loss"":""True"",""m"":2,""n"":60,""noise"":""rl_helios"",""p"":0.002,""prllel_1q"":16,""prllel_2q"":4,""r"":20,""repump_cycles"":3,""seq_meas"":""True"",""seq_ops"":""True"",""swapLRC"":""False""}",
       272,         1,         0,    5.98,bposd,6d1ddacfb3af8946e01e6fa1f4a73feb1ff89b1e055e733a9f2c9e62f953590b,"{""A"":""x0y0+x1y0"",""B"":""x0y0+x0y1+x3y2"",""b"":""X"",""d"":7,""excl_opp_detectors"":""True"",""k"":4,""l"":8,""leak_heralds"":""False"",""leak_repump"":""True"",""leakage"":""True"",""loss"":""True"",""m"":3,""n"":48,""noise"":""rl_helios"",""p"":0.001,""prllel_1q"":16,""prllel_2q"":4,""r"":20,""repump_cycles"":3,""seq_meas"":""True"",""seq_ops"":""True"",""swapLRC"":""False""}",
        32,         0,         0,    5.20,bposd,d2e31a876ff9ab44086a0403902670ab7f3daf025f64a4ada3171d61ce3ff2f5,"{""A"":""x2y0+x8y1"",""B"":""x0y1+x4y1+x14y1"",""b"":""X"",""d"":8,""excl_opp_detectors"":""True"",""k"":4,""l"":15,""leak_heralds"":""False"",""leak_repump"":""True"",""leakage"":""True"",""loss"":""True"",""m"":2,""n"":60,""noise"":""rl_helios"",""p"":0.002,""prllel_1q"":16,""prllel_2q"":4,""r"":20,""repump_cycles"":3,""seq_meas"":""True"",""seq_ops"":""True"",""swapLRC"":""False""}",
        64,         0,         0,    1.80,bposd,fc034e74c25f52c7dca5bec3ced3fbedd720fbeb24afc199749aab9c2019f874,"{""A"":""x2y0+x8y1"",""B"":""x0y1+x4y1+x14y1"",""b"":""X"",""d"":8,""excl_opp_detectors"":""True"",""k"":4,""l"":15,""leak_heralds"":""False"",""leak_repump"":""True"",""leakage"":""True"",""loss"":""True"",""m"":2,""n"":60,""noise"":""rl_helios"",""p"":0.001,""prllel_1q"":16,""prllel_2q"":4,""r"":20,""repump_cycles"":3,""seq_meas"":""True"",""seq_ops"":""True"",""swapLRC"":""False""}",
        44,         0,         0,    8.49,bposd,363dbbe25c5091f9c41c5f79d383c415bc6a447daa00d35e45a6d7d40ccf4257,"{""A"":""x0y0+x1y0"",""B"":""x0y0+x0y1+x3y2"",""b"":""X"",""d"":7,""excl_opp_detectors"":""True"",""k"":4,""l"":8,""leak_heralds"":""False"",""leak_repump"":""True"",""leakage"":""True"",""loss"":""True"",""m"":3,""n"":48,""noise"":""rl_helios"",""p"":0.003,""prllel_1q"":16,""prllel_2q"":4,""r"":20,""repump_cycles"":3,""seq_meas"":""True"",""seq_ops"":""True"",""swapLRC"":""False""}",
        32,         0,         0,    2.29,bposd,d6466f1f2401ef78211b48d2724c0f28b872cf57bdff80ba7079cbc781acfd49,"{""A"":""x0y0+x1y0"",""B"":""x0y0+x0y1+x3y2"",""b"":""X"",""d"":7,""excl_opp_detectors"":""True"",""k"":4,""l"":8,""leak_heralds"":""False"",""leak_repump"":""True"",""leakage"":""True"",""loss"":""True"",""m"":3,""n"":48,""noise"":""rl_helios"",""p"":0.002,""prllel_1q"":16,""prllel_2q"":4,""r"":20,""repump_cycles"":3,""seq_meas"":""True"",""seq_ops"":""True"",""swapLRC"":""False""}",
        68,         0,         0,    4.71,bposd,d2e31a876ff9ab44086a0403902670ab7f3daf025f64a4ada3171d61ce3ff2f5,"{""A"":""x2y0+x8y1"",""B"":""x0y1+x4y1+x14y1"",""b"":""X"",""d"":8,""excl_opp_detectors"":""True"",""k"":4,""l"":15,""leak_heralds"":""False"",""leak_repump"":""True"",""leakage"":""True"",""loss"":""True"",""m"":2,""n"":60,""noise"":""rl_helios"",""p"":0.002,""prllel_1q"":16,""prllel_2q"":4,""r"":20,""repump_cycles"":3,""seq_meas"":""True"",""seq_ops"":""True"",""swapLRC"":""False""}",
       128,         0,         0,    2.13,bposd,6d1ddacfb3af8946e01e6fa1f4a73feb1ff89b1e055e733a9f2c9e62f953590b,"{""A"":""x0y0+x1y0"",""B"":""x0y0+x0y1+x3y2"",""b"":""X"",""d"":7,""excl_opp_detectors"":""True"",""k"":4,""l"":8,""leak_heralds"":""False"",""leak_repump"":""True"",""leakage"":""True"",""loss"":""True"",""m"":3,""n"":48,""noise"":""rl_helios"",""p"":0.001,""prllel_1q"":16,""prllel_2q"":4,""r"":20,""repump_cycles"":3,""seq_meas"":""True"",""seq_ops"":""True"",""swapLRC"":""False""}",
         8,         0,         0,   0.829,bposd,d2e31a876ff9ab44086a0403902670ab7f3daf025f64a4ada3171d61ce3ff2f5,"{""A"":""x2y0+x8y1"",""B"":""x0y1+x4y1+x14y1"",""b"":""X"",""d"":8,""excl_opp_detectors"":""True"",""k"":4,""l"":15,""leak_heralds"":""False"",""leak_repump"":""True"",""leakage"":""True"",""loss"":""True"",""m"":2,""n"":60,""noise"":""rl_helios"",""p"":0.002,""prllel_1q"":16,""prllel_2q"":4,""r"":20,""repump_cycles"":3,""seq_meas"":""True"",""seq_ops"":""True"",""swapLRC"":""False""}",
        64,         1,         0,    5.58,bposd,d2e31a876ff9ab44086a0403902670ab7f3daf025f64a4ada3171d61ce3ff2f5,"{""A"":""x2y0+x8y1"",""B"":""x0y1+x4y1+x14y1"",""b"":""X"",""d"":8,""excl_opp_detectors"":""True"",""k"":4,""l"":15,""leak_heralds"":""False"",""leak_repump"":""True"",""leakage"":""True"",""loss"":""True"",""m"":2,""n"":60,""noise"":""rl_helios"",""p"":0.002,""prllel_1q"":16,""prllel_2q"":4,""r"":20,""repump_cycles"":3,""seq_meas"":""True"",""seq_ops"":""True"",""swapLRC"":""False""}",
         8,         0,         0,    2.15,bposd,14555660f0e1698bf981b2f3b692ea34d92f6c6a1ee8c83ab9230ef68cf27946,"{""A"":""x2y0+x8y1"",""B"":""x0y1+x4y1+x14y1"",""b"":""X"",""d"":8,""excl_opp_detectors"":""True"",""k"":4,""l"":15,""leak_heralds"":""False"",""leak_repump"":""True"",""leakage"":""True"",""loss"":""True"",""m"":2,""n"":60,""noise"":""rl_helios"",""p"":0.003,""prllel_1q"":16,""prllel_2q"":4,""r"":20,""repump_cycles"":3,""seq_meas"":""True"",""seq_ops"":""True"",""swapLRC"":""False""}",
         8,         0,         0,   0.686,bposd,d2e31a876ff9ab44086a0403902670ab7f3daf025f64a4ada3171d61ce3ff2f5,"{""A"":""x2y0+x8y1"",""B"":""x0y1+x4y1+x14y1"",""b"":""X"",""d"":8,""excl_opp_detectors"":""True"",""k"":4,""l"":15,""leak_heralds"":""False"",""leak_repump"":""True"",""leakage"":""True"",""loss"":""True"",""m"":2,""n"":60,""noise"":""rl_helios"",""p"":0.002,""prllel_1q"":16,""prllel_2q"":4,""r"":20,""repump_cycles"":3,""seq_meas"":""True"",""seq_ops"":""True"",""swapLRC"":""False""}",
       256,         0,         0,    8.71,bposd,fc034e74c25f52c7dca5bec3ced3fbedd720fbeb24afc199749aab9c2019f874,"{""A"":""x2y0+x8y1"",""B"":""x0y1+x4y1+x14y1"",""b"":""X"",""d"":8,""excl_opp_detectors"":""True"",""k"":4,""l"":15,""leak_heralds"":""False"",""leak_repump"":""True"",""leakage"":""True"",""loss"":""True"",""m"":2,""n"":60,""noise"":""rl_helios"",""p"":0.001,""prllel_1q"":16,""prllel_2q"":4,""r"":20,""repump_cycles"":3,""seq_meas"":""True"",""seq_ops"":""True"",""swapLRC"":""False""}",
       128,         0,         0,    1.71,bposd,fc034e74c25f52c7dca5bec3ced3fbedd720fbeb24afc199749aab9c2019f874,"{""A"":""x2y0+x8y1"",""B"":""x0y1+x4y1+x14y1"",""b"":""X"",""d"":8,""excl_opp_detectors"":""True"",""k"":4,""l"":15,""leak_heralds"":""False"",""leak_repump"":""True"",""leakage"":""True"",""loss"":""True"",""m"":2,""n"":60,""noise"":""rl_helios"",""p"":0.001,""prllel_1q"":16,""prllel_2q"":4,""r"":20,""repump_cycles"":3,""seq_meas"":""True"",""seq_ops"":""True"",""swapLRC"":""False""}",
        64,         0,         0,    7.82,bposd,d6466f1f2401ef78211b48d2724c0f28b872cf57bdff80ba7079cbc781acfd49,"{""A"":""x0y0+x1y0"",""B"":""x0y0+x0y1+x3y2"",""b"":""X"",""d"":7,""excl_opp_detectors"":""True"",""k"":4,""l"":8,""leak_heralds"":""False"",""leak_repump"":""True"",""leakage"":""True"",""loss"":""True"",""m"":3,""n"":48,""noise"":""rl_helios"",""p"":0.002,""prllel_1q"":16,""prllel_2q"":4,""r"":20,""repump_cycles"":3,""seq_meas"":""True"",""seq_ops"":""True"",""swapLRC"":""False""}",
        16,         2,         0,    4.38,bposd,14555660f0e1698bf981b2f3b692ea34d92f6c6a1ee8c83ab9230ef68cf27946,"{""A"":""x2y0+x8y1"",""B"":""x0y1+x4y1+x14y1"",""b"":""X"",""d"":8,""excl_opp_detectors"":""True"",""k"":4,""l"":15,""leak_heralds"":""False"",""leak_repump"":""True"",""leakage"":""True"",""loss"":""True"",""m"":2,""n"":60,""noise"":""rl_helios"",""p"":0.003,""prllel_1q"":16,""prllel_2q"":4,""r"":20,""repump_cycles"":3,""seq_meas"":""True"",""seq_ops"":""True"",""swapLRC"":""False""}",
        34,         0,         0,    9.03,bposd,14555660f0e1698bf981b2f3b692ea34d92f6c6a1ee8c83ab9230ef68cf27946,"{""A"":""x2y0+x8y1"",""B"":""x0y1+x4y1+x14y1"",""b"":""X"",""d"":8,""excl_opp_detectors"":""True"",""k"":4,""l"":15,""leak_heralds"":""False"",""leak_repump"":""True"",""leakage"":""True"",""loss"":""True"",""m"":2,""n"":60,""noise"":""rl_helios"",""p"":0.003,""prllel_1q"":16,""prllel_2q"":4,""r"":20,""repump_cycles"":3,""seq_meas"":""True"",""seq_ops"":""True"",""swapLRC"":""False""}",
        16,         0,         0,    1.66,bposd,d2e31a876ff9ab44086a0403902670ab7f3daf025f64a4ada3171d61ce3ff2f5,"{""A"":""x2y0+x8y1"",""B"":""x0y1+x4y1+x14y1"",""b"":""X"",""d"":8,""excl_opp_detectors"":""True"",""k"":4,""l"":15,""leak_heralds"":""False"",""leak_repump"":""True"",""leakage"":""True"",""loss"":""True"",""m"":2,""n"":60,""noise"":""rl_helios"",""p"":0.002,""prllel_1q"":16,""prllel_2q"":4,""r"":20,""repump_cycles"":3,""seq_meas"":""True"",""seq_ops"":""True"",""swapLRC"":""False""}",
        16,         1,         0,    1.51,bposd,d6466f1f2401ef78211b48d2724c0f28b872cf57bdff80ba7079cbc781acfd49,"{""A"":""x0y0+x1y0"",""B"":""x0y0+x0y1+x3y2"",""b"":""X"",""d"":7,""excl_opp_detectors"":""True"",""k"":4,""l"":8,""leak_heralds"":""False"",""leak_repump"":""True"",""leakage"":""True"",""loss"":""True"",""m"":3,""n"":48,""noise"":""rl_helios"",""p"":0.002,""prllel_1q"":16,""prllel_2q"":4,""r"":20,""repump_cycles"":3,""seq_meas"":""True"",""seq_ops"":""True"",""swapLRC"":""False""}",
        64,         3,         0,   10.00,bposd,363dbbe25c5091f9c41c5f79d383c415bc6a447daa00d35e45a6d7d40ccf4257,"{""A"":""x0y0+x1y0"",""B"":""x0y0+x0y1+x3y2"",""b"":""X"",""d"":7,""excl_opp_detectors"":""True"",""k"":4,""l"":8,""leak_heralds"":""False"",""leak_repump"":""True"",""leakage"":""True"",""loss"":""True"",""m"":3,""n"":48,""noise"":""rl_helios"",""p"":0.003,""prllel_1q"":16,""prllel_2q"":4,""r"":20,""repump_cycles"":3,""seq_meas"":""True"",""seq_ops"":""True"",""swapLRC"":""False""}",
        64,         7,         0,    9.37,bposd,363dbbe25c5091f9c41c5f79d383c415bc6a447daa00d35e45a6d7d40ccf4257,"{""A"":""x0y0+x1y0"",""B"":""x0y0+x0y1+x3y2"",""b"":""X"",""d"":7,""excl_opp_detectors"":""True"",""k"":4,""l"":8,""leak_heralds"":""False"",""leak_repump"":""True"",""leakage"":""True"",""loss"":""True"",""m"":3,""n"":48,""noise"":""rl_helios"",""p"":0.003,""prllel_1q"":16,""prllel_2q"":4,""r"":20,""repump_cycles"":3,""seq_meas"":""True"",""seq_ops"":""True"",""swapLRC"":""False""}",
         8,         0,         0,   0.821,bposd,d2e31a876ff9ab44086a0403902670ab7f3daf025f64a4ada3171d61ce3ff2f5,"{""A"":""x2y0+x8y1"",""B"":""x0y1+x4y1+x14y1"",""b"":""X"",""d"":8,""excl_opp_detectors"":""True"",""k"":4,""l"":15,""leak_heralds"":""False"",""leak_repump"":""True"",""leakage"":""True"",""loss"":""True"",""m"":2,""n"":60,""noise"":""rl_helios"",""p"":0.002,""prllel_1q"":16,""prllel_2q"":4,""r"":20,""repump_cycles"":3,""seq_meas"":""True"",""seq_ops"":""True"",""swapLRC"":""False""}",
       136,         4,         0,    7.90,bposd,d6466f1f2401ef78211b48d2724c0f28b872cf57bdff80ba7079cbc781acfd49,"{""A"":""x0y0+x1y0"",""B"":""x0y0+x0y1+x3y2"",""b"":""X"",""d"":7,""excl_opp_detectors"":""True"",""k"":4,""l"":8,""leak_heralds"":""False"",""leak_repump"":""True"",""leakage"":""True"",""loss"":""True"",""m"":3,""n"":48,""noise"":""rl_helios"",""p"":0.002,""prllel_1q"":16,""prllel_2q"":4,""r"":20,""repump_cycles"":3,""seq_meas"":""True"",""seq_ops"":""True"",""swapLRC"":""False""}",
       128,         0,         0,    3.29,bposd,6d1ddacfb3af8946e01e6fa1f4a73feb1ff89b1e055e733a9f2c9e62f953590b,"{""A"":""x0y0+x1y0"",""B"":""x0y0+x0y1+x3y2"",""b"":""X"",""d"":7,""excl_opp_detectors"":""True"",""k"":4,""l"":8,""leak_heralds"":""False"",""leak_repump"":""True"",""leakage"":""True"",""loss"":""True"",""m"":3,""n"":48,""noise"":""rl_helios"",""p"":0.001,""prllel_1q"":16,""prllel_2q"":4,""r"":20,""repump_cycles"":3,""seq_meas"":""True"",""seq_ops"":""True"",""swapLRC"":""False""}",
         8,         0,         0,   0.878,bposd,d2e31a876ff9ab44086a0403902670ab7f3daf025f64a4ada3171d61ce3ff2f5,"{""A"":""x2y0+x8y1"",""B"":""x0y1+x4y1+x14y1"",""b"":""X"",""d"":8,""excl_opp_detectors"":""True"",""k"":4,""l"":15,""leak_heralds"":""False"",""leak_repump"":""True"",""leakage"":""True"",""loss"":""True"",""m"":2,""n"":60,""noise"":""rl_helios"",""p"":0.002,""prllel_1q"":16,""prllel_2q"":4,""r"":20,""repump_cycles"":3,""seq_meas"":""True"",""seq_ops"":""True"",""swapLRC"":""False""}",
        32,         0,         0,    1.39,bposd,d6466f1f2401ef78211b48d2724c0f28b872cf57bdff80ba7079cbc781acfd49,"{""A"":""x0y0+x1y0"",""B"":""x0y0+x0y1+x3y2"",""b"":""X"",""d"":7,""excl_opp_detectors"":""True"",""k"":4,""l"":8,""leak_heralds"":""False"",""leak_repump"":""True"",""leakage"":""True"",""loss"":""True"",""m"":3,""n"":48,""noise"":""rl_helios"",""p"":0.002,""prllel_1q"":16,""prllel_2q"":4,""r"":20,""repump_cycles"":3,""seq_meas"":""True"",""seq_ops"":""True"",""swapLRC"":""False""}",
        64,         0,         0,    1.57,bposd,fc034e74c25f52c7dca5bec3ced3fbedd720fbeb24afc199749aab9c2019f874,"{""A"":""x2y0+x8y1"",""B"":""x0y1+x4y1+x14y1"",""b"":""X"",""d"":8,""excl_opp_detectors"":""True"",""k"":4,""l"":15,""leak_heralds"":""False"",""leak_repump"":""True"",""leakage"":""True"",""loss"":""True"",""m"":2,""n"":60,""noise"":""rl_helios"",""p"":0.001,""prllel_1q"":16,""prllel_2q"":4,""r"":20,""repump_cycles"":3,""seq_meas"":""True"",""seq_ops"":""True"",""swapLRC"":""False""}",
        32,         0,         0,    1.90,bposd,d2e31a876ff9ab44086a0403902670ab7f3daf025f64a4ada3171d61ce3ff2f5,"{""A"":""x2y0+x8y1"",""B"":""x0y1+x4y1+x14y1"",""b"":""X"",""d"":8,""excl_opp_detectors"":""True"",""k"":4,""l"":15,""leak_heralds"":""False"",""leak_repump"":""True"",""leakage"":""True"",""loss"":""True"",""m"":2,""n"":60,""noise"":""rl_helios"",""p"":0.002,""prllel_1q"":16,""prllel_2q"":4,""r"":20,""repump_cycles"":3,""seq_meas"":""True"",""seq_ops"":""True"",""swapLRC"":""False""}",
        64,         0,         0,    2.73,bposd,6d1ddacfb3af8946e01e6fa1f4a73feb1ff89b1e055e733a9f2c9e62f953590b,"{""A"":""x0y0+x1y0"",""B"":""x0y0+x0y1+x3y2"",""b"":""X"",""d"":7,""excl_opp_detectors"":""True"",""k"":4,""l"":8,""leak_heralds"":""False"",""leak_repump"":""True"",""leakage"":""True"",""loss"":""True"",""m"":3,""n"":48,""noise"":""rl_helios"",""p"":0.001,""prllel_1q"":16,""prllel_2q"":4,""r"":20,""repump_cycles"":3,""seq_meas"":""True"",""seq_ops"":""True"",""swapLRC"":""False""}",
         8,         0,         0,    1.71,bposd,14555660f0e1698bf981b2f3b692ea34d92f6c6a1ee8c83ab9230ef68cf27946,"{""A"":""x2y0+x8y1"",""B"":""x0y1+x4y1+x14y1"",""b"":""X"",""d"":8,""excl_opp_detectors"":""True"",""k"":4,""l"":15,""leak_heralds"":""False"",""leak_repump"":""True"",""leakage"":""True"",""loss"":""True"",""m"":2,""n"":60,""noise"":""rl_helios"",""p"":0.003,""prllel_1q"":16,""prllel_2q"":4,""r"":20,""repump_cycles"":3,""seq_meas"":""True"",""seq_ops"":""True"",""swapLRC"":""False""}",
        80,         0,         0,    8.52,bposd,d2e31a876ff9ab44086a0403902670ab7f3daf025f64a4ada3171d61ce3ff2f5,"{""A"":""x2y0+x8y1"",""B"":""x0y1+x4y1+x14y1"",""b"":""X"",""d"":8,""excl_opp_detectors"":""True"",""k"":4,""l"":15,""leak_heralds"":""False"",""leak_repump"":""True"",""leakage"":""True"",""loss"":""True"",""m"":2,""n"":60,""noise"":""rl_helios"",""p"":0.002,""prllel_1q"":16,""prllel_2q"":4,""r"":20,""repump_cycles"":3,""seq_meas"":""True"",""seq_ops"":""True"",""swapLRC"":""False""}",
        34,         1,         0,    11.8,bposd,14555660f0e1698bf981b2f3b692ea34d92f6c6a1ee8c83ab9230ef68cf27946,"{""A"":""x2y0+x8y1"",""B"":""x0y1+x4y1+x14y1"",""b"":""X"",""d"":8,""excl_opp_detectors"":""True"",""k"":4,""l"":15,""leak_heralds"":""False"",""leak_repump"":""True"",""leakage"":""True"",""loss"":""True"",""m"":2,""n"":60,""noise"":""rl_helios"",""p"":0.003,""prllel_1q"":16,""prllel_2q"":4,""r"":20,""repump_cycles"":3,""seq_meas"":""True"",""seq_ops"":""True"",""swapLRC"":""False""}",
        16,         0,         0,    3.32,bposd,363dbbe25c5091f9c41c5f79d383c415bc6a447daa00d35e45a6d7d40ccf4257,"{""A"":""x0y0+x1y0"",""B"":""x0y0+x0y1+x3y2"",""b"":""X"",""d"":7,""excl_opp_detectors"":""True"",""k"":4,""l"":8,""leak_heralds"":""False"",""leak_repump"":""True"",""leakage"":""True"",""loss"":""True"",""m"":3,""n"":48,""noise"":""rl_helios"",""p"":0.003,""prllel_1q"":16,""prllel_2q"":4,""r"":20,""repump_cycles"":3,""seq_meas"":""True"",""seq_ops"":""True"",""swapLRC"":""False""}",
         8,         0,         0,    1.62,bposd,d2e31a876ff9ab44086a0403902670ab7f3daf025f64a4ada3171d61ce3ff2f5,"{""A"":""x2y0+x8y1"",""B"":""x0y1+x4y1+x14y1"",""b"":""X"",""d"":8,""excl_opp_detectors"":""True"",""k"":4,""l"":15,""leak_heralds"":""False"",""leak_repump"":""True"",""leakage"":""True"",""loss"":""True"",""m"":2,""n"":60,""noise"":""rl_helios"",""p"":0.002,""prllel_1q"":16,""prllel_2q"":4,""r"":20,""repump_cycles"":3,""seq_meas"":""True"",""seq_ops"":""True"",""swapLRC"":""False""}",
        16,         0,         0,    2.13,bposd,14555660f0e1698bf981b2f3b692ea34d92f6c6a1ee8c83ab9230ef68cf27946,"{""A"":""x2y0+x8y1"",""B"":""x0y1+x4y1+x14y1"",""b"":""X"",""d"":8,""excl_opp_detectors"":""True"",""k"":4,""l"":15,""leak_heralds"":""False"",""leak_repump"":""True"",""leakage"":""True"",""loss"":""True"",""m"":2,""n"":60,""noise"":""rl_helios"",""p"":0.003,""prllel_1q"":16,""prllel_2q"":4,""r"":20,""repump_cycles"":3,""seq_meas"":""True"",""seq_ops"":""True"",""swapLRC"":""False""}",
        32,         0,         0,   0.852,bposd,fc034e74c25f52c7dca5bec3ced3fbedd720fbeb24afc199749aab9c2019f874,"{""A"":""x2y0+x8y1"",""B"":""x0y1+x4y1+x14y1"",""b"":""X"",""d"":8,""excl_opp_detectors"":""True"",""k"":4,""l"":15,""leak_heralds"":""False"",""leak_repump"":""True"",""leakage"":""True"",""loss"":""True"",""m"":2,""n"":60,""noise"":""rl_helios"",""p"":0.001,""prllel_1q"":16,""prllel_2q"":4,""r"":20,""repump_cycles"":3,""seq_meas"":""True"",""seq_ops"":""True"",""swapLRC"":""False""}",
        16,         0,         0,   0.840,bposd,d2e31a876ff9ab44086a0403902670ab7f3daf025f64a4ada3171d61ce3ff2f5,"{""A"":""x2y0+x8y1"",""B"":""x0y1+x4y1+x14y1"",""b"":""X"",""d"":8,""excl_opp_detectors"":""True"",""k"":4,""l"":15,""leak_heralds"":""False"",""leak_repump"":""True"",""leakage"":""True"",""loss"":""True"",""m"":2,""n"":60,""noise"":""rl_helios"",""p"":0.002,""prllel_1q"":16,""prllel_2q"":4,""r"":20,""repump_cycles"":3,""seq_meas"":""True"",""seq_ops"":""True"",""swapLRC"":""False""}",
       128,         0,         0,    1.46,bposd,6d1ddacfb3af8946e01e6fa1f4a73feb1ff89b1e055e733a9f2c9e62f953590b,"{""A"":""x0y0+x1y0"",""B"":""x0y0+x0y1+x3y2"",""b"":""X"",""d"":7,""excl_opp_detectors"":""True"",""k"":4,""l"":8,""leak_heralds"":""False"",""leak_repump"":""True"",""leakage"":""True"",""loss"":""True"",""m"":3,""n"":48,""noise"":""rl_helios"",""p"":0.001,""prllel_1q"":16,""prllel_2q"":4,""r"":20,""repump_cycles"":3,""seq_meas"":""True"",""seq_ops"":""True"",""swapLRC"":""False""}",
       128,         2,         0,    12.5,bposd,d6466f1f2401ef78211b48d2724c0f28b872cf57bdff80ba7079cbc781acfd49,"{""A"":""x0y0+x1y0"",""B"":""x0y0+x0y1+x3y2"",""b"":""X"",""d"":7,""excl_opp_detectors"":""True"",""k"":4,""l"":8,""leak_heralds"":""False"",""leak_repump"":""True"",""leakage"":""True"",""loss"":""True"",""m"":3,""n"":48,""noise"":""rl_helios"",""p"":0.002,""prllel_1q"":16,""prllel_2q"":4,""r"":20,""repump_cycles"":3,""seq_meas"":""True"",""seq_ops"":""True"",""swapLRC"":""False""}",
       128,         0,         0,    4.27,bposd,6d1ddacfb3af8946e01e6fa1f4a73feb1ff89b1e055e733a9f2c9e62f953590b,"{""A"":""x0y0+x1y0"",""B"":""x0y0+x0y1+x3y2"",""b"":""X"",""d"":7,""excl_opp_detectors"":""True"",""k"":4,""l"":8,""leak_heralds"":""False"",""leak_repump"":""True"",""leakage"":""True"",""loss"":""True"",""m"":3,""n"":48,""noise"":""rl_helios"",""p"":0.001,""prllel_1q"":16,""prllel_2q"":4,""r"":20,""repump_cycles"":3,""seq_meas"":""True"",""seq_ops"":""True"",""swapLRC"":""False""}",
         4,         0,         0,    1.29,bposd,14555660f0e1698bf981b2f3b692ea34d92f6c6a1ee8c83ab9230ef68cf27946,"{""A"":""x2y0+x8y1"",""B"":""x0y1+x4y1+x14y1"",""b"":""X"",""d"":8,""excl_opp_detectors"":""True"",""k"":4,""l"":15,""leak_heralds"":""False"",""leak_repump"":""True"",""leakage"":""True"",""loss"":""True"",""m"":2,""n"":60,""noise"":""rl_helios"",""p"":0.003,""prllel_1q"":16,""prllel_2q"":4,""r"":20,""repump_cycles"":3,""seq_meas"":""True"",""seq_ops"":""True"",""swapLRC"":""False""}",
        16,         1,         0,    1.71,bposd,d6466f1f2401ef78211b48d2724c0f28b872cf57bdff80ba7079cbc781acfd49,"{""A"":""x0y0+x1y0"",""B"":""x0y0+x0y1+x3y2"",""b"":""X"",""d"":7,""excl_opp_detectors"":""True"",""k"":4,""l"":8,""leak_heralds"":""False"",""leak_repump"":""True"",""leakage"":""True"",""loss"":""True"",""m"":3,""n"":48,""noise"":""rl_helios"",""p"":0.002,""prllel_1q"":16,""prllel_2q"":4,""r"":20,""repump_cycles"":3,""seq_meas"":""True"",""seq_ops"":""True"",""swapLRC"":""False""}",
        32,         0,         0,   0.864,bposd,fc034e74c25f52c7dca5bec3ced3fbedd720fbeb24afc199749aab9c2019f874,"{""A"":""x2y0+x8y1"",""B"":""x0y1+x4y1+x14y1"",""b"":""X"",""d"":8,""excl_opp_detectors"":""True"",""k"":4,""l"":15,""leak_heralds"":""False"",""leak_repump"":""True"",""leakage"":""True"",""loss"":""True"",""m"":2,""n"":60,""noise"":""rl_helios"",""p"":0.001,""prllel_1q"":16,""prllel_2q"":4,""r"":20,""repump_cycles"":3,""seq_meas"":""True"",""seq_ops"":""True"",""swapLRC"":""False""}",
       272,         2,         0,    7.79,bposd,fc034e74c25f52c7dca5bec3ced3fbedd720fbeb24afc199749aab9c2019f874,"{""A"":""x2y0+x8y1"",""B"":""x0y1+x4y1+x14y1"",""b"":""X"",""d"":8,""excl_opp_detectors"":""True"",""k"":4,""l"":15,""leak_heralds"":""False"",""leak_repump"":""True"",""leakage"":""True"",""loss"":""True"",""m"":2,""n"":60,""noise"":""rl_helios"",""p"":0.001,""prllel_1q"":16,""prllel_2q"":4,""r"":20,""repump_cycles"":3,""seq_meas"":""True"",""seq_ops"":""True"",""swapLRC"":""False""}",
        64,         0,         0,    2.20,bposd,6d1ddacfb3af8946e01e6fa1f4a73feb1ff89b1e055e733a9f2c9e62f953590b,"{""A"":""x0y0+x1y0"",""B"":""x0y0+x0y1+x3y2"",""b"":""X"",""d"":7,""excl_opp_detectors"":""True"",""k"":4,""l"":8,""leak_heralds"":""False"",""leak_repump"":""True"",""leakage"":""True"",""loss"":""True"",""m"":3,""n"":48,""noise"":""rl_helios"",""p"":0.001,""prllel_1q"":16,""prllel_2q"":4,""r"":20,""repump_cycles"":3,""seq_meas"":""True"",""seq_ops"":""True"",""swapLRC"":""False""}",
       576,         1,         0,    14.1,bposd,6d1ddacfb3af8946e01e6fa1f4a73feb1ff89b1e055e733a9f2c9e62f953590b,"{""A"":""x0y0+x1y0"",""B"":""x0y0+x0y1+x3y2"",""b"":""X"",""d"":7,""excl_opp_detectors"":""True"",""k"":4,""l"":8,""leak_heralds"":""False"",""leak_repump"":""True"",""leakage"":""True"",""loss"":""True"",""m"":3,""n"":48,""noise"":""rl_helios"",""p"":0.001,""prllel_1q"":16,""prllel_2q"":4,""r"":20,""repump_cycles"":3,""seq_meas"":""True"",""seq_ops"":""True"",""swapLRC"":""False""}",
        64,         0,         0,    2.13,bposd,6d1ddacfb3af8946e01e6fa1f4a73feb1ff89b1e055e733a9f2c9e62f953590b,"{""A"":""x0y0+x1y0"",""B"":""x0y0+x0y1+x3y2"",""b"":""X"",""d"":7,""excl_opp_detectors"":""True"",""k"":4,""l"":8,""leak_heralds"":""False"",""leak_repump"":""True"",""leakage"":""True"",""loss"":""True"",""m"":3,""n"":48,""noise"":""rl_helios"",""p"":0.001,""prllel_1q"":16,""prllel_2q"":4,""r"":20,""repump_cycles"":3,""seq_meas"":""True"",""seq_ops"":""True"",""swapLRC"":""False""}",
        16,         0,         0,    3.19,bposd,14555660f0e1698bf981b2f3b692ea34d92f6c6a1ee8c83ab9230ef68cf27946,"{""A"":""x2y0+x8y1"",""B"":""x0y1+x4y1+x14y1"",""b"":""X"",""d"":8,""excl_opp_detectors"":""True"",""k"":4,""l"":15,""leak_heralds"":""False"",""leak_repump"":""True"",""leakage"":""True"",""loss"":""True"",""m"":2,""n"":60,""noise"":""rl_helios"",""p"":0.003,""prllel_1q"":16,""prllel_2q"":4,""r"":20,""repump_cycles"":3,""seq_meas"":""True"",""seq_ops"":""True"",""swapLRC"":""False""}",
        64,         3,         0,    4.86,bposd,d6466f1f2401ef78211b48d2724c0f28b872cf57bdff80ba7079cbc781acfd49,"{""A"":""x0y0+x1y0"",""B"":""x0y0+x0y1+x3y2"",""b"":""X"",""d"":7,""excl_opp_detectors"":""True"",""k"":4,""l"":8,""leak_heralds"":""False"",""leak_repump"":""True"",""leakage"":""True"",""loss"":""True"",""m"":3,""n"":48,""noise"":""rl_helios"",""p"":0.002,""prllel_1q"":16,""prllel_2q"":4,""r"":20,""repump_cycles"":3,""seq_meas"":""True"",""seq_ops"":""True"",""swapLRC"":""False""}",
        16,         1,         0,    3.75,bposd,363dbbe25c5091f9c41c5f79d383c415bc6a447daa00d35e45a6d7d40ccf4257,"{""A"":""x0y0+x1y0"",""B"":""x0y0+x0y1+x3y2"",""b"":""X"",""d"":7,""excl_opp_detectors"":""True"",""k"":4,""l"":8,""leak_heralds"":""False"",""leak_repump"":""True"",""leakage"":""True"",""loss"":""True"",""m"":3,""n"":48,""noise"":""rl_helios"",""p"":0.003,""prllel_1q"":16,""prllel_2q"":4,""r"":20,""repump_cycles"":3,""seq_meas"":""True"",""seq_ops"":""True"",""swapLRC"":""False""}",
        12,         0,         0,    3.54,bposd,14555660f0e1698bf981b2f3b692ea34d92f6c6a1ee8c83ab9230ef68cf27946,"{""A"":""x2y0+x8y1"",""B"":""x0y1+x4y1+x14y1"",""b"":""X"",""d"":8,""excl_opp_detectors"":""True"",""k"":4,""l"":15,""leak_heralds"":""False"",""leak_repump"":""True"",""leakage"":""True"",""loss"":""True"",""m"":2,""n"":60,""noise"":""rl_helios"",""p"":0.003,""prllel_1q"":16,""prllel_2q"":4,""r"":20,""repump_cycles"":3,""seq_meas"":""True"",""seq_ops"":""True"",""swapLRC"":""False""}",
        32,         2,         0,    5.23,bposd,363dbbe25c5091f9c41c5f79d383c415bc6a447daa00d35e45a6d7d40ccf4257,"{""A"":""x0y0+x1y0"",""B"":""x0y0+x0y1+x3y2"",""b"":""X"",""d"":7,""excl_opp_detectors"":""True"",""k"":4,""l"":8,""leak_heralds"":""False"",""leak_repump"":""True"",""leakage"":""True"",""loss"":""True"",""m"":3,""n"":48,""noise"":""rl_helios"",""p"":0.003,""prllel_1q"":16,""prllel_2q"":4,""r"":20,""repump_cycles"":3,""seq_meas"":""True"",""seq_ops"":""True"",""swapLRC"":""False""}",
       128,         0,         0,    6.03,bposd,fc034e74c25f52c7dca5bec3ced3fbedd720fbeb24afc199749aab9c2019f874,"{""A"":""x2y0+x8y1"",""B"":""x0y1+x4y1+x14y1"",""b"":""X"",""d"":8,""excl_opp_detectors"":""True"",""k"":4,""l"":15,""leak_heralds"":""False"",""leak_repump"":""True"",""leakage"":""True"",""loss"":""True"",""m"":2,""n"":60,""noise"":""rl_helios"",""p"":0.001,""prllel_1q"":16,""prllel_2q"":4,""r"":20,""repump_cycles"":3,""seq_meas"":""True"",""seq_ops"":""True"",""swapLRC"":""False""}",
        56,         0,         0,    2.15,bposd,6d1ddacfb3af8946e01e6fa1f4a73feb1ff89b1e055e733a9f2c9e62f953590b,"{""A"":""x0y0+x1y0"",""B"":""x0y0+x0y1+x3y2"",""b"":""X"",""d"":7,""excl_opp_detectors"":""True"",""k"":4,""l"":8,""leak_heralds"":""False"",""leak_repump"":""True"",""leakage"":""True"",""loss"":""True"",""m"":3,""n"":48,""noise"":""rl_helios"",""p"":0.001,""prllel_1q"":16,""prllel_2q"":4,""r"":20,""repump_cycles"":3,""seq_meas"":""True"",""seq_ops"":""True"",""swapLRC"":""False""}",
        36,         4,         0,    13.0,bposd,14555660f0e1698bf981b2f3b692ea34d92f6c6a1ee8c83ab9230ef68cf27946,"{""A"":""x2y0+x8y1"",""B"":""x0y1+x4y1+x14y1"",""b"":""X"",""d"":8,""excl_opp_detectors"":""True"",""k"":4,""l"":15,""leak_heralds"":""False"",""leak_repump"":""True"",""leakage"":""True"",""loss"":""True"",""m"":2,""n"":60,""noise"":""rl_helios"",""p"":0.003,""prllel_1q"":16,""prllel_2q"":4,""r"":20,""repump_cycles"":3,""seq_meas"":""True"",""seq_ops"":""True"",""swapLRC"":""False""}",
       136,         2,         0,    13.4,bposd,d2e31a876ff9ab44086a0403902670ab7f3daf025f64a4ada3171d61ce3ff2f5,"{""A"":""x2y0+x8y1"",""B"":""x0y1+x4y1+x14y1"",""b"":""X"",""d"":8,""excl_opp_detectors"":""True"",""k"":4,""l"":15,""leak_heralds"":""False"",""leak_repump"":""True"",""leakage"":""True"",""loss"":""True"",""m"":2,""n"":60,""noise"":""rl_helios"",""p"":0.002,""prllel_1q"":16,""prllel_2q"":4,""r"":20,""repump_cycles"":3,""seq_meas"":""True"",""seq_ops"":""True"",""swapLRC"":""False""}",
        36,         3,         0,    12.7,bposd,14555660f0e1698bf981b2f3b692ea34d92f6c6a1ee8c83ab9230ef68cf27946,"{""A"":""x2y0+x8y1"",""B"":""x0y1+x4y1+x14y1"",""b"":""X"",""d"":8,""excl_opp_detectors"":""True"",""k"":4,""l"":15,""leak_heralds"":""False"",""leak_repump"":""True"",""leakage"":""True"",""loss"":""True"",""m"":2,""n"":60,""noise"":""rl_helios"",""p"":0.003,""prllel_1q"":16,""prllel_2q"":4,""r"":20,""repump_cycles"":3,""seq_meas"":""True"",""seq_ops"":""True"",""swapLRC"":""False""}",
        32,         3,         0,    6.37,bposd,363dbbe25c5091f9c41c5f79d383c415bc6a447daa00d35e45a6d7d40ccf4257,"{""A"":""x0y0+x1y0"",""B"":""x0y0+x0y1+x3y2"",""b"":""X"",""d"":7,""excl_opp_detectors"":""True"",""k"":4,""l"":8,""leak_heralds"":""False"",""leak_repump"":""True"",""leakage"":""True"",""loss"":""True"",""m"":3,""n"":48,""noise"":""rl_helios"",""p"":0.003,""prllel_1q"":16,""prllel_2q"":4,""r"":20,""repump_cycles"":3,""seq_meas"":""True"",""seq_ops"":""True"",""swapLRC"":""False""}",
        32,         0,         0,    5.18,bposd,d2e31a876ff9ab44086a0403902670ab7f3daf025f64a4ada3171d61ce3ff2f5,"{""A"":""x2y0+x8y1"",""B"":""x0y1+x4y1+x14y1"",""b"":""X"",""d"":8,""excl_opp_detectors"":""True"",""k"":4,""l"":15,""leak_heralds"":""False"",""leak_repump"":""True"",""leakage"":""True"",""loss"":""True"",""m"":2,""n"":60,""noise"":""rl_helios"",""p"":0.002,""prllel_1q"":16,""prllel_2q"":4,""r"":20,""repump_cycles"":3,""seq_meas"":""True"",""seq_ops"":""True"",""swapLRC"":""False""}",
       128,         1,         0,    4.45,bposd,fc034e74c25f52c7dca5bec3ced3fbedd720fbeb24afc199749aab9c2019f874,"{""A"":""x2y0+x8y1"",""B"":""x0y1+x4y1+x14y1"",""b"":""X"",""d"":8,""excl_opp_detectors"":""True"",""k"":4,""l"":15,""leak_heralds"":""False"",""leak_repump"":""True"",""leakage"":""True"",""loss"":""True"",""m"":2,""n"":60,""noise"":""rl_helios"",""p"":0.001,""prllel_1q"":16,""prllel_2q"":4,""r"":20,""repump_cycles"":3,""seq_meas"":""True"",""seq_ops"":""True"",""swapLRC"":""False""}",
       576,         0,         0,    11.6,bposd,6d1ddacfb3af8946e01e6fa1f4a73feb1ff89b1e055e733a9f2c9e62f953590b,"{""A"":""x0y0+x1y0"",""B"":""x0y0+x0y1+x3y2"",""b"":""X"",""d"":7,""excl_opp_detectors"":""True"",""k"":4,""l"":8,""leak_heralds"":""False"",""leak_repump"":""True"",""leakage"":""True"",""loss"":""True"",""m"":3,""n"":48,""noise"":""rl_helios"",""p"":0.001,""prllel_1q"":16,""prllel_2q"":4,""r"":20,""repump_cycles"":3,""seq_meas"":""True"",""seq_ops"":""True"",""swapLRC"":""False""}",
       160,         0,         0,    5.53,bposd,fc034e74c25f52c7dca5bec3ced3fbedd720fbeb24afc199749aab9c2019f874,"{""A"":""x2y0+x8y1"",""B"":""x0y1+x4y1+x14y1"",""b"":""X"",""d"":8,""excl_opp_detectors"":""True"",""k"":4,""l"":15,""leak_heralds"":""False"",""leak_repump"":""True"",""leakage"":""True"",""loss"":""True"",""m"":2,""n"":60,""noise"":""rl_helios"",""p"":0.001,""prllel_1q"":16,""prllel_2q"":4,""r"":20,""repump_cycles"":3,""seq_meas"":""True"",""seq_ops"":""True"",""swapLRC"":""False""}",
        32,         2,         0,    9.98,bposd,d2e31a876ff9ab44086a0403902670ab7f3daf025f64a4ada3171d61ce3ff2f5,"{""A"":""x2y0+x8y1"",""B"":""x0y1+x4y1+x14y1"",""b"":""X"",""d"":8,""excl_opp_detectors"":""True"",""k"":4,""l"":15,""leak_heralds"":""False"",""leak_repump"":""True"",""leakage"":""True"",""loss"":""True"",""m"":2,""n"":60,""noise"":""rl_helios"",""p"":0.002,""prllel_1q"":16,""prllel_2q"":4,""r"":20,""repump_cycles"":3,""seq_meas"":""True"",""seq_ops"":""True"",""swapLRC"":""False""}",
        64,         0,         0,    2.89,bposd,fc034e74c25f52c7dca5bec3ced3fbedd720fbeb24afc199749aab9c2019f874,"{""A"":""x2y0+x8y1"",""B"":""x0y1+x4y1+x14y1"",""b"":""X"",""d"":8,""excl_opp_detectors"":""True"",""k"":4,""l"":15,""leak_heralds"":""False"",""leak_repump"":""True"",""leakage"":""True"",""loss"":""True"",""m"":2,""n"":60,""noise"":""rl_helios"",""p"":0.001,""prllel_1q"":16,""prllel_2q"":4,""r"":20,""repump_cycles"":3,""seq_meas"":""True"",""seq_ops"":""True"",""swapLRC"":""False""}",
        64,         1,         0,    6.22,bposd,d6466f1f2401ef78211b48d2724c0f28b872cf57bdff80ba7079cbc781acfd49,"{""A"":""x0y0+x1y0"",""B"":""x0y0+x0y1+x3y2"",""b"":""X"",""d"":7,""excl_opp_detectors"":""True"",""k"":4,""l"":8,""leak_heralds"":""False"",""leak_repump"":""True"",""leakage"":""True"",""loss"":""True"",""m"":3,""n"":48,""noise"":""rl_helios"",""p"":0.002,""prllel_1q"":16,""prllel_2q"":4,""r"":20,""repump_cycles"":3,""seq_meas"":""True"",""seq_ops"":""True"",""swapLRC"":""False""}",
        16,         0,         0,    2.31,bposd,d2e31a876ff9ab44086a0403902670ab7f3daf025f64a4ada3171d61ce3ff2f5,"{""A"":""x2y0+x8y1"",""B"":""x0y1+x4y1+x14y1"",""b"":""X"",""d"":8,""excl_opp_detectors"":""True"",""k"":4,""l"":15,""leak_heralds"":""False"",""leak_repump"":""True"",""leakage"":""True"",""loss"":""True"",""m"":2,""n"":60,""noise"":""rl_helios"",""p"":0.002,""prllel_1q"":16,""prllel_2q"":4,""r"":20,""repump_cycles"":3,""seq_meas"":""True"",""seq_ops"":""True"",""swapLRC"":""False""}",
        16,         1,         0,    3.47,bposd,363dbbe25c5091f9c41c5f79d383c415bc6a447daa00d35e45a6d7d40ccf4257,"{""A"":""x0y0+x1y0"",""B"":""x0y0+x0y1+x3y2"",""b"":""X"",""d"":7,""excl_opp_detectors"":""True"",""k"":4,""l"":8,""leak_heralds"":""False"",""leak_repump"":""True"",""leakage"":""True"",""loss"":""True"",""m"":3,""n"":48,""noise"":""rl_helios"",""p"":0.003,""prllel_1q"":16,""prllel_2q"":4,""r"":20,""repump_cycles"":3,""seq_meas"":""True"",""seq_ops"":""True"",""swapLRC"":""False""}",
        48,         0,         0,    3.73,bposd,d6466f1f2401ef78211b48d2724c0f28b872cf57bdff80ba7079cbc781acfd49,"{""A"":""x0y0+x1y0"",""B"":""x0y0+x0y1+x3y2"",""b"":""X"",""d"":7,""excl_opp_detectors"":""True"",""k"":4,""l"":8,""leak_heralds"":""False"",""leak_repump"":""True"",""leakage"":""True"",""loss"":""True"",""m"":3,""n"":48,""noise"":""rl_helios"",""p"":0.002,""prllel_1q"":16,""prllel_2q"":4,""r"":20,""repump_cycles"":3,""seq_meas"":""True"",""seq_ops"":""True"",""swapLRC"":""False""}",
         8,         1,         0,    4.40,bposd,14555660f0e1698bf981b2f3b692ea34d92f6c6a1ee8c83ab9230ef68cf27946,"{""A"":""x2y0+x8y1"",""B"":""x0y1+x4y1+x14y1"",""b"":""X"",""d"":8,""excl_opp_detectors"":""True"",""k"":4,""l"":15,""leak_heralds"":""False"",""leak_repump"":""True"",""leakage"":""True"",""loss"":""True"",""m"":2,""n"":60,""noise"":""rl_helios"",""p"":0.003,""prllel_1q"":16,""prllel_2q"":4,""r"":20,""repump_cycles"":3,""seq_meas"":""True"",""seq_ops"":""True"",""swapLRC"":""False""}",
        64,         0,         0,    2.00,bposd,fc034e74c25f52c7dca5bec3ced3fbedd720fbeb24afc199749aab9c2019f874,"{""A"":""x2y0+x8y1"",""B"":""x0y1+x4y1+x14y1"",""b"":""X"",""d"":8,""excl_opp_detectors"":""True"",""k"":4,""l"":15,""leak_heralds"":""False"",""leak_repump"":""True"",""leakage"":""True"",""loss"":""True"",""m"":2,""n"":60,""noise"":""rl_helios"",""p"":0.001,""prllel_1q"":16,""prllel_2q"":4,""r"":20,""repump_cycles"":3,""seq_meas"":""True"",""seq_ops"":""True"",""swapLRC"":""False""}",
       256,         1,         0,    5.00,bposd,6d1ddacfb3af8946e01e6fa1f4a73feb1ff89b1e055e733a9f2c9e62f953590b,"{""A"":""x0y0+x1y0"",""B"":""x0y0+x0y1+x3y2"",""b"":""X"",""d"":7,""excl_opp_detectors"":""True"",""k"":4,""l"":8,""leak_heralds"":""False"",""leak_repump"":""True"",""leakage"":""True"",""loss"":""True"",""m"":3,""n"":48,""noise"":""rl_helios"",""p"":0.001,""prllel_1q"":16,""prllel_2q"":4,""r"":20,""repump_cycles"":3,""seq_meas"":""True"",""seq_ops"":""True"",""swapLRC"":""False""}",
       136,         5,         0,    25.8,bposd,363dbbe25c5091f9c41c5f79d383c415bc6a447daa00d35e45a6d7d40ccf4257,"{""A"":""x0y0+x1y0"",""B"":""x0y0+x0y1+x3y2"",""b"":""X"",""d"":7,""excl_opp_detectors"":""True"",""k"":4,""l"":8,""leak_heralds"":""False"",""leak_repump"":""True"",""leakage"":""True"",""loss"":""True"",""m"":3,""n"":48,""noise"":""rl_helios"",""p"":0.003,""prllel_1q"":16,""prllel_2q"":4,""r"":20,""repump_cycles"":3,""seq_meas"":""True"",""seq_ops"":""True"",""swapLRC"":""False""}",
        72,         0,         0,    7.98,bposd,d2e31a876ff9ab44086a0403902670ab7f3daf025f64a4ada3171d61ce3ff2f5,"{""A"":""x2y0+x8y1"",""B"":""x0y1+x4y1+x14y1"",""b"":""X"",""d"":8,""excl_opp_detectors"":""True"",""k"":4,""l"":15,""leak_heralds"":""False"",""leak_repump"":""True"",""leakage"":""True"",""loss"":""True"",""m"":2,""n"":60,""noise"":""rl_helios"",""p"":0.002,""prllel_1q"":16,""prllel_2q"":4,""r"":20,""repump_cycles"":3,""seq_meas"":""True"",""seq_ops"":""True"",""swapLRC"":""False""}",
        16,         0,         0,    3.67,bposd,14555660f0e1698bf981b2f3b692ea34d92f6c6a1ee8c83ab9230ef68cf27946,"{""A"":""x2y0+x8y1"",""B"":""x0y1+x4y1+x14y1"",""b"":""X"",""d"":8,""excl_opp_detectors"":""True"",""k"":4,""l"":15,""leak_heralds"":""False"",""leak_repump"":""True"",""leakage"":""True"",""loss"":""True"",""m"":2,""n"":60,""noise"":""rl_helios"",""p"":0.003,""prllel_1q"":16,""prllel_2q"":4,""r"":20,""repump_cycles"":3,""seq_meas"":""True"",""seq_ops"":""True"",""swapLRC"":""False""}",
       152,         1,         0,    16.2,bposd,d6466f1f2401ef78211b48d2724c0f28b872cf57bdff80ba7079cbc781acfd49,"{""A"":""x0y0+x1y0"",""B"":""x0y0+x0y1+x3y2"",""b"":""X"",""d"":7,""excl_opp_detectors"":""True"",""k"":4,""l"":8,""leak_heralds"":""False"",""leak_repump"":""True"",""leakage"":""True"",""loss"":""True"",""m"":3,""n"":48,""noise"":""rl_helios"",""p"":0.002,""prllel_1q"":16,""prllel_2q"":4,""r"":20,""repump_cycles"":3,""seq_meas"":""True"",""seq_ops"":""True"",""swapLRC"":""False""}",
        32,         0,         0,    2.34,bposd,d6466f1f2401ef78211b48d2724c0f28b872cf57bdff80ba7079cbc781acfd49,"{""A"":""x0y0+x1y0"",""B"":""x0y0+x0y1+x3y2"",""b"":""X"",""d"":7,""excl_opp_detectors"":""True"",""k"":4,""l"":8,""leak_heralds"":""False"",""leak_repump"":""True"",""leakage"":""True"",""loss"":""True"",""m"":3,""n"":48,""noise"":""rl_helios"",""p"":0.002,""prllel_1q"":16,""prllel_2q"":4,""r"":20,""repump_cycles"":3,""seq_meas"":""True"",""seq_ops"":""True"",""swapLRC"":""False""}",
        64,         0,         0,    2.56,bposd,fc034e74c25f52c7dca5bec3ced3fbedd720fbeb24afc199749aab9c2019f874,"{""A"":""x2y0+x8y1"",""B"":""x0y1+x4y1+x14y1"",""b"":""X"",""d"":8,""excl_opp_detectors"":""True"",""k"":4,""l"":15,""leak_heralds"":""False"",""leak_repump"":""True"",""leakage"":""True"",""loss"":""True"",""m"":2,""n"":60,""noise"":""rl_helios"",""p"":0.001,""prllel_1q"":16,""prllel_2q"":4,""r"":20,""repump_cycles"":3,""seq_meas"":""True"",""seq_ops"":""True"",""swapLRC"":""False""}",
       144,         2,         0,    8.24,bposd,d6466f1f2401ef78211b48d2724c0f28b872cf57bdff80ba7079cbc781acfd49,"{""A"":""x0y0+x1y0"",""B"":""x0y0+x0y1+x3y2"",""b"":""X"",""d"":7,""excl_opp_detectors"":""True"",""k"":4,""l"":8,""leak_heralds"":""False"",""leak_repump"":""True"",""leakage"":""True"",""loss"":""True"",""m"":3,""n"":48,""noise"":""rl_helios"",""p"":0.002,""prllel_1q"":16,""prllel_2q"":4,""r"":20,""repump_cycles"":3,""seq_meas"":""True"",""seq_ops"":""True"",""swapLRC"":""False""}",
       136,         4,         0,    10.4,bposd,d2e31a876ff9ab44086a0403902670ab7f3daf025f64a4ada3171d61ce3ff2f5,"{""A"":""x2y0+x8y1"",""B"":""x0y1+x4y1+x14y1"",""b"":""X"",""d"":8,""excl_opp_detectors"":""True"",""k"":4,""l"":15,""leak_heralds"":""False"",""leak_repump"":""True"",""leakage"":""True"",""loss"":""True"",""m"":2,""n"":60,""noise"":""rl_helios"",""p"":0.002,""prllel_1q"":16,""prllel_2q"":4,""r"":20,""repump_cycles"":3,""seq_meas"":""True"",""seq_ops"":""True"",""swapLRC"":""False""}",
         8,         0,         0,    2.18,bposd,363dbbe25c5091f9c41c5f79d383c415bc6a447daa00d35e45a6d7d40ccf4257,"{""A"":""x0y0+x1y0"",""B"":""x0y0+x0y1+x3y2"",""b"":""X"",""d"":7,""excl_opp_detectors"":""True"",""k"":4,""l"":8,""leak_heralds"":""False"",""leak_repump"":""True"",""leakage"":""True"",""loss"":""True"",""m"":3,""n"":48,""noise"":""rl_helios"",""p"":0.003,""prllel_1q"":16,""prllel_2q"":4,""r"":20,""repump_cycles"":3,""seq_meas"":""True"",""seq_ops"":""True"",""swapLRC"":""False""}",
        38,         0,         0,    5.90,bposd,363dbbe25c5091f9c41c5f79d383c415bc6a447daa00d35e45a6d7d40ccf4257,"{""A"":""x0y0+x1y0"",""B"":""x0y0+x0y1+x3y2"",""b"":""X"",""d"":7,""excl_opp_detectors"":""True"",""k"":4,""l"":8,""leak_heralds"":""False"",""leak_repump"":""True"",""leakage"":""True"",""loss"":""True"",""m"":3,""n"":48,""noise"":""rl_helios"",""p"":0.003,""prllel_1q"":16,""prllel_2q"":4,""r"":20,""repump_cycles"":3,""seq_meas"":""True"",""seq_ops"":""True"",""swapLRC"":""False""}",
       304,         1,         0,    5.70,bposd,6d1ddacfb3af8946e01e6fa1f4a73feb1ff89b1e055e733a9f2c9e62f953590b,"{""A"":""x0y0+x1y0"",""B"":""x0y0+x0y1+x3y2"",""b"":""X"",""d"":7,""excl_opp_detectors"":""True"",""k"":4,""l"":8,""leak_heralds"":""False"",""leak_repump"":""True"",""leakage"":""True"",""loss"":""True"",""m"":3,""n"":48,""noise"":""rl_helios"",""p"":0.001,""prllel_1q"":16,""prllel_2q"":4,""r"":20,""repump_cycles"":3,""seq_meas"":""True"",""seq_ops"":""True"",""swapLRC"":""False""}",
       544,         1,         0,    15.5,bposd,fc034e74c25f52c7dca5bec3ced3fbedd720fbeb24afc199749aab9c2019f874,"{""A"":""x2y0+x8y1"",""B"":""x0y1+x4y1+x14y1"",""b"":""X"",""d"":8,""excl_opp_detectors"":""True"",""k"":4,""l"":15,""leak_heralds"":""False"",""leak_repump"":""True"",""leakage"":""True"",""loss"":""True"",""m"":2,""n"":60,""noise"":""rl_helios"",""p"":0.001,""prllel_1q"":16,""prllel_2q"":4,""r"":20,""repump_cycles"":3,""seq_meas"":""True"",""seq_ops"":""True"",""swapLRC"":""False""}",
       136,         1,         0,    11.6,bposd,d6466f1f2401ef78211b48d2724c0f28b872cf57bdff80ba7079cbc781acfd49,"{""A"":""x0y0+x1y0"",""B"":""x0y0+x0y1+x3y2"",""b"":""X"",""d"":7,""excl_opp_detectors"":""True"",""k"":4,""l"":8,""leak_heralds"":""False"",""leak_repump"":""True"",""leakage"":""True"",""loss"":""True"",""m"":3,""n"":48,""noise"":""rl_helios"",""p"":0.002,""prllel_1q"":16,""prllel_2q"":4,""r"":20,""repump_cycles"":3,""seq_meas"":""True"",""seq_ops"":""True"",""swapLRC"":""False""}",
        16,         2,         0,    5.52,bposd,363dbbe25c5091f9c41c5f79d383c415bc6a447daa00d35e45a6d7d40ccf4257,"{""A"":""x0y0+x1y0"",""B"":""x0y0+x0y1+x3y2"",""b"":""X"",""d"":7,""excl_opp_detectors"":""True"",""k"":4,""l"":8,""leak_heralds"":""False"",""leak_repump"":""True"",""leakage"":""True"",""loss"":""True"",""m"":3,""n"":48,""noise"":""rl_helios"",""p"":0.003,""prllel_1q"":16,""prllel_2q"":4,""r"":20,""repump_cycles"":3,""seq_meas"":""True"",""seq_ops"":""True"",""swapLRC"":""False""}",
        16,         1,         0,    6.18,bposd,14555660f0e1698bf981b2f3b692ea34d92f6c6a1ee8c83ab9230ef68cf27946,"{""A"":""x2y0+x8y1"",""B"":""x0y1+x4y1+x14y1"",""b"":""X"",""d"":8,""excl_opp_detectors"":""True"",""k"":4,""l"":15,""leak_heralds"":""False"",""leak_repump"":""True"",""leakage"":""True"",""loss"":""True"",""m"":2,""n"":60,""noise"":""rl_helios"",""p"":0.003,""prllel_1q"":16,""prllel_2q"":4,""r"":20,""repump_cycles"":3,""seq_meas"":""True"",""seq_ops"":""True"",""swapLRC"":""False""}",
         4,         0,         0,    2.91,bposd,14555660f0e1698bf981b2f3b692ea34d92f6c6a1ee8c83ab9230ef68cf27946,"{""A"":""x2y0+x8y1"",""B"":""x0y1+x4y1+x14y1"",""b"":""X"",""d"":8,""excl_opp_detectors"":""True"",""k"":4,""l"":15,""leak_heralds"":""False"",""leak_repump"":""True"",""leakage"":""True"",""loss"":""True"",""m"":2,""n"":60,""noise"":""rl_helios"",""p"":0.003,""prllel_1q"":16,""prllel_2q"":4,""r"":20,""repump_cycles"":3,""seq_meas"":""True"",""seq_ops"":""True"",""swapLRC"":""False""}",
        36,         1,         0,    12.8,bposd,14555660f0e1698bf981b2f3b692ea34d92f6c6a1ee8c83ab9230ef68cf27946,"{""A"":""x2y0+x8y1"",""B"":""x0y1+x4y1+x14y1"",""b"":""X"",""d"":8,""excl_opp_detectors"":""True"",""k"":4,""l"":15,""leak_heralds"":""False"",""leak_repump"":""True"",""leakage"":""True"",""loss"":""True"",""m"":2,""n"":60,""noise"":""rl_helios"",""p"":0.003,""prllel_1q"":16,""prllel_2q"":4,""r"":20,""repump_cycles"":3,""seq_meas"":""True"",""seq_ops"":""True"",""swapLRC"":""False""}",
       128,         0,         0,    3.16,bposd,6d1ddacfb3af8946e01e6fa1f4a73feb1ff89b1e055e733a9f2c9e62f953590b,"{""A"":""x0y0+x1y0"",""B"":""x0y0+x0y1+x3y2"",""b"":""X"",""d"":7,""excl_opp_detectors"":""True"",""k"":4,""l"":8,""leak_heralds"":""False"",""leak_repump"":""True"",""leakage"":""True"",""loss"":""True"",""m"":3,""n"":48,""noise"":""rl_helios"",""p"":0.001,""prllel_1q"":16,""prllel_2q"":4,""r"":20,""repump_cycles"":3,""seq_meas"":""True"",""seq_ops"":""True"",""swapLRC"":""False""}",
        32,         0,         0,    3.35,bposd,d2e31a876ff9ab44086a0403902670ab7f3daf025f64a4ada3171d61ce3ff2f5,"{""A"":""x2y0+x8y1"",""B"":""x0y1+x4y1+x14y1"",""b"":""X"",""d"":8,""excl_opp_detectors"":""True"",""k"":4,""l"":15,""leak_heralds"":""False"",""leak_repump"":""True"",""leakage"":""True"",""loss"":""True"",""m"":2,""n"":60,""noise"":""rl_helios"",""p"":0.002,""prllel_1q"":16,""prllel_2q"":4,""r"":20,""repump_cycles"":3,""seq_meas"":""True"",""seq_ops"":""True"",""swapLRC"":""False""}",
       576,         0,         0,    11.1,bposd,6d1ddacfb3af8946e01e6fa1f4a73feb1ff89b1e055e733a9f2c9e62f953590b,"{""A"":""x0y0+x1y0"",""B"":""x0y0+x0y1+x3y2"",""b"":""X"",""d"":7,""excl_opp_detectors"":""True"",""k"":4,""l"":8,""leak_heralds"":""False"",""leak_repump"":""True"",""leakage"":""True"",""loss"":""True"",""m"":3,""n"":48,""noise"":""rl_helios"",""p"":0.001,""prllel_1q"":16,""prllel_2q"":4,""r"":20,""repump_cycles"":3,""seq_meas"":""True"",""seq_ops"":""True"",""swapLRC"":""False""}",
       256,         0,         0,    6.50,bposd,6d1ddacfb3af8946e01e6fa1f4a73feb1ff89b1e055e733a9f2c9e62f953590b,"{""A"":""x0y0+x1y0"",""B"":""x0y0+x0y1+x3y2"",""b"":""X"",""d"":7,""excl_opp_detectors"":""True"",""k"":4,""l"":8,""leak_heralds"":""False"",""leak_repump"":""True"",""leakage"":""True"",""loss"":""True"",""m"":3,""n"":48,""noise"":""rl_helios"",""p"":0.001,""prllel_1q"":16,""prllel_2q"":4,""r"":20,""repump_cycles"":3,""seq_meas"":""True"",""seq_ops"":""True"",""swapLRC"":""False""}",
        64,         0,         0,    4.42,bposd,d6466f1f2401ef78211b48d2724c0f28b872cf57bdff80ba7079cbc781acfd49,"{""A"":""x0y0+x1y0"",""B"":""x0y0+x0y1+x3y2"",""b"":""X"",""d"":7,""excl_opp_detectors"":""True"",""k"":4,""l"":8,""leak_heralds"":""False"",""leak_repump"":""True"",""leakage"":""True"",""loss"":""True"",""m"":3,""n"":48,""noise"":""rl_helios"",""p"":0.002,""prllel_1q"":16,""prllel_2q"":4,""r"":20,""repump_cycles"":3,""seq_meas"":""True"",""seq_ops"":""True"",""swapLRC"":""False""}",
       192,         0,         0,    4.14,bposd,fc034e74c25f52c7dca5bec3ced3fbedd720fbeb24afc199749aab9c2019f874,"{""A"":""x2y0+x8y1"",""B"":""x0y1+x4y1+x14y1"",""b"":""X"",""d"":8,""excl_opp_detectors"":""True"",""k"":4,""l"":15,""leak_heralds"":""False"",""leak_repump"":""True"",""leakage"":""True"",""loss"":""True"",""m"":2,""n"":60,""noise"":""rl_helios"",""p"":0.001,""prllel_1q"":16,""prllel_2q"":4,""r"":20,""repump_cycles"":3,""seq_meas"":""True"",""seq_ops"":""True"",""swapLRC"":""False""}",
         8,         1,         0,    5.27,bposd,14555660f0e1698bf981b2f3b692ea34d92f6c6a1ee8c83ab9230ef68cf27946,"{""A"":""x2y0+x8y1"",""B"":""x0y1+x4y1+x14y1"",""b"":""X"",""d"":8,""excl_opp_detectors"":""True"",""k"":4,""l"":15,""leak_heralds"":""False"",""leak_repump"":""True"",""leakage"":""True"",""loss"":""True"",""m"":2,""n"":60,""noise"":""rl_helios"",""p"":0.003,""prllel_1q"":16,""prllel_2q"":4,""r"":20,""repump_cycles"":3,""seq_meas"":""True"",""seq_ops"":""True"",""swapLRC"":""False""}",
       128,         0,         0,    4.12,bposd,6d1ddacfb3af8946e01e6fa1f4a73feb1ff89b1e055e733a9f2c9e62f953590b,"{""A"":""x0y0+x1y0"",""B"":""x0y0+x0y1+x3y2"",""b"":""X"",""d"":7,""excl_opp_detectors"":""True"",""k"":4,""l"":8,""leak_heralds"":""False"",""leak_repump"":""True"",""leakage"":""True"",""loss"":""True"",""m"":3,""n"":48,""noise"":""rl_helios"",""p"":0.001,""prllel_1q"":16,""prllel_2q"":4,""r"":20,""repump_cycles"":3,""seq_meas"":""True"",""seq_ops"":""True"",""swapLRC"":""False""}",
        64,         0,         0,    6.53,bposd,d6466f1f2401ef78211b48d2724c0f28b872cf57bdff80ba7079cbc781acfd49,"{""A"":""x0y0+x1y0"",""B"":""x0y0+x0y1+x3y2"",""b"":""X"",""d"":7,""excl_opp_detectors"":""True"",""k"":4,""l"":8,""leak_heralds"":""False"",""leak_repump"":""True"",""leakage"":""True"",""loss"":""True"",""m"":3,""n"":48,""noise"":""rl_helios"",""p"":0.002,""prllel_1q"":16,""prllel_2q"":4,""r"":20,""repump_cycles"":3,""seq_meas"":""True"",""seq_ops"":""True"",""swapLRC"":""False""}",
        90,         2,         0,    19.7,bposd,363dbbe25c5091f9c41c5f79d383c415bc6a447daa00d35e45a6d7d40ccf4257,"{""A"":""x0y0+x1y0"",""B"":""x0y0+x0y1+x3y2"",""b"":""X"",""d"":7,""excl_opp_detectors"":""True"",""k"":4,""l"":8,""leak_heralds"":""False"",""leak_repump"":""True"",""leakage"":""True"",""loss"":""True"",""m"":3,""n"":48,""noise"":""rl_helios"",""p"":0.003,""prllel_1q"":16,""prllel_2q"":4,""r"":20,""repump_cycles"":3,""seq_meas"":""True"",""seq_ops"":""True"",""swapLRC"":""False""}",
        64,         1,         0,    4.97,bposd,d6466f1f2401ef78211b48d2724c0f28b872cf57bdff80ba7079cbc781acfd49,"{""A"":""x0y0+x1y0"",""B"":""x0y0+x0y1+x3y2"",""b"":""X"",""d"":7,""excl_opp_detectors"":""True"",""k"":4,""l"":8,""leak_heralds"":""False"",""leak_repump"":""True"",""leakage"":""True"",""loss"":""True"",""m"":3,""n"":48,""noise"":""rl_helios"",""p"":0.002,""prllel_1q"":16,""prllel_2q"":4,""r"":20,""repump_cycles"":3,""seq_meas"":""True"",""seq_ops"":""True"",""swapLRC"":""False""}",
        24,         0,         0,    3.16,bposd,d2e31a876ff9ab44086a0403902670ab7f3daf025f64a4ada3171d61ce3ff2f5,"{""A"":""x2y0+x8y1"",""B"":""x0y1+x4y1+x14y1"",""b"":""X"",""d"":8,""excl_opp_detectors"":""True"",""k"":4,""l"":15,""leak_heralds"":""False"",""leak_repump"":""True"",""leakage"":""True"",""loss"":""True"",""m"":2,""n"":60,""noise"":""rl_helios"",""p"":0.002,""prllel_1q"":16,""prllel_2q"":4,""r"":20,""repump_cycles"":3,""seq_meas"":""True"",""seq_ops"":""True"",""swapLRC"":""False""}",
        36,         1,         0,    11.2,bposd,14555660f0e1698bf981b2f3b692ea34d92f6c6a1ee8c83ab9230ef68cf27946,"{""A"":""x2y0+x8y1"",""B"":""x0y1+x4y1+x14y1"",""b"":""X"",""d"":8,""excl_opp_detectors"":""True"",""k"":4,""l"":15,""leak_heralds"":""False"",""leak_repump"":""True"",""leakage"":""True"",""loss"":""True"",""m"":2,""n"":60,""noise"":""rl_helios"",""p"":0.003,""prllel_1q"":16,""prllel_2q"":4,""r"":20,""repump_cycles"":3,""seq_meas"":""True"",""seq_ops"":""True"",""swapLRC"":""False""}",
       320,         1,         0,    4.14,bposd,6d1ddacfb3af8946e01e6fa1f4a73feb1ff89b1e055e733a9f2c9e62f953590b,"{""A"":""x0y0+x1y0"",""B"":""x0y0+x0y1+x3y2"",""b"":""X"",""d"":7,""excl_opp_detectors"":""True"",""k"":4,""l"":8,""leak_heralds"":""False"",""leak_repump"":""True"",""leakage"":""True"",""loss"":""True"",""m"":3,""n"":48,""noise"":""rl_helios"",""p"":0.001,""prllel_1q"":16,""prllel_2q"":4,""r"":20,""repump_cycles"":3,""seq_meas"":""True"",""seq_ops"":""True"",""swapLRC"":""False""}",
       128,         0,         0,    1.86,bposd,fc034e74c25f52c7dca5bec3ced3fbedd720fbeb24afc199749aab9c2019f874,"{""A"":""x2y0+x8y1"",""B"":""x0y1+x4y1+x14y1"",""b"":""X"",""d"":8,""excl_opp_detectors"":""True"",""k"":4,""l"":15,""leak_heralds"":""False"",""leak_repump"":""True"",""leakage"":""True"",""loss"":""True"",""m"":2,""n"":60,""noise"":""rl_helios"",""p"":0.001,""prllel_1q"":16,""prllel_2q"":4,""r"":20,""repump_cycles"":3,""seq_meas"":""True"",""seq_ops"":""True"",""swapLRC"":""False""}",
       256,         0,         0,    3.76,bposd,6d1ddacfb3af8946e01e6fa1f4a73feb1ff89b1e055e733a9f2c9e62f953590b,"{""A"":""x0y0+x1y0"",""B"":""x0y0+x0y1+x3y2"",""b"":""X"",""d"":7,""excl_opp_detectors"":""True"",""k"":4,""l"":8,""leak_heralds"":""False"",""leak_repump"":""True"",""leakage"":""True"",""loss"":""True"",""m"":3,""n"":48,""noise"":""rl_helios"",""p"":0.001,""prllel_1q"":16,""prllel_2q"":4,""r"":20,""repump_cycles"":3,""seq_meas"":""True"",""seq_ops"":""True"",""swapLRC"":""False""}",
        64,         1,         0,    6.17,bposd,d2e31a876ff9ab44086a0403902670ab7f3daf025f64a4ada3171d61ce3ff2f5,"{""A"":""x2y0+x8y1"",""B"":""x0y1+x4y1+x14y1"",""b"":""X"",""d"":8,""excl_opp_detectors"":""True"",""k"":4,""l"":15,""leak_heralds"":""False"",""leak_repump"":""True"",""leakage"":""True"",""loss"":""True"",""m"":2,""n"":60,""noise"":""rl_helios"",""p"":0.002,""prllel_1q"":16,""prllel_2q"":4,""r"":20,""repump_cycles"":3,""seq_meas"":""True"",""seq_ops"":""True"",""swapLRC"":""False""}",
        16,         1,         0,    5.11,bposd,14555660f0e1698bf981b2f3b692ea34d92f6c6a1ee8c83ab9230ef68cf27946,"{""A"":""x2y0+x8y1"",""B"":""x0y1+x4y1+x14y1"",""b"":""X"",""d"":8,""excl_opp_detectors"":""True"",""k"":4,""l"":15,""leak_heralds"":""False"",""leak_repump"":""True"",""leakage"":""True"",""loss"":""True"",""m"":2,""n"":60,""noise"":""rl_helios"",""p"":0.003,""prllel_1q"":16,""prllel_2q"":4,""r"":20,""repump_cycles"":3,""seq_meas"":""True"",""seq_ops"":""True"",""swapLRC"":""False""}",
       576,         1,         0,    8.23,bposd,fc034e74c25f52c7dca5bec3ced3fbedd720fbeb24afc199749aab9c2019f874,"{""A"":""x2y0+x8y1"",""B"":""x0y1+x4y1+x14y1"",""b"":""X"",""d"":8,""excl_opp_detectors"":""True"",""k"":4,""l"":15,""leak_heralds"":""False"",""leak_repump"":""True"",""leakage"":""True"",""loss"":""True"",""m"":2,""n"":60,""noise"":""rl_helios"",""p"":0.001,""prllel_1q"":16,""prllel_2q"":4,""r"":20,""repump_cycles"":3,""seq_meas"":""True"",""seq_ops"":""True"",""swapLRC"":""False""}",
        64,         0,         0,    11.9,bposd,d2e31a876ff9ab44086a0403902670ab7f3daf025f64a4ada3171d61ce3ff2f5,"{""A"":""x2y0+x8y1"",""B"":""x0y1+x4y1+x14y1"",""b"":""X"",""d"":8,""excl_opp_detectors"":""True"",""k"":4,""l"":15,""leak_heralds"":""False"",""leak_repump"":""True"",""leakage"":""True"",""loss"":""True"",""m"":2,""n"":60,""noise"":""rl_helios"",""p"":0.002,""prllel_1q"":16,""prllel_2q"":4,""r"":20,""repump_cycles"":3,""seq_meas"":""True"",""seq_ops"":""True"",""swapLRC"":""False""}",
       544,         2,         0,    20.8,bposd,fc034e74c25f52c7dca5bec3ced3fbedd720fbeb24afc199749aab9c2019f874,"{""A"":""x2y0+x8y1"",""B"":""x0y1+x4y1+x14y1"",""b"":""X"",""d"":8,""excl_opp_detectors"":""True"",""k"":4,""l"":15,""leak_heralds"":""False"",""leak_repump"":""True"",""leakage"":""True"",""loss"":""True"",""m"":2,""n"":60,""noise"":""rl_helios"",""p"":0.001,""prllel_1q"":16,""prllel_2q"":4,""r"":20,""repump_cycles"":3,""seq_meas"":""True"",""seq_ops"":""True"",""swapLRC"":""False""}",
       144,         1,         0,    17.2,bposd,d2e31a876ff9ab44086a0403902670ab7f3daf025f64a4ada3171d61ce3ff2f5,"{""A"":""x2y0+x8y1"",""B"":""x0y1+x4y1+x14y1"",""b"":""X"",""d"":8,""excl_opp_detectors"":""True"",""k"":4,""l"":15,""leak_heralds"":""False"",""leak_repump"":""True"",""leakage"":""True"",""loss"":""True"",""m"":2,""n"":60,""noise"":""rl_helios"",""p"":0.002,""prllel_1q"":16,""prllel_2q"":4,""r"":20,""repump_cycles"":3,""seq_meas"":""True"",""seq_ops"":""True"",""swapLRC"":""False""}",
       256,         0,         0,    8.01,bposd,fc034e74c25f52c7dca5bec3ced3fbedd720fbeb24afc199749aab9c2019f874,"{""A"":""x2y0+x8y1"",""B"":""x0y1+x4y1+x14y1"",""b"":""X"",""d"":8,""excl_opp_detectors"":""True"",""k"":4,""l"":15,""leak_heralds"":""False"",""leak_repump"":""True"",""leakage"":""True"",""loss"":""True"",""m"":2,""n"":60,""noise"":""rl_helios"",""p"":0.001,""prllel_1q"":16,""prllel_2q"":4,""r"":20,""repump_cycles"":3,""seq_meas"":""True"",""seq_ops"":""True"",""swapLRC"":""False""}",
        64,         0,         0,    7.89,bposd,d6466f1f2401ef78211b48d2724c0f28b872cf57bdff80ba7079cbc781acfd49,"{""A"":""x0y0+x1y0"",""B"":""x0y0+x0y1+x3y2"",""b"":""X"",""d"":7,""excl_opp_detectors"":""True"",""k"":4,""l"":8,""leak_heralds"":""False"",""leak_repump"":""True"",""leakage"":""True"",""loss"":""True"",""m"":3,""n"":48,""noise"":""rl_helios"",""p"":0.002,""prllel_1q"":16,""prllel_2q"":4,""r"":20,""repump_cycles"":3,""seq_meas"":""True"",""seq_ops"":""True"",""swapLRC"":""False""}",
       320,         1,         0,    5.19,bposd,6d1ddacfb3af8946e01e6fa1f4a73feb1ff89b1e055e733a9f2c9e62f953590b,"{""A"":""x0y0+x1y0"",""B"":""x0y0+x0y1+x3y2"",""b"":""X"",""d"":7,""excl_opp_detectors"":""True"",""k"":4,""l"":8,""leak_heralds"":""False"",""leak_repump"":""True"",""leakage"":""True"",""loss"":""True"",""m"":3,""n"":48,""noise"":""rl_helios"",""p"":0.001,""prllel_1q"":16,""prllel_2q"":4,""r"":20,""repump_cycles"":3,""seq_meas"":""True"",""seq_ops"":""True"",""swapLRC"":""False""}",
        64,         0,         0,    2.74,bposd,fc034e74c25f52c7dca5bec3ced3fbedd720fbeb24afc199749aab9c2019f874,"{""A"":""x2y0+x8y1"",""B"":""x0y1+x4y1+x14y1"",""b"":""X"",""d"":8,""excl_opp_detectors"":""True"",""k"":4,""l"":15,""leak_heralds"":""False"",""leak_repump"":""True"",""leakage"":""True"",""loss"":""True"",""m"":2,""n"":60,""noise"":""rl_helios"",""p"":0.001,""prllel_1q"":16,""prllel_2q"":4,""r"":20,""repump_cycles"":3,""seq_meas"":""True"",""seq_ops"":""True"",""swapLRC"":""False""}",
       192,         1,         0,    3.21,bposd,6d1ddacfb3af8946e01e6fa1f4a73feb1ff89b1e055e733a9f2c9e62f953590b,"{""A"":""x0y0+x1y0"",""B"":""x0y0+x0y1+x3y2"",""b"":""X"",""d"":7,""excl_opp_detectors"":""True"",""k"":4,""l"":8,""leak_heralds"":""False"",""leak_repump"":""True"",""leakage"":""True"",""loss"":""True"",""m"":3,""n"":48,""noise"":""rl_helios"",""p"":0.001,""prllel_1q"":16,""prllel_2q"":4,""r"":20,""repump_cycles"":3,""seq_meas"":""True"",""seq_ops"":""True"",""swapLRC"":""False""}",
        48,         0,         0,    4.38,bposd,d6466f1f2401ef78211b48d2724c0f28b872cf57bdff80ba7079cbc781acfd49,"{""A"":""x0y0+x1y0"",""B"":""x0y0+x0y1+x3y2"",""b"":""X"",""d"":7,""excl_opp_detectors"":""True"",""k"":4,""l"":8,""leak_heralds"":""False"",""leak_repump"":""True"",""leakage"":""True"",""loss"":""True"",""m"":3,""n"":48,""noise"":""rl_helios"",""p"":0.002,""prllel_1q"":16,""prllel_2q"":4,""r"":20,""repump_cycles"":3,""seq_meas"":""True"",""seq_ops"":""True"",""swapLRC"":""False""}",
        32,         0,         0,    3.65,bposd,d2e31a876ff9ab44086a0403902670ab7f3daf025f64a4ada3171d61ce3ff2f5,"{""A"":""x2y0+x8y1"",""B"":""x0y1+x4y1+x14y1"",""b"":""X"",""d"":8,""excl_opp_detectors"":""True"",""k"":4,""l"":15,""leak_heralds"":""False"",""leak_repump"":""True"",""leakage"":""True"",""loss"":""True"",""m"":2,""n"":60,""noise"":""rl_helios"",""p"":0.002,""prllel_1q"":16,""prllel_2q"":4,""r"":20,""repump_cycles"":3,""seq_meas"":""True"",""seq_ops"":""True"",""swapLRC"":""False""}",
        32,         0,         0,    6.37,bposd,d6466f1f2401ef78211b48d2724c0f28b872cf57bdff80ba7079cbc781acfd49,"{""A"":""x0y0+x1y0"",""B"":""x0y0+x0y1+x3y2"",""b"":""X"",""d"":7,""excl_opp_detectors"":""True"",""k"":4,""l"":8,""leak_heralds"":""False"",""leak_repump"":""True"",""leakage"":""True"",""loss"":""True"",""m"":3,""n"":48,""noise"":""rl_helios"",""p"":0.002,""prllel_1q"":16,""prllel_2q"":4,""r"":20,""repump_cycles"":3,""seq_meas"":""True"",""seq_ops"":""True"",""swapLRC"":""False""}",
        32,         0,         0,    2.88,bposd,d2e31a876ff9ab44086a0403902670ab7f3daf025f64a4ada3171d61ce3ff2f5,"{""A"":""x2y0+x8y1"",""B"":""x0y1+x4y1+x14y1"",""b"":""X"",""d"":8,""excl_opp_detectors"":""True"",""k"":4,""l"":15,""leak_heralds"":""False"",""leak_repump"":""True"",""leakage"":""True"",""loss"":""True"",""m"":2,""n"":60,""noise"":""rl_helios"",""p"":0.002,""prllel_1q"":16,""prllel_2q"":4,""r"":20,""repump_cycles"":3,""seq_meas"":""True"",""seq_ops"":""True"",""swapLRC"":""False""}",
        72,         0,         0,    4.77,bposd,d2e31a876ff9ab44086a0403902670ab7f3daf025f64a4ada3171d61ce3ff2f5,"{""A"":""x2y0+x8y1"",""B"":""x0y1+x4y1+x14y1"",""b"":""X"",""d"":8,""excl_opp_detectors"":""True"",""k"":4,""l"":15,""leak_heralds"":""False"",""leak_repump"":""True"",""leakage"":""True"",""loss"":""True"",""m"":2,""n"":60,""noise"":""rl_helios"",""p"":0.002,""prllel_1q"":16,""prllel_2q"":4,""r"":20,""repump_cycles"":3,""seq_meas"":""True"",""seq_ops"":""True"",""swapLRC"":""False""}",
        64,         3,         0,    11.7,bposd,363dbbe25c5091f9c41c5f79d383c415bc6a447daa00d35e45a6d7d40ccf4257,"{""A"":""x0y0+x1y0"",""B"":""x0y0+x0y1+x3y2"",""b"":""X"",""d"":7,""excl_opp_detectors"":""True"",""k"":4,""l"":8,""leak_heralds"":""False"",""leak_repump"":""True"",""leakage"":""True"",""loss"":""True"",""m"":3,""n"":48,""noise"":""rl_helios"",""p"":0.003,""prllel_1q"":16,""prllel_2q"":4,""r"":20,""repump_cycles"":3,""seq_meas"":""True"",""seq_ops"":""True"",""swapLRC"":""False""}",
        68,         3,         0,    19.2,bposd,14555660f0e1698bf981b2f3b692ea34d92f6c6a1ee8c83ab9230ef68cf27946,"{""A"":""x2y0+x8y1"",""B"":""x0y1+x4y1+x14y1"",""b"":""X"",""d"":8,""excl_opp_detectors"":""True"",""k"":4,""l"":15,""leak_heralds"":""False"",""leak_repump"":""True"",""leakage"":""True"",""loss"":""True"",""m"":2,""n"":60,""noise"":""rl_helios"",""p"":0.003,""prllel_1q"":16,""prllel_2q"":4,""r"":20,""repump_cycles"":3,""seq_meas"":""True"",""seq_ops"":""True"",""swapLRC"":""False""}",
       320,         3,         0,    6.59,bposd,6d1ddacfb3af8946e01e6fa1f4a73feb1ff89b1e055e733a9f2c9e62f953590b,"{""A"":""x0y0+x1y0"",""B"":""x0y0+x0y1+x3y2"",""b"":""X"",""d"":7,""excl_opp_detectors"":""True"",""k"":4,""l"":8,""leak_heralds"":""False"",""leak_repump"":""True"",""leakage"":""True"",""loss"":""True"",""m"":3,""n"":48,""noise"":""rl_helios"",""p"":0.001,""prllel_1q"":16,""prllel_2q"":4,""r"":20,""repump_cycles"":3,""seq_meas"":""True"",""seq_ops"":""True"",""swapLRC"":""False""}",
        16,         0,         0,    1.24,bposd,d2e31a876ff9ab44086a0403902670ab7f3daf025f64a4ada3171d61ce3ff2f5,"{""A"":""x2y0+x8y1"",""B"":""x0y1+x4y1+x14y1"",""b"":""X"",""d"":8,""excl_opp_detectors"":""True"",""k"":4,""l"":15,""leak_heralds"":""False"",""leak_repump"":""True"",""leakage"":""True"",""loss"":""True"",""m"":2,""n"":60,""noise"":""rl_helios"",""p"":0.002,""prllel_1q"":16,""prllel_2q"":4,""r"":20,""repump_cycles"":3,""seq_meas"":""True"",""seq_ops"":""True"",""swapLRC"":""False""}",
        32,         1,         0,    2.74,bposd,d6466f1f2401ef78211b48d2724c0f28b872cf57bdff80ba7079cbc781acfd49,"{""A"":""x0y0+x1y0"",""B"":""x0y0+x0y1+x3y2"",""b"":""X"",""d"":7,""excl_opp_detectors"":""True"",""k"":4,""l"":8,""leak_heralds"":""False"",""leak_repump"":""True"",""leakage"":""True"",""loss"":""True"",""m"":3,""n"":48,""noise"":""rl_helios"",""p"":0.002,""prllel_1q"":16,""prllel_2q"":4,""r"":20,""repump_cycles"":3,""seq_meas"":""True"",""seq_ops"":""True"",""swapLRC"":""False""}",
         1,         0,         0,   0.011,bposd,d6466f1f2401ef78211b48d2724c0f28b872cf57bdff80ba7079cbc781acfd49,"{""A"":""x0y0+x1y0"",""B"":""x0y0+x0y1+x3y2"",""b"":""X"",""d"":7,""excl_opp_detectors"":""True"",""k"":4,""l"":8,""leak_heralds"":""False"",""leak_repump"":""True"",""leakage"":""True"",""loss"":""True"",""m"":3,""n"":48,""noise"":""rl_helios"",""p"":0.002,""prllel_1q"":16,""prllel_2q"":4,""r"":20,""repump_cycles"":3,""seq_meas"":""True"",""seq_ops"":""True"",""swapLRC"":""False""}",
       128,         0,         0,    2.96,bposd,fc034e74c25f52c7dca5bec3ced3fbedd720fbeb24afc199749aab9c2019f874,"{""A"":""x2y0+x8y1"",""B"":""x0y1+x4y1+x14y1"",""b"":""X"",""d"":8,""excl_opp_detectors"":""True"",""k"":4,""l"":15,""leak_heralds"":""False"",""leak_repump"":""True"",""leakage"":""True"",""loss"":""True"",""m"":2,""n"":60,""noise"":""rl_helios"",""p"":0.001,""prllel_1q"":16,""prllel_2q"":4,""r"":20,""repump_cycles"":3,""seq_meas"":""True"",""seq_ops"":""True"",""swapLRC"":""False""}",
         1,         0,         0,   0.009,bposd,fc034e74c25f52c7dca5bec3ced3fbedd720fbeb24afc199749aab9c2019f874,"{""A"":""x2y0+x8y1"",""B"":""x0y1+x4y1+x14y1"",""b"":""X"",""d"":8,""excl_opp_detectors"":""True"",""k"":4,""l"":15,""leak_heralds"":""False"",""leak_repump"":""True"",""leakage"":""True"",""loss"":""True"",""m"":2,""n"":60,""noise"":""rl_helios"",""p"":0.001,""prllel_1q"":16,""prllel_2q"":4,""r"":20,""repump_cycles"":3,""seq_meas"":""True"",""seq_ops"":""True"",""swapLRC"":""False""}",
        16,         0,         0,   0.030,bposd,fc034e74c25f52c7dca5bec3ced3fbedd720fbeb24afc199749aab9c2019f874,"{""A"":""x2y0+x8y1"",""B"":""x0y1+x4y1+x14y1"",""b"":""X"",""d"":8,""excl_opp_detectors"":""True"",""k"":4,""l"":15,""leak_heralds"":""False"",""leak_repump"":""True"",""leakage"":""True"",""loss"":""True"",""m"":2,""n"":60,""noise"":""rl_helios"",""p"":0.001,""prllel_1q"":16,""prllel_2q"":4,""r"":20,""repump_cycles"":3,""seq_meas"":""True"",""seq_ops"":""True"",""swapLRC"":""False""}",
        24,         4,         0,    5.77,bposd,14555660f0e1698bf981b2f3b692ea34d92f6c6a1ee8c83ab9230ef68cf27946,"{""A"":""x2y0+x8y1"",""B"":""x0y1+x4y1+x14y1"",""b"":""X"",""d"":8,""excl_opp_detectors"":""True"",""k"":4,""l"":15,""leak_heralds"":""False"",""leak_repump"":""True"",""leakage"":""True"",""loss"":""True"",""m"":2,""n"":60,""noise"":""rl_helios"",""p"":0.003,""prllel_1q"":16,""prllel_2q"":4,""r"":20,""repump_cycles"":3,""seq_meas"":""True"",""seq_ops"":""True"",""swapLRC"":""False""}",
        16,         0,         0,    1.73,bposd,d2e31a876ff9ab44086a0403902670ab7f3daf025f64a4ada3171d61ce3ff2f5,"{""A"":""x2y0+x8y1"",""B"":""x0y1+x4y1+x14y1"",""b"":""X"",""d"":8,""excl_opp_detectors"":""True"",""k"":4,""l"":15,""leak_heralds"":""False"",""leak_repump"":""True"",""leakage"":""True"",""loss"":""True"",""m"":2,""n"":60,""noise"":""rl_helios"",""p"":0.002,""prllel_1q"":16,""prllel_2q"":4,""r"":20,""repump_cycles"":3,""seq_meas"":""True"",""seq_ops"":""True"",""swapLRC"":""False""}",
       192,         1,         0,    3.19,bposd,6d1ddacfb3af8946e01e6fa1f4a73feb1ff89b1e055e733a9f2c9e62f953590b,"{""A"":""x0y0+x1y0"",""B"":""x0y0+x0y1+x3y2"",""b"":""X"",""d"":7,""excl_opp_detectors"":""True"",""k"":4,""l"":8,""leak_heralds"":""False"",""leak_repump"":""True"",""leakage"":""True"",""loss"":""True"",""m"":3,""n"":48,""noise"":""rl_helios"",""p"":0.001,""prllel_1q"":16,""prllel_2q"":4,""r"":20,""repump_cycles"":3,""seq_meas"":""True"",""seq_ops"":""True"",""swapLRC"":""False""}",
        17,         0,         0,    1.96,bposd,d6466f1f2401ef78211b48d2724c0f28b872cf57bdff80ba7079cbc781acfd49,"{""A"":""x0y0+x1y0"",""B"":""x0y0+x0y1+x3y2"",""b"":""X"",""d"":7,""excl_opp_detectors"":""True"",""k"":4,""l"":8,""leak_heralds"":""False"",""leak_repump"":""True"",""leakage"":""True"",""loss"":""True"",""m"":3,""n"":48,""noise"":""rl_helios"",""p"":0.002,""prllel_1q"":16,""prllel_2q"":4,""r"":20,""repump_cycles"":3,""seq_meas"":""True"",""seq_ops"":""True"",""swapLRC"":""False""}",
        17,         0,         0,    2.17,bposd,6d1ddacfb3af8946e01e6fa1f4a73feb1ff89b1e055e733a9f2c9e62f953590b,"{""A"":""x0y0+x1y0"",""B"":""x0y0+x0y1+x3y2"",""b"":""X"",""d"":7,""excl_opp_detectors"":""True"",""k"":4,""l"":8,""leak_heralds"":""False"",""leak_repump"":""True"",""leakage"":""True"",""loss"":""True"",""m"":3,""n"":48,""noise"":""rl_helios"",""p"":0.001,""prllel_1q"":16,""prllel_2q"":4,""r"":20,""repump_cycles"":3,""seq_meas"":""True"",""seq_ops"":""True"",""swapLRC"":""False""}",
         8,         0,         0,   0.010,bposd,6d1ddacfb3af8946e01e6fa1f4a73feb1ff89b1e055e733a9f2c9e62f953590b,"{""A"":""x0y0+x1y0"",""B"":""x0y0+x0y1+x3y2"",""b"":""X"",""d"":7,""excl_opp_detectors"":""True"",""k"":4,""l"":8,""leak_heralds"":""False"",""leak_repump"":""True"",""leakage"":""True"",""loss"":""True"",""m"":3,""n"":48,""noise"":""rl_helios"",""p"":0.001,""prllel_1q"":16,""prllel_2q"":4,""r"":20,""repump_cycles"":3,""seq_meas"":""True"",""seq_ops"":""True"",""swapLRC"":""False""}",
       544,         1,         0,    19.9,bposd,6d1ddacfb3af8946e01e6fa1f4a73feb1ff89b1e055e733a9f2c9e62f953590b,"{""A"":""x0y0+x1y0"",""B"":""x0y0+x0y1+x3y2"",""b"":""X"",""d"":7,""excl_opp_detectors"":""True"",""k"":4,""l"":8,""leak_heralds"":""False"",""leak_repump"":""True"",""leakage"":""True"",""loss"":""True"",""m"":3,""n"":48,""noise"":""rl_helios"",""p"":0.001,""prllel_1q"":16,""prllel_2q"":4,""r"":20,""repump_cycles"":3,""seq_meas"":""True"",""seq_ops"":""True"",""swapLRC"":""False""}",
        16,         0,         0,    2.39,bposd,d2e31a876ff9ab44086a0403902670ab7f3daf025f64a4ada3171d61ce3ff2f5,"{""A"":""x2y0+x8y1"",""B"":""x0y1+x4y1+x14y1"",""b"":""X"",""d"":8,""excl_opp_detectors"":""True"",""k"":4,""l"":15,""leak_heralds"":""False"",""leak_repump"":""True"",""leakage"":""True"",""loss"":""True"",""m"":2,""n"":60,""noise"":""rl_helios"",""p"":0.002,""prllel_1q"":16,""prllel_2q"":4,""r"":20,""repump_cycles"":3,""seq_meas"":""True"",""seq_ops"":""True"",""swapLRC"":""False""}",
        16,         0,         0,    2.47,bposd,d6466f1f2401ef78211b48d2724c0f28b872cf57bdff80ba7079cbc781acfd49,"{""A"":""x0y0+x1y0"",""B"":""x0y0+x0y1+x3y2"",""b"":""X"",""d"":7,""excl_opp_detectors"":""True"",""k"":4,""l"":8,""leak_heralds"":""False"",""leak_repump"":""True"",""leakage"":""True"",""loss"":""True"",""m"":3,""n"":48,""noise"":""rl_helios"",""p"":0.002,""prllel_1q"":16,""prllel_2q"":4,""r"":20,""repump_cycles"":3,""seq_meas"":""True"",""seq_ops"":""True"",""swapLRC"":""False""}",
       152,         2,         0,    13.9,bposd,d6466f1f2401ef78211b48d2724c0f28b872cf57bdff80ba7079cbc781acfd49,"{""A"":""x0y0+x1y0"",""B"":""x0y0+x0y1+x3y2"",""b"":""X"",""d"":7,""excl_opp_detectors"":""True"",""k"":4,""l"":8,""leak_heralds"":""False"",""leak_repump"":""True"",""leakage"":""True"",""loss"":""True"",""m"":3,""n"":48,""noise"":""rl_helios"",""p"":0.002,""prllel_1q"":16,""prllel_2q"":4,""r"":20,""repump_cycles"":3,""seq_meas"":""True"",""seq_ops"":""True"",""swapLRC"":""False""}",
         8,         0,         0,    2.14,bposd,d2e31a876ff9ab44086a0403902670ab7f3daf025f64a4ada3171d61ce3ff2f5,"{""A"":""x2y0+x8y1"",""B"":""x0y1+x4y1+x14y1"",""b"":""X"",""d"":8,""excl_opp_detectors"":""True"",""k"":4,""l"":15,""leak_heralds"":""False"",""leak_repump"":""True"",""leakage"":""True"",""loss"":""True"",""m"":2,""n"":60,""noise"":""rl_helios"",""p"":0.002,""prllel_1q"":16,""prllel_2q"":4,""r"":20,""repump_cycles"":3,""seq_meas"":""True"",""seq_ops"":""True"",""swapLRC"":""False""}",
         8,         0,         0,   0.789,bposd,d6466f1f2401ef78211b48d2724c0f28b872cf57bdff80ba7079cbc781acfd49,"{""A"":""x0y0+x1y0"",""B"":""x0y0+x0y1+x3y2"",""b"":""X"",""d"":7,""excl_opp_detectors"":""True"",""k"":4,""l"":8,""leak_heralds"":""False"",""leak_repump"":""True"",""leakage"":""True"",""loss"":""True"",""m"":3,""n"":48,""noise"":""rl_helios"",""p"":0.002,""prllel_1q"":16,""prllel_2q"":4,""r"":20,""repump_cycles"":3,""seq_meas"":""True"",""seq_ops"":""True"",""swapLRC"":""False""}",
       152,         1,         0,    16.5,bposd,d2e31a876ff9ab44086a0403902670ab7f3daf025f64a4ada3171d61ce3ff2f5,"{""A"":""x2y0+x8y1"",""B"":""x0y1+x4y1+x14y1"",""b"":""X"",""d"":8,""excl_opp_detectors"":""True"",""k"":4,""l"":15,""leak_heralds"":""False"",""leak_repump"":""True"",""leakage"":""True"",""loss"":""True"",""m"":2,""n"":60,""noise"":""rl_helios"",""p"":0.002,""prllel_1q"":16,""prllel_2q"":4,""r"":20,""repump_cycles"":3,""seq_meas"":""True"",""seq_ops"":""True"",""swapLRC"":""False""}",
        64,         0,         0,    3.07,bposd,fc034e74c25f52c7dca5bec3ced3fbedd720fbeb24afc199749aab9c2019f874,"{""A"":""x2y0+x8y1"",""B"":""x0y1+x4y1+x14y1"",""b"":""X"",""d"":8,""excl_opp_detectors"":""True"",""k"":4,""l"":15,""leak_heralds"":""False"",""leak_repump"":""True"",""leakage"":""True"",""loss"":""True"",""m"":2,""n"":60,""noise"":""rl_helios"",""p"":0.001,""prllel_1q"":16,""prllel_2q"":4,""r"":20,""repump_cycles"":3,""seq_meas"":""True"",""seq_ops"":""True"",""swapLRC"":""False""}",
       256,         0,         0,    6.28,bposd,fc034e74c25f52c7dca5bec3ced3fbedd720fbeb24afc199749aab9c2019f874,"{""A"":""x2y0+x8y1"",""B"":""x0y1+x4y1+x14y1"",""b"":""X"",""d"":8,""excl_opp_detectors"":""True"",""k"":4,""l"":15,""leak_heralds"":""False"",""leak_repump"":""True"",""leakage"":""True"",""loss"":""True"",""m"":2,""n"":60,""noise"":""rl_helios"",""p"":0.001,""prllel_1q"":16,""prllel_2q"":4,""r"":20,""repump_cycles"":3,""seq_meas"":""True"",""seq_ops"":""True"",""swapLRC"":""False""}",
         1,         0,         0,   0.009,bposd,fc034e74c25f52c7dca5bec3ced3fbedd720fbeb24afc199749aab9c2019f874,"{""A"":""x2y0+x8y1"",""B"":""x0y1+x4y1+x14y1"",""b"":""X"",""d"":8,""excl_opp_detectors"":""True"",""k"":4,""l"":15,""leak_heralds"":""False"",""leak_repump"":""True"",""leakage"":""True"",""loss"":""True"",""m"":2,""n"":60,""noise"":""rl_helios"",""p"":0.001,""prllel_1q"":16,""prllel_2q"":4,""r"":20,""repump_cycles"":3,""seq_meas"":""True"",""seq_ops"":""True"",""swapLRC"":""False""}",
         4,         0,         0,   0.853,bposd,d2e31a876ff9ab44086a0403902670ab7f3daf025f64a4ada3171d61ce3ff2f5,"{""A"":""x2y0+x8y1"",""B"":""x0y1+x4y1+x14y1"",""b"":""X"",""d"":8,""excl_opp_detectors"":""True"",""k"":4,""l"":15,""leak_heralds"":""False"",""leak_repump"":""True"",""leakage"":""True"",""loss"":""True"",""m"":2,""n"":60,""noise"":""rl_helios"",""p"":0.002,""prllel_1q"":16,""prllel_2q"":4,""r"":20,""repump_cycles"":3,""seq_meas"":""True"",""seq_ops"":""True"",""swapLRC"":""False""}",
        96,         1,         0,    10.3,bposd,d6466f1f2401ef78211b48d2724c0f28b872cf57bdff80ba7079cbc781acfd49,"{""A"":""x0y0+x1y0"",""B"":""x0y0+x0y1+x3y2"",""b"":""X"",""d"":7,""excl_opp_detectors"":""True"",""k"":4,""l"":8,""leak_heralds"":""False"",""leak_repump"":""True"",""leakage"":""True"",""loss"":""True"",""m"":3,""n"":48,""noise"":""rl_helios"",""p"":0.002,""prllel_1q"":16,""prllel_2q"":4,""r"":20,""repump_cycles"":3,""seq_meas"":""True"",""seq_ops"":""True"",""swapLRC"":""False""}",
       256,         0,         0,    8.34,bposd,fc034e74c25f52c7dca5bec3ced3fbedd720fbeb24afc199749aab9c2019f874,"{""A"":""x2y0+x8y1"",""B"":""x0y1+x4y1+x14y1"",""b"":""X"",""d"":8,""excl_opp_detectors"":""True"",""k"":4,""l"":15,""leak_heralds"":""False"",""leak_repump"":""True"",""leakage"":""True"",""loss"":""True"",""m"":2,""n"":60,""noise"":""rl_helios"",""p"":0.001,""prllel_1q"":16,""prllel_2q"":4,""r"":20,""repump_cycles"":3,""seq_meas"":""True"",""seq_ops"":""True"",""swapLRC"":""False""}",
        16,         2,         0,    3.84,bposd,d6466f1f2401ef78211b48d2724c0f28b872cf57bdff80ba7079cbc781acfd49,"{""A"":""x0y0+x1y0"",""B"":""x0y0+x0y1+x3y2"",""b"":""X"",""d"":7,""excl_opp_detectors"":""True"",""k"":4,""l"":8,""leak_heralds"":""False"",""leak_repump"":""True"",""leakage"":""True"",""loss"":""True"",""m"":3,""n"":48,""noise"":""rl_helios"",""p"":0.002,""prllel_1q"":16,""prllel_2q"":4,""r"":20,""repump_cycles"":3,""seq_meas"":""True"",""seq_ops"":""True"",""swapLRC"":""False""}",
        40,         0,         0,    5.15,bposd,d6466f1f2401ef78211b48d2724c0f28b872cf57bdff80ba7079cbc781acfd49,"{""A"":""x0y0+x1y0"",""B"":""x0y0+x0y1+x3y2"",""b"":""X"",""d"":7,""excl_opp_detectors"":""True"",""k"":4,""l"":8,""leak_heralds"":""False"",""leak_repump"":""True"",""leakage"":""True"",""loss"":""True"",""m"":3,""n"":48,""noise"":""rl_helios"",""p"":0.002,""prllel_1q"":16,""prllel_2q"":4,""r"":20,""repump_cycles"":3,""seq_meas"":""True"",""seq_ops"":""True"",""swapLRC"":""False""}",
         8,         0,         0,   0.133,bposd,d6466f1f2401ef78211b48d2724c0f28b872cf57bdff80ba7079cbc781acfd49,"{""A"":""x0y0+x1y0"",""B"":""x0y0+x0y1+x3y2"",""b"":""X"",""d"":7,""excl_opp_detectors"":""True"",""k"":4,""l"":8,""leak_heralds"":""False"",""leak_repump"":""True"",""leakage"":""True"",""loss"":""True"",""m"":3,""n"":48,""noise"":""rl_helios"",""p"":0.002,""prllel_1q"":16,""prllel_2q"":4,""r"":20,""repump_cycles"":3,""seq_meas"":""True"",""seq_ops"":""True"",""swapLRC"":""False""}",
       544,         1,         0,    17.8,bposd,fc034e74c25f52c7dca5bec3ced3fbedd720fbeb24afc199749aab9c2019f874,"{""A"":""x2y0+x8y1"",""B"":""x0y1+x4y1+x14y1"",""b"":""X"",""d"":8,""excl_opp_detectors"":""True"",""k"":4,""l"":15,""leak_heralds"":""False"",""leak_repump"":""True"",""leakage"":""True"",""loss"":""True"",""m"":2,""n"":60,""noise"":""rl_helios"",""p"":0.001,""prllel_1q"":16,""prllel_2q"":4,""r"":20,""repump_cycles"":3,""seq_meas"":""True"",""seq_ops"":""True"",""swapLRC"":""False""}",
         8,         0,         0,    1.46,bposd,d6466f1f2401ef78211b48d2724c0f28b872cf57bdff80ba7079cbc781acfd49,"{""A"":""x0y0+x1y0"",""B"":""x0y0+x0y1+x3y2"",""b"":""X"",""d"":7,""excl_opp_detectors"":""True"",""k"":4,""l"":8,""leak_heralds"":""False"",""leak_repump"":""True"",""leakage"":""True"",""loss"":""True"",""m"":3,""n"":48,""noise"":""rl_helios"",""p"":0.002,""prllel_1q"":16,""prllel_2q"":4,""r"":20,""repump_cycles"":3,""seq_meas"":""True"",""seq_ops"":""True"",""swapLRC"":""False""}",
        38,         3,         0,    14.8,bposd,14555660f0e1698bf981b2f3b692ea34d92f6c6a1ee8c83ab9230ef68cf27946,"{""A"":""x2y0+x8y1"",""B"":""x0y1+x4y1+x14y1"",""b"":""X"",""d"":8,""excl_opp_detectors"":""True"",""k"":4,""l"":15,""leak_heralds"":""False"",""leak_repump"":""True"",""leakage"":""True"",""loss"":""True"",""m"":2,""n"":60,""noise"":""rl_helios"",""p"":0.003,""prllel_1q"":16,""prllel_2q"":4,""r"":20,""repump_cycles"":3,""seq_meas"":""True"",""seq_ops"":""True"",""swapLRC"":""False""}",
       128,         0,         0,    1.81,bposd,fc034e74c25f52c7dca5bec3ced3fbedd720fbeb24afc199749aab9c2019f874,"{""A"":""x2y0+x8y1"",""B"":""x0y1+x4y1+x14y1"",""b"":""X"",""d"":8,""excl_opp_detectors"":""True"",""k"":4,""l"":15,""leak_heralds"":""False"",""leak_repump"":""True"",""leakage"":""True"",""loss"":""True"",""m"":2,""n"":60,""noise"":""rl_helios"",""p"":0.001,""prllel_1q"":16,""prllel_2q"":4,""r"":20,""repump_cycles"":3,""seq_meas"":""True"",""seq_ops"":""True"",""swapLRC"":""False""}",
        16,         0,         0,    1.85,bposd,fc034e74c25f52c7dca5bec3ced3fbedd720fbeb24afc199749aab9c2019f874,"{""A"":""x2y0+x8y1"",""B"":""x0y1+x4y1+x14y1"",""b"":""X"",""d"":8,""excl_opp_detectors"":""True"",""k"":4,""l"":15,""leak_heralds"":""False"",""leak_repump"":""True"",""leakage"":""True"",""loss"":""True"",""m"":2,""n"":60,""noise"":""rl_helios"",""p"":0.001,""prllel_1q"":16,""prllel_2q"":4,""r"":20,""repump_cycles"":3,""seq_meas"":""True"",""seq_ops"":""True"",""swapLRC"":""False""}",
         4,         0,         0,    1.73,bposd,d2e31a876ff9ab44086a0403902670ab7f3daf025f64a4ada3171d61ce3ff2f5,"{""A"":""x2y0+x8y1"",""B"":""x0y1+x4y1+x14y1"",""b"":""X"",""d"":8,""excl_opp_detectors"":""True"",""k"":4,""l"":15,""leak_heralds"":""False"",""leak_repump"":""True"",""leakage"":""True"",""loss"":""True"",""m"":2,""n"":60,""noise"":""rl_helios"",""p"":0.002,""prllel_1q"":16,""prllel_2q"":4,""r"":20,""repump_cycles"":3,""seq_meas"":""True"",""seq_ops"":""True"",""swapLRC"":""False""}",
       576,         0,         0,    10.8,bposd,6d1ddacfb3af8946e01e6fa1f4a73feb1ff89b1e055e733a9f2c9e62f953590b,"{""A"":""x0y0+x1y0"",""B"":""x0y0+x0y1+x3y2"",""b"":""X"",""d"":7,""excl_opp_detectors"":""True"",""k"":4,""l"":8,""leak_heralds"":""False"",""leak_repump"":""True"",""leakage"":""True"",""loss"":""True"",""m"":3,""n"":48,""noise"":""rl_helios"",""p"":0.001,""prllel_1q"":16,""prllel_2q"":4,""r"":20,""repump_cycles"":3,""seq_meas"":""True"",""seq_ops"":""True"",""swapLRC"":""False""}",
       256,         0,         0,    3.17,bposd,6d1ddacfb3af8946e01e6fa1f4a73feb1ff89b1e055e733a9f2c9e62f953590b,"{""A"":""x0y0+x1y0"",""B"":""x0y0+x0y1+x3y2"",""b"":""X"",""d"":7,""excl_opp_detectors"":""True"",""k"":4,""l"":8,""leak_heralds"":""False"",""leak_repump"":""True"",""leakage"":""True"",""loss"":""True"",""m"":3,""n"":48,""noise"":""rl_helios"",""p"":0.001,""prllel_1q"":16,""prllel_2q"":4,""r"":20,""repump_cycles"":3,""seq_meas"":""True"",""seq_ops"":""True"",""swapLRC"":""False""}",
       128,         1,         0,    3.20,bposd,6d1ddacfb3af8946e01e6fa1f4a73feb1ff89b1e055e733a9f2c9e62f953590b,"{""A"":""x0y0+x1y0"",""B"":""x0y0+x0y1+x3y2"",""b"":""X"",""d"":7,""excl_opp_detectors"":""True"",""k"":4,""l"":8,""leak_heralds"":""False"",""leak_repump"":""True"",""leakage"":""True"",""loss"":""True"",""m"":3,""n"":48,""noise"":""rl_helios"",""p"":0.001,""prllel_1q"":16,""prllel_2q"":4,""r"":20,""repump_cycles"":3,""seq_meas"":""True"",""seq_ops"":""True"",""swapLRC"":""False""}",
        48,         0,         0,    6.51,bposd,d2e31a876ff9ab44086a0403902670ab7f3daf025f64a4ada3171d61ce3ff2f5,"{""A"":""x2y0+x8y1"",""B"":""x0y1+x4y1+x14y1"",""b"":""X"",""d"":8,""excl_opp_detectors"":""True"",""k"":4,""l"":15,""leak_heralds"":""False"",""leak_repump"":""True"",""leakage"":""True"",""loss"":""True"",""m"":2,""n"":60,""noise"":""rl_helios"",""p"":0.002,""prllel_1q"":16,""prllel_2q"":4,""r"":20,""repump_cycles"":3,""seq_meas"":""True"",""seq_ops"":""True"",""swapLRC"":""False""}",
       256,         0,         0,    5.38,bposd,fc034e74c25f52c7dca5bec3ced3fbedd720fbeb24afc199749aab9c2019f874,"{""A"":""x2y0+x8y1"",""B"":""x0y1+x4y1+x14y1"",""b"":""X"",""d"":8,""excl_opp_detectors"":""True"",""k"":4,""l"":15,""leak_heralds"":""False"",""leak_repump"":""True"",""leakage"":""True"",""loss"":""True"",""m"":2,""n"":60,""noise"":""rl_helios"",""p"":0.001,""prllel_1q"":16,""prllel_2q"":4,""r"":20,""repump_cycles"":3,""seq_meas"":""True"",""seq_ops"":""True"",""swapLRC"":""False""}",
        64,         0,         0,    8.77,bposd,d2e31a876ff9ab44086a0403902670ab7f3daf025f64a4ada3171d61ce3ff2f5,"{""A"":""x2y0+x8y1"",""B"":""x0y1+x4y1+x14y1"",""b"":""X"",""d"":8,""excl_opp_detectors"":""True"",""k"":4,""l"":15,""leak_heralds"":""False"",""leak_repump"":""True"",""leakage"":""True"",""loss"":""True"",""m"":2,""n"":60,""noise"":""rl_helios"",""p"":0.002,""prllel_1q"":16,""prllel_2q"":4,""r"":20,""repump_cycles"":3,""seq_meas"":""True"",""seq_ops"":""True"",""swapLRC"":""False""}",
       192,         0,         0,    6.53,bposd,6d1ddacfb3af8946e01e6fa1f4a73feb1ff89b1e055e733a9f2c9e62f953590b,"{""A"":""x0y0+x1y0"",""B"":""x0y0+x0y1+x3y2"",""b"":""X"",""d"":7,""excl_opp_detectors"":""True"",""k"":4,""l"":8,""leak_heralds"":""False"",""leak_repump"":""True"",""leakage"":""True"",""loss"":""True"",""m"":3,""n"":48,""noise"":""rl_helios"",""p"":0.001,""prllel_1q"":16,""prllel_2q"":4,""r"":20,""repump_cycles"":3,""seq_meas"":""True"",""seq_ops"":""True"",""swapLRC"":""False""}",
       368,         1,         0,    5.94,bposd,6d1ddacfb3af8946e01e6fa1f4a73feb1ff89b1e055e733a9f2c9e62f953590b,"{""A"":""x0y0+x1y0"",""B"":""x0y0+x0y1+x3y2"",""b"":""X"",""d"":7,""excl_opp_detectors"":""True"",""k"":4,""l"":8,""leak_heralds"":""False"",""leak_repump"":""True"",""leakage"":""True"",""loss"":""True"",""m"":3,""n"":48,""noise"":""rl_helios"",""p"":0.001,""prllel_1q"":16,""prllel_2q"":4,""r"":20,""repump_cycles"":3,""seq_meas"":""True"",""seq_ops"":""True"",""swapLRC"":""False""}",
       256,         0,         0,    2.56,bposd,fc034e74c25f52c7dca5bec3ced3fbedd720fbeb24afc199749aab9c2019f874,"{""A"":""x2y0+x8y1"",""B"":""x0y1+x4y1+x14y1"",""b"":""X"",""d"":8,""excl_opp_detectors"":""True"",""k"":4,""l"":15,""leak_heralds"":""False"",""leak_repump"":""True"",""leakage"":""True"",""loss"":""True"",""m"":2,""n"":60,""noise"":""rl_helios"",""p"":0.001,""prllel_1q"":16,""prllel_2q"":4,""r"":20,""repump_cycles"":3,""seq_meas"":""True"",""seq_ops"":""True"",""swapLRC"":""False""}",
        32,         0,         0,    2.90,bposd,d6466f1f2401ef78211b48d2724c0f28b872cf57bdff80ba7079cbc781acfd49,"{""A"":""x0y0+x1y0"",""B"":""x0y0+x0y1+x3y2"",""b"":""X"",""d"":7,""excl_opp_detectors"":""True"",""k"":4,""l"":8,""leak_heralds"":""False"",""leak_repump"":""True"",""leakage"":""True"",""loss"":""True"",""m"":3,""n"":48,""noise"":""rl_helios"",""p"":0.002,""prllel_1q"":16,""prllel_2q"":4,""r"":20,""repump_cycles"":3,""seq_meas"":""True"",""seq_ops"":""True"",""swapLRC"":""False""}",
        72,         5,         0,    14.0,bposd,14555660f0e1698bf981b2f3b692ea34d92f6c6a1ee8c83ab9230ef68cf27946,"{""A"":""x2y0+x8y1"",""B"":""x0y1+x4y1+x14y1"",""b"":""X"",""d"":8,""excl_opp_detectors"":""True"",""k"":4,""l"":15,""leak_heralds"":""False"",""leak_repump"":""True"",""leakage"":""True"",""loss"":""True"",""m"":2,""n"":60,""noise"":""rl_helios"",""p"":0.003,""prllel_1q"":16,""prllel_2q"":4,""r"":20,""repump_cycles"":3,""seq_meas"":""True"",""seq_ops"":""True"",""swapLRC"":""False""}",
       480,         1,         0,    9.24,bposd,6d1ddacfb3af8946e01e6fa1f4a73feb1ff89b1e055e733a9f2c9e62f953590b,"{""A"":""x0y0+x1y0"",""B"":""x0y0+x0y1+x3y2"",""b"":""X"",""d"":7,""excl_opp_detectors"":""True"",""k"":4,""l"":8,""leak_heralds"":""False"",""leak_repump"":""True"",""leakage"":""True"",""loss"":""True"",""m"":3,""n"":48,""noise"":""rl_helios"",""p"":0.001,""prllel_1q"":16,""prllel_2q"":4,""r"":20,""repump_cycles"":3,""seq_meas"":""True"",""seq_ops"":""True"",""swapLRC"":""False""}",
        32,         0,         0,    7.62,bposd,14555660f0e1698bf981b2f3b692ea34d92f6c6a1ee8c83ab9230ef68cf27946,"{""A"":""x2y0+x8y1"",""B"":""x0y1+x4y1+x14y1"",""b"":""X"",""d"":8,""excl_opp_detectors"":""True"",""k"":4,""l"":15,""leak_heralds"":""False"",""leak_repump"":""True"",""leakage"":""True"",""loss"":""True"",""m"":2,""n"":60,""noise"":""rl_helios"",""p"":0.003,""prllel_1q"":16,""prllel_2q"":4,""r"":20,""repump_cycles"":3,""seq_meas"":""True"",""seq_ops"":""True"",""swapLRC"":""False""}",
        64,         0,         0,    2.33,bposd,fc034e74c25f52c7dca5bec3ced3fbedd720fbeb24afc199749aab9c2019f874,"{""A"":""x2y0+x8y1"",""B"":""x0y1+x4y1+x14y1"",""b"":""X"",""d"":8,""excl_opp_detectors"":""True"",""k"":4,""l"":15,""leak_heralds"":""False"",""leak_repump"":""True"",""leakage"":""True"",""loss"":""True"",""m"":2,""n"":60,""noise"":""rl_helios"",""p"":0.001,""prllel_1q"":16,""prllel_2q"":4,""r"":20,""repump_cycles"":3,""seq_meas"":""True"",""seq_ops"":""True"",""swapLRC"":""False""}",
        16,         0,         0,   0.494,bposd,d6466f1f2401ef78211b48d2724c0f28b872cf57bdff80ba7079cbc781acfd49,"{""A"":""x0y0+x1y0"",""B"":""x0y0+x0y1+x3y2"",""b"":""X"",""d"":7,""excl_opp_detectors"":""True"",""k"":4,""l"":8,""leak_heralds"":""False"",""leak_repump"":""True"",""leakage"":""True"",""loss"":""True"",""m"":3,""n"":48,""noise"":""rl_helios"",""p"":0.002,""prllel_1q"":16,""prllel_2q"":4,""r"":20,""repump_cycles"":3,""seq_meas"":""True"",""seq_ops"":""True"",""swapLRC"":""False""}",
        96,         0,         0,    4.88,bposd,d6466f1f2401ef78211b48d2724c0f28b872cf57bdff80ba7079cbc781acfd49,"{""A"":""x0y0+x1y0"",""B"":""x0y0+x0y1+x3y2"",""b"":""X"",""d"":7,""excl_opp_detectors"":""True"",""k"":4,""l"":8,""leak_heralds"":""False"",""leak_repump"":""True"",""leakage"":""True"",""loss"":""True"",""m"":3,""n"":48,""noise"":""rl_helios"",""p"":0.002,""prllel_1q"":16,""prllel_2q"":4,""r"":20,""repump_cycles"":3,""seq_meas"":""True"",""seq_ops"":""True"",""swapLRC"":""False""}",
        64,         0,         0,    2.05,bposd,6d1ddacfb3af8946e01e6fa1f4a73feb1ff89b1e055e733a9f2c9e62f953590b,"{""A"":""x0y0+x1y0"",""B"":""x0y0+x0y1+x3y2"",""b"":""X"",""d"":7,""excl_opp_detectors"":""True"",""k"":4,""l"":8,""leak_heralds"":""False"",""leak_repump"":""True"",""leakage"":""True"",""loss"":""True"",""m"":3,""n"":48,""noise"":""rl_helios"",""p"":0.001,""prllel_1q"":16,""prllel_2q"":4,""r"":20,""repump_cycles"":3,""seq_meas"":""True"",""seq_ops"":""True"",""swapLRC"":""False""}",
       168,         2,         0,    9.52,bposd,d6466f1f2401ef78211b48d2724c0f28b872cf57bdff80ba7079cbc781acfd49,"{""A"":""x0y0+x1y0"",""B"":""x0y0+x0y1+x3y2"",""b"":""X"",""d"":7,""excl_opp_detectors"":""True"",""k"":4,""l"":8,""leak_heralds"":""False"",""leak_repump"":""True"",""leakage"":""True"",""loss"":""True"",""m"":3,""n"":48,""noise"":""rl_helios"",""p"":0.002,""prllel_1q"":16,""prllel_2q"":4,""r"":20,""repump_cycles"":3,""seq_meas"":""True"",""seq_ops"":""True"",""swapLRC"":""False""}",
       136,         0,         0,    2.62,bposd,fc034e74c25f52c7dca5bec3ced3fbedd720fbeb24afc199749aab9c2019f874,"{""A"":""x2y0+x8y1"",""B"":""x0y1+x4y1+x14y1"",""b"":""X"",""d"":8,""excl_opp_detectors"":""True"",""k"":4,""l"":15,""leak_heralds"":""False"",""leak_repump"":""True"",""leakage"":""True"",""loss"":""True"",""m"":2,""n"":60,""noise"":""rl_helios"",""p"":0.001,""prllel_1q"":16,""prllel_2q"":4,""r"":20,""repump_cycles"":3,""seq_meas"":""True"",""seq_ops"":""True"",""swapLRC"":""False""}",
       128,         0,         0,    4.10,bposd,fc034e74c25f52c7dca5bec3ced3fbedd720fbeb24afc199749aab9c2019f874,"{""A"":""x2y0+x8y1"",""B"":""x0y1+x4y1+x14y1"",""b"":""X"",""d"":8,""excl_opp_detectors"":""True"",""k"":4,""l"":15,""leak_heralds"":""False"",""leak_repump"":""True"",""leakage"":""True"",""loss"":""True"",""m"":2,""n"":60,""noise"":""rl_helios"",""p"":0.001,""prllel_1q"":16,""prllel_2q"":4,""r"":20,""repump_cycles"":3,""seq_meas"":""True"",""seq_ops"":""True"",""swapLRC"":""False""}",
        34,         1,         0,    3.40,bposd,d2e31a876ff9ab44086a0403902670ab7f3daf025f64a4ada3171d61ce3ff2f5,"{""A"":""x2y0+x8y1"",""B"":""x0y1+x4y1+x14y1"",""b"":""X"",""d"":8,""excl_opp_detectors"":""True"",""k"":4,""l"":15,""leak_heralds"":""False"",""leak_repump"":""True"",""leakage"":""True"",""loss"":""True"",""m"":2,""n"":60,""noise"":""rl_helios"",""p"":0.002,""prllel_1q"":16,""prllel_2q"":4,""r"":20,""repump_cycles"":3,""seq_meas"":""True"",""seq_ops"":""True"",""swapLRC"":""False""}",
        64,         0,         0,   0.860,bposd,fc034e74c25f52c7dca5bec3ced3fbedd720fbeb24afc199749aab9c2019f874,"{""A"":""x2y0+x8y1"",""B"":""x0y1+x4y1+x14y1"",""b"":""X"",""d"":8,""excl_opp_detectors"":""True"",""k"":4,""l"":15,""leak_heralds"":""False"",""leak_repump"":""True"",""leakage"":""True"",""loss"":""True"",""m"":2,""n"":60,""noise"":""rl_helios"",""p"":0.001,""prllel_1q"":16,""prllel_2q"":4,""r"":20,""repump_cycles"":3,""seq_meas"":""True"",""seq_ops"":""True"",""swapLRC"":""False""}",
       144,         1,         0,    22.7,bposd,d2e31a876ff9ab44086a0403902670ab7f3daf025f64a4ada3171d61ce3ff2f5,"{""A"":""x2y0+x8y1"",""B"":""x0y1+x4y1+x14y1"",""b"":""X"",""d"":8,""excl_opp_detectors"":""True"",""k"":4,""l"":15,""leak_heralds"":""False"",""leak_repump"":""True"",""leakage"":""True"",""loss"":""True"",""m"":2,""n"":60,""noise"":""rl_helios"",""p"":0.002,""prllel_1q"":16,""prllel_2q"":4,""r"":20,""repump_cycles"":3,""seq_meas"":""True"",""seq_ops"":""True"",""swapLRC"":""False""}",
        76,         4,         0,    14.3,bposd,14555660f0e1698bf981b2f3b692ea34d92f6c6a1ee8c83ab9230ef68cf27946,"{""A"":""x2y0+x8y1"",""B"":""x0y1+x4y1+x14y1"",""b"":""X"",""d"":8,""excl_opp_detectors"":""True"",""k"":4,""l"":15,""leak_heralds"":""False"",""leak_repump"":""True"",""leakage"":""True"",""loss"":""True"",""m"":2,""n"":60,""noise"":""rl_helios"",""p"":0.003,""prllel_1q"":16,""prllel_2q"":4,""r"":20,""repump_cycles"":3,""seq_meas"":""True"",""seq_ops"":""True"",""swapLRC"":""False""}",
        32,         0,         0,    2.04,bposd,6d1ddacfb3af8946e01e6fa1f4a73feb1ff89b1e055e733a9f2c9e62f953590b,"{""A"":""x0y0+x1y0"",""B"":""x0y0+x0y1+x3y2"",""b"":""X"",""d"":7,""excl_opp_detectors"":""True"",""k"":4,""l"":8,""leak_heralds"":""False"",""leak_repump"":""True"",""leakage"":""True"",""loss"":""True"",""m"":3,""n"":48,""noise"":""rl_helios"",""p"":0.001,""prllel_1q"":16,""prllel_2q"":4,""r"":20,""repump_cycles"":3,""seq_meas"":""True"",""seq_ops"":""True"",""swapLRC"":""False""}",
       576,         1,         0,    12.8,bposd,fc034e74c25f52c7dca5bec3ced3fbedd720fbeb24afc199749aab9c2019f874,"{""A"":""x2y0+x8y1"",""B"":""x0y1+x4y1+x14y1"",""b"":""X"",""d"":8,""excl_opp_detectors"":""True"",""k"":4,""l"":15,""leak_heralds"":""False"",""leak_repump"":""True"",""leakage"":""True"",""loss"":""True"",""m"":2,""n"":60,""noise"":""rl_helios"",""p"":0.001,""prllel_1q"":16,""prllel_2q"":4,""r"":20,""repump_cycles"":3,""seq_meas"":""True"",""seq_ops"":""True"",""swapLRC"":""False""}",
        32,         0,         0,    4.51,bposd,d2e31a876ff9ab44086a0403902670ab7f3daf025f64a4ada3171d61ce3ff2f5,"{""A"":""x2y0+x8y1"",""B"":""x0y1+x4y1+x14y1"",""b"":""X"",""d"":8,""excl_opp_detectors"":""True"",""k"":4,""l"":15,""leak_heralds"":""False"",""leak_repump"":""True"",""leakage"":""True"",""loss"":""True"",""m"":2,""n"":60,""noise"":""rl_helios"",""p"":0.002,""prllel_1q"":16,""prllel_2q"":4,""r"":20,""repump_cycles"":3,""seq_meas"":""True"",""seq_ops"":""True"",""swapLRC"":""False""}",
        68,         2,         0,    6.04,bposd,d6466f1f2401ef78211b48d2724c0f28b872cf57bdff80ba7079cbc781acfd49,"{""A"":""x0y0+x1y0"",""B"":""x0y0+x0y1+x3y2"",""b"":""X"",""d"":7,""excl_opp_detectors"":""True"",""k"":4,""l"":8,""leak_heralds"":""False"",""leak_repump"":""True"",""leakage"":""True"",""loss"":""True"",""m"":3,""n"":48,""noise"":""rl_helios"",""p"":0.002,""prllel_1q"":16,""prllel_2q"":4,""r"":20,""repump_cycles"":3,""seq_meas"":""True"",""seq_ops"":""True"",""swapLRC"":""False""}",
       132,         0,         0,    6.57,bposd,d6466f1f2401ef78211b48d2724c0f28b872cf57bdff80ba7079cbc781acfd49,"{""A"":""x0y0+x1y0"",""B"":""x0y0+x0y1+x3y2"",""b"":""X"",""d"":7,""excl_opp_detectors"":""True"",""k"":4,""l"":8,""leak_heralds"":""False"",""leak_repump"":""True"",""leakage"":""True"",""loss"":""True"",""m"":3,""n"":48,""noise"":""rl_helios"",""p"":0.002,""prllel_1q"":16,""prllel_2q"":4,""r"":20,""repump_cycles"":3,""seq_meas"":""True"",""seq_ops"":""True"",""swapLRC"":""False""}",
       128,         0,         0,    5.03,bposd,6d1ddacfb3af8946e01e6fa1f4a73feb1ff89b1e055e733a9f2c9e62f953590b,"{""A"":""x0y0+x1y0"",""B"":""x0y0+x0y1+x3y2"",""b"":""X"",""d"":7,""excl_opp_detectors"":""True"",""k"":4,""l"":8,""leak_heralds"":""False"",""leak_repump"":""True"",""leakage"":""True"",""loss"":""True"",""m"":3,""n"":48,""noise"":""rl_helios"",""p"":0.001,""prllel_1q"":16,""prllel_2q"":4,""r"":20,""repump_cycles"":3,""seq_meas"":""True"",""seq_ops"":""True"",""swapLRC"":""False""}",
        16,         0,         0,   0.868,bposd,d2e31a876ff9ab44086a0403902670ab7f3daf025f64a4ada3171d61ce3ff2f5,"{""A"":""x2y0+x8y1"",""B"":""x0y1+x4y1+x14y1"",""b"":""X"",""d"":8,""excl_opp_detectors"":""True"",""k"":4,""l"":15,""leak_heralds"":""False"",""leak_repump"":""True"",""leakage"":""True"",""loss"":""True"",""m"":2,""n"":60,""noise"":""rl_helios"",""p"":0.002,""prllel_1q"":16,""prllel_2q"":4,""r"":20,""repump_cycles"":3,""seq_meas"":""True"",""seq_ops"":""True"",""swapLRC"":""False""}",
        16,         0,         0,    2.85,bposd,d2e31a876ff9ab44086a0403902670ab7f3daf025f64a4ada3171d61ce3ff2f5,"{""A"":""x2y0+x8y1"",""B"":""x0y1+x4y1+x14y1"",""b"":""X"",""d"":8,""excl_opp_detectors"":""True"",""k"":4,""l"":15,""leak_heralds"":""False"",""leak_repump"":""True"",""leakage"":""True"",""loss"":""True"",""m"":2,""n"":60,""noise"":""rl_helios"",""p"":0.002,""prllel_1q"":16,""prllel_2q"":4,""r"":20,""repump_cycles"":3,""seq_meas"":""True"",""seq_ops"":""True"",""swapLRC"":""False""}",
       128,         0,         0,    5.87,bposd,fc034e74c25f52c7dca5bec3ced3fbedd720fbeb24afc199749aab9c2019f874,"{""A"":""x2y0+x8y1"",""B"":""x0y1+x4y1+x14y1"",""b"":""X"",""d"":8,""excl_opp_detectors"":""True"",""k"":4,""l"":15,""leak_heralds"":""False"",""leak_repump"":""True"",""leakage"":""True"",""loss"":""True"",""m"":2,""n"":60,""noise"":""rl_helios"",""p"":0.001,""prllel_1q"":16,""prllel_2q"":4,""r"":20,""repump_cycles"":3,""seq_meas"":""True"",""seq_ops"":""True"",""swapLRC"":""False""}",
       256,         1,         0,    6.22,bposd,6d1ddacfb3af8946e01e6fa1f4a73feb1ff89b1e055e733a9f2c9e62f953590b,"{""A"":""x0y0+x1y0"",""B"":""x0y0+x0y1+x3y2"",""b"":""X"",""d"":7,""excl_opp_detectors"":""True"",""k"":4,""l"":8,""leak_heralds"":""False"",""leak_repump"":""True"",""leakage"":""True"",""loss"":""True"",""m"":3,""n"":48,""noise"":""rl_helios"",""p"":0.001,""prllel_1q"":16,""prllel_2q"":4,""r"":20,""repump_cycles"":3,""seq_meas"":""True"",""seq_ops"":""True"",""swapLRC"":""False""}",
       136,         2,         0,    10.1,bposd,d6466f1f2401ef78211b48d2724c0f28b872cf57bdff80ba7079cbc781acfd49,"{""A"":""x0y0+x1y0"",""B"":""x0y0+x0y1+x3y2"",""b"":""X"",""d"":7,""excl_opp_detectors"":""True"",""k"":4,""l"":8,""leak_heralds"":""False"",""leak_repump"":""True"",""leakage"":""True"",""loss"":""True"",""m"":3,""n"":48,""noise"":""rl_helios"",""p"":0.002,""prllel_1q"":16,""prllel_2q"":4,""r"":20,""repump_cycles"":3,""seq_meas"":""True"",""seq_ops"":""True"",""swapLRC"":""False""}",
       272,         0,         0,    3.09,bposd,6d1ddacfb3af8946e01e6fa1f4a73feb1ff89b1e055e733a9f2c9e62f953590b,"{""A"":""x0y0+x1y0"",""B"":""x0y0+x0y1+x3y2"",""b"":""X"",""d"":7,""excl_opp_detectors"":""True"",""k"":4,""l"":8,""leak_heralds"":""False"",""leak_repump"":""True"",""leakage"":""True"",""loss"":""True"",""m"":3,""n"":48,""noise"":""rl_helios"",""p"":0.001,""prllel_1q"":16,""prllel_2q"":4,""r"":20,""repump_cycles"":3,""seq_meas"":""True"",""seq_ops"":""True"",""swapLRC"":""False""}",
       128,         1,         0,    2.24,bposd,6d1ddacfb3af8946e01e6fa1f4a73feb1ff89b1e055e733a9f2c9e62f953590b,"{""A"":""x0y0+x1y0"",""B"":""x0y0+x0y1+x3y2"",""b"":""X"",""d"":7,""excl_opp_detectors"":""True"",""k"":4,""l"":8,""leak_heralds"":""False"",""leak_repump"":""True"",""leakage"":""True"",""loss"":""True"",""m"":3,""n"":48,""noise"":""rl_helios"",""p"":0.001,""prllel_1q"":16,""prllel_2q"":4,""r"":20,""repump_cycles"":3,""seq_meas"":""True"",""seq_ops"":""True"",""swapLRC"":""False""}",
        64,         1,         0,    4.34,bposd,fc034e74c25f52c7dca5bec3ced3fbedd720fbeb24afc199749aab9c2019f874,"{""A"":""x2y0+x8y1"",""B"":""x0y1+x4y1+x14y1"",""b"":""X"",""d"":8,""excl_opp_detectors"":""True"",""k"":4,""l"":15,""leak_heralds"":""False"",""leak_repump"":""True"",""leakage"":""True"",""loss"":""True"",""m"":2,""n"":60,""noise"":""rl_helios"",""p"":0.001,""prllel_1q"":16,""prllel_2q"":4,""r"":20,""repump_cycles"":3,""seq_meas"":""True"",""seq_ops"":""True"",""swapLRC"":""False""}",
        16,         0,         0,    1.78,bposd,d2e31a876ff9ab44086a0403902670ab7f3daf025f64a4ada3171d61ce3ff2f5,"{""A"":""x2y0+x8y1"",""B"":""x0y1+x4y1+x14y1"",""b"":""X"",""d"":8,""excl_opp_detectors"":""True"",""k"":4,""l"":15,""leak_heralds"":""False"",""leak_repump"":""True"",""leakage"":""True"",""loss"":""True"",""m"":2,""n"":60,""noise"":""rl_helios"",""p"":0.002,""prllel_1q"":16,""prllel_2q"":4,""r"":20,""repump_cycles"":3,""seq_meas"":""True"",""seq_ops"":""True"",""swapLRC"":""False""}",
       352,         0,         0,    9.84,bposd,fc034e74c25f52c7dca5bec3ced3fbedd720fbeb24afc199749aab9c2019f874,"{""A"":""x2y0+x8y1"",""B"":""x0y1+x4y1+x14y1"",""b"":""X"",""d"":8,""excl_opp_detectors"":""True"",""k"":4,""l"":15,""leak_heralds"":""False"",""leak_repump"":""True"",""leakage"":""True"",""loss"":""True"",""m"":2,""n"":60,""noise"":""rl_helios"",""p"":0.001,""prllel_1q"":16,""prllel_2q"":4,""r"":20,""repump_cycles"":3,""seq_meas"":""True"",""seq_ops"":""True"",""swapLRC"":""False""}",
        64,         0,         0,    2.15,bposd,fc034e74c25f52c7dca5bec3ced3fbedd720fbeb24afc199749aab9c2019f874,"{""A"":""x2y0+x8y1"",""B"":""x0y1+x4y1+x14y1"",""b"":""X"",""d"":8,""excl_opp_detectors"":""True"",""k"":4,""l"":15,""leak_heralds"":""False"",""leak_repump"":""True"",""leakage"":""True"",""loss"":""True"",""m"":2,""n"":60,""noise"":""rl_helios"",""p"":0.001,""prllel_1q"":16,""prllel_2q"":4,""r"":20,""repump_cycles"":3,""seq_meas"":""True"",""seq_ops"":""True"",""swapLRC"":""False""}",
       128,         0,         0,    7.22,bposd,fc034e74c25f52c7dca5bec3ced3fbedd720fbeb24afc199749aab9c2019f874,"{""A"":""x2y0+x8y1"",""B"":""x0y1+x4y1+x14y1"",""b"":""X"",""d"":8,""excl_opp_detectors"":""True"",""k"":4,""l"":15,""leak_heralds"":""False"",""leak_repump"":""True"",""leakage"":""True"",""loss"":""True"",""m"":2,""n"":60,""noise"":""rl_helios"",""p"":0.001,""prllel_1q"":16,""prllel_2q"":4,""r"":20,""repump_cycles"":3,""seq_meas"":""True"",""seq_ops"":""True"",""swapLRC"":""False""}",
        32,         1,         0,    3.60,bposd,d6466f1f2401ef78211b48d2724c0f28b872cf57bdff80ba7079cbc781acfd49,"{""A"":""x0y0+x1y0"",""B"":""x0y0+x0y1+x3y2"",""b"":""X"",""d"":7,""excl_opp_detectors"":""True"",""k"":4,""l"":8,""leak_heralds"":""False"",""leak_repump"":""True"",""leakage"":""True"",""loss"":""True"",""m"":3,""n"":48,""noise"":""rl_helios"",""p"":0.002,""prllel_1q"":16,""prllel_2q"":4,""r"":20,""repump_cycles"":3,""seq_meas"":""True"",""seq_ops"":""True"",""swapLRC"":""False""}",
       384,         0,         0,    6.93,bposd,6d1ddacfb3af8946e01e6fa1f4a73feb1ff89b1e055e733a9f2c9e62f953590b,"{""A"":""x0y0+x1y0"",""B"":""x0y0+x0y1+x3y2"",""b"":""X"",""d"":7,""excl_opp_detectors"":""True"",""k"":4,""l"":8,""leak_heralds"":""False"",""leak_repump"":""True"",""leakage"":""True"",""loss"":""True"",""m"":3,""n"":48,""noise"":""rl_helios"",""p"":0.001,""prllel_1q"":16,""prllel_2q"":4,""r"":20,""repump_cycles"":3,""seq_meas"":""True"",""seq_ops"":""True"",""swapLRC"":""False""}",
       288,         0,         0,    7.17,bposd,fc034e74c25f52c7dca5bec3ced3fbedd720fbeb24afc199749aab9c2019f874,"{""A"":""x2y0+x8y1"",""B"":""x0y1+x4y1+x14y1"",""b"":""X"",""d"":8,""excl_opp_detectors"":""True"",""k"":4,""l"":15,""leak_heralds"":""False"",""leak_repump"":""True"",""leakage"":""True"",""loss"":""True"",""m"":2,""n"":60,""noise"":""rl_helios"",""p"":0.001,""prllel_1q"":16,""prllel_2q"":4,""r"":20,""repump_cycles"":3,""seq_meas"":""True"",""seq_ops"":""True"",""swapLRC"":""False""}",
        16,         0,         0,   0.700,bposd,d6466f1f2401ef78211b48d2724c0f28b872cf57bdff80ba7079cbc781acfd49,"{""A"":""x0y0+x1y0"",""B"":""x0y0+x0y1+x3y2"",""b"":""X"",""d"":7,""excl_opp_detectors"":""True"",""k"":4,""l"":8,""leak_heralds"":""False"",""leak_repump"":""True"",""leakage"":""True"",""loss"":""True"",""m"":3,""n"":48,""noise"":""rl_helios"",""p"":0.002,""prllel_1q"":16,""prllel_2q"":4,""r"":20,""repump_cycles"":3,""seq_meas"":""True"",""seq_ops"":""True"",""swapLRC"":""False""}",
        64,         2,         0,    11.8,bposd,d2e31a876ff9ab44086a0403902670ab7f3daf025f64a4ada3171d61ce3ff2f5,"{""A"":""x2y0+x8y1"",""B"":""x0y1+x4y1+x14y1"",""b"":""X"",""d"":8,""excl_opp_detectors"":""True"",""k"":4,""l"":15,""leak_heralds"":""False"",""leak_repump"":""True"",""leakage"":""True"",""loss"":""True"",""m"":2,""n"":60,""noise"":""rl_helios"",""p"":0.002,""prllel_1q"":16,""prllel_2q"":4,""r"":20,""repump_cycles"":3,""seq_meas"":""True"",""seq_ops"":""True"",""swapLRC"":""False""}",
        32,         0,         0,    1.36,bposd,fc034e74c25f52c7dca5bec3ced3fbedd720fbeb24afc199749aab9c2019f874,"{""A"":""x2y0+x8y1"",""B"":""x0y1+x4y1+x14y1"",""b"":""X"",""d"":8,""excl_opp_detectors"":""True"",""k"":4,""l"":15,""leak_heralds"":""False"",""leak_repump"":""True"",""leakage"":""True"",""loss"":""True"",""m"":2,""n"":60,""noise"":""rl_helios"",""p"":0.001,""prllel_1q"":16,""prllel_2q"":4,""r"":20,""repump_cycles"":3,""seq_meas"":""True"",""seq_ops"":""True"",""swapLRC"":""False""}",
        16,         0,         0,   0.699,bposd,d6466f1f2401ef78211b48d2724c0f28b872cf57bdff80ba7079cbc781acfd49,"{""A"":""x0y0+x1y0"",""B"":""x0y0+x0y1+x3y2"",""b"":""X"",""d"":7,""excl_opp_detectors"":""True"",""k"":4,""l"":8,""leak_heralds"":""False"",""leak_repump"":""True"",""leakage"":""True"",""loss"":""True"",""m"":3,""n"":48,""noise"":""rl_helios"",""p"":0.002,""prllel_1q"":16,""prllel_2q"":4,""r"":20,""repump_cycles"":3,""seq_meas"":""True"",""seq_ops"":""True"",""swapLRC"":""False""}",
         8,         0,         0,    2.76,bposd,d2e31a876ff9ab44086a0403902670ab7f3daf025f64a4ada3171d61ce3ff2f5,"{""A"":""x2y0+x8y1"",""B"":""x0y1+x4y1+x14y1"",""b"":""X"",""d"":8,""excl_opp_detectors"":""True"",""k"":4,""l"":15,""leak_heralds"":""False"",""leak_repump"":""True"",""leakage"":""True"",""loss"":""True"",""m"":2,""n"":60,""noise"":""rl_helios"",""p"":0.002,""prllel_1q"":16,""prllel_2q"":4,""r"":20,""repump_cycles"":3,""seq_meas"":""True"",""seq_ops"":""True"",""swapLRC"":""False""}",
        76,         2,         0,    13.4,bposd,d2e31a876ff9ab44086a0403902670ab7f3daf025f64a4ada3171d61ce3ff2f5,"{""A"":""x2y0+x8y1"",""B"":""x0y1+x4y1+x14y1"",""b"":""X"",""d"":8,""excl_opp_detectors"":""True"",""k"":4,""l"":15,""leak_heralds"":""False"",""leak_repump"":""True"",""leakage"":""True"",""loss"":""True"",""m"":2,""n"":60,""noise"":""rl_helios"",""p"":0.002,""prllel_1q"":16,""prllel_2q"":4,""r"":20,""repump_cycles"":3,""seq_meas"":""True"",""seq_ops"":""True"",""swapLRC"":""False""}",
       128,         0,         0,    3.26,bposd,6d1ddacfb3af8946e01e6fa1f4a73feb1ff89b1e055e733a9f2c9e62f953590b,"{""A"":""x0y0+x1y0"",""B"":""x0y0+x0y1+x3y2"",""b"":""X"",""d"":7,""excl_opp_detectors"":""True"",""k"":4,""l"":8,""leak_heralds"":""False"",""leak_repump"":""True"",""leakage"":""True"",""loss"":""True"",""m"":3,""n"":48,""noise"":""rl_helios"",""p"":0.001,""prllel_1q"":16,""prllel_2q"":4,""r"":20,""repump_cycles"":3,""seq_meas"":""True"",""seq_ops"":""True"",""swapLRC"":""False""}",
        16,         0,         0,    1.22,bposd,d6466f1f2401ef78211b48d2724c0f28b872cf57bdff80ba7079cbc781acfd49,"{""A"":""x0y0+x1y0"",""B"":""x0y0+x0y1+x3y2"",""b"":""X"",""d"":7,""excl_opp_detectors"":""True"",""k"":4,""l"":8,""leak_heralds"":""False"",""leak_repump"":""True"",""leakage"":""True"",""loss"":""True"",""m"":3,""n"":48,""noise"":""rl_helios"",""p"":0.002,""prllel_1q"":16,""prllel_2q"":4,""r"":20,""repump_cycles"":3,""seq_meas"":""True"",""seq_ops"":""True"",""swapLRC"":""False""}",
        16,         0,         0,    1.86,bposd,fc034e74c25f52c7dca5bec3ced3fbedd720fbeb24afc199749aab9c2019f874,"{""A"":""x2y0+x8y1"",""B"":""x0y1+x4y1+x14y1"",""b"":""X"",""d"":8,""excl_opp_detectors"":""True"",""k"":4,""l"":15,""leak_heralds"":""False"",""leak_repump"":""True"",""leakage"":""True"",""loss"":""True"",""m"":2,""n"":60,""noise"":""rl_helios"",""p"":0.001,""prllel_1q"":16,""prllel_2q"":4,""r"":20,""repump_cycles"":3,""seq_meas"":""True"",""seq_ops"":""True"",""swapLRC"":""False""}",
       256,         0,         0,    5.73,bposd,6d1ddacfb3af8946e01e6fa1f4a73feb1ff89b1e055e733a9f2c9e62f953590b,"{""A"":""x0y0+x1y0"",""B"":""x0y0+x0y1+x3y2"",""b"":""X"",""d"":7,""excl_opp_detectors"":""True"",""k"":4,""l"":8,""leak_heralds"":""False"",""leak_repump"":""True"",""leakage"":""True"",""loss"":""True"",""m"":3,""n"":48,""noise"":""rl_helios"",""p"":0.001,""prllel_1q"":16,""prllel_2q"":4,""r"":20,""repump_cycles"":3,""seq_meas"":""True"",""seq_ops"":""True"",""swapLRC"":""False""}",
        64,         0,         0,    1.56,bposd,6d1ddacfb3af8946e01e6fa1f4a73feb1ff89b1e055e733a9f2c9e62f953590b,"{""A"":""x0y0+x1y0"",""B"":""x0y0+x0y1+x3y2"",""b"":""X"",""d"":7,""excl_opp_detectors"":""True"",""k"":4,""l"":8,""leak_heralds"":""False"",""leak_repump"":""True"",""leakage"":""True"",""loss"":""True"",""m"":3,""n"":48,""noise"":""rl_helios"",""p"":0.001,""prllel_1q"":16,""prllel_2q"":4,""r"":20,""repump_cycles"":3,""seq_meas"":""True"",""seq_ops"":""True"",""swapLRC"":""False""}",
       208,         3,         0,    9.87,bposd,d6466f1f2401ef78211b48d2724c0f28b872cf57bdff80ba7079cbc781acfd49,"{""A"":""x0y0+x1y0"",""B"":""x0y0+x0y1+x3y2"",""b"":""X"",""d"":7,""excl_opp_detectors"":""True"",""k"":4,""l"":8,""leak_heralds"":""False"",""leak_repump"":""True"",""leakage"":""True"",""loss"":""True"",""m"":3,""n"":48,""noise"":""rl_helios"",""p"":0.002,""prllel_1q"":16,""prllel_2q"":4,""r"":20,""repump_cycles"":3,""seq_meas"":""True"",""seq_ops"":""True"",""swapLRC"":""False""}",
        16,         0,         0,    1.05,bposd,d6466f1f2401ef78211b48d2724c0f28b872cf57bdff80ba7079cbc781acfd49,"{""A"":""x0y0+x1y0"",""B"":""x0y0+x0y1+x3y2"",""b"":""X"",""d"":7,""excl_opp_detectors"":""True"",""k"":4,""l"":8,""leak_heralds"":""False"",""leak_repump"":""True"",""leakage"":""True"",""loss"":""True"",""m"":3,""n"":48,""noise"":""rl_helios"",""p"":0.002,""prllel_1q"":16,""prllel_2q"":4,""r"":20,""repump_cycles"":3,""seq_meas"":""True"",""seq_ops"":""True"",""swapLRC"":""False""}",
        28,         0,         0,    2.62,bposd,d2e31a876ff9ab44086a0403902670ab7f3daf025f64a4ada3171d61ce3ff2f5,"{""A"":""x2y0+x8y1"",""B"":""x0y1+x4y1+x14y1"",""b"":""X"",""d"":8,""excl_opp_detectors"":""True"",""k"":4,""l"":15,""leak_heralds"":""False"",""leak_repump"":""True"",""leakage"":""True"",""loss"":""True"",""m"":2,""n"":60,""noise"":""rl_helios"",""p"":0.002,""prllel_1q"":16,""prllel_2q"":4,""r"":20,""repump_cycles"":3,""seq_meas"":""True"",""seq_ops"":""True"",""swapLRC"":""False""}",
        32,         0,         0,   0.923,bposd,6d1ddacfb3af8946e01e6fa1f4a73feb1ff89b1e055e733a9f2c9e62f953590b,"{""A"":""x0y0+x1y0"",""B"":""x0y0+x0y1+x3y2"",""b"":""X"",""d"":7,""excl_opp_detectors"":""True"",""k"":4,""l"":8,""leak_heralds"":""False"",""leak_repump"":""True"",""leakage"":""True"",""loss"":""True"",""m"":3,""n"":48,""noise"":""rl_helios"",""p"":0.001,""prllel_1q"":16,""prllel_2q"":4,""r"":20,""repump_cycles"":3,""seq_meas"":""True"",""seq_ops"":""True"",""swapLRC"":""False""}",
       136,         0,         0,    1.67,bposd,fc034e74c25f52c7dca5bec3ced3fbedd720fbeb24afc199749aab9c2019f874,"{""A"":""x2y0+x8y1"",""B"":""x0y1+x4y1+x14y1"",""b"":""X"",""d"":8,""excl_opp_detectors"":""True"",""k"":4,""l"":15,""leak_heralds"":""False"",""leak_repump"":""True"",""leakage"":""True"",""loss"":""True"",""m"":2,""n"":60,""noise"":""rl_helios"",""p"":0.001,""prllel_1q"":16,""prllel_2q"":4,""r"":20,""repump_cycles"":3,""seq_meas"":""True"",""seq_ops"":""True"",""swapLRC"":""False""}",
       128,         0,         0,    4.59,bposd,fc034e74c25f52c7dca5bec3ced3fbedd720fbeb24afc199749aab9c2019f874,"{""A"":""x2y0+x8y1"",""B"":""x0y1+x4y1+x14y1"",""b"":""X"",""d"":8,""excl_opp_detectors"":""True"",""k"":4,""l"":15,""leak_heralds"":""False"",""leak_repump"":""True"",""leakage"":""True"",""loss"":""True"",""m"":2,""n"":60,""noise"":""rl_helios"",""p"":0.001,""prllel_1q"":16,""prllel_2q"":4,""r"":20,""repump_cycles"":3,""seq_meas"":""True"",""seq_ops"":""True"",""swapLRC"":""False""}",
        32,         1,         0,    4.40,bposd,d2e31a876ff9ab44086a0403902670ab7f3daf025f64a4ada3171d61ce3ff2f5,"{""A"":""x2y0+x8y1"",""B"":""x0y1+x4y1+x14y1"",""b"":""X"",""d"":8,""excl_opp_detectors"":""True"",""k"":4,""l"":15,""leak_heralds"":""False"",""leak_repump"":""True"",""leakage"":""True"",""loss"":""True"",""m"":2,""n"":60,""noise"":""rl_helios"",""p"":0.002,""prllel_1q"":16,""prllel_2q"":4,""r"":20,""repump_cycles"":3,""seq_meas"":""True"",""seq_ops"":""True"",""swapLRC"":""False""}",
        64,         0,         0,    10.8,bposd,d2e31a876ff9ab44086a0403902670ab7f3daf025f64a4ada3171d61ce3ff2f5,"{""A"":""x2y0+x8y1"",""B"":""x0y1+x4y1+x14y1"",""b"":""X"",""d"":8,""excl_opp_detectors"":""True"",""k"":4,""l"":15,""leak_heralds"":""False"",""leak_repump"":""True"",""leakage"":""True"",""loss"":""True"",""m"":2,""n"":60,""noise"":""rl_helios"",""p"":0.002,""prllel_1q"":16,""prllel_2q"":4,""r"":20,""repump_cycles"":3,""seq_meas"":""True"",""seq_ops"":""True"",""swapLRC"":""False""}",
        64,         0,         0,    4.09,bposd,d2e31a876ff9ab44086a0403902670ab7f3daf025f64a4ada3171d61ce3ff2f5,"{""A"":""x2y0+x8y1"",""B"":""x0y1+x4y1+x14y1"",""b"":""X"",""d"":8,""excl_opp_detectors"":""True"",""k"":4,""l"":15,""leak_heralds"":""False"",""leak_repump"":""True"",""leakage"":""True"",""loss"":""True"",""m"":2,""n"":60,""noise"":""rl_helios"",""p"":0.002,""prllel_1q"":16,""prllel_2q"":4,""r"":20,""repump_cycles"":3,""seq_meas"":""True"",""seq_ops"":""True"",""swapLRC"":""False""}",
        64,         0,         0,    1.83,bposd,fc034e74c25f52c7dca5bec3ced3fbedd720fbeb24afc199749aab9c2019f874,"{""A"":""x2y0+x8y1"",""B"":""x0y1+x4y1+x14y1"",""b"":""X"",""d"":8,""excl_opp_detectors"":""True"",""k"":4,""l"":15,""leak_heralds"":""False"",""leak_repump"":""True"",""leakage"":""True"",""loss"":""True"",""m"":2,""n"":60,""noise"":""rl_helios"",""p"":0.001,""prllel_1q"":16,""prllel_2q"":4,""r"":20,""repump_cycles"":3,""seq_meas"":""True"",""seq_ops"":""True"",""swapLRC"":""False""}",
       288,         0,         0,    7.59,bposd,fc034e74c25f52c7dca5bec3ced3fbedd720fbeb24afc199749aab9c2019f874,"{""A"":""x2y0+x8y1"",""B"":""x0y1+x4y1+x14y1"",""b"":""X"",""d"":8,""excl_opp_detectors"":""True"",""k"":4,""l"":15,""leak_heralds"":""False"",""leak_repump"":""True"",""leakage"":""True"",""loss"":""True"",""m"":2,""n"":60,""noise"":""rl_helios"",""p"":0.001,""prllel_1q"":16,""prllel_2q"":4,""r"":20,""repump_cycles"":3,""seq_meas"":""True"",""seq_ops"":""True"",""swapLRC"":""False""}",
        32,         1,         0,   0.247,bposd,fc034e74c25f52c7dca5bec3ced3fbedd720fbeb24afc199749aab9c2019f874,"{""A"":""x2y0+x8y1"",""B"":""x0y1+x4y1+x14y1"",""b"":""X"",""d"":8,""excl_opp_detectors"":""True"",""k"":4,""l"":15,""leak_heralds"":""False"",""leak_repump"":""True"",""leakage"":""True"",""loss"":""True"",""m"":2,""n"":60,""noise"":""rl_helios"",""p"":0.001,""prllel_1q"":16,""prllel_2q"":4,""r"":20,""repump_cycles"":3,""seq_meas"":""True"",""seq_ops"":""True"",""swapLRC"":""False""}",
       256,         0,         0,    10.4,bposd,fc034e74c25f52c7dca5bec3ced3fbedd720fbeb24afc199749aab9c2019f874,"{""A"":""x2y0+x8y1"",""B"":""x0y1+x4y1+x14y1"",""b"":""X"",""d"":8,""excl_opp_detectors"":""True"",""k"":4,""l"":15,""leak_heralds"":""False"",""leak_repump"":""True"",""leakage"":""True"",""loss"":""True"",""m"":2,""n"":60,""noise"":""rl_helios"",""p"":0.001,""prllel_1q"":16,""prllel_2q"":4,""r"":20,""repump_cycles"":3,""seq_meas"":""True"",""seq_ops"":""True"",""swapLRC"":""False""}",
       544,         1,         0,    14.4,bposd,6d1ddacfb3af8946e01e6fa1f4a73feb1ff89b1e055e733a9f2c9e62f953590b,"{""A"":""x0y0+x1y0"",""B"":""x0y0+x0y1+x3y2"",""b"":""X"",""d"":7,""excl_opp_detectors"":""True"",""k"":4,""l"":8,""leak_heralds"":""False"",""leak_repump"":""True"",""leakage"":""True"",""loss"":""True"",""m"":3,""n"":48,""noise"":""rl_helios"",""p"":0.001,""prllel_1q"":16,""prllel_2q"":4,""r"":20,""repump_cycles"":3,""seq_meas"":""True"",""seq_ops"":""True"",""swapLRC"":""False""}",
        64,         3,         0,    8.38,bposd,d6466f1f2401ef78211b48d2724c0f28b872cf57bdff80ba7079cbc781acfd49,"{""A"":""x0y0+x1y0"",""B"":""x0y0+x0y1+x3y2"",""b"":""X"",""d"":7,""excl_opp_detectors"":""True"",""k"":4,""l"":8,""leak_heralds"":""False"",""leak_repump"":""True"",""leakage"":""True"",""loss"":""True"",""m"":3,""n"":48,""noise"":""rl_helios"",""p"":0.002,""prllel_1q"":16,""prllel_2q"":4,""r"":20,""repump_cycles"":3,""seq_meas"":""True"",""seq_ops"":""True"",""swapLRC"":""False""}",
        84,         0,         0,    15.6,bposd,d2e31a876ff9ab44086a0403902670ab7f3daf025f64a4ada3171d61ce3ff2f5,"{""A"":""x2y0+x8y1"",""B"":""x0y1+x4y1+x14y1"",""b"":""X"",""d"":8,""excl_opp_detectors"":""True"",""k"":4,""l"":15,""leak_heralds"":""False"",""leak_repump"":""True"",""leakage"":""True"",""loss"":""True"",""m"":2,""n"":60,""noise"":""rl_helios"",""p"":0.002,""prllel_1q"":16,""prllel_2q"":4,""r"":20,""repump_cycles"":3,""seq_meas"":""True"",""seq_ops"":""True"",""swapLRC"":""False""}",
        92,         0,         0,    11.9,bposd,d6466f1f2401ef78211b48d2724c0f28b872cf57bdff80ba7079cbc781acfd49,"{""A"":""x0y0+x1y0"",""B"":""x0y0+x0y1+x3y2"",""b"":""X"",""d"":7,""excl_opp_detectors"":""True"",""k"":4,""l"":8,""leak_heralds"":""False"",""leak_repump"":""True"",""leakage"":""True"",""loss"":""True"",""m"":3,""n"":48,""noise"":""rl_helios"",""p"":0.002,""prllel_1q"":16,""prllel_2q"":4,""r"":20,""repump_cycles"":3,""seq_meas"":""True"",""seq_ops"":""True"",""swapLRC"":""False""}",
        96,         0,         0,    3.23,bposd,fc034e74c25f52c7dca5bec3ced3fbedd720fbeb24afc199749aab9c2019f874,"{""A"":""x2y0+x8y1"",""B"":""x0y1+x4y1+x14y1"",""b"":""X"",""d"":8,""excl_opp_detectors"":""True"",""k"":4,""l"":15,""leak_heralds"":""False"",""leak_repump"":""True"",""leakage"":""True"",""loss"":""True"",""m"":2,""n"":60,""noise"":""rl_helios"",""p"":0.001,""prllel_1q"":16,""prllel_2q"":4,""r"":20,""repump_cycles"":3,""seq_meas"":""True"",""seq_ops"":""True"",""swapLRC"":""False""}",
       128,         0,         0,    9.58,bposd,fc034e74c25f52c7dca5bec3ced3fbedd720fbeb24afc199749aab9c2019f874,"{""A"":""x2y0+x8y1"",""B"":""x0y1+x4y1+x14y1"",""b"":""X"",""d"":8,""excl_opp_detectors"":""True"",""k"":4,""l"":15,""leak_heralds"":""False"",""leak_repump"":""True"",""leakage"":""True"",""loss"":""True"",""m"":2,""n"":60,""noise"":""rl_helios"",""p"":0.001,""prllel_1q"":16,""prllel_2q"":4,""r"":20,""repump_cycles"":3,""seq_meas"":""True"",""seq_ops"":""True"",""swapLRC"":""False""}",
        32,         0,         0,    2.61,bposd,d6466f1f2401ef78211b48d2724c0f28b872cf57bdff80ba7079cbc781acfd49,"{""A"":""x0y0+x1y0"",""B"":""x0y0+x0y1+x3y2"",""b"":""X"",""d"":7,""excl_opp_detectors"":""True"",""k"":4,""l"":8,""leak_heralds"":""False"",""leak_repump"":""True"",""leakage"":""True"",""loss"":""True"",""m"":3,""n"":48,""noise"":""rl_helios"",""p"":0.002,""prllel_1q"":16,""prllel_2q"":4,""r"":20,""repump_cycles"":3,""seq_meas"":""True"",""seq_ops"":""True"",""swapLRC"":""False""}",
        64,         0,         0,    4.40,bposd,fc034e74c25f52c7dca5bec3ced3fbedd720fbeb24afc199749aab9c2019f874,"{""A"":""x2y0+x8y1"",""B"":""x0y1+x4y1+x14y1"",""b"":""X"",""d"":8,""excl_opp_detectors"":""True"",""k"":4,""l"":15,""leak_heralds"":""False"",""leak_repump"":""True"",""leakage"":""True"",""loss"":""True"",""m"":2,""n"":60,""noise"":""rl_helios"",""p"":0.001,""prllel_1q"":16,""prllel_2q"":4,""r"":20,""repump_cycles"":3,""seq_meas"":""True"",""seq_ops"":""True"",""swapLRC"":""False""}",
        28,         0,         0,    7.01,bposd,d2e31a876ff9ab44086a0403902670ab7f3daf025f64a4ada3171d61ce3ff2f5,"{""A"":""x2y0+x8y1"",""B"":""x0y1+x4y1+x14y1"",""b"":""X"",""d"":8,""excl_opp_detectors"":""True"",""k"":4,""l"":15,""leak_heralds"":""False"",""leak_repump"":""True"",""leakage"":""True"",""loss"":""True"",""m"":2,""n"":60,""noise"":""rl_helios"",""p"":0.002,""prllel_1q"":16,""prllel_2q"":4,""r"":20,""repump_cycles"":3,""seq_meas"":""True"",""seq_ops"":""True"",""swapLRC"":""False""}",
       216,         3,         0,    21.6,bposd,d6466f1f2401ef78211b48d2724c0f28b872cf57bdff80ba7079cbc781acfd49,"{""A"":""x0y0+x1y0"",""B"":""x0y0+x0y1+x3y2"",""b"":""X"",""d"":7,""excl_opp_detectors"":""True"",""k"":4,""l"":8,""leak_heralds"":""False"",""leak_repump"":""True"",""leakage"":""True"",""loss"":""True"",""m"":3,""n"":48,""noise"":""rl_helios"",""p"":0.002,""prllel_1q"":16,""prllel_2q"":4,""r"":20,""repump_cycles"":3,""seq_meas"":""True"",""seq_ops"":""True"",""swapLRC"":""False""}",
        32,         1,         0,    5.78,bposd,d2e31a876ff9ab44086a0403902670ab7f3daf025f64a4ada3171d61ce3ff2f5,"{""A"":""x2y0+x8y1"",""B"":""x0y1+x4y1+x14y1"",""b"":""X"",""d"":8,""excl_opp_detectors"":""True"",""k"":4,""l"":15,""leak_heralds"":""False"",""leak_repump"":""True"",""leakage"":""True"",""loss"":""True"",""m"":2,""n"":60,""noise"":""rl_helios"",""p"":0.002,""prllel_1q"":16,""prllel_2q"":4,""r"":20,""repump_cycles"":3,""seq_meas"":""True"",""seq_ops"":""True"",""swapLRC"":""False""}",
       136,         6,         0,    35.8,bposd,14555660f0e1698bf981b2f3b692ea34d92f6c6a1ee8c83ab9230ef68cf27946,"{""A"":""x2y0+x8y1"",""B"":""x0y1+x4y1+x14y1"",""b"":""X"",""d"":8,""excl_opp_detectors"":""True"",""k"":4,""l"":15,""leak_heralds"":""False"",""leak_repump"":""True"",""leakage"":""True"",""loss"":""True"",""m"":2,""n"":60,""noise"":""rl_helios"",""p"":0.003,""prllel_1q"":16,""prllel_2q"":4,""r"":20,""repump_cycles"":3,""seq_meas"":""True"",""seq_ops"":""True"",""swapLRC"":""False""}",
        80,         0,         0,    6.39,bposd,d2e31a876ff9ab44086a0403902670ab7f3daf025f64a4ada3171d61ce3ff2f5,"{""A"":""x2y0+x8y1"",""B"":""x0y1+x4y1+x14y1"",""b"":""X"",""d"":8,""excl_opp_detectors"":""True"",""k"":4,""l"":15,""leak_heralds"":""False"",""leak_repump"":""True"",""leakage"":""True"",""loss"":""True"",""m"":2,""n"":60,""noise"":""rl_helios"",""p"":0.002,""prllel_1q"":16,""prllel_2q"":4,""r"":20,""repump_cycles"":3,""seq_meas"":""True"",""seq_ops"":""True"",""swapLRC"":""False""}",
        64,         0,         0,    3.32,bposd,fc034e74c25f52c7dca5bec3ced3fbedd720fbeb24afc199749aab9c2019f874,"{""A"":""x2y0+x8y1"",""B"":""x0y1+x4y1+x14y1"",""b"":""X"",""d"":8,""excl_opp_detectors"":""True"",""k"":4,""l"":15,""leak_heralds"":""False"",""leak_repump"":""True"",""leakage"":""True"",""loss"":""True"",""m"":2,""n"":60,""noise"":""rl_helios"",""p"":0.001,""prllel_1q"":16,""prllel_2q"":4,""r"":20,""repump_cycles"":3,""seq_meas"":""True"",""seq_ops"":""True"",""swapLRC"":""False""}",
       184,         3,         0,    19.0,bposd,d6466f1f2401ef78211b48d2724c0f28b872cf57bdff80ba7079cbc781acfd49,"{""A"":""x0y0+x1y0"",""B"":""x0y0+x0y1+x3y2"",""b"":""X"",""d"":7,""excl_opp_detectors"":""True"",""k"":4,""l"":8,""leak_heralds"":""False"",""leak_repump"":""True"",""leakage"":""True"",""loss"":""True"",""m"":3,""n"":48,""noise"":""rl_helios"",""p"":0.002,""prllel_1q"":16,""prllel_2q"":4,""r"":20,""repump_cycles"":3,""seq_meas"":""True"",""seq_ops"":""True"",""swapLRC"":""False""}",
        16,         0,         0,    3.24,bposd,d6466f1f2401ef78211b48d2724c0f28b872cf57bdff80ba7079cbc781acfd49,"{""A"":""x0y0+x1y0"",""B"":""x0y0+x0y1+x3y2"",""b"":""X"",""d"":7,""excl_opp_detectors"":""True"",""k"":4,""l"":8,""leak_heralds"":""False"",""leak_repump"":""True"",""leakage"":""True"",""loss"":""True"",""m"":3,""n"":48,""noise"":""rl_helios"",""p"":0.002,""prllel_1q"":16,""prllel_2q"":4,""r"":20,""repump_cycles"":3,""seq_meas"":""True"",""seq_ops"":""True"",""swapLRC"":""False""}",
         1,         0,         0,   0.013,bposd,d6466f1f2401ef78211b48d2724c0f28b872cf57bdff80ba7079cbc781acfd49,"{""A"":""x0y0+x1y0"",""B"":""x0y0+x0y1+x3y2"",""b"":""X"",""d"":7,""excl_opp_detectors"":""True"",""k"":4,""l"":8,""leak_heralds"":""False"",""leak_repump"":""True"",""leakage"":""True"",""loss"":""True"",""m"":3,""n"":48,""noise"":""rl_helios"",""p"":0.002,""prllel_1q"":16,""prllel_2q"":4,""r"":20,""repump_cycles"":3,""seq_meas"":""True"",""seq_ops"":""True"",""swapLRC"":""False""}",
        16,         1,         0,    1.67,bposd,d2e31a876ff9ab44086a0403902670ab7f3daf025f64a4ada3171d61ce3ff2f5,"{""A"":""x2y0+x8y1"",""B"":""x0y1+x4y1+x14y1"",""b"":""X"",""d"":8,""excl_opp_detectors"":""True"",""k"":4,""l"":15,""leak_heralds"":""False"",""leak_repump"":""True"",""leakage"":""True"",""loss"":""True"",""m"":2,""n"":60,""noise"":""rl_helios"",""p"":0.002,""prllel_1q"":16,""prllel_2q"":4,""r"":20,""repump_cycles"":3,""seq_meas"":""True"",""seq_ops"":""True"",""swapLRC"":""False""}",
       608,         0,         0,    14.8,bposd,6d1ddacfb3af8946e01e6fa1f4a73feb1ff89b1e055e733a9f2c9e62f953590b,"{""A"":""x0y0+x1y0"",""B"":""x0y0+x0y1+x3y2"",""b"":""X"",""d"":7,""excl_opp_detectors"":""True"",""k"":4,""l"":8,""leak_heralds"":""False"",""leak_repump"":""True"",""leakage"":""True"",""loss"":""True"",""m"":3,""n"":48,""noise"":""rl_helios"",""p"":0.001,""prllel_1q"":16,""prllel_2q"":4,""r"":20,""repump_cycles"":3,""seq_meas"":""True"",""seq_ops"":""True"",""swapLRC"":""False""}",
         1,         0,         0,   0.007,bposd,6d1ddacfb3af8946e01e6fa1f4a73feb1ff89b1e055e733a9f2c9e62f953590b,"{""A"":""x0y0+x1y0"",""B"":""x0y0+x0y1+x3y2"",""b"":""X"",""d"":7,""excl_opp_detectors"":""True"",""k"":4,""l"":8,""leak_heralds"":""False"",""leak_repump"":""True"",""leakage"":""True"",""loss"":""True"",""m"":3,""n"":48,""noise"":""rl_helios"",""p"":0.001,""prllel_1q"":16,""prllel_2q"":4,""r"":20,""repump_cycles"":3,""seq_meas"":""True"",""seq_ops"":""True"",""swapLRC"":""False""}",
         1,         0,         0,   0.025,bposd,fc034e74c25f52c7dca5bec3ced3fbedd720fbeb24afc199749aab9c2019f874,"{""A"":""x2y0+x8y1"",""B"":""x0y1+x4y1+x14y1"",""b"":""X"",""d"":8,""excl_opp_detectors"":""True"",""k"":4,""l"":15,""leak_heralds"":""False"",""leak_repump"":""True"",""leakage"":""True"",""loss"":""True"",""m"":2,""n"":60,""noise"":""rl_helios"",""p"":0.001,""prllel_1q"":16,""prllel_2q"":4,""r"":20,""repump_cycles"":3,""seq_meas"":""True"",""seq_ops"":""True"",""swapLRC"":""False""}",
       128,         0,         0,    7.61,bposd,fc034e74c25f52c7dca5bec3ced3fbedd720fbeb24afc199749aab9c2019f874,"{""A"":""x2y0+x8y1"",""B"":""x0y1+x4y1+x14y1"",""b"":""X"",""d"":8,""excl_opp_detectors"":""True"",""k"":4,""l"":15,""leak_heralds"":""False"",""leak_repump"":""True"",""leakage"":""True"",""loss"":""True"",""m"":2,""n"":60,""noise"":""rl_helios"",""p"":0.001,""prllel_1q"":16,""prllel_2q"":4,""r"":20,""repump_cycles"":3,""seq_meas"":""True"",""seq_ops"":""True"",""swapLRC"":""False""}",
       256,         0,         0,    5.96,bposd,fc034e74c25f52c7dca5bec3ced3fbedd720fbeb24afc199749aab9c2019f874,"{""A"":""x2y0+x8y1"",""B"":""x0y1+x4y1+x14y1"",""b"":""X"",""d"":8,""excl_opp_detectors"":""True"",""k"":4,""l"":15,""leak_heralds"":""False"",""leak_repump"":""True"",""leakage"":""True"",""loss"":""True"",""m"":2,""n"":60,""noise"":""rl_helios"",""p"":0.001,""prllel_1q"":16,""prllel_2q"":4,""r"":20,""repump_cycles"":3,""seq_meas"":""True"",""seq_ops"":""True"",""swapLRC"":""False""}",
        16,         1,         0,    1.33,bposd,d6466f1f2401ef78211b48d2724c0f28b872cf57bdff80ba7079cbc781acfd49,"{""A"":""x0y0+x1y0"",""B"":""x0y0+x0y1+x3y2"",""b"":""X"",""d"":7,""excl_opp_detectors"":""True"",""k"":4,""l"":8,""leak_heralds"":""False"",""leak_repump"":""True"",""leakage"":""True"",""loss"":""True"",""m"":3,""n"":48,""noise"":""rl_helios"",""p"":0.002,""prllel_1q"":16,""prllel_2q"":4,""r"":20,""repump_cycles"":3,""seq_meas"":""True"",""seq_ops"":""True"",""swapLRC"":""False""}",
       128,         0,         0,    7.97,bposd,fc034e74c25f52c7dca5bec3ced3fbedd720fbeb24afc199749aab9c2019f874,"{""A"":""x2y0+x8y1"",""B"":""x0y1+x4y1+x14y1"",""b"":""X"",""d"":8,""excl_opp_detectors"":""True"",""k"":4,""l"":15,""leak_heralds"":""False"",""leak_repump"":""True"",""leakage"":""True"",""loss"":""True"",""m"":2,""n"":60,""noise"":""rl_helios"",""p"":0.001,""prllel_1q"":16,""prllel_2q"":4,""r"":20,""repump_cycles"":3,""seq_meas"":""True"",""seq_ops"":""True"",""swapLRC"":""False""}",
       448,         0,         0,    11.3,bposd,6d1ddacfb3af8946e01e6fa1f4a73feb1ff89b1e055e733a9f2c9e62f953590b,"{""A"":""x0y0+x1y0"",""B"":""x0y0+x0y1+x3y2"",""b"":""X"",""d"":7,""excl_opp_detectors"":""True"",""k"":4,""l"":8,""leak_heralds"":""False"",""leak_repump"":""True"",""leakage"":""True"",""loss"":""True"",""m"":3,""n"":48,""noise"":""rl_helios"",""p"":0.001,""prllel_1q"":16,""prllel_2q"":4,""r"":20,""repump_cycles"":3,""seq_meas"":""True"",""seq_ops"":""True"",""swapLRC"":""False""}",
        16,         0,         0,    1.15,bposd,6d1ddacfb3af8946e01e6fa1f4a73feb1ff89b1e055e733a9f2c9e62f953590b,"{""A"":""x0y0+x1y0"",""B"":""x0y0+x0y1+x3y2"",""b"":""X"",""d"":7,""excl_opp_detectors"":""True"",""k"":4,""l"":8,""leak_heralds"":""False"",""leak_repump"":""True"",""leakage"":""True"",""loss"":""True"",""m"":3,""n"":48,""noise"":""rl_helios"",""p"":0.001,""prllel_1q"":16,""prllel_2q"":4,""r"":20,""repump_cycles"":3,""seq_meas"":""True"",""seq_ops"":""True"",""swapLRC"":""False""}",
         1,         0,         0,   0.008,bposd,6d1ddacfb3af8946e01e6fa1f4a73feb1ff89b1e055e733a9f2c9e62f953590b,"{""A"":""x0y0+x1y0"",""B"":""x0y0+x0y1+x3y2"",""b"":""X"",""d"":7,""excl_opp_detectors"":""True"",""k"":4,""l"":8,""leak_heralds"":""False"",""leak_repump"":""True"",""leakage"":""True"",""loss"":""True"",""m"":3,""n"":48,""noise"":""rl_helios"",""p"":0.001,""prllel_1q"":16,""prllel_2q"":4,""r"":20,""repump_cycles"":3,""seq_meas"":""True"",""seq_ops"":""True"",""swapLRC"":""False""}",
        40,         1,         0,    2.19,bposd,d6466f1f2401ef78211b48d2724c0f28b872cf57bdff80ba7079cbc781acfd49,"{""A"":""x0y0+x1y0"",""B"":""x0y0+x0y1+x3y2"",""b"":""X"",""d"":7,""excl_opp_detectors"":""True"",""k"":4,""l"":8,""leak_heralds"":""False"",""leak_repump"":""True"",""leakage"":""True"",""loss"":""True"",""m"":3,""n"":48,""noise"":""rl_helios"",""p"":0.002,""prllel_1q"":16,""prllel_2q"":4,""r"":20,""repump_cycles"":3,""seq_meas"":""True"",""seq_ops"":""True"",""swapLRC"":""False""}",
         1,         0,         0,    1.22,bposd,d2e31a876ff9ab44086a0403902670ab7f3daf025f64a4ada3171d61ce3ff2f5,"{""A"":""x2y0+x8y1"",""B"":""x0y1+x4y1+x14y1"",""b"":""X"",""d"":8,""excl_opp_detectors"":""True"",""k"":4,""l"":15,""leak_heralds"":""False"",""leak_repump"":""True"",""leakage"":""True"",""loss"":""True"",""m"":2,""n"":60,""noise"":""rl_helios"",""p"":0.002,""prllel_1q"":16,""prllel_2q"":4,""r"":20,""repump_cycles"":3,""seq_meas"":""True"",""seq_ops"":""True"",""swapLRC"":""False""}",
        16,         0,         0,    1.48,bposd,fc034e74c25f52c7dca5bec3ced3fbedd720fbeb24afc199749aab9c2019f874,"{""A"":""x2y0+x8y1"",""B"":""x0y1+x4y1+x14y1"",""b"":""X"",""d"":8,""excl_opp_detectors"":""True"",""k"":4,""l"":15,""leak_heralds"":""False"",""leak_repump"":""True"",""leakage"":""True"",""loss"":""True"",""m"":2,""n"":60,""noise"":""rl_helios"",""p"":0.001,""prllel_1q"":16,""prllel_2q"":4,""r"":20,""repump_cycles"":3,""seq_meas"":""True"",""seq_ops"":""True"",""swapLRC"":""False""}",
         1,         0,         0,   0.020,bposd,d2e31a876ff9ab44086a0403902670ab7f3daf025f64a4ada3171d61ce3ff2f5,"{""A"":""x2y0+x8y1"",""B"":""x0y1+x4y1+x14y1"",""b"":""X"",""d"":8,""excl_opp_detectors"":""True"",""k"":4,""l"":15,""leak_heralds"":""False"",""leak_repump"":""True"",""leakage"":""True"",""loss"":""True"",""m"":2,""n"":60,""noise"":""rl_helios"",""p"":0.002,""prllel_1q"":16,""prllel_2q"":4,""r"":20,""repump_cycles"":3,""seq_meas"":""True"",""seq_ops"":""True"",""swapLRC"":""False""}",
         8,         0,         0,   0.034,bposd,fc034e74c25f52c7dca5bec3ced3fbedd720fbeb24afc199749aab9c2019f874,"{""A"":""x2y0+x8y1"",""B"":""x0y1+x4y1+x14y1"",""b"":""X"",""d"":8,""excl_opp_detectors"":""True"",""k"":4,""l"":15,""leak_heralds"":""False"",""leak_repump"":""True"",""leakage"":""True"",""loss"":""True"",""m"":2,""n"":60,""noise"":""rl_helios"",""p"":0.001,""prllel_1q"":16,""prllel_2q"":4,""r"":20,""repump_cycles"":3,""seq_meas"":""True"",""seq_ops"":""True"",""swapLRC"":""False""}",
       288,         0,         0,    11.3,bposd,6d1ddacfb3af8946e01e6fa1f4a73feb1ff89b1e055e733a9f2c9e62f953590b,"{""A"":""x0y0+x1y0"",""B"":""x0y0+x0y1+x3y2"",""b"":""X"",""d"":7,""excl_opp_detectors"":""True"",""k"":4,""l"":8,""leak_heralds"":""False"",""leak_repump"":""True"",""leakage"":""True"",""loss"":""True"",""m"":3,""n"":48,""noise"":""rl_helios"",""p"":0.001,""prllel_1q"":16,""prllel_2q"":4,""r"":20,""repump_cycles"":3,""seq_meas"":""True"",""seq_ops"":""True"",""swapLRC"":""False""}",
        64,         0,         0,    1.56,bposd,fc034e74c25f52c7dca5bec3ced3fbedd720fbeb24afc199749aab9c2019f874,"{""A"":""x2y0+x8y1"",""B"":""x0y1+x4y1+x14y1"",""b"":""X"",""d"":8,""excl_opp_detectors"":""True"",""k"":4,""l"":15,""leak_heralds"":""False"",""leak_repump"":""True"",""leakage"":""True"",""loss"":""True"",""m"":2,""n"":60,""noise"":""rl_helios"",""p"":0.001,""prllel_1q"":16,""prllel_2q"":4,""r"":20,""repump_cycles"":3,""seq_meas"":""True"",""seq_ops"":""True"",""swapLRC"":""False""}",
       704,         0,         0,    23.1,bposd,6d1ddacfb3af8946e01e6fa1f4a73feb1ff89b1e055e733a9f2c9e62f953590b,"{""A"":""x0y0+x1y0"",""B"":""x0y0+x0y1+x3y2"",""b"":""X"",""d"":7,""excl_opp_detectors"":""True"",""k"":4,""l"":8,""leak_heralds"":""False"",""leak_repump"":""True"",""leakage"":""True"",""loss"":""True"",""m"":3,""n"":48,""noise"":""rl_helios"",""p"":0.001,""prllel_1q"":16,""prllel_2q"":4,""r"":20,""repump_cycles"":3,""seq_meas"":""True"",""seq_ops"":""True"",""swapLRC"":""False""}",
        16,         0,         0,    1.28,bposd,6d1ddacfb3af8946e01e6fa1f4a73feb1ff89b1e055e733a9f2c9e62f953590b,"{""A"":""x0y0+x1y0"",""B"":""x0y0+x0y1+x3y2"",""b"":""X"",""d"":7,""excl_opp_detectors"":""True"",""k"":4,""l"":8,""leak_heralds"":""False"",""leak_repump"":""True"",""leakage"":""True"",""loss"":""True"",""m"":3,""n"":48,""noise"":""rl_helios"",""p"":0.001,""prllel_1q"":16,""prllel_2q"":4,""r"":20,""repump_cycles"":3,""seq_meas"":""True"",""seq_ops"":""True"",""swapLRC"":""False""}",
         1,         0,         0,    1.46,bposd,d2e31a876ff9ab44086a0403902670ab7f3daf025f64a4ada3171d61ce3ff2f5,"{""A"":""x2y0+x8y1"",""B"":""x0y1+x4y1+x14y1"",""b"":""X"",""d"":8,""excl_opp_detectors"":""True"",""k"":4,""l"":15,""leak_heralds"":""False"",""leak_repump"":""True"",""leakage"":""True"",""loss"":""True"",""m"":2,""n"":60,""noise"":""rl_helios"",""p"":0.002,""prllel_1q"":16,""prllel_2q"":4,""r"":20,""repump_cycles"":3,""seq_meas"":""True"",""seq_ops"":""True"",""swapLRC"":""False""}",
        17,         0,         0,   0.089,bposd,d2e31a876ff9ab44086a0403902670ab7f3daf025f64a4ada3171d61ce3ff2f5,"{""A"":""x2y0+x8y1"",""B"":""x0y1+x4y1+x14y1"",""b"":""X"",""d"":8,""excl_opp_detectors"":""True"",""k"":4,""l"":15,""leak_heralds"":""False"",""leak_repump"":""True"",""leakage"":""True"",""loss"":""True"",""m"":2,""n"":60,""noise"":""rl_helios"",""p"":0.002,""prllel_1q"":16,""prllel_2q"":4,""r"":20,""repump_cycles"":3,""seq_meas"":""True"",""seq_ops"":""True"",""swapLRC"":""False""}",
        12,         0,         0,    4.92,bposd,d2e31a876ff9ab44086a0403902670ab7f3daf025f64a4ada3171d61ce3ff2f5,"{""A"":""x2y0+x8y1"",""B"":""x0y1+x4y1+x14y1"",""b"":""X"",""d"":8,""excl_opp_detectors"":""True"",""k"":4,""l"":15,""leak_heralds"":""False"",""leak_repump"":""True"",""leakage"":""True"",""loss"":""True"",""m"":2,""n"":60,""noise"":""rl_helios"",""p"":0.002,""prllel_1q"":16,""prllel_2q"":4,""r"":20,""repump_cycles"":3,""seq_meas"":""True"",""seq_ops"":""True"",""swapLRC"":""False""}",
        32,         0,         0,   0.866,bposd,fc034e74c25f52c7dca5bec3ced3fbedd720fbeb24afc199749aab9c2019f874,"{""A"":""x2y0+x8y1"",""B"":""x0y1+x4y1+x14y1"",""b"":""X"",""d"":8,""excl_opp_detectors"":""True"",""k"":4,""l"":15,""leak_heralds"":""False"",""leak_repump"":""True"",""leakage"":""True"",""loss"":""True"",""m"":2,""n"":60,""noise"":""rl_helios"",""p"":0.001,""prllel_1q"":16,""prllel_2q"":4,""r"":20,""repump_cycles"":3,""seq_meas"":""True"",""seq_ops"":""True"",""swapLRC"":""False""}",
       352,         0,         0,    22.9,bposd,fc034e74c25f52c7dca5bec3ced3fbedd720fbeb24afc199749aab9c2019f874,"{""A"":""x2y0+x8y1"",""B"":""x0y1+x4y1+x14y1"",""b"":""X"",""d"":8,""excl_opp_detectors"":""True"",""k"":4,""l"":15,""leak_heralds"":""False"",""leak_repump"":""True"",""leakage"":""True"",""loss"":""True"",""m"":2,""n"":60,""noise"":""rl_helios"",""p"":0.001,""prllel_1q"":16,""prllel_2q"":4,""r"":20,""repump_cycles"":3,""seq_meas"":""True"",""seq_ops"":""True"",""swapLRC"":""False""}",
       272,         2,         0,    24.0,bposd,d6466f1f2401ef78211b48d2724c0f28b872cf57bdff80ba7079cbc781acfd49,"{""A"":""x0y0+x1y0"",""B"":""x0y0+x0y1+x3y2"",""b"":""X"",""d"":7,""excl_opp_detectors"":""True"",""k"":4,""l"":8,""leak_heralds"":""False"",""leak_repump"":""True"",""leakage"":""True"",""loss"":""True"",""m"":3,""n"":48,""noise"":""rl_helios"",""p"":0.002,""prllel_1q"":16,""prllel_2q"":4,""r"":20,""repump_cycles"":3,""seq_meas"":""True"",""seq_ops"":""True"",""swapLRC"":""False""}",
        32,         0,         0,   0.949,bposd,fc034e74c25f52c7dca5bec3ced3fbedd720fbeb24afc199749aab9c2019f874,"{""A"":""x2y0+x8y1"",""B"":""x0y1+x4y1+x14y1"",""b"":""X"",""d"":8,""excl_opp_detectors"":""True"",""k"":4,""l"":15,""leak_heralds"":""False"",""leak_repump"":""True"",""leakage"":""True"",""loss"":""True"",""m"":2,""n"":60,""noise"":""rl_helios"",""p"":0.001,""prllel_1q"":16,""prllel_2q"":4,""r"":20,""repump_cycles"":3,""seq_meas"":""True"",""seq_ops"":""True"",""swapLRC"":""False""}",
       576,         1,         0,    18.1,bposd,fc034e74c25f52c7dca5bec3ced3fbedd720fbeb24afc199749aab9c2019f874,"{""A"":""x2y0+x8y1"",""B"":""x0y1+x4y1+x14y1"",""b"":""X"",""d"":8,""excl_opp_detectors"":""True"",""k"":4,""l"":15,""leak_heralds"":""False"",""leak_repump"":""True"",""leakage"":""True"",""loss"":""True"",""m"":2,""n"":60,""noise"":""rl_helios"",""p"":0.001,""prllel_1q"":16,""prllel_2q"":4,""r"":20,""repump_cycles"":3,""seq_meas"":""True"",""seq_ops"":""True"",""swapLRC"":""False""}",
        16,         0,         0,    3.49,bposd,6d1ddacfb3af8946e01e6fa1f4a73feb1ff89b1e055e733a9f2c9e62f953590b,"{""A"":""x0y0+x1y0"",""B"":""x0y0+x0y1+x3y2"",""b"":""X"",""d"":7,""excl_opp_detectors"":""True"",""k"":4,""l"":8,""leak_heralds"":""False"",""leak_repump"":""True"",""leakage"":""True"",""loss"":""True"",""m"":3,""n"":48,""noise"":""rl_helios"",""p"":0.001,""prllel_1q"":16,""prllel_2q"":4,""r"":20,""repump_cycles"":3,""seq_meas"":""True"",""seq_ops"":""True"",""swapLRC"":""False""}",
       544,         0,         0,    18.0,bposd,6d1ddacfb3af8946e01e6fa1f4a73feb1ff89b1e055e733a9f2c9e62f953590b,"{""A"":""x0y0+x1y0"",""B"":""x0y0+x0y1+x3y2"",""b"":""X"",""d"":7,""excl_opp_detectors"":""True"",""k"":4,""l"":8,""leak_heralds"":""False"",""leak_repump"":""True"",""leakage"":""True"",""loss"":""True"",""m"":3,""n"":48,""noise"":""rl_helios"",""p"":0.001,""prllel_1q"":16,""prllel_2q"":4,""r"":20,""repump_cycles"":3,""seq_meas"":""True"",""seq_ops"":""True"",""swapLRC"":""False""}",
        32,         0,         0,    1.11,bposd,fc034e74c25f52c7dca5bec3ced3fbedd720fbeb24afc199749aab9c2019f874,"{""A"":""x2y0+x8y1"",""B"":""x0y1+x4y1+x14y1"",""b"":""X"",""d"":8,""excl_opp_detectors"":""True"",""k"":4,""l"":15,""leak_heralds"":""False"",""leak_repump"":""True"",""leakage"":""True"",""loss"":""True"",""m"":2,""n"":60,""noise"":""rl_helios"",""p"":0.001,""prllel_1q"":16,""prllel_2q"":4,""r"":20,""repump_cycles"":3,""seq_meas"":""True"",""seq_ops"":""True"",""swapLRC"":""False""}",
       128,         0,         0,    4.39,bposd,fc034e74c25f52c7dca5bec3ced3fbedd720fbeb24afc199749aab9c2019f874,"{""A"":""x2y0+x8y1"",""B"":""x0y1+x4y1+x14y1"",""b"":""X"",""d"":8,""excl_opp_detectors"":""True"",""k"":4,""l"":15,""leak_heralds"":""False"",""leak_repump"":""True"",""leakage"":""True"",""loss"":""True"",""m"":2,""n"":60,""noise"":""rl_helios"",""p"":0.001,""prllel_1q"":16,""prllel_2q"":4,""r"":20,""repump_cycles"":3,""seq_meas"":""True"",""seq_ops"":""True"",""swapLRC"":""False""}",
         8,         0,         0,    1.50,bposd,6d1ddacfb3af8946e01e6fa1f4a73feb1ff89b1e055e733a9f2c9e62f953590b,"{""A"":""x0y0+x1y0"",""B"":""x0y0+x0y1+x3y2"",""b"":""X"",""d"":7,""excl_opp_detectors"":""True"",""k"":4,""l"":8,""leak_heralds"":""False"",""leak_repump"":""True"",""leakage"":""True"",""loss"":""True"",""m"":3,""n"":48,""noise"":""rl_helios"",""p"":0.001,""prllel_1q"":16,""prllel_2q"":4,""r"":20,""repump_cycles"":3,""seq_meas"":""True"",""seq_ops"":""True"",""swapLRC"":""False""}",
        32,         0,         0,    1.12,bposd,fc034e74c25f52c7dca5bec3ced3fbedd720fbeb24afc199749aab9c2019f874,"{""A"":""x2y0+x8y1"",""B"":""x0y1+x4y1+x14y1"",""b"":""X"",""d"":8,""excl_opp_detectors"":""True"",""k"":4,""l"":15,""leak_heralds"":""False"",""leak_repump"":""True"",""leakage"":""True"",""loss"":""True"",""m"":2,""n"":60,""noise"":""rl_helios"",""p"":0.001,""prllel_1q"":16,""prllel_2q"":4,""r"":20,""repump_cycles"":3,""seq_meas"":""True"",""seq_ops"":""True"",""swapLRC"":""False""}",
       136,         2,         0,    16.3,bposd,d6466f1f2401ef78211b48d2724c0f28b872cf57bdff80ba7079cbc781acfd49,"{""A"":""x0y0+x1y0"",""B"":""x0y0+x0y1+x3y2"",""b"":""X"",""d"":7,""excl_opp_detectors"":""True"",""k"":4,""l"":8,""leak_heralds"":""False"",""leak_repump"":""True"",""leakage"":""True"",""loss"":""True"",""m"":3,""n"":48,""noise"":""rl_helios"",""p"":0.002,""prllel_1q"":16,""prllel_2q"":4,""r"":20,""repump_cycles"":3,""seq_meas"":""True"",""seq_ops"":""True"",""swapLRC"":""False""}",
        48,         0,         0,    5.06,bposd,d6466f1f2401ef78211b48d2724c0f28b872cf57bdff80ba7079cbc781acfd49,"{""A"":""x0y0+x1y0"",""B"":""x0y0+x0y1+x3y2"",""b"":""X"",""d"":7,""excl_opp_detectors"":""True"",""k"":4,""l"":8,""leak_heralds"":""False"",""leak_repump"":""True"",""leakage"":""True"",""loss"":""True"",""m"":3,""n"":48,""noise"":""rl_helios"",""p"":0.002,""prllel_1q"":16,""prllel_2q"":4,""r"":20,""repump_cycles"":3,""seq_meas"":""True"",""seq_ops"":""True"",""swapLRC"":""False""}",
        48,         0,         0,    8.56,bposd,d2e31a876ff9ab44086a0403902670ab7f3daf025f64a4ada3171d61ce3ff2f5,"{""A"":""x2y0+x8y1"",""B"":""x0y1+x4y1+x14y1"",""b"":""X"",""d"":8,""excl_opp_detectors"":""True"",""k"":4,""l"":15,""leak_heralds"":""False"",""leak_repump"":""True"",""leakage"":""True"",""loss"":""True"",""m"":2,""n"":60,""noise"":""rl_helios"",""p"":0.002,""prllel_1q"":16,""prllel_2q"":4,""r"":20,""repump_cycles"":3,""seq_meas"":""True"",""seq_ops"":""True"",""swapLRC"":""False""}",
       140,         1,         0,    12.1,bposd,d6466f1f2401ef78211b48d2724c0f28b872cf57bdff80ba7079cbc781acfd49,"{""A"":""x0y0+x1y0"",""B"":""x0y0+x0y1+x3y2"",""b"":""X"",""d"":7,""excl_opp_detectors"":""True"",""k"":4,""l"":8,""leak_heralds"":""False"",""leak_repump"":""True"",""leakage"":""True"",""loss"":""True"",""m"":3,""n"":48,""noise"":""rl_helios"",""p"":0.002,""prllel_1q"":16,""prllel_2q"":4,""r"":20,""repump_cycles"":3,""seq_meas"":""True"",""seq_ops"":""True"",""swapLRC"":""False""}",
        16,         0,         0,    5.42,bposd,d2e31a876ff9ab44086a0403902670ab7f3daf025f64a4ada3171d61ce3ff2f5,"{""A"":""x2y0+x8y1"",""B"":""x0y1+x4y1+x14y1"",""b"":""X"",""d"":8,""excl_opp_detectors"":""True"",""k"":4,""l"":15,""leak_heralds"":""False"",""leak_repump"":""True"",""leakage"":""True"",""loss"":""True"",""m"":2,""n"":60,""noise"":""rl_helios"",""p"":0.002,""prllel_1q"":16,""prllel_2q"":4,""r"":20,""repump_cycles"":3,""seq_meas"":""True"",""seq_ops"":""True"",""swapLRC"":""False""}",
       288,         0,         0,    8.70,bposd,fc034e74c25f52c7dca5bec3ced3fbedd720fbeb24afc199749aab9c2019f874,"{""A"":""x2y0+x8y1"",""B"":""x0y1+x4y1+x14y1"",""b"":""X"",""d"":8,""excl_opp_detectors"":""True"",""k"":4,""l"":15,""leak_heralds"":""False"",""leak_repump"":""True"",""leakage"":""True"",""loss"":""True"",""m"":2,""n"":60,""noise"":""rl_helios"",""p"":0.001,""prllel_1q"":16,""prllel_2q"":4,""r"":20,""repump_cycles"":3,""seq_meas"":""True"",""seq_ops"":""True"",""swapLRC"":""False""}",
       128,         0,         0,    5.08,bposd,6d1ddacfb3af8946e01e6fa1f4a73feb1ff89b1e055e733a9f2c9e62f953590b,"{""A"":""x0y0+x1y0"",""B"":""x0y0+x0y1+x3y2"",""b"":""X"",""d"":7,""excl_opp_detectors"":""True"",""k"":4,""l"":8,""leak_heralds"":""False"",""leak_repump"":""True"",""leakage"":""True"",""loss"":""True"",""m"":3,""n"":48,""noise"":""rl_helios"",""p"":0.001,""prllel_1q"":16,""prllel_2q"":4,""r"":20,""repump_cycles"":3,""seq_meas"":""True"",""seq_ops"":""True"",""swapLRC"":""False""}",
        68,         0,         0,    1.69,bposd,6d1ddacfb3af8946e01e6fa1f4a73feb1ff89b1e055e733a9f2c9e62f953590b,"{""A"":""x0y0+x1y0"",""B"":""x0y0+x0y1+x3y2"",""b"":""X"",""d"":7,""excl_opp_detectors"":""True"",""k"":4,""l"":8,""leak_heralds"":""False"",""leak_repump"":""True"",""leakage"":""True"",""loss"":""True"",""m"":3,""n"":48,""noise"":""rl_helios"",""p"":0.001,""prllel_1q"":16,""prllel_2q"":4,""r"":20,""repump_cycles"":3,""seq_meas"":""True"",""seq_ops"":""True"",""swapLRC"":""False""}",
       256,         0,         0,    7.91,bposd,6d1ddacfb3af8946e01e6fa1f4a73feb1ff89b1e055e733a9f2c9e62f953590b,"{""A"":""x0y0+x1y0"",""B"":""x0y0+x0y1+x3y2"",""b"":""X"",""d"":7,""excl_opp_detectors"":""True"",""k"":4,""l"":8,""leak_heralds"":""False"",""leak_repump"":""True"",""leakage"":""True"",""loss"":""True"",""m"":3,""n"":48,""noise"":""rl_helios"",""p"":0.001,""prllel_1q"":16,""prllel_2q"":4,""r"":20,""repump_cycles"":3,""seq_meas"":""True"",""seq_ops"":""True"",""swapLRC"":""False""}",
       384,         0,         0,    14.7,bposd,6d1ddacfb3af8946e01e6fa1f4a73feb1ff89b1e055e733a9f2c9e62f953590b,"{""A"":""x0y0+x1y0"",""B"":""x0y0+x0y1+x3y2"",""b"":""X"",""d"":7,""excl_opp_detectors"":""True"",""k"":4,""l"":8,""leak_heralds"":""False"",""leak_repump"":""True"",""leakage"":""True"",""loss"":""True"",""m"":3,""n"":48,""noise"":""rl_helios"",""p"":0.001,""prllel_1q"":16,""prllel_2q"":4,""r"":20,""repump_cycles"":3,""seq_meas"":""True"",""seq_ops"":""True"",""swapLRC"":""False""}",
       272,         0,         0,    5.51,bposd,6d1ddacfb3af8946e01e6fa1f4a73feb1ff89b1e055e733a9f2c9e62f953590b,"{""A"":""x0y0+x1y0"",""B"":""x0y0+x0y1+x3y2"",""b"":""X"",""d"":7,""excl_opp_detectors"":""True"",""k"":4,""l"":8,""leak_heralds"":""False"",""leak_repump"":""True"",""leakage"":""True"",""loss"":""True"",""m"":3,""n"":48,""noise"":""rl_helios"",""p"":0.001,""prllel_1q"":16,""prllel_2q"":4,""r"":20,""repump_cycles"":3,""seq_meas"":""True"",""seq_ops"":""True"",""swapLRC"":""False""}",
         8,         0,         0,    1.27,bposd,d2e31a876ff9ab44086a0403902670ab7f3daf025f64a4ada3171d61ce3ff2f5,"{""A"":""x2y0+x8y1"",""B"":""x0y1+x4y1+x14y1"",""b"":""X"",""d"":8,""excl_opp_detectors"":""True"",""k"":4,""l"":15,""leak_heralds"":""False"",""leak_repump"":""True"",""leakage"":""True"",""loss"":""True"",""m"":2,""n"":60,""noise"":""rl_helios"",""p"":0.002,""prllel_1q"":16,""prllel_2q"":4,""r"":20,""repump_cycles"":3,""seq_meas"":""True"",""seq_ops"":""True"",""swapLRC"":""False""}",
        64,         0,         0,    2.50,bposd,fc034e74c25f52c7dca5bec3ced3fbedd720fbeb24afc199749aab9c2019f874,"{""A"":""x2y0+x8y1"",""B"":""x0y1+x4y1+x14y1"",""b"":""X"",""d"":8,""excl_opp_detectors"":""True"",""k"":4,""l"":15,""leak_heralds"":""False"",""leak_repump"":""True"",""leakage"":""True"",""loss"":""True"",""m"":2,""n"":60,""noise"":""rl_helios"",""p"":0.001,""prllel_1q"":16,""prllel_2q"":4,""r"":20,""repump_cycles"":3,""seq_meas"":""True"",""seq_ops"":""True"",""swapLRC"":""False""}",
       336,         0,         0,    7.64,bposd,fc034e74c25f52c7dca5bec3ced3fbedd720fbeb24afc199749aab9c2019f874,"{""A"":""x2y0+x8y1"",""B"":""x0y1+x4y1+x14y1"",""b"":""X"",""d"":8,""excl_opp_detectors"":""True"",""k"":4,""l"":15,""leak_heralds"":""False"",""leak_repump"":""True"",""leakage"":""True"",""loss"":""True"",""m"":2,""n"":60,""noise"":""rl_helios"",""p"":0.001,""prllel_1q"":16,""prllel_2q"":4,""r"":20,""repump_cycles"":3,""seq_meas"":""True"",""seq_ops"":""True"",""swapLRC"":""False""}",
        14,         0,         0,    6.14,bposd,d2e31a876ff9ab44086a0403902670ab7f3daf025f64a4ada3171d61ce3ff2f5,"{""A"":""x2y0+x8y1"",""B"":""x0y1+x4y1+x14y1"",""b"":""X"",""d"":8,""excl_opp_detectors"":""True"",""k"":4,""l"":15,""leak_heralds"":""False"",""leak_repump"":""True"",""leakage"":""True"",""loss"":""True"",""m"":2,""n"":60,""noise"":""rl_helios"",""p"":0.002,""prllel_1q"":16,""prllel_2q"":4,""r"":20,""repump_cycles"":3,""seq_meas"":""True"",""seq_ops"":""True"",""swapLRC"":""False""}",
        32,         0,         0,    1.89,bposd,6d1ddacfb3af8946e01e6fa1f4a73feb1ff89b1e055e733a9f2c9e62f953590b,"{""A"":""x0y0+x1y0"",""B"":""x0y0+x0y1+x3y2"",""b"":""X"",""d"":7,""excl_opp_detectors"":""True"",""k"":4,""l"":8,""leak_heralds"":""False"",""leak_repump"":""True"",""leakage"":""True"",""loss"":""True"",""m"":3,""n"":48,""noise"":""rl_helios"",""p"":0.001,""prllel_1q"":16,""prllel_2q"":4,""r"":20,""repump_cycles"":3,""seq_meas"":""True"",""seq_ops"":""True"",""swapLRC"":""False""}",
        16,         0,         0,    3.26,bposd,d6466f1f2401ef78211b48d2724c0f28b872cf57bdff80ba7079cbc781acfd49,"{""A"":""x0y0+x1y0"",""B"":""x0y0+x0y1+x3y2"",""b"":""X"",""d"":7,""excl_opp_detectors"":""True"",""k"":4,""l"":8,""leak_heralds"":""False"",""leak_repump"":""True"",""leakage"":""True"",""loss"":""True"",""m"":3,""n"":48,""noise"":""rl_helios"",""p"":0.002,""prllel_1q"":16,""prllel_2q"":4,""r"":20,""repump_cycles"":3,""seq_meas"":""True"",""seq_ops"":""True"",""swapLRC"":""False""}",
         8,         0,         0,    1.60,bposd,d2e31a876ff9ab44086a0403902670ab7f3daf025f64a4ada3171d61ce3ff2f5,"{""A"":""x2y0+x8y1"",""B"":""x0y1+x4y1+x14y1"",""b"":""X"",""d"":8,""excl_opp_detectors"":""True"",""k"":4,""l"":15,""leak_heralds"":""False"",""leak_repump"":""True"",""leakage"":""True"",""loss"":""True"",""m"":2,""n"":60,""noise"":""rl_helios"",""p"":0.002,""prllel_1q"":16,""prllel_2q"":4,""r"":20,""repump_cycles"":3,""seq_meas"":""True"",""seq_ops"":""True"",""swapLRC"":""False""}",
        64,         1,         0,    2.90,bposd,6d1ddacfb3af8946e01e6fa1f4a73feb1ff89b1e055e733a9f2c9e62f953590b,"{""A"":""x0y0+x1y0"",""B"":""x0y0+x0y1+x3y2"",""b"":""X"",""d"":7,""excl_opp_detectors"":""True"",""k"":4,""l"":8,""leak_heralds"":""False"",""leak_repump"":""True"",""leakage"":""True"",""loss"":""True"",""m"":3,""n"":48,""noise"":""rl_helios"",""p"":0.001,""prllel_1q"":16,""prllel_2q"":4,""r"":20,""repump_cycles"":3,""seq_meas"":""True"",""seq_ops"":""True"",""swapLRC"":""False""}",
        32,         0,         0,    1.76,bposd,fc034e74c25f52c7dca5bec3ced3fbedd720fbeb24afc199749aab9c2019f874,"{""A"":""x2y0+x8y1"",""B"":""x0y1+x4y1+x14y1"",""b"":""X"",""d"":8,""excl_opp_detectors"":""True"",""k"":4,""l"":15,""leak_heralds"":""False"",""leak_repump"":""True"",""leakage"":""True"",""loss"":""True"",""m"":2,""n"":60,""noise"":""rl_helios"",""p"":0.001,""prllel_1q"":16,""prllel_2q"":4,""r"":20,""repump_cycles"":3,""seq_meas"":""True"",""seq_ops"":""True"",""swapLRC"":""False""}",
        16,         0,         0,    1.40,bposd,6d1ddacfb3af8946e01e6fa1f4a73feb1ff89b1e055e733a9f2c9e62f953590b,"{""A"":""x0y0+x1y0"",""B"":""x0y0+x0y1+x3y2"",""b"":""X"",""d"":7,""excl_opp_detectors"":""True"",""k"":4,""l"":8,""leak_heralds"":""False"",""leak_repump"":""True"",""leakage"":""True"",""loss"":""True"",""m"":3,""n"":48,""noise"":""rl_helios"",""p"":0.001,""prllel_1q"":16,""prllel_2q"":4,""r"":20,""repump_cycles"":3,""seq_meas"":""True"",""seq_ops"":""True"",""swapLRC"":""False""}",
       128,         0,         0,    10.1,bposd,fc034e74c25f52c7dca5bec3ced3fbedd720fbeb24afc199749aab9c2019f874,"{""A"":""x2y0+x8y1"",""B"":""x0y1+x4y1+x14y1"",""b"":""X"",""d"":8,""excl_opp_detectors"":""True"",""k"":4,""l"":15,""leak_heralds"":""False"",""leak_repump"":""True"",""leakage"":""True"",""loss"":""True"",""m"":2,""n"":60,""noise"":""rl_helios"",""p"":0.001,""prllel_1q"":16,""prllel_2q"":4,""r"":20,""repump_cycles"":3,""seq_meas"":""True"",""seq_ops"":""True"",""swapLRC"":""False""}",
       288,         0,         0,    13.9,bposd,fc034e74c25f52c7dca5bec3ced3fbedd720fbeb24afc199749aab9c2019f874,"{""A"":""x2y0+x8y1"",""B"":""x0y1+x4y1+x14y1"",""b"":""X"",""d"":8,""excl_opp_detectors"":""True"",""k"":4,""l"":15,""leak_heralds"":""False"",""leak_repump"":""True"",""leakage"":""True"",""loss"":""True"",""m"":2,""n"":60,""noise"":""rl_helios"",""p"":0.001,""prllel_1q"":16,""prllel_2q"":4,""r"":20,""repump_cycles"":3,""seq_meas"":""True"",""seq_ops"":""True"",""swapLRC"":""False""}",
       192,         0,         0,    8.11,bposd,fc034e74c25f52c7dca5bec3ced3fbedd720fbeb24afc199749aab9c2019f874,"{""A"":""x2y0+x8y1"",""B"":""x0y1+x4y1+x14y1"",""b"":""X"",""d"":8,""excl_opp_detectors"":""True"",""k"":4,""l"":15,""leak_heralds"":""False"",""leak_repump"":""True"",""leakage"":""True"",""loss"":""True"",""m"":2,""n"":60,""noise"":""rl_helios"",""p"":0.001,""prllel_1q"":16,""prllel_2q"":4,""r"":20,""repump_cycles"":3,""seq_meas"":""True"",""seq_ops"":""True"",""swapLRC"":""False""}",
         4,         0,         0,    1.73,bposd,d2e31a876ff9ab44086a0403902670ab7f3daf025f64a4ada3171d61ce3ff2f5,"{""A"":""x2y0+x8y1"",""B"":""x0y1+x4y1+x14y1"",""b"":""X"",""d"":8,""excl_opp_detectors"":""True"",""k"":4,""l"":15,""leak_heralds"":""False"",""leak_repump"":""True"",""leakage"":""True"",""loss"":""True"",""m"":2,""n"":60,""noise"":""rl_helios"",""p"":0.002,""prllel_1q"":16,""prllel_2q"":4,""r"":20,""repump_cycles"":3,""seq_meas"":""True"",""seq_ops"":""True"",""swapLRC"":""False""}",
       320,         1,         0,    11.0,bposd,6d1ddacfb3af8946e01e6fa1f4a73feb1ff89b1e055e733a9f2c9e62f953590b,"{""A"":""x0y0+x1y0"",""B"":""x0y0+x0y1+x3y2"",""b"":""X"",""d"":7,""excl_opp_detectors"":""True"",""k"":4,""l"":8,""leak_heralds"":""False"",""leak_repump"":""True"",""leakage"":""True"",""loss"":""True"",""m"":3,""n"":48,""noise"":""rl_helios"",""p"":0.001,""prllel_1q"":16,""prllel_2q"":4,""r"":20,""repump_cycles"":3,""seq_meas"":""True"",""seq_ops"":""True"",""swapLRC"":""False""}",
       144,         1,         0,    28.4,bposd,d2e31a876ff9ab44086a0403902670ab7f3daf025f64a4ada3171d61ce3ff2f5,"{""A"":""x2y0+x8y1"",""B"":""x0y1+x4y1+x14y1"",""b"":""X"",""d"":8,""excl_opp_detectors"":""True"",""k"":4,""l"":15,""leak_heralds"":""False"",""leak_repump"":""True"",""leakage"":""True"",""loss"":""True"",""m"":2,""n"":60,""noise"":""rl_helios"",""p"":0.002,""prllel_1q"":16,""prllel_2q"":4,""r"":20,""repump_cycles"":3,""seq_meas"":""True"",""seq_ops"":""True"",""swapLRC"":""False""}",
       384,         1,         0,    10.2,bposd,6d1ddacfb3af8946e01e6fa1f4a73feb1ff89b1e055e733a9f2c9e62f953590b,"{""A"":""x0y0+x1y0"",""B"":""x0y0+x0y1+x3y2"",""b"":""X"",""d"":7,""excl_opp_detectors"":""True"",""k"":4,""l"":8,""leak_heralds"":""False"",""leak_repump"":""True"",""leakage"":""True"",""loss"":""True"",""m"":3,""n"":48,""noise"":""rl_helios"",""p"":0.001,""prllel_1q"":16,""prllel_2q"":4,""r"":20,""repump_cycles"":3,""seq_meas"":""True"",""seq_ops"":""True"",""swapLRC"":""False""}",
       128,         0,         0,    4.93,bposd,6d1ddacfb3af8946e01e6fa1f4a73feb1ff89b1e055e733a9f2c9e62f953590b,"{""A"":""x0y0+x1y0"",""B"":""x0y0+x0y1+x3y2"",""b"":""X"",""d"":7,""excl_opp_detectors"":""True"",""k"":4,""l"":8,""leak_heralds"":""False"",""leak_repump"":""True"",""leakage"":""True"",""loss"":""True"",""m"":3,""n"":48,""noise"":""rl_helios"",""p"":0.001,""prllel_1q"":16,""prllel_2q"":4,""r"":20,""repump_cycles"":3,""seq_meas"":""True"",""seq_ops"":""True"",""swapLRC"":""False""}",
       256,         0,         0,    9.04,bposd,fc034e74c25f52c7dca5bec3ced3fbedd720fbeb24afc199749aab9c2019f874,"{""A"":""x2y0+x8y1"",""B"":""x0y1+x4y1+x14y1"",""b"":""X"",""d"":8,""excl_opp_detectors"":""True"",""k"":4,""l"":15,""leak_heralds"":""False"",""leak_repump"":""True"",""leakage"":""True"",""loss"":""True"",""m"":2,""n"":60,""noise"":""rl_helios"",""p"":0.001,""prllel_1q"":16,""prllel_2q"":4,""r"":20,""repump_cycles"":3,""seq_meas"":""True"",""seq_ops"":""True"",""swapLRC"":""False""}",
        64,         1,         0,    11.3,bposd,d2e31a876ff9ab44086a0403902670ab7f3daf025f64a4ada3171d61ce3ff2f5,"{""A"":""x2y0+x8y1"",""B"":""x0y1+x4y1+x14y1"",""b"":""X"",""d"":8,""excl_opp_detectors"":""True"",""k"":4,""l"":15,""leak_heralds"":""False"",""leak_repump"":""True"",""leakage"":""True"",""loss"":""True"",""m"":2,""n"":60,""noise"":""rl_helios"",""p"":0.002,""prllel_1q"":16,""prllel_2q"":4,""r"":20,""repump_cycles"":3,""seq_meas"":""True"",""seq_ops"":""True"",""swapLRC"":""False""}",
        64,         0,         0,    1.04,bposd,6d1ddacfb3af8946e01e6fa1f4a73feb1ff89b1e055e733a9f2c9e62f953590b,"{""A"":""x0y0+x1y0"",""B"":""x0y0+x0y1+x3y2"",""b"":""X"",""d"":7,""excl_opp_detectors"":""True"",""k"":4,""l"":8,""leak_heralds"":""False"",""leak_repump"":""True"",""leakage"":""True"",""loss"":""True"",""m"":3,""n"":48,""noise"":""rl_helios"",""p"":0.001,""prllel_1q"":16,""prllel_2q"":4,""r"":20,""repump_cycles"":3,""seq_meas"":""True"",""seq_ops"":""True"",""swapLRC"":""False""}",
        64,         0,         0,   0.093,bposd,6d1ddacfb3af8946e01e6fa1f4a73feb1ff89b1e055e733a9f2c9e62f953590b,"{""A"":""x0y0+x1y0"",""B"":""x0y0+x0y1+x3y2"",""b"":""X"",""d"":7,""excl_opp_detectors"":""True"",""k"":4,""l"":8,""leak_heralds"":""False"",""leak_repump"":""True"",""leakage"":""True"",""loss"":""True"",""m"":3,""n"":48,""noise"":""rl_helios"",""p"":0.001,""prllel_1q"":16,""prllel_2q"":4,""r"":20,""repump_cycles"":3,""seq_meas"":""True"",""seq_ops"":""True"",""swapLRC"":""False""}",
       136,         0,         0,    3.64,bposd,6d1ddacfb3af8946e01e6fa1f4a73feb1ff89b1e055e733a9f2c9e62f953590b,"{""A"":""x0y0+x1y0"",""B"":""x0y0+x0y1+x3y2"",""b"":""X"",""d"":7,""excl_opp_detectors"":""True"",""k"":4,""l"":8,""leak_heralds"":""False"",""leak_repump"":""True"",""leakage"":""True"",""loss"":""True"",""m"":3,""n"":48,""noise"":""rl_helios"",""p"":0.001,""prllel_1q"":16,""prllel_2q"":4,""r"":20,""repump_cycles"":3,""seq_meas"":""True"",""seq_ops"":""True"",""swapLRC"":""False""}",
        64,         3,         0,    17.4,bposd,d6466f1f2401ef78211b48d2724c0f28b872cf57bdff80ba7079cbc781acfd49,"{""A"":""x0y0+x1y0"",""B"":""x0y0+x0y1+x3y2"",""b"":""X"",""d"":7,""excl_opp_detectors"":""True"",""k"":4,""l"":8,""leak_heralds"":""False"",""leak_repump"":""True"",""leakage"":""True"",""loss"":""True"",""m"":3,""n"":48,""noise"":""rl_helios"",""p"":0.002,""prllel_1q"":16,""prllel_2q"":4,""r"":20,""repump_cycles"":3,""seq_meas"":""True"",""seq_ops"":""True"",""swapLRC"":""False""}",
       136,         3,         0,    15.9,bposd,d2e31a876ff9ab44086a0403902670ab7f3daf025f64a4ada3171d61ce3ff2f5,"{""A"":""x2y0+x8y1"",""B"":""x0y1+x4y1+x14y1"",""b"":""X"",""d"":8,""excl_opp_detectors"":""True"",""k"":4,""l"":15,""leak_heralds"":""False"",""leak_repump"":""True"",""leakage"":""True"",""loss"":""True"",""m"":2,""n"":60,""noise"":""rl_helios"",""p"":0.002,""prllel_1q"":16,""prllel_2q"":4,""r"":20,""repump_cycles"":3,""seq_meas"":""True"",""seq_ops"":""True"",""swapLRC"":""False""}",
        64,         0,         0,    1.13,bposd,6d1ddacfb3af8946e01e6fa1f4a73feb1ff89b1e055e733a9f2c9e62f953590b,"{""A"":""x0y0+x1y0"",""B"":""x0y0+x0y1+x3y2"",""b"":""X"",""d"":7,""excl_opp_detectors"":""True"",""k"":4,""l"":8,""leak_heralds"":""False"",""leak_repump"":""True"",""leakage"":""True"",""loss"":""True"",""m"":3,""n"":48,""noise"":""rl_helios"",""p"":0.001,""prllel_1q"":16,""prllel_2q"":4,""r"":20,""repump_cycles"":3,""seq_meas"":""True"",""seq_ops"":""True"",""swapLRC"":""False""}",
       160,         0,         0,    6.32,bposd,6d1ddacfb3af8946e01e6fa1f4a73feb1ff89b1e055e733a9f2c9e62f953590b,"{""A"":""x0y0+x1y0"",""B"":""x0y0+x0y1+x3y2"",""b"":""X"",""d"":7,""excl_opp_detectors"":""True"",""k"":4,""l"":8,""leak_heralds"":""False"",""leak_repump"":""True"",""leakage"":""True"",""loss"":""True"",""m"":3,""n"":48,""noise"":""rl_helios"",""p"":0.001,""prllel_1q"":16,""prllel_2q"":4,""r"":20,""repump_cycles"":3,""seq_meas"":""True"",""seq_ops"":""True"",""swapLRC"":""False""}",
       128,         0,         0,    5.37,bposd,fc034e74c25f52c7dca5bec3ced3fbedd720fbeb24afc199749aab9c2019f874,"{""A"":""x2y0+x8y1"",""B"":""x0y1+x4y1+x14y1"",""b"":""X"",""d"":8,""excl_opp_detectors"":""True"",""k"":4,""l"":15,""leak_heralds"":""False"",""leak_repump"":""True"",""leakage"":""True"",""loss"":""True"",""m"":2,""n"":60,""noise"":""rl_helios"",""p"":0.001,""prllel_1q"":16,""prllel_2q"":4,""r"":20,""repump_cycles"":3,""seq_meas"":""True"",""seq_ops"":""True"",""swapLRC"":""False""}",
        64,         0,         0,    1.01,bposd,6d1ddacfb3af8946e01e6fa1f4a73feb1ff89b1e055e733a9f2c9e62f953590b,"{""A"":""x0y0+x1y0"",""B"":""x0y0+x0y1+x3y2"",""b"":""X"",""d"":7,""excl_opp_detectors"":""True"",""k"":4,""l"":8,""leak_heralds"":""False"",""leak_repump"":""True"",""leakage"":""True"",""loss"":""True"",""m"":3,""n"":48,""noise"":""rl_helios"",""p"":0.001,""prllel_1q"":16,""prllel_2q"":4,""r"":20,""repump_cycles"":3,""seq_meas"":""True"",""seq_ops"":""True"",""swapLRC"":""False""}",
        64,         0,         0,   0.710,bposd,6d1ddacfb3af8946e01e6fa1f4a73feb1ff89b1e055e733a9f2c9e62f953590b,"{""A"":""x0y0+x1y0"",""B"":""x0y0+x0y1+x3y2"",""b"":""X"",""d"":7,""excl_opp_detectors"":""True"",""k"":4,""l"":8,""leak_heralds"":""False"",""leak_repump"":""True"",""leakage"":""True"",""loss"":""True"",""m"":3,""n"":48,""noise"":""rl_helios"",""p"":0.001,""prllel_1q"":16,""prllel_2q"":4,""r"":20,""repump_cycles"":3,""seq_meas"":""True"",""seq_ops"":""True"",""swapLRC"":""False""}",
       384,         0,         0,    9.81,bposd,6d1ddacfb3af8946e01e6fa1f4a73feb1ff89b1e055e733a9f2c9e62f953590b,"{""A"":""x0y0+x1y0"",""B"":""x0y0+x0y1+x3y2"",""b"":""X"",""d"":7,""excl_opp_detectors"":""True"",""k"":4,""l"":8,""leak_heralds"":""False"",""leak_repump"":""True"",""leakage"":""True"",""loss"":""True"",""m"":3,""n"":48,""noise"":""rl_helios"",""p"":0.001,""prllel_1q"":16,""prllel_2q"":4,""r"":20,""repump_cycles"":3,""seq_meas"":""True"",""seq_ops"":""True"",""swapLRC"":""False""}",
       256,         1,         0,    10.5,bposd,fc034e74c25f52c7dca5bec3ced3fbedd720fbeb24afc199749aab9c2019f874,"{""A"":""x2y0+x8y1"",""B"":""x0y1+x4y1+x14y1"",""b"":""X"",""d"":8,""excl_opp_detectors"":""True"",""k"":4,""l"":15,""leak_heralds"":""False"",""leak_repump"":""True"",""leakage"":""True"",""loss"":""True"",""m"":2,""n"":60,""noise"":""rl_helios"",""p"":0.001,""prllel_1q"":16,""prllel_2q"":4,""r"":20,""repump_cycles"":3,""seq_meas"":""True"",""seq_ops"":""True"",""swapLRC"":""False""}",
        56,         1,         0,    11.8,bposd,d2e31a876ff9ab44086a0403902670ab7f3daf025f64a4ada3171d61ce3ff2f5,"{""A"":""x2y0+x8y1"",""B"":""x0y1+x4y1+x14y1"",""b"":""X"",""d"":8,""excl_opp_detectors"":""True"",""k"":4,""l"":15,""leak_heralds"":""False"",""leak_repump"":""True"",""leakage"":""True"",""loss"":""True"",""m"":2,""n"":60,""noise"":""rl_helios"",""p"":0.002,""prllel_1q"":16,""prllel_2q"":4,""r"":20,""repump_cycles"":3,""seq_meas"":""True"",""seq_ops"":""True"",""swapLRC"":""False""}",
        32,         1,         0,    4.77,bposd,d2e31a876ff9ab44086a0403902670ab7f3daf025f64a4ada3171d61ce3ff2f5,"{""A"":""x2y0+x8y1"",""B"":""x0y1+x4y1+x14y1"",""b"":""X"",""d"":8,""excl_opp_detectors"":""True"",""k"":4,""l"":15,""leak_heralds"":""False"",""leak_repump"":""True"",""leakage"":""True"",""loss"":""True"",""m"":2,""n"":60,""noise"":""rl_helios"",""p"":0.002,""prllel_1q"":16,""prllel_2q"":4,""r"":20,""repump_cycles"":3,""seq_meas"":""True"",""seq_ops"":""True"",""swapLRC"":""False""}",
       224,         0,         0,    10.3,bposd,fc034e74c25f52c7dca5bec3ced3fbedd720fbeb24afc199749aab9c2019f874,"{""A"":""x2y0+x8y1"",""B"":""x0y1+x4y1+x14y1"",""b"":""X"",""d"":8,""excl_opp_detectors"":""True"",""k"":4,""l"":15,""leak_heralds"":""False"",""leak_repump"":""True"",""leakage"":""True"",""loss"":""True"",""m"":2,""n"":60,""noise"":""rl_helios"",""p"":0.001,""prllel_1q"":16,""prllel_2q"":4,""r"":20,""repump_cycles"":3,""seq_meas"":""True"",""seq_ops"":""True"",""swapLRC"":""False""}",
        34,         0,         0,    8.21,bposd,d2e31a876ff9ab44086a0403902670ab7f3daf025f64a4ada3171d61ce3ff2f5,"{""A"":""x2y0+x8y1"",""B"":""x0y1+x4y1+x14y1"",""b"":""X"",""d"":8,""excl_opp_detectors"":""True"",""k"":4,""l"":15,""leak_heralds"":""False"",""leak_repump"":""True"",""leakage"":""True"",""loss"":""True"",""m"":2,""n"":60,""noise"":""rl_helios"",""p"":0.002,""prllel_1q"":16,""prllel_2q"":4,""r"":20,""repump_cycles"":3,""seq_meas"":""True"",""seq_ops"":""True"",""swapLRC"":""False""}",
        64,         0,         0,    2.38,bposd,6d1ddacfb3af8946e01e6fa1f4a73feb1ff89b1e055e733a9f2c9e62f953590b,"{""A"":""x0y0+x1y0"",""B"":""x0y0+x0y1+x3y2"",""b"":""X"",""d"":7,""excl_opp_detectors"":""True"",""k"":4,""l"":8,""leak_heralds"":""False"",""leak_repump"":""True"",""leakage"":""True"",""loss"":""True"",""m"":3,""n"":48,""noise"":""rl_helios"",""p"":0.001,""prllel_1q"":16,""prllel_2q"":4,""r"":20,""repump_cycles"":3,""seq_meas"":""True"",""seq_ops"":""True"",""swapLRC"":""False""}",
        58,         1,         0,    11.3,bposd,d2e31a876ff9ab44086a0403902670ab7f3daf025f64a4ada3171d61ce3ff2f5,"{""A"":""x2y0+x8y1"",""B"":""x0y1+x4y1+x14y1"",""b"":""X"",""d"":8,""excl_opp_detectors"":""True"",""k"":4,""l"":15,""leak_heralds"":""False"",""leak_repump"":""True"",""leakage"":""True"",""loss"":""True"",""m"":2,""n"":60,""noise"":""rl_helios"",""p"":0.002,""prllel_1q"":16,""prllel_2q"":4,""r"":20,""repump_cycles"":3,""seq_meas"":""True"",""seq_ops"":""True"",""swapLRC"":""False""}",
       224,         0,         0,    9.29,bposd,fc034e74c25f52c7dca5bec3ced3fbedd720fbeb24afc199749aab9c2019f874,"{""A"":""x2y0+x8y1"",""B"":""x0y1+x4y1+x14y1"",""b"":""X"",""d"":8,""excl_opp_detectors"":""True"",""k"":4,""l"":15,""leak_heralds"":""False"",""leak_repump"":""True"",""leakage"":""True"",""loss"":""True"",""m"":2,""n"":60,""noise"":""rl_helios"",""p"":0.001,""prllel_1q"":16,""prllel_2q"":4,""r"":20,""repump_cycles"":3,""seq_meas"":""True"",""seq_ops"":""True"",""swapLRC"":""False""}",
       272,         0,         0,    10.5,bposd,fc034e74c25f52c7dca5bec3ced3fbedd720fbeb24afc199749aab9c2019f874,"{""A"":""x2y0+x8y1"",""B"":""x0y1+x4y1+x14y1"",""b"":""X"",""d"":8,""excl_opp_detectors"":""True"",""k"":4,""l"":15,""leak_heralds"":""False"",""leak_repump"":""True"",""leakage"":""True"",""loss"":""True"",""m"":2,""n"":60,""noise"":""rl_helios"",""p"":0.001,""prllel_1q"":16,""prllel_2q"":4,""r"":20,""repump_cycles"":3,""seq_meas"":""True"",""seq_ops"":""True"",""swapLRC"":""False""}",
       120,         1,         0,    27.2,bposd,d2e31a876ff9ab44086a0403902670ab7f3daf025f64a4ada3171d61ce3ff2f5,"{""A"":""x2y0+x8y1"",""B"":""x0y1+x4y1+x14y1"",""b"":""X"",""d"":8,""excl_opp_detectors"":""True"",""k"":4,""l"":15,""leak_heralds"":""False"",""leak_repump"":""True"",""leakage"":""True"",""loss"":""True"",""m"":2,""n"":60,""noise"":""rl_helios"",""p"":0.002,""prllel_1q"":16,""prllel_2q"":4,""r"":20,""repump_cycles"":3,""seq_meas"":""True"",""seq_ops"":""True"",""swapLRC"":""False""}",
        16,         0,         0,    1.36,bposd,d2e31a876ff9ab44086a0403902670ab7f3daf025f64a4ada3171d61ce3ff2f5,"{""A"":""x2y0+x8y1"",""B"":""x0y1+x4y1+x14y1"",""b"":""X"",""d"":8,""excl_opp_detectors"":""True"",""k"":4,""l"":15,""leak_heralds"":""False"",""leak_repump"":""True"",""leakage"":""True"",""loss"":""True"",""m"":2,""n"":60,""noise"":""rl_helios"",""p"":0.002,""prllel_1q"":16,""prllel_2q"":4,""r"":20,""repump_cycles"":3,""seq_meas"":""True"",""seq_ops"":""True"",""swapLRC"":""False""}",
        32,         0,         0,    1.13,bposd,6d1ddacfb3af8946e01e6fa1f4a73feb1ff89b1e055e733a9f2c9e62f953590b,"{""A"":""x0y0+x1y0"",""B"":""x0y0+x0y1+x3y2"",""b"":""X"",""d"":7,""excl_opp_detectors"":""True"",""k"":4,""l"":8,""leak_heralds"":""False"",""leak_repump"":""True"",""leakage"":""True"",""loss"":""True"",""m"":3,""n"":48,""noise"":""rl_helios"",""p"":0.001,""prllel_1q"":16,""prllel_2q"":4,""r"":20,""repump_cycles"":3,""seq_meas"":""True"",""seq_ops"":""True"",""swapLRC"":""False""}",
       144,         1,         0,    29.0,bposd,d2e31a876ff9ab44086a0403902670ab7f3daf025f64a4ada3171d61ce3ff2f5,"{""A"":""x2y0+x8y1"",""B"":""x0y1+x4y1+x14y1"",""b"":""X"",""d"":8,""excl_opp_detectors"":""True"",""k"":4,""l"":15,""leak_heralds"":""False"",""leak_repump"":""True"",""leakage"":""True"",""loss"":""True"",""m"":2,""n"":60,""noise"":""rl_helios"",""p"":0.002,""prllel_1q"":16,""prllel_2q"":4,""r"":20,""repump_cycles"":3,""seq_meas"":""True"",""seq_ops"":""True"",""swapLRC"":""False""}",
        16,         0,         0,    2.63,bposd,d2e31a876ff9ab44086a0403902670ab7f3daf025f64a4ada3171d61ce3ff2f5,"{""A"":""x2y0+x8y1"",""B"":""x0y1+x4y1+x14y1"",""b"":""X"",""d"":8,""excl_opp_detectors"":""True"",""k"":4,""l"":15,""leak_heralds"":""False"",""leak_repump"":""True"",""leakage"":""True"",""loss"":""True"",""m"":2,""n"":60,""noise"":""rl_helios"",""p"":0.002,""prllel_1q"":16,""prllel_2q"":4,""r"":20,""repump_cycles"":3,""seq_meas"":""True"",""seq_ops"":""True"",""swapLRC"":""False""}",
       128,         0,         0,    7.87,bposd,fc034e74c25f52c7dca5bec3ced3fbedd720fbeb24afc199749aab9c2019f874,"{""A"":""x2y0+x8y1"",""B"":""x0y1+x4y1+x14y1"",""b"":""X"",""d"":8,""excl_opp_detectors"":""True"",""k"":4,""l"":15,""leak_heralds"":""False"",""leak_repump"":""True"",""leakage"":""True"",""loss"":""True"",""m"":2,""n"":60,""noise"":""rl_helios"",""p"":0.001,""prllel_1q"":16,""prllel_2q"":4,""r"":20,""repump_cycles"":3,""seq_meas"":""True"",""seq_ops"":""True"",""swapLRC"":""False""}",
       136,         1,         0,    20.4,bposd,d6466f1f2401ef78211b48d2724c0f28b872cf57bdff80ba7079cbc781acfd49,"{""A"":""x0y0+x1y0"",""B"":""x0y0+x0y1+x3y2"",""b"":""X"",""d"":7,""excl_opp_detectors"":""True"",""k"":4,""l"":8,""leak_heralds"":""False"",""leak_repump"":""True"",""leakage"":""True"",""loss"":""True"",""m"":3,""n"":48,""noise"":""rl_helios"",""p"":0.002,""prllel_1q"":16,""prllel_2q"":4,""r"":20,""repump_cycles"":3,""seq_meas"":""True"",""seq_ops"":""True"",""swapLRC"":""False""}",
       272,         3,         0,    31.2,bposd,d6466f1f2401ef78211b48d2724c0f28b872cf57bdff80ba7079cbc781acfd49,"{""A"":""x0y0+x1y0"",""B"":""x0y0+x0y1+x3y2"",""b"":""X"",""d"":7,""excl_opp_detectors"":""True"",""k"":4,""l"":8,""leak_heralds"":""False"",""leak_repump"":""True"",""leakage"":""True"",""loss"":""True"",""m"":3,""n"":48,""noise"":""rl_helios"",""p"":0.002,""prllel_1q"":16,""prllel_2q"":4,""r"":20,""repump_cycles"":3,""seq_meas"":""True"",""seq_ops"":""True"",""swapLRC"":""False""}",
         8,         0,         0,   0.064,bposd,d2e31a876ff9ab44086a0403902670ab7f3daf025f64a4ada3171d61ce3ff2f5,"{""A"":""x2y0+x8y1"",""B"":""x0y1+x4y1+x14y1"",""b"":""X"",""d"":8,""excl_opp_detectors"":""True"",""k"":4,""l"":15,""leak_heralds"":""False"",""leak_repump"":""True"",""leakage"":""True"",""loss"":""True"",""m"":2,""n"":60,""noise"":""rl_helios"",""p"":0.002,""prllel_1q"":16,""prllel_2q"":4,""r"":20,""repump_cycles"":3,""seq_meas"":""True"",""seq_ops"":""True"",""swapLRC"":""False""}",
       256,         1,         0,    7.97,bposd,6d1ddacfb3af8946e01e6fa1f4a73feb1ff89b1e055e733a9f2c9e62f953590b,"{""A"":""x0y0+x1y0"",""B"":""x0y0+x0y1+x3y2"",""b"":""X"",""d"":7,""excl_opp_detectors"":""True"",""k"":4,""l"":8,""leak_heralds"":""False"",""leak_repump"":""True"",""leakage"":""True"",""loss"":""True"",""m"":3,""n"":48,""noise"":""rl_helios"",""p"":0.001,""prllel_1q"":16,""prllel_2q"":4,""r"":20,""repump_cycles"":3,""seq_meas"":""True"",""seq_ops"":""True"",""swapLRC"":""False""}",
       256,         2,         0,    17.5,bposd,6d1ddacfb3af8946e01e6fa1f4a73feb1ff89b1e055e733a9f2c9e62f953590b,"{""A"":""x0y0+x1y0"",""B"":""x0y0+x0y1+x3y2"",""b"":""X"",""d"":7,""excl_opp_detectors"":""True"",""k"":4,""l"":8,""leak_heralds"":""False"",""leak_repump"":""True"",""leakage"":""True"",""loss"":""True"",""m"":3,""n"":48,""noise"":""rl_helios"",""p"":0.001,""prllel_1q"":16,""prllel_2q"":4,""r"":20,""repump_cycles"":3,""seq_meas"":""True"",""seq_ops"":""True"",""swapLRC"":""False""}",
       128,         0,         0,   0.214,bposd,6d1ddacfb3af8946e01e6fa1f4a73feb1ff89b1e055e733a9f2c9e62f953590b,"{""A"":""x0y0+x1y0"",""B"":""x0y0+x0y1+x3y2"",""b"":""X"",""d"":7,""excl_opp_detectors"":""True"",""k"":4,""l"":8,""leak_heralds"":""False"",""leak_repump"":""True"",""leakage"":""True"",""loss"":""True"",""m"":3,""n"":48,""noise"":""rl_helios"",""p"":0.001,""prllel_1q"":16,""prllel_2q"":4,""r"":20,""repump_cycles"":3,""seq_meas"":""True"",""seq_ops"":""True"",""swapLRC"":""False""}",
        32,         0,         0,    1.31,bposd,6d1ddacfb3af8946e01e6fa1f4a73feb1ff89b1e055e733a9f2c9e62f953590b,"{""A"":""x0y0+x1y0"",""B"":""x0y0+x0y1+x3y2"",""b"":""X"",""d"":7,""excl_opp_detectors"":""True"",""k"":4,""l"":8,""leak_heralds"":""False"",""leak_repump"":""True"",""leakage"":""True"",""loss"":""True"",""m"":3,""n"":48,""noise"":""rl_helios"",""p"":0.001,""prllel_1q"":16,""prllel_2q"":4,""r"":20,""repump_cycles"":3,""seq_meas"":""True"",""seq_ops"":""True"",""swapLRC"":""False""}",
        64,         0,         0,    5.70,bposd,fc034e74c25f52c7dca5bec3ced3fbedd720fbeb24afc199749aab9c2019f874,"{""A"":""x2y0+x8y1"",""B"":""x0y1+x4y1+x14y1"",""b"":""X"",""d"":8,""excl_opp_detectors"":""True"",""k"":4,""l"":15,""leak_heralds"":""False"",""leak_repump"":""True"",""leakage"":""True"",""loss"":""True"",""m"":2,""n"":60,""noise"":""rl_helios"",""p"":0.001,""prllel_1q"":16,""prllel_2q"":4,""r"":20,""repump_cycles"":3,""seq_meas"":""True"",""seq_ops"":""True"",""swapLRC"":""False""}",
        96,         0,         0,    17.0,bposd,d6466f1f2401ef78211b48d2724c0f28b872cf57bdff80ba7079cbc781acfd49,"{""A"":""x0y0+x1y0"",""B"":""x0y0+x0y1+x3y2"",""b"":""X"",""d"":7,""excl_opp_detectors"":""True"",""k"":4,""l"":8,""leak_heralds"":""False"",""leak_repump"":""True"",""leakage"":""True"",""loss"":""True"",""m"":3,""n"":48,""noise"":""rl_helios"",""p"":0.002,""prllel_1q"":16,""prllel_2q"":4,""r"":20,""repump_cycles"":3,""seq_meas"":""True"",""seq_ops"":""True"",""swapLRC"":""False""}",
        16,         0,         0,    1.14,bposd,6d1ddacfb3af8946e01e6fa1f4a73feb1ff89b1e055e733a9f2c9e62f953590b,"{""A"":""x0y0+x1y0"",""B"":""x0y0+x0y1+x3y2"",""b"":""X"",""d"":7,""excl_opp_detectors"":""True"",""k"":4,""l"":8,""leak_heralds"":""False"",""leak_repump"":""True"",""leakage"":""True"",""loss"":""True"",""m"":3,""n"":48,""noise"":""rl_helios"",""p"":0.001,""prllel_1q"":16,""prllel_2q"":4,""r"":20,""repump_cycles"":3,""seq_meas"":""True"",""seq_ops"":""True"",""swapLRC"":""False""}",
        64,         1,         0,    11.7,bposd,d2e31a876ff9ab44086a0403902670ab7f3daf025f64a4ada3171d61ce3ff2f5,"{""A"":""x2y0+x8y1"",""B"":""x0y1+x4y1+x14y1"",""b"":""X"",""d"":8,""excl_opp_detectors"":""True"",""k"":4,""l"":15,""leak_heralds"":""False"",""leak_repump"":""True"",""leakage"":""True"",""loss"":""True"",""m"":2,""n"":60,""noise"":""rl_helios"",""p"":0.002,""prllel_1q"":16,""prllel_2q"":4,""r"":20,""repump_cycles"":3,""seq_meas"":""True"",""seq_ops"":""True"",""swapLRC"":""False""}",
        64,         1,         0,    7.89,bposd,6d1ddacfb3af8946e01e6fa1f4a73feb1ff89b1e055e733a9f2c9e62f953590b,"{""A"":""x0y0+x1y0"",""B"":""x0y0+x0y1+x3y2"",""b"":""X"",""d"":7,""excl_opp_detectors"":""True"",""k"":4,""l"":8,""leak_heralds"":""False"",""leak_repump"":""True"",""leakage"":""True"",""loss"":""True"",""m"":3,""n"":48,""noise"":""rl_helios"",""p"":0.001,""prllel_1q"":16,""prllel_2q"":4,""r"":20,""repump_cycles"":3,""seq_meas"":""True"",""seq_ops"":""True"",""swapLRC"":""False""}",
       120,         3,         0,    17.7,bposd,d6466f1f2401ef78211b48d2724c0f28b872cf57bdff80ba7079cbc781acfd49,"{""A"":""x0y0+x1y0"",""B"":""x0y0+x0y1+x3y2"",""b"":""X"",""d"":7,""excl_opp_detectors"":""True"",""k"":4,""l"":8,""leak_heralds"":""False"",""leak_repump"":""True"",""leakage"":""True"",""loss"":""True"",""m"":3,""n"":48,""noise"":""rl_helios"",""p"":0.002,""prllel_1q"":16,""prllel_2q"":4,""r"":20,""repump_cycles"":3,""seq_meas"":""True"",""seq_ops"":""True"",""swapLRC"":""False""}",
        64,         0,         0,    3.32,bposd,fc034e74c25f52c7dca5bec3ced3fbedd720fbeb24afc199749aab9c2019f874,"{""A"":""x2y0+x8y1"",""B"":""x0y1+x4y1+x14y1"",""b"":""X"",""d"":8,""excl_opp_detectors"":""True"",""k"":4,""l"":15,""leak_heralds"":""False"",""leak_repump"":""True"",""leakage"":""True"",""loss"":""True"",""m"":2,""n"":60,""noise"":""rl_helios"",""p"":0.001,""prllel_1q"":16,""prllel_2q"":4,""r"":20,""repump_cycles"":3,""seq_meas"":""True"",""seq_ops"":""True"",""swapLRC"":""False""}",
       512,         1,         0,    17.3,bposd,6d1ddacfb3af8946e01e6fa1f4a73feb1ff89b1e055e733a9f2c9e62f953590b,"{""A"":""x0y0+x1y0"",""B"":""x0y0+x0y1+x3y2"",""b"":""X"",""d"":7,""excl_opp_detectors"":""True"",""k"":4,""l"":8,""leak_heralds"":""False"",""leak_repump"":""True"",""leakage"":""True"",""loss"":""True"",""m"":3,""n"":48,""noise"":""rl_helios"",""p"":0.001,""prllel_1q"":16,""prllel_2q"":4,""r"":20,""repump_cycles"":3,""seq_meas"":""True"",""seq_ops"":""True"",""swapLRC"":""False""}",
        32,         1,         0,    1.59,bposd,6d1ddacfb3af8946e01e6fa1f4a73feb1ff89b1e055e733a9f2c9e62f953590b,"{""A"":""x0y0+x1y0"",""B"":""x0y0+x0y1+x3y2"",""b"":""X"",""d"":7,""excl_opp_detectors"":""True"",""k"":4,""l"":8,""leak_heralds"":""False"",""leak_repump"":""True"",""leakage"":""True"",""loss"":""True"",""m"":3,""n"":48,""noise"":""rl_helios"",""p"":0.001,""prllel_1q"":16,""prllel_2q"":4,""r"":20,""repump_cycles"":3,""seq_meas"":""True"",""seq_ops"":""True"",""swapLRC"":""False""}",
         8,         0,         0,    5.47,bposd,d2e31a876ff9ab44086a0403902670ab7f3daf025f64a4ada3171d61ce3ff2f5,"{""A"":""x2y0+x8y1"",""B"":""x0y1+x4y1+x14y1"",""b"":""X"",""d"":8,""excl_opp_detectors"":""True"",""k"":4,""l"":15,""leak_heralds"":""False"",""leak_repump"":""True"",""leakage"":""True"",""loss"":""True"",""m"":2,""n"":60,""noise"":""rl_helios"",""p"":0.002,""prllel_1q"":16,""prllel_2q"":4,""r"":20,""repump_cycles"":3,""seq_meas"":""True"",""seq_ops"":""True"",""swapLRC"":""False""}",
        64,         0,         0,    5.34,bposd,d6466f1f2401ef78211b48d2724c0f28b872cf57bdff80ba7079cbc781acfd49,"{""A"":""x0y0+x1y0"",""B"":""x0y0+x0y1+x3y2"",""b"":""X"",""d"":7,""excl_opp_detectors"":""True"",""k"":4,""l"":8,""leak_heralds"":""False"",""leak_repump"":""True"",""leakage"":""True"",""loss"":""True"",""m"":3,""n"":48,""noise"":""rl_helios"",""p"":0.002,""prllel_1q"":16,""prllel_2q"":4,""r"":20,""repump_cycles"":3,""seq_meas"":""True"",""seq_ops"":""True"",""swapLRC"":""False""}",
        64,         0,         0,    11.3,bposd,d2e31a876ff9ab44086a0403902670ab7f3daf025f64a4ada3171d61ce3ff2f5,"{""A"":""x2y0+x8y1"",""B"":""x0y1+x4y1+x14y1"",""b"":""X"",""d"":8,""excl_opp_detectors"":""True"",""k"":4,""l"":15,""leak_heralds"":""False"",""leak_repump"":""True"",""leakage"":""True"",""loss"":""True"",""m"":2,""n"":60,""noise"":""rl_helios"",""p"":0.002,""prllel_1q"":16,""prllel_2q"":4,""r"":20,""repump_cycles"":3,""seq_meas"":""True"",""seq_ops"":""True"",""swapLRC"":""False""}",
       544,         1,         0,    20.9,bposd,fc034e74c25f52c7dca5bec3ced3fbedd720fbeb24afc199749aab9c2019f874,"{""A"":""x2y0+x8y1"",""B"":""x0y1+x4y1+x14y1"",""b"":""X"",""d"":8,""excl_opp_detectors"":""True"",""k"":4,""l"":15,""leak_heralds"":""False"",""leak_repump"":""True"",""leakage"":""True"",""loss"":""True"",""m"":2,""n"":60,""noise"":""rl_helios"",""p"":0.001,""prllel_1q"":16,""prllel_2q"":4,""r"":20,""repump_cycles"":3,""seq_meas"":""True"",""seq_ops"":""True"",""swapLRC"":""False""}",
       128,         0,         0,    6.58,bposd,fc034e74c25f52c7dca5bec3ced3fbedd720fbeb24afc199749aab9c2019f874,"{""A"":""x2y0+x8y1"",""B"":""x0y1+x4y1+x14y1"",""b"":""X"",""d"":8,""excl_opp_detectors"":""True"",""k"":4,""l"":15,""leak_heralds"":""False"",""leak_repump"":""True"",""leakage"":""True"",""loss"":""True"",""m"":2,""n"":60,""noise"":""rl_helios"",""p"":0.001,""prllel_1q"":16,""prllel_2q"":4,""r"":20,""repump_cycles"":3,""seq_meas"":""True"",""seq_ops"":""True"",""swapLRC"":""False""}",
       256,         0,         0,    5.11,bposd,6d1ddacfb3af8946e01e6fa1f4a73feb1ff89b1e055e733a9f2c9e62f953590b,"{""A"":""x0y0+x1y0"",""B"":""x0y0+x0y1+x3y2"",""b"":""X"",""d"":7,""excl_opp_detectors"":""True"",""k"":4,""l"":8,""leak_heralds"":""False"",""leak_repump"":""True"",""leakage"":""True"",""loss"":""True"",""m"":3,""n"":48,""noise"":""rl_helios"",""p"":0.001,""prllel_1q"":16,""prllel_2q"":4,""r"":20,""repump_cycles"":3,""seq_meas"":""True"",""seq_ops"":""True"",""swapLRC"":""False""}",
         4,         0,         0,   0.835,bposd,d2e31a876ff9ab44086a0403902670ab7f3daf025f64a4ada3171d61ce3ff2f5,"{""A"":""x2y0+x8y1"",""B"":""x0y1+x4y1+x14y1"",""b"":""X"",""d"":8,""excl_opp_detectors"":""True"",""k"":4,""l"":15,""leak_heralds"":""False"",""leak_repump"":""True"",""leakage"":""True"",""loss"":""True"",""m"":2,""n"":60,""noise"":""rl_helios"",""p"":0.002,""prllel_1q"":16,""prllel_2q"":4,""r"":20,""repump_cycles"":3,""seq_meas"":""True"",""seq_ops"":""True"",""swapLRC"":""False""}",
        64,         0,         0,   0.248,bposd,fc034e74c25f52c7dca5bec3ced3fbedd720fbeb24afc199749aab9c2019f874,"{""A"":""x2y0+x8y1"",""B"":""x0y1+x4y1+x14y1"",""b"":""X"",""d"":8,""excl_opp_detectors"":""True"",""k"":4,""l"":15,""leak_heralds"":""False"",""leak_repump"":""True"",""leakage"":""True"",""loss"":""True"",""m"":2,""n"":60,""noise"":""rl_helios"",""p"":0.001,""prllel_1q"":16,""prllel_2q"":4,""r"":20,""repump_cycles"":3,""seq_meas"":""True"",""seq_ops"":""True"",""swapLRC"":""False""}",
       368,         1,         0,    16.8,bposd,fc034e74c25f52c7dca5bec3ced3fbedd720fbeb24afc199749aab9c2019f874,"{""A"":""x2y0+x8y1"",""B"":""x0y1+x4y1+x14y1"",""b"":""X"",""d"":8,""excl_opp_detectors"":""True"",""k"":4,""l"":15,""leak_heralds"":""False"",""leak_repump"":""True"",""leakage"":""True"",""loss"":""True"",""m"":2,""n"":60,""noise"":""rl_helios"",""p"":0.001,""prllel_1q"":16,""prllel_2q"":4,""r"":20,""repump_cycles"":3,""seq_meas"":""True"",""seq_ops"":""True"",""swapLRC"":""False""}",
       240,         0,         0,    10.3,bposd,fc034e74c25f52c7dca5bec3ced3fbedd720fbeb24afc199749aab9c2019f874,"{""A"":""x2y0+x8y1"",""B"":""x0y1+x4y1+x14y1"",""b"":""X"",""d"":8,""excl_opp_detectors"":""True"",""k"":4,""l"":15,""leak_heralds"":""False"",""leak_repump"":""True"",""leakage"":""True"",""loss"":""True"",""m"":2,""n"":60,""noise"":""rl_helios"",""p"":0.001,""prllel_1q"":16,""prllel_2q"":4,""r"":20,""repump_cycles"":3,""seq_meas"":""True"",""seq_ops"":""True"",""swapLRC"":""False""}",
       508,         1,         0,    15.9,bposd,6d1ddacfb3af8946e01e6fa1f4a73feb1ff89b1e055e733a9f2c9e62f953590b,"{""A"":""x0y0+x1y0"",""B"":""x0y0+x0y1+x3y2"",""b"":""X"",""d"":7,""excl_opp_detectors"":""True"",""k"":4,""l"":8,""leak_heralds"":""False"",""leak_repump"":""True"",""leakage"":""True"",""loss"":""True"",""m"":3,""n"":48,""noise"":""rl_helios"",""p"":0.001,""prllel_1q"":16,""prllel_2q"":4,""r"":20,""repump_cycles"":3,""seq_meas"":""True"",""seq_ops"":""True"",""swapLRC"":""False""}",
        32,         0,         0,    1.87,bposd,d6466f1f2401ef78211b48d2724c0f28b872cf57bdff80ba7079cbc781acfd49,"{""A"":""x0y0+x1y0"",""B"":""x0y0+x0y1+x3y2"",""b"":""X"",""d"":7,""excl_opp_detectors"":""True"",""k"":4,""l"":8,""leak_heralds"":""False"",""leak_repump"":""True"",""leakage"":""True"",""loss"":""True"",""m"":3,""n"":48,""noise"":""rl_helios"",""p"":0.002,""prllel_1q"":16,""prllel_2q"":4,""r"":20,""repump_cycles"":3,""seq_meas"":""True"",""seq_ops"":""True"",""swapLRC"":""False""}",
        16,         0,         0,   0.078,bposd,d6466f1f2401ef78211b48d2724c0f28b872cf57bdff80ba7079cbc781acfd49,"{""A"":""x0y0+x1y0"",""B"":""x0y0+x0y1+x3y2"",""b"":""X"",""d"":7,""excl_opp_detectors"":""True"",""k"":4,""l"":8,""leak_heralds"":""False"",""leak_repump"":""True"",""leakage"":""True"",""loss"":""True"",""m"":3,""n"":48,""noise"":""rl_helios"",""p"":0.002,""prllel_1q"":16,""prllel_2q"":4,""r"":20,""repump_cycles"":3,""seq_meas"":""True"",""seq_ops"":""True"",""swapLRC"":""False""}",
       128,         2,         0,    25.1,bposd,d6466f1f2401ef78211b48d2724c0f28b872cf57bdff80ba7079cbc781acfd49,"{""A"":""x0y0+x1y0"",""B"":""x0y0+x0y1+x3y2"",""b"":""X"",""d"":7,""excl_opp_detectors"":""True"",""k"":4,""l"":8,""leak_heralds"":""False"",""leak_repump"":""True"",""leakage"":""True"",""loss"":""True"",""m"":3,""n"":48,""noise"":""rl_helios"",""p"":0.002,""prllel_1q"":16,""prllel_2q"":4,""r"":20,""repump_cycles"":3,""seq_meas"":""True"",""seq_ops"":""True"",""swapLRC"":""False""}",
       856,         1,         0,    17.0,bposd,6d1ddacfb3af8946e01e6fa1f4a73feb1ff89b1e055e733a9f2c9e62f953590b,"{""A"":""x0y0+x1y0"",""B"":""x0y0+x0y1+x3y2"",""b"":""X"",""d"":7,""excl_opp_detectors"":""True"",""k"":4,""l"":8,""leak_heralds"":""False"",""leak_repump"":""True"",""leakage"":""True"",""loss"":""True"",""m"":3,""n"":48,""noise"":""rl_helios"",""p"":0.001,""prllel_1q"":16,""prllel_2q"":4,""r"":20,""repump_cycles"":3,""seq_meas"":""True"",""seq_ops"":""True"",""swapLRC"":""False""}",
        32,         0,         0,    5.14,bposd,d2e31a876ff9ab44086a0403902670ab7f3daf025f64a4ada3171d61ce3ff2f5,"{""A"":""x2y0+x8y1"",""B"":""x0y1+x4y1+x14y1"",""b"":""X"",""d"":8,""excl_opp_detectors"":""True"",""k"":4,""l"":15,""leak_heralds"":""False"",""leak_repump"":""True"",""leakage"":""True"",""loss"":""True"",""m"":2,""n"":60,""noise"":""rl_helios"",""p"":0.002,""prllel_1q"":16,""prllel_2q"":4,""r"":20,""repump_cycles"":3,""seq_meas"":""True"",""seq_ops"":""True"",""swapLRC"":""False""}",
       136,         1,         0,    19.6,bposd,d6466f1f2401ef78211b48d2724c0f28b872cf57bdff80ba7079cbc781acfd49,"{""A"":""x0y0+x1y0"",""B"":""x0y0+x0y1+x3y2"",""b"":""X"",""d"":7,""excl_opp_detectors"":""True"",""k"":4,""l"":8,""leak_heralds"":""False"",""leak_repump"":""True"",""leakage"":""True"",""loss"":""True"",""m"":3,""n"":48,""noise"":""rl_helios"",""p"":0.002,""prllel_1q"":16,""prllel_2q"":4,""r"":20,""repump_cycles"":3,""seq_meas"":""True"",""seq_ops"":""True"",""swapLRC"":""False""}",
        92,         0,         0,    6.33,bposd,d6466f1f2401ef78211b48d2724c0f28b872cf57bdff80ba7079cbc781acfd49,"{""A"":""x0y0+x1y0"",""B"":""x0y0+x0y1+x3y2"",""b"":""X"",""d"":7,""excl_opp_detectors"":""True"",""k"":4,""l"":8,""leak_heralds"":""False"",""leak_repump"":""True"",""leakage"":""True"",""loss"":""True"",""m"":3,""n"":48,""noise"":""rl_helios"",""p"":0.002,""prllel_1q"":16,""prllel_2q"":4,""r"":20,""repump_cycles"":3,""seq_meas"":""True"",""seq_ops"":""True"",""swapLRC"":""False""}",
       128,         0,         0,    3.23,bposd,6d1ddacfb3af8946e01e6fa1f4a73feb1ff89b1e055e733a9f2c9e62f953590b,"{""A"":""x0y0+x1y0"",""B"":""x0y0+x0y1+x3y2"",""b"":""X"",""d"":7,""excl_opp_detectors"":""True"",""k"":4,""l"":8,""leak_heralds"":""False"",""leak_repump"":""True"",""leakage"":""True"",""loss"":""True"",""m"":3,""n"":48,""noise"":""rl_helios"",""p"":0.001,""prllel_1q"":16,""prllel_2q"":4,""r"":20,""repump_cycles"":3,""seq_meas"":""True"",""seq_ops"":""True"",""swapLRC"":""False""}",
        64,         1,         0,    9.19,bposd,d2e31a876ff9ab44086a0403902670ab7f3daf025f64a4ada3171d61ce3ff2f5,"{""A"":""x2y0+x8y1"",""B"":""x0y1+x4y1+x14y1"",""b"":""X"",""d"":8,""excl_opp_detectors"":""True"",""k"":4,""l"":15,""leak_heralds"":""False"",""leak_repump"":""True"",""leakage"":""True"",""loss"":""True"",""m"":2,""n"":60,""noise"":""rl_helios"",""p"":0.002,""prllel_1q"":16,""prllel_2q"":4,""r"":20,""repump_cycles"":3,""seq_meas"":""True"",""seq_ops"":""True"",""swapLRC"":""False""}",
       288,         1,         0,    4.88,bposd,6d1ddacfb3af8946e01e6fa1f4a73feb1ff89b1e055e733a9f2c9e62f953590b,"{""A"":""x0y0+x1y0"",""B"":""x0y0+x0y1+x3y2"",""b"":""X"",""d"":7,""excl_opp_detectors"":""True"",""k"":4,""l"":8,""leak_heralds"":""False"",""leak_repump"":""True"",""leakage"":""True"",""loss"":""True"",""m"":3,""n"":48,""noise"":""rl_helios"",""p"":0.001,""prllel_1q"":16,""prllel_2q"":4,""r"":20,""repump_cycles"":3,""seq_meas"":""True"",""seq_ops"":""True"",""swapLRC"":""False""}",
       272,         0,         0,    7.38,bposd,6d1ddacfb3af8946e01e6fa1f4a73feb1ff89b1e055e733a9f2c9e62f953590b,"{""A"":""x0y0+x1y0"",""B"":""x0y0+x0y1+x3y2"",""b"":""X"",""d"":7,""excl_opp_detectors"":""True"",""k"":4,""l"":8,""leak_heralds"":""False"",""leak_repump"":""True"",""leakage"":""True"",""loss"":""True"",""m"":3,""n"":48,""noise"":""rl_helios"",""p"":0.001,""prllel_1q"":16,""prllel_2q"":4,""r"":20,""repump_cycles"":3,""seq_meas"":""True"",""seq_ops"":""True"",""swapLRC"":""False""}",
       432,         0,         0,    13.4,bposd,6d1ddacfb3af8946e01e6fa1f4a73feb1ff89b1e055e733a9f2c9e62f953590b,"{""A"":""x0y0+x1y0"",""B"":""x0y0+x0y1+x3y2"",""b"":""X"",""d"":7,""excl_opp_detectors"":""True"",""k"":4,""l"":8,""leak_heralds"":""False"",""leak_repump"":""True"",""leakage"":""True"",""loss"":""True"",""m"":3,""n"":48,""noise"":""rl_helios"",""p"":0.001,""prllel_1q"":16,""prllel_2q"":4,""r"":20,""repump_cycles"":3,""seq_meas"":""True"",""seq_ops"":""True"",""swapLRC"":""False""}",
        64,         2,         0,    10.1,bposd,d2e31a876ff9ab44086a0403902670ab7f3daf025f64a4ada3171d61ce3ff2f5,"{""A"":""x2y0+x8y1"",""B"":""x0y1+x4y1+x14y1"",""b"":""X"",""d"":8,""excl_opp_detectors"":""True"",""k"":4,""l"":15,""leak_heralds"":""False"",""leak_repump"":""True"",""leakage"":""True"",""loss"":""True"",""m"":2,""n"":60,""noise"":""rl_helios"",""p"":0.002,""prllel_1q"":16,""prllel_2q"":4,""r"":20,""repump_cycles"":3,""seq_meas"":""True"",""seq_ops"":""True"",""swapLRC"":""False""}",
        32,         2,         0,    4.49,bposd,d2e31a876ff9ab44086a0403902670ab7f3daf025f64a4ada3171d61ce3ff2f5,"{""A"":""x2y0+x8y1"",""B"":""x0y1+x4y1+x14y1"",""b"":""X"",""d"":8,""excl_opp_detectors"":""True"",""k"":4,""l"":15,""leak_heralds"":""False"",""leak_repump"":""True"",""leakage"":""True"",""loss"":""True"",""m"":2,""n"":60,""noise"":""rl_helios"",""p"":0.002,""prllel_1q"":16,""prllel_2q"":4,""r"":20,""repump_cycles"":3,""seq_meas"":""True"",""seq_ops"":""True"",""swapLRC"":""False""}",
       160,         0,         0,    6.97,bposd,fc034e74c25f52c7dca5bec3ced3fbedd720fbeb24afc199749aab9c2019f874,"{""A"":""x2y0+x8y1"",""B"":""x0y1+x4y1+x14y1"",""b"":""X"",""d"":8,""excl_opp_detectors"":""True"",""k"":4,""l"":15,""leak_heralds"":""False"",""leak_repump"":""True"",""leakage"":""True"",""loss"":""True"",""m"":2,""n"":60,""noise"":""rl_helios"",""p"":0.001,""prllel_1q"":16,""prllel_2q"":4,""r"":20,""repump_cycles"":3,""seq_meas"":""True"",""seq_ops"":""True"",""swapLRC"":""False""}",
       148,         3,         0,    16.4,bposd,d6466f1f2401ef78211b48d2724c0f28b872cf57bdff80ba7079cbc781acfd49,"{""A"":""x0y0+x1y0"",""B"":""x0y0+x0y1+x3y2"",""b"":""X"",""d"":7,""excl_opp_detectors"":""True"",""k"":4,""l"":8,""leak_heralds"":""False"",""leak_repump"":""True"",""leakage"":""True"",""loss"":""True"",""m"":3,""n"":48,""noise"":""rl_helios"",""p"":0.002,""prllel_1q"":16,""prllel_2q"":4,""r"":20,""repump_cycles"":3,""seq_meas"":""True"",""seq_ops"":""True"",""swapLRC"":""False""}",
       128,         0,         0,    5.16,bposd,fc034e74c25f52c7dca5bec3ced3fbedd720fbeb24afc199749aab9c2019f874,"{""A"":""x2y0+x8y1"",""B"":""x0y1+x4y1+x14y1"",""b"":""X"",""d"":8,""excl_opp_detectors"":""True"",""k"":4,""l"":15,""leak_heralds"":""False"",""leak_repump"":""True"",""leakage"":""True"",""loss"":""True"",""m"":2,""n"":60,""noise"":""rl_helios"",""p"":0.001,""prllel_1q"":16,""prllel_2q"":4,""r"":20,""repump_cycles"":3,""seq_meas"":""True"",""seq_ops"":""True"",""swapLRC"":""False""}",
        64,         0,         0,   0.949,bposd,fc034e74c25f52c7dca5bec3ced3fbedd720fbeb24afc199749aab9c2019f874,"{""A"":""x2y0+x8y1"",""B"":""x0y1+x4y1+x14y1"",""b"":""X"",""d"":8,""excl_opp_detectors"":""True"",""k"":4,""l"":15,""leak_heralds"":""False"",""leak_repump"":""True"",""leakage"":""True"",""loss"":""True"",""m"":2,""n"":60,""noise"":""rl_helios"",""p"":0.001,""prllel_1q"":16,""prllel_2q"":4,""r"":20,""repump_cycles"":3,""seq_meas"":""True"",""seq_ops"":""True"",""swapLRC"":""False""}",
        32,         0,         0,    3.36,bposd,d2e31a876ff9ab44086a0403902670ab7f3daf025f64a4ada3171d61ce3ff2f5,"{""A"":""x2y0+x8y1"",""B"":""x0y1+x4y1+x14y1"",""b"":""X"",""d"":8,""excl_opp_detectors"":""True"",""k"":4,""l"":15,""leak_heralds"":""False"",""leak_repump"":""True"",""leakage"":""True"",""loss"":""True"",""m"":2,""n"":60,""noise"":""rl_helios"",""p"":0.002,""prllel_1q"":16,""prllel_2q"":4,""r"":20,""repump_cycles"":3,""seq_meas"":""True"",""seq_ops"":""True"",""swapLRC"":""False""}",
        64,         0,         0,    5.62,bposd,d6466f1f2401ef78211b48d2724c0f28b872cf57bdff80ba7079cbc781acfd49,"{""A"":""x0y0+x1y0"",""B"":""x0y0+x0y1+x3y2"",""b"":""X"",""d"":7,""excl_opp_detectors"":""True"",""k"":4,""l"":8,""leak_heralds"":""False"",""leak_repump"":""True"",""leakage"":""True"",""loss"":""True"",""m"":3,""n"":48,""noise"":""rl_helios"",""p"":0.002,""prllel_1q"":16,""prllel_2q"":4,""r"":20,""repump_cycles"":3,""seq_meas"":""True"",""seq_ops"":""True"",""swapLRC"":""False""}",
       544,         1,         0,    15.7,bposd,fc034e74c25f52c7dca5bec3ced3fbedd720fbeb24afc199749aab9c2019f874,"{""A"":""x2y0+x8y1"",""B"":""x0y1+x4y1+x14y1"",""b"":""X"",""d"":8,""excl_opp_detectors"":""True"",""k"":4,""l"":15,""leak_heralds"":""False"",""leak_repump"":""True"",""leakage"":""True"",""loss"":""True"",""m"":2,""n"":60,""noise"":""rl_helios"",""p"":0.001,""prllel_1q"":16,""prllel_2q"":4,""r"":20,""repump_cycles"":3,""seq_meas"":""True"",""seq_ops"":""True"",""swapLRC"":""False""}",
        68,         2,         0,    7.45,bposd,d2e31a876ff9ab44086a0403902670ab7f3daf025f64a4ada3171d61ce3ff2f5,"{""A"":""x2y0+x8y1"",""B"":""x0y1+x4y1+x14y1"",""b"":""X"",""d"":8,""excl_opp_detectors"":""True"",""k"":4,""l"":15,""leak_heralds"":""False"",""leak_repump"":""True"",""leakage"":""True"",""loss"":""True"",""m"":2,""n"":60,""noise"":""rl_helios"",""p"":0.002,""prllel_1q"":16,""prllel_2q"":4,""r"":20,""repump_cycles"":3,""seq_meas"":""True"",""seq_ops"":""True"",""swapLRC"":""False""}",
        16,         0,         0,    1.50,bposd,d2e31a876ff9ab44086a0403902670ab7f3daf025f64a4ada3171d61ce3ff2f5,"{""A"":""x2y0+x8y1"",""B"":""x0y1+x4y1+x14y1"",""b"":""X"",""d"":8,""excl_opp_detectors"":""True"",""k"":4,""l"":15,""leak_heralds"":""False"",""leak_repump"":""True"",""leakage"":""True"",""loss"":""True"",""m"":2,""n"":60,""noise"":""rl_helios"",""p"":0.002,""prllel_1q"":16,""prllel_2q"":4,""r"":20,""repump_cycles"":3,""seq_meas"":""True"",""seq_ops"":""True"",""swapLRC"":""False""}",
       103,         1,         0,    15.2,bposd,d2e31a876ff9ab44086a0403902670ab7f3daf025f64a4ada3171d61ce3ff2f5,"{""A"":""x2y0+x8y1"",""B"":""x0y1+x4y1+x14y1"",""b"":""X"",""d"":8,""excl_opp_detectors"":""True"",""k"":4,""l"":15,""leak_heralds"":""False"",""leak_repump"":""True"",""leakage"":""True"",""loss"":""True"",""m"":2,""n"":60,""noise"":""rl_helios"",""p"":0.002,""prllel_1q"":16,""prllel_2q"":4,""r"":20,""repump_cycles"":3,""seq_meas"":""True"",""seq_ops"":""True"",""swapLRC"":""False""}",
       288,         0,         0,    13.0,bposd,fc034e74c25f52c7dca5bec3ced3fbedd720fbeb24afc199749aab9c2019f874,"{""A"":""x2y0+x8y1"",""B"":""x0y1+x4y1+x14y1"",""b"":""X"",""d"":8,""excl_opp_detectors"":""True"",""k"":4,""l"":15,""leak_heralds"":""False"",""leak_repump"":""True"",""leakage"":""True"",""loss"":""True"",""m"":2,""n"":60,""noise"":""rl_helios"",""p"":0.001,""prllel_1q"":16,""prllel_2q"":4,""r"":20,""repump_cycles"":3,""seq_meas"":""True"",""seq_ops"":""True"",""swapLRC"":""False""}",
       192,         0,         0,    4.55,bposd,6d1ddacfb3af8946e01e6fa1f4a73feb1ff89b1e055e733a9f2c9e62f953590b,"{""A"":""x0y0+x1y0"",""B"":""x0y0+x0y1+x3y2"",""b"":""X"",""d"":7,""excl_opp_detectors"":""True"",""k"":4,""l"":8,""leak_heralds"":""False"",""leak_repump"":""True"",""leakage"":""True"",""loss"":""True"",""m"":3,""n"":48,""noise"":""rl_helios"",""p"":0.001,""prllel_1q"":16,""prllel_2q"":4,""r"":20,""repump_cycles"":3,""seq_meas"":""True"",""seq_ops"":""True"",""swapLRC"":""False""}",
        24,         0,         0,    5.05,bposd,d2e31a876ff9ab44086a0403902670ab7f3daf025f64a4ada3171d61ce3ff2f5,"{""A"":""x2y0+x8y1"",""B"":""x0y1+x4y1+x14y1"",""b"":""X"",""d"":8,""excl_opp_detectors"":""True"",""k"":4,""l"":15,""leak_heralds"":""False"",""leak_repump"":""True"",""leakage"":""True"",""loss"":""True"",""m"":2,""n"":60,""noise"":""rl_helios"",""p"":0.002,""prllel_1q"":16,""prllel_2q"":4,""r"":20,""repump_cycles"":3,""seq_meas"":""True"",""seq_ops"":""True"",""swapLRC"":""False""}",
        64,         3,         0,    7.53,bposd,d6466f1f2401ef78211b48d2724c0f28b872cf57bdff80ba7079cbc781acfd49,"{""A"":""x0y0+x1y0"",""B"":""x0y0+x0y1+x3y2"",""b"":""X"",""d"":7,""excl_opp_detectors"":""True"",""k"":4,""l"":8,""leak_heralds"":""False"",""leak_repump"":""True"",""leakage"":""True"",""loss"":""True"",""m"":3,""n"":48,""noise"":""rl_helios"",""p"":0.002,""prllel_1q"":16,""prllel_2q"":4,""r"":20,""repump_cycles"":3,""seq_meas"":""True"",""seq_ops"":""True"",""swapLRC"":""False""}",
       256,         0,         0,    9.71,bposd,fc034e74c25f52c7dca5bec3ced3fbedd720fbeb24afc199749aab9c2019f874,"{""A"":""x2y0+x8y1"",""B"":""x0y1+x4y1+x14y1"",""b"":""X"",""d"":8,""excl_opp_detectors"":""True"",""k"":4,""l"":15,""leak_heralds"":""False"",""leak_repump"":""True"",""leakage"":""True"",""loss"":""True"",""m"":2,""n"":60,""noise"":""rl_helios"",""p"":0.001,""prllel_1q"":16,""prllel_2q"":4,""r"":20,""repump_cycles"":3,""seq_meas"":""True"",""seq_ops"":""True"",""swapLRC"":""False""}",
       116,         0,         0,    18.6,bposd,d2e31a876ff9ab44086a0403902670ab7f3daf025f64a4ada3171d61ce3ff2f5,"{""A"":""x2y0+x8y1"",""B"":""x0y1+x4y1+x14y1"",""b"":""X"",""d"":8,""excl_opp_detectors"":""True"",""k"":4,""l"":15,""leak_heralds"":""False"",""leak_repump"":""True"",""leakage"":""True"",""loss"":""True"",""m"":2,""n"":60,""noise"":""rl_helios"",""p"":0.002,""prllel_1q"":16,""prllel_2q"":4,""r"":20,""repump_cycles"":3,""seq_meas"":""True"",""seq_ops"":""True"",""swapLRC"":""False""}",
         8,         0,         0,    1.76,bposd,d2e31a876ff9ab44086a0403902670ab7f3daf025f64a4ada3171d61ce3ff2f5,"{""A"":""x2y0+x8y1"",""B"":""x0y1+x4y1+x14y1"",""b"":""X"",""d"":8,""excl_opp_detectors"":""True"",""k"":4,""l"":15,""leak_heralds"":""False"",""leak_repump"":""True"",""leakage"":""True"",""loss"":""True"",""m"":2,""n"":60,""noise"":""rl_helios"",""p"":0.002,""prllel_1q"":16,""prllel_2q"":4,""r"":20,""repump_cycles"":3,""seq_meas"":""True"",""seq_ops"":""True"",""swapLRC"":""False""}",
       128,         0,         0,    1.99,bposd,fc034e74c25f52c7dca5bec3ced3fbedd720fbeb24afc199749aab9c2019f874,"{""A"":""x2y0+x8y1"",""B"":""x0y1+x4y1+x14y1"",""b"":""X"",""d"":8,""excl_opp_detectors"":""True"",""k"":4,""l"":15,""leak_heralds"":""False"",""leak_repump"":""True"",""leakage"":""True"",""loss"":""True"",""m"":2,""n"":60,""noise"":""rl_helios"",""p"":0.001,""prllel_1q"":16,""prllel_2q"":4,""r"":20,""repump_cycles"":3,""seq_meas"":""True"",""seq_ops"":""True"",""swapLRC"":""False""}",
        64,         1,         0,    8.95,bposd,d6466f1f2401ef78211b48d2724c0f28b872cf57bdff80ba7079cbc781acfd49,"{""A"":""x0y0+x1y0"",""B"":""x0y0+x0y1+x3y2"",""b"":""X"",""d"":7,""excl_opp_detectors"":""True"",""k"":4,""l"":8,""leak_heralds"":""False"",""leak_repump"":""True"",""leakage"":""True"",""loss"":""True"",""m"":3,""n"":48,""noise"":""rl_helios"",""p"":0.002,""prllel_1q"":16,""prllel_2q"":4,""r"":20,""repump_cycles"":3,""seq_meas"":""True"",""seq_ops"":""True"",""swapLRC"":""False""}",
       128,         1,         0,    17.2,bposd,d6466f1f2401ef78211b48d2724c0f28b872cf57bdff80ba7079cbc781acfd49,"{""A"":""x0y0+x1y0"",""B"":""x0y0+x0y1+x3y2"",""b"":""X"",""d"":7,""excl_opp_detectors"":""True"",""k"":4,""l"":8,""leak_heralds"":""False"",""leak_repump"":""True"",""leakage"":""True"",""loss"":""True"",""m"":3,""n"":48,""noise"":""rl_helios"",""p"":0.002,""prllel_1q"":16,""prllel_2q"":4,""r"":20,""repump_cycles"":3,""seq_meas"":""True"",""seq_ops"":""True"",""swapLRC"":""False""}",
        32,         0,         0,    4.07,bposd,d2e31a876ff9ab44086a0403902670ab7f3daf025f64a4ada3171d61ce3ff2f5,"{""A"":""x2y0+x8y1"",""B"":""x0y1+x4y1+x14y1"",""b"":""X"",""d"":8,""excl_opp_detectors"":""True"",""k"":4,""l"":15,""leak_heralds"":""False"",""leak_repump"":""True"",""leakage"":""True"",""loss"":""True"",""m"":2,""n"":60,""noise"":""rl_helios"",""p"":0.002,""prllel_1q"":16,""prllel_2q"":4,""r"":20,""repump_cycles"":3,""seq_meas"":""True"",""seq_ops"":""True"",""swapLRC"":""False""}",
        64,         1,         0,    8.48,bposd,d2e31a876ff9ab44086a0403902670ab7f3daf025f64a4ada3171d61ce3ff2f5,"{""A"":""x2y0+x8y1"",""B"":""x0y1+x4y1+x14y1"",""b"":""X"",""d"":8,""excl_opp_detectors"":""True"",""k"":4,""l"":15,""leak_heralds"":""False"",""leak_repump"":""True"",""leakage"":""True"",""loss"":""True"",""m"":2,""n"":60,""noise"":""rl_helios"",""p"":0.002,""prllel_1q"":16,""prllel_2q"":4,""r"":20,""repump_cycles"":3,""seq_meas"":""True"",""seq_ops"":""True"",""swapLRC"":""False""}",
        64,         0,         0,    2.78,bposd,fc034e74c25f52c7dca5bec3ced3fbedd720fbeb24afc199749aab9c2019f874,"{""A"":""x2y0+x8y1"",""B"":""x0y1+x4y1+x14y1"",""b"":""X"",""d"":8,""excl_opp_detectors"":""True"",""k"":4,""l"":15,""leak_heralds"":""False"",""leak_repump"":""True"",""leakage"":""True"",""loss"":""True"",""m"":2,""n"":60,""noise"":""rl_helios"",""p"":0.001,""prllel_1q"":16,""prllel_2q"":4,""r"":20,""repump_cycles"":3,""seq_meas"":""True"",""seq_ops"":""True"",""swapLRC"":""False""}",
        16,         0,         0,    1.67,bposd,d2e31a876ff9ab44086a0403902670ab7f3daf025f64a4ada3171d61ce3ff2f5,"{""A"":""x2y0+x8y1"",""B"":""x0y1+x4y1+x14y1"",""b"":""X"",""d"":8,""excl_opp_detectors"":""True"",""k"":4,""l"":15,""leak_heralds"":""False"",""leak_repump"":""True"",""leakage"":""True"",""loss"":""True"",""m"":2,""n"":60,""noise"":""rl_helios"",""p"":0.002,""prllel_1q"":16,""prllel_2q"":4,""r"":20,""repump_cycles"":3,""seq_meas"":""True"",""seq_ops"":""True"",""swapLRC"":""False""}",
       704,         3,         0,    10.5,bposd,6d1ddacfb3af8946e01e6fa1f4a73feb1ff89b1e055e733a9f2c9e62f953590b,"{""A"":""x0y0+x1y0"",""B"":""x0y0+x0y1+x3y2"",""b"":""X"",""d"":7,""excl_opp_detectors"":""True"",""k"":4,""l"":8,""leak_heralds"":""False"",""leak_repump"":""True"",""leakage"":""True"",""loss"":""True"",""m"":3,""n"":48,""noise"":""rl_helios"",""p"":0.001,""prllel_1q"":16,""prllel_2q"":4,""r"":20,""repump_cycles"":3,""seq_meas"":""True"",""seq_ops"":""True"",""swapLRC"":""False""}",
         8,         0,         0,   0.935,bposd,d2e31a876ff9ab44086a0403902670ab7f3daf025f64a4ada3171d61ce3ff2f5,"{""A"":""x2y0+x8y1"",""B"":""x0y1+x4y1+x14y1"",""b"":""X"",""d"":8,""excl_opp_detectors"":""True"",""k"":4,""l"":15,""leak_heralds"":""False"",""leak_repump"":""True"",""leakage"":""True"",""loss"":""True"",""m"":2,""n"":60,""noise"":""rl_helios"",""p"":0.002,""prllel_1q"":16,""prllel_2q"":4,""r"":20,""repump_cycles"":3,""seq_meas"":""True"",""seq_ops"":""True"",""swapLRC"":""False""}",
       576,         0,         0,    12.0,bposd,6d1ddacfb3af8946e01e6fa1f4a73feb1ff89b1e055e733a9f2c9e62f953590b,"{""A"":""x0y0+x1y0"",""B"":""x0y0+x0y1+x3y2"",""b"":""X"",""d"":7,""excl_opp_detectors"":""True"",""k"":4,""l"":8,""leak_heralds"":""False"",""leak_repump"":""True"",""leakage"":""True"",""loss"":""True"",""m"":3,""n"":48,""noise"":""rl_helios"",""p"":0.001,""prllel_1q"":16,""prllel_2q"":4,""r"":20,""repump_cycles"":3,""seq_meas"":""True"",""seq_ops"":""True"",""swapLRC"":""False""}",
        68,         0,         0,    5.45,bposd,d2e31a876ff9ab44086a0403902670ab7f3daf025f64a4ada3171d61ce3ff2f5,"{""A"":""x2y0+x8y1"",""B"":""x0y1+x4y1+x14y1"",""b"":""X"",""d"":8,""excl_opp_detectors"":""True"",""k"":4,""l"":15,""leak_heralds"":""False"",""leak_repump"":""True"",""leakage"":""True"",""loss"":""True"",""m"":2,""n"":60,""noise"":""rl_helios"",""p"":0.002,""prllel_1q"":16,""prllel_2q"":4,""r"":20,""repump_cycles"":3,""seq_meas"":""True"",""seq_ops"":""True"",""swapLRC"":""False""}",
       384,        10,         0,    44.0,bposd,d6466f1f2401ef78211b48d2724c0f28b872cf57bdff80ba7079cbc781acfd49,"{""A"":""x0y0+x1y0"",""B"":""x0y0+x0y1+x3y2"",""b"":""X"",""d"":7,""excl_opp_detectors"":""True"",""k"":4,""l"":8,""leak_heralds"":""False"",""leak_repump"":""True"",""leakage"":""True"",""loss"":""True"",""m"":3,""n"":48,""noise"":""rl_helios"",""p"":0.002,""prllel_1q"":16,""prllel_2q"":4,""r"":20,""repump_cycles"":3,""seq_meas"":""True"",""seq_ops"":""True"",""swapLRC"":""False""}",
       576,         0,         0,    12.7,bposd,6d1ddacfb3af8946e01e6fa1f4a73feb1ff89b1e055e733a9f2c9e62f953590b,"{""A"":""x0y0+x1y0"",""B"":""x0y0+x0y1+x3y2"",""b"":""X"",""d"":7,""excl_opp_detectors"":""True"",""k"":4,""l"":8,""leak_heralds"":""False"",""leak_repump"":""True"",""leakage"":""True"",""loss"":""True"",""m"":3,""n"":48,""noise"":""rl_helios"",""p"":0.001,""prllel_1q"":16,""prllel_2q"":4,""r"":20,""repump_cycles"":3,""seq_meas"":""True"",""seq_ops"":""True"",""swapLRC"":""False""}",
       128,         1,         0,    7.04,bposd,fc034e74c25f52c7dca5bec3ced3fbedd720fbeb24afc199749aab9c2019f874,"{""A"":""x2y0+x8y1"",""B"":""x0y1+x4y1+x14y1"",""b"":""X"",""d"":8,""excl_opp_detectors"":""True"",""k"":4,""l"":15,""leak_heralds"":""False"",""leak_repump"":""True"",""leakage"":""True"",""loss"":""True"",""m"":2,""n"":60,""noise"":""rl_helios"",""p"":0.001,""prllel_1q"":16,""prllel_2q"":4,""r"":20,""repump_cycles"":3,""seq_meas"":""True"",""seq_ops"":""True"",""swapLRC"":""False""}",
       136,         2,         0,    19.4,bposd,d6466f1f2401ef78211b48d2724c0f28b872cf57bdff80ba7079cbc781acfd49,"{""A"":""x0y0+x1y0"",""B"":""x0y0+x0y1+x3y2"",""b"":""X"",""d"":7,""excl_opp_detectors"":""True"",""k"":4,""l"":8,""leak_heralds"":""False"",""leak_repump"":""True"",""leakage"":""True"",""loss"":""True"",""m"":3,""n"":48,""noise"":""rl_helios"",""p"":0.002,""prllel_1q"":16,""prllel_2q"":4,""r"":20,""repump_cycles"":3,""seq_meas"":""True"",""seq_ops"":""True"",""swapLRC"":""False""}",
       448,         1,         0,    16.6,bposd,fc034e74c25f52c7dca5bec3ced3fbedd720fbeb24afc199749aab9c2019f874,"{""A"":""x2y0+x8y1"",""B"":""x0y1+x4y1+x14y1"",""b"":""X"",""d"":8,""excl_opp_detectors"":""True"",""k"":4,""l"":15,""leak_heralds"":""False"",""leak_repump"":""True"",""leakage"":""True"",""loss"":""True"",""m"":2,""n"":60,""noise"":""rl_helios"",""p"":0.001,""prllel_1q"":16,""prllel_2q"":4,""r"":20,""repump_cycles"":3,""seq_meas"":""True"",""seq_ops"":""True"",""swapLRC"":""False""}",
        32,         0,         0,    4.71,bposd,fc034e74c25f52c7dca5bec3ced3fbedd720fbeb24afc199749aab9c2019f874,"{""A"":""x2y0+x8y1"",""B"":""x0y1+x4y1+x14y1"",""b"":""X"",""d"":8,""excl_opp_detectors"":""True"",""k"":4,""l"":15,""leak_heralds"":""False"",""leak_repump"":""True"",""leakage"":""True"",""loss"":""True"",""m"":2,""n"":60,""noise"":""rl_helios"",""p"":0.001,""prllel_1q"":16,""prllel_2q"":4,""r"":20,""repump_cycles"":3,""seq_meas"":""True"",""seq_ops"":""True"",""swapLRC"":""False""}",
      1248,         3,         0,    22.9,bposd,6d1ddacfb3af8946e01e6fa1f4a73feb1ff89b1e055e733a9f2c9e62f953590b,"{""A"":""x0y0+x1y0"",""B"":""x0y0+x0y1+x3y2"",""b"":""X"",""d"":7,""excl_opp_detectors"":""True"",""k"":4,""l"":8,""leak_heralds"":""False"",""leak_repump"":""True"",""leakage"":""True"",""loss"":""True"",""m"":3,""n"":48,""noise"":""rl_helios"",""p"":0.001,""prllel_1q"":16,""prllel_2q"":4,""r"":20,""repump_cycles"":3,""seq_meas"":""True"",""seq_ops"":""True"",""swapLRC"":""False""}",
         1,         0,         0,   0.007,bposd,6d1ddacfb3af8946e01e6fa1f4a73feb1ff89b1e055e733a9f2c9e62f953590b,"{""A"":""x0y0+x1y0"",""B"":""x0y0+x0y1+x3y2"",""b"":""X"",""d"":7,""excl_opp_detectors"":""True"",""k"":4,""l"":8,""leak_heralds"":""False"",""leak_repump"":""True"",""leakage"":""True"",""loss"":""True"",""m"":3,""n"":48,""noise"":""rl_helios"",""p"":0.001,""prllel_1q"":16,""prllel_2q"":4,""r"":20,""repump_cycles"":3,""seq_meas"":""True"",""seq_ops"":""True"",""swapLRC"":""False""}",
        16,         0,         0,   0.035,bposd,6d1ddacfb3af8946e01e6fa1f4a73feb1ff89b1e055e733a9f2c9e62f953590b,"{""A"":""x0y0+x1y0"",""B"":""x0y0+x0y1+x3y2"",""b"":""X"",""d"":7,""excl_opp_detectors"":""True"",""k"":4,""l"":8,""leak_heralds"":""False"",""leak_repump"":""True"",""leakage"":""True"",""loss"":""True"",""m"":3,""n"":48,""noise"":""rl_helios"",""p"":0.001,""prllel_1q"":16,""prllel_2q"":4,""r"":20,""repump_cycles"":3,""seq_meas"":""True"",""seq_ops"":""True"",""swapLRC"":""False""}",
        32,         0,         0,    2.70,bposd,d2e31a876ff9ab44086a0403902670ab7f3daf025f64a4ada3171d61ce3ff2f5,"{""A"":""x2y0+x8y1"",""B"":""x0y1+x4y1+x14y1"",""b"":""X"",""d"":8,""excl_opp_detectors"":""True"",""k"":4,""l"":15,""leak_heralds"":""False"",""leak_repump"":""True"",""leakage"":""True"",""loss"":""True"",""m"":2,""n"":60,""noise"":""rl_helios"",""p"":0.002,""prllel_1q"":16,""prllel_2q"":4,""r"":20,""repump_cycles"":3,""seq_meas"":""True"",""seq_ops"":""True"",""swapLRC"":""False""}",
        12,         0,         0,   0.024,bposd,fc034e74c25f52c7dca5bec3ced3fbedd720fbeb24afc199749aab9c2019f874,"{""A"":""x2y0+x8y1"",""B"":""x0y1+x4y1+x14y1"",""b"":""X"",""d"":8,""excl_opp_detectors"":""True"",""k"":4,""l"":15,""leak_heralds"":""False"",""leak_repump"":""True"",""leakage"":""True"",""loss"":""True"",""m"":2,""n"":60,""noise"":""rl_helios"",""p"":0.001,""prllel_1q"":16,""prllel_2q"":4,""r"":20,""repump_cycles"":3,""seq_meas"":""True"",""seq_ops"":""True"",""swapLRC"":""False""}",
         1,         0,         0,   0.007,bposd,6d1ddacfb3af8946e01e6fa1f4a73feb1ff89b1e055e733a9f2c9e62f953590b,"{""A"":""x0y0+x1y0"",""B"":""x0y0+x0y1+x3y2"",""b"":""X"",""d"":7,""excl_opp_detectors"":""True"",""k"":4,""l"":8,""leak_heralds"":""False"",""leak_repump"":""True"",""leakage"":""True"",""loss"":""True"",""m"":3,""n"":48,""noise"":""rl_helios"",""p"":0.001,""prllel_1q"":16,""prllel_2q"":4,""r"":20,""repump_cycles"":3,""seq_meas"":""True"",""seq_ops"":""True"",""swapLRC"":""False""}",
        16,         0,         0,   0.022,bposd,6d1ddacfb3af8946e01e6fa1f4a73feb1ff89b1e055e733a9f2c9e62f953590b,"{""A"":""x0y0+x1y0"",""B"":""x0y0+x0y1+x3y2"",""b"":""X"",""d"":7,""excl_opp_detectors"":""True"",""k"":4,""l"":8,""leak_heralds"":""False"",""leak_repump"":""True"",""leakage"":""True"",""loss"":""True"",""m"":3,""n"":48,""noise"":""rl_helios"",""p"":0.001,""prllel_1q"":16,""prllel_2q"":4,""r"":20,""repump_cycles"":3,""seq_meas"":""True"",""seq_ops"":""True"",""swapLRC"":""False""}",
         1,         0,         0,   0.016,bposd,fc034e74c25f52c7dca5bec3ced3fbedd720fbeb24afc199749aab9c2019f874,"{""A"":""x2y0+x8y1"",""B"":""x0y1+x4y1+x14y1"",""b"":""X"",""d"":8,""excl_opp_detectors"":""True"",""k"":4,""l"":15,""leak_heralds"":""False"",""leak_repump"":""True"",""leakage"":""True"",""loss"":""True"",""m"":2,""n"":60,""noise"":""rl_helios"",""p"":0.001,""prllel_1q"":16,""prllel_2q"":4,""r"":20,""repump_cycles"":3,""seq_meas"":""True"",""seq_ops"":""True"",""swapLRC"":""False""}",
         1,         0,         0,   0.007,bposd,6d1ddacfb3af8946e01e6fa1f4a73feb1ff89b1e055e733a9f2c9e62f953590b,"{""A"":""x0y0+x1y0"",""B"":""x0y0+x0y1+x3y2"",""b"":""X"",""d"":7,""excl_opp_detectors"":""True"",""k"":4,""l"":8,""leak_heralds"":""False"",""leak_repump"":""True"",""leakage"":""True"",""loss"":""True"",""m"":3,""n"":48,""noise"":""rl_helios"",""p"":0.001,""prllel_1q"":16,""prllel_2q"":4,""r"":20,""repump_cycles"":3,""seq_meas"":""True"",""seq_ops"":""True"",""swapLRC"":""False""}",
         1,         0,         0,   0.014,bposd,d2e31a876ff9ab44086a0403902670ab7f3daf025f64a4ada3171d61ce3ff2f5,"{""A"":""x2y0+x8y1"",""B"":""x0y1+x4y1+x14y1"",""b"":""X"",""d"":8,""excl_opp_detectors"":""True"",""k"":4,""l"":15,""leak_heralds"":""False"",""leak_repump"":""True"",""leakage"":""True"",""loss"":""True"",""m"":2,""n"":60,""noise"":""rl_helios"",""p"":0.002,""prllel_1q"":16,""prllel_2q"":4,""r"":20,""repump_cycles"":3,""seq_meas"":""True"",""seq_ops"":""True"",""swapLRC"":""False""}",
       544,         0,         0,    10.4,bposd,6d1ddacfb3af8946e01e6fa1f4a73feb1ff89b1e055e733a9f2c9e62f953590b,"{""A"":""x0y0+x1y0"",""B"":""x0y0+x0y1+x3y2"",""b"":""X"",""d"":7,""excl_opp_detectors"":""True"",""k"":4,""l"":8,""leak_heralds"":""False"",""leak_repump"":""True"",""leakage"":""True"",""loss"":""True"",""m"":3,""n"":48,""noise"":""rl_helios"",""p"":0.001,""prllel_1q"":16,""prllel_2q"":4,""r"":20,""repump_cycles"":3,""seq_meas"":""True"",""seq_ops"":""True"",""swapLRC"":""False""}",
        16,         0,         0,   0.031,bposd,6d1ddacfb3af8946e01e6fa1f4a73feb1ff89b1e055e733a9f2c9e62f953590b,"{""A"":""x0y0+x1y0"",""B"":""x0y0+x0y1+x3y2"",""b"":""X"",""d"":7,""excl_opp_detectors"":""True"",""k"":4,""l"":8,""leak_heralds"":""False"",""leak_repump"":""True"",""leakage"":""True"",""loss"":""True"",""m"":3,""n"":48,""noise"":""rl_helios"",""p"":0.001,""prllel_1q"":16,""prllel_2q"":4,""r"":20,""repump_cycles"":3,""seq_meas"":""True"",""seq_ops"":""True"",""swapLRC"":""False""}",
         1,         0,         0,   0.014,bposd,fc034e74c25f52c7dca5bec3ced3fbedd720fbeb24afc199749aab9c2019f874,"{""A"":""x2y0+x8y1"",""B"":""x0y1+x4y1+x14y1"",""b"":""X"",""d"":8,""excl_opp_detectors"":""True"",""k"":4,""l"":15,""leak_heralds"":""False"",""leak_repump"":""True"",""leakage"":""True"",""loss"":""True"",""m"":2,""n"":60,""noise"":""rl_helios"",""p"":0.001,""prllel_1q"":16,""prllel_2q"":4,""r"":20,""repump_cycles"":3,""seq_meas"":""True"",""seq_ops"":""True"",""swapLRC"":""False""}",
        64,         0,         0,    2.30,bposd,fc034e74c25f52c7dca5bec3ced3fbedd720fbeb24afc199749aab9c2019f874,"{""A"":""x2y0+x8y1"",""B"":""x0y1+x4y1+x14y1"",""b"":""X"",""d"":8,""excl_opp_detectors"":""True"",""k"":4,""l"":15,""leak_heralds"":""False"",""leak_repump"":""True"",""leakage"":""True"",""loss"":""True"",""m"":2,""n"":60,""noise"":""rl_helios"",""p"":0.001,""prllel_1q"":16,""prllel_2q"":4,""r"":20,""repump_cycles"":3,""seq_meas"":""True"",""seq_ops"":""True"",""swapLRC"":""False""}",
       960,         0,         0,    18.1,bposd,6d1ddacfb3af8946e01e6fa1f4a73feb1ff89b1e055e733a9f2c9e62f953590b,"{""A"":""x0y0+x1y0"",""B"":""x0y0+x0y1+x3y2"",""b"":""X"",""d"":7,""excl_opp_detectors"":""True"",""k"":4,""l"":8,""leak_heralds"":""False"",""leak_repump"":""True"",""leakage"":""True"",""loss"":""True"",""m"":3,""n"":48,""noise"":""rl_helios"",""p"":0.001,""prllel_1q"":16,""prllel_2q"":4,""r"":20,""repump_cycles"":3,""seq_meas"":""True"",""seq_ops"":""True"",""swapLRC"":""False""}",
         1,         0,         0,   0.009,bposd,d2e31a876ff9ab44086a0403902670ab7f3daf025f64a4ada3171d61ce3ff2f5,"{""A"":""x2y0+x8y1"",""B"":""x0y1+x4y1+x14y1"",""b"":""X"",""d"":8,""excl_opp_detectors"":""True"",""k"":4,""l"":15,""leak_heralds"":""False"",""leak_repump"":""True"",""leakage"":""True"",""loss"":""True"",""m"":2,""n"":60,""noise"":""rl_helios"",""p"":0.002,""prllel_1q"":16,""prllel_2q"":4,""r"":20,""repump_cycles"":3,""seq_meas"":""True"",""seq_ops"":""True"",""swapLRC"":""False""}",
        16,         0,         0,    1.44,bposd,d2e31a876ff9ab44086a0403902670ab7f3daf025f64a4ada3171d61ce3ff2f5,"{""A"":""x2y0+x8y1"",""B"":""x0y1+x4y1+x14y1"",""b"":""X"",""d"":8,""excl_opp_detectors"":""True"",""k"":4,""l"":15,""leak_heralds"":""False"",""leak_repump"":""True"",""leakage"":""True"",""loss"":""True"",""m"":2,""n"":60,""noise"":""rl_helios"",""p"":0.002,""prllel_1q"":16,""prllel_2q"":4,""r"":20,""repump_cycles"":3,""seq_meas"":""True"",""seq_ops"":""True"",""swapLRC"":""False""}",
        16,         0,         0,    1.12,bposd,d2e31a876ff9ab44086a0403902670ab7f3daf025f64a4ada3171d61ce3ff2f5,"{""A"":""x2y0+x8y1"",""B"":""x0y1+x4y1+x14y1"",""b"":""X"",""d"":8,""excl_opp_detectors"":""True"",""k"":4,""l"":15,""leak_heralds"":""False"",""leak_repump"":""True"",""leakage"":""True"",""loss"":""True"",""m"":2,""n"":60,""noise"":""rl_helios"",""p"":0.002,""prllel_1q"":16,""prllel_2q"":4,""r"":20,""repump_cycles"":3,""seq_meas"":""True"",""seq_ops"":""True"",""swapLRC"":""False""}",
        76,         0,         0,    10.8,bposd,d2e31a876ff9ab44086a0403902670ab7f3daf025f64a4ada3171d61ce3ff2f5,"{""A"":""x2y0+x8y1"",""B"":""x0y1+x4y1+x14y1"",""b"":""X"",""d"":8,""excl_opp_detectors"":""True"",""k"":4,""l"":15,""leak_heralds"":""False"",""leak_repump"":""True"",""leakage"":""True"",""loss"":""True"",""m"":2,""n"":60,""noise"":""rl_helios"",""p"":0.002,""prllel_1q"":16,""prllel_2q"":4,""r"":20,""repump_cycles"":3,""seq_meas"":""True"",""seq_ops"":""True"",""swapLRC"":""False""}",
        16,         0,         0,    1.64,bposd,fc034e74c25f52c7dca5bec3ced3fbedd720fbeb24afc199749aab9c2019f874,"{""A"":""x2y0+x8y1"",""B"":""x0y1+x4y1+x14y1"",""b"":""X"",""d"":8,""excl_opp_detectors"":""True"",""k"":4,""l"":15,""leak_heralds"":""False"",""leak_repump"":""True"",""leakage"":""True"",""loss"":""True"",""m"":2,""n"":60,""noise"":""rl_helios"",""p"":0.001,""prllel_1q"":16,""prllel_2q"":4,""r"":20,""repump_cycles"":3,""seq_meas"":""True"",""seq_ops"":""True"",""swapLRC"":""False""}",
        16,         0,         0,    1.54,bposd,fc034e74c25f52c7dca5bec3ced3fbedd720fbeb24afc199749aab9c2019f874,"{""A"":""x2y0+x8y1"",""B"":""x0y1+x4y1+x14y1"",""b"":""X"",""d"":8,""excl_opp_detectors"":""True"",""k"":4,""l"":15,""leak_heralds"":""False"",""leak_repump"":""True"",""leakage"":""True"",""loss"":""True"",""m"":2,""n"":60,""noise"":""rl_helios"",""p"":0.001,""prllel_1q"":16,""prllel_2q"":4,""r"":20,""repump_cycles"":3,""seq_meas"":""True"",""seq_ops"":""True"",""swapLRC"":""False""}",
       816,         1,         0,    26.9,bposd,fc034e74c25f52c7dca5bec3ced3fbedd720fbeb24afc199749aab9c2019f874,"{""A"":""x2y0+x8y1"",""B"":""x0y1+x4y1+x14y1"",""b"":""X"",""d"":8,""excl_opp_detectors"":""True"",""k"":4,""l"":15,""leak_heralds"":""False"",""leak_repump"":""True"",""leakage"":""True"",""loss"":""True"",""m"":2,""n"":60,""noise"":""rl_helios"",""p"":0.001,""prllel_1q"":16,""prllel_2q"":4,""r"":20,""repump_cycles"":3,""seq_meas"":""True"",""seq_ops"":""True"",""swapLRC"":""False""}",
        16,         1,         0,    1.15,bposd,d2e31a876ff9ab44086a0403902670ab7f3daf025f64a4ada3171d61ce3ff2f5,"{""A"":""x2y0+x8y1"",""B"":""x0y1+x4y1+x14y1"",""b"":""X"",""d"":8,""excl_opp_detectors"":""True"",""k"":4,""l"":15,""leak_heralds"":""False"",""leak_repump"":""True"",""leakage"":""True"",""loss"":""True"",""m"":2,""n"":60,""noise"":""rl_helios"",""p"":0.002,""prllel_1q"":16,""prllel_2q"":4,""r"":20,""repump_cycles"":3,""seq_meas"":""True"",""seq_ops"":""True"",""swapLRC"":""False""}",
        16,         1,         0,   0.150,bposd,d2e31a876ff9ab44086a0403902670ab7f3daf025f64a4ada3171d61ce3ff2f5,"{""A"":""x2y0+x8y1"",""B"":""x0y1+x4y1+x14y1"",""b"":""X"",""d"":8,""excl_opp_detectors"":""True"",""k"":4,""l"":15,""leak_heralds"":""False"",""leak_repump"":""True"",""leakage"":""True"",""loss"":""True"",""m"":2,""n"":60,""noise"":""rl_helios"",""p"":0.002,""prllel_1q"":16,""prllel_2q"":4,""r"":20,""repump_cycles"":3,""seq_meas"":""True"",""seq_ops"":""True"",""swapLRC"":""False""}",
       832,         0,         0,    19.4,bposd,6d1ddacfb3af8946e01e6fa1f4a73feb1ff89b1e055e733a9f2c9e62f953590b,"{""A"":""x0y0+x1y0"",""B"":""x0y0+x0y1+x3y2"",""b"":""X"",""d"":7,""excl_opp_detectors"":""True"",""k"":4,""l"":8,""leak_heralds"":""False"",""leak_repump"":""True"",""leakage"":""True"",""loss"":""True"",""m"":3,""n"":48,""noise"":""rl_helios"",""p"":0.001,""prllel_1q"":16,""prllel_2q"":4,""r"":20,""repump_cycles"":3,""seq_meas"":""True"",""seq_ops"":""True"",""swapLRC"":""False""}",
         8,         0,         0,    1.30,bposd,fc034e74c25f52c7dca5bec3ced3fbedd720fbeb24afc199749aab9c2019f874,"{""A"":""x2y0+x8y1"",""B"":""x0y1+x4y1+x14y1"",""b"":""X"",""d"":8,""excl_opp_detectors"":""True"",""k"":4,""l"":15,""leak_heralds"":""False"",""leak_repump"":""True"",""leakage"":""True"",""loss"":""True"",""m"":2,""n"":60,""noise"":""rl_helios"",""p"":0.001,""prllel_1q"":16,""prllel_2q"":4,""r"":20,""repump_cycles"":3,""seq_meas"":""True"",""seq_ops"":""True"",""swapLRC"":""False""}",
         8,         0,         0,   0.026,bposd,fc034e74c25f52c7dca5bec3ced3fbedd720fbeb24afc199749aab9c2019f874,"{""A"":""x2y0+x8y1"",""B"":""x0y1+x4y1+x14y1"",""b"":""X"",""d"":8,""excl_opp_detectors"":""True"",""k"":4,""l"":15,""leak_heralds"":""False"",""leak_repump"":""True"",""leakage"":""True"",""loss"":""True"",""m"":2,""n"":60,""noise"":""rl_helios"",""p"":0.001,""prllel_1q"":16,""prllel_2q"":4,""r"":20,""repump_cycles"":3,""seq_meas"":""True"",""seq_ops"":""True"",""swapLRC"":""False""}",
       864,         0,         0,    20.8,bposd,fc034e74c25f52c7dca5bec3ced3fbedd720fbeb24afc199749aab9c2019f874,"{""A"":""x2y0+x8y1"",""B"":""x0y1+x4y1+x14y1"",""b"":""X"",""d"":8,""excl_opp_detectors"":""True"",""k"":4,""l"":15,""leak_heralds"":""False"",""leak_repump"":""True"",""leakage"":""True"",""loss"":""True"",""m"":2,""n"":60,""noise"":""rl_helios"",""p"":0.001,""prllel_1q"":16,""prllel_2q"":4,""r"":20,""repump_cycles"":3,""seq_meas"":""True"",""seq_ops"":""True"",""swapLRC"":""False""}",
       256,         0,         0,    7.09,bposd,6d1ddacfb3af8946e01e6fa1f4a73feb1ff89b1e055e733a9f2c9e62f953590b,"{""A"":""x0y0+x1y0"",""B"":""x0y0+x0y1+x3y2"",""b"":""X"",""d"":7,""excl_opp_detectors"":""True"",""k"":4,""l"":8,""leak_heralds"":""False"",""leak_repump"":""True"",""leakage"":""True"",""loss"":""True"",""m"":3,""n"":48,""noise"":""rl_helios"",""p"":0.001,""prllel_1q"":16,""prllel_2q"":4,""r"":20,""repump_cycles"":3,""seq_meas"":""True"",""seq_ops"":""True"",""swapLRC"":""False""}",
       144,         0,         0,    5.70,bposd,fc034e74c25f52c7dca5bec3ced3fbedd720fbeb24afc199749aab9c2019f874,"{""A"":""x2y0+x8y1"",""B"":""x0y1+x4y1+x14y1"",""b"":""X"",""d"":8,""excl_opp_detectors"":""True"",""k"":4,""l"":15,""leak_heralds"":""False"",""leak_repump"":""True"",""leakage"":""True"",""loss"":""True"",""m"":2,""n"":60,""noise"":""rl_helios"",""p"":0.001,""prllel_1q"":16,""prllel_2q"":4,""r"":20,""repump_cycles"":3,""seq_meas"":""True"",""seq_ops"":""True"",""swapLRC"":""False""}",
       160,         1,         0,    22.1,bposd,d2e31a876ff9ab44086a0403902670ab7f3daf025f64a4ada3171d61ce3ff2f5,"{""A"":""x2y0+x8y1"",""B"":""x0y1+x4y1+x14y1"",""b"":""X"",""d"":8,""excl_opp_detectors"":""True"",""k"":4,""l"":15,""leak_heralds"":""False"",""leak_repump"":""True"",""leakage"":""True"",""loss"":""True"",""m"":2,""n"":60,""noise"":""rl_helios"",""p"":0.002,""prllel_1q"":16,""prllel_2q"":4,""r"":20,""repump_cycles"":3,""seq_meas"":""True"",""seq_ops"":""True"",""swapLRC"":""False""}",
       128,         0,         0,    2.10,bposd,6d1ddacfb3af8946e01e6fa1f4a73feb1ff89b1e055e733a9f2c9e62f953590b,"{""A"":""x0y0+x1y0"",""B"":""x0y0+x0y1+x3y2"",""b"":""X"",""d"":7,""excl_opp_detectors"":""True"",""k"":4,""l"":8,""leak_heralds"":""False"",""leak_repump"":""True"",""leakage"":""True"",""loss"":""True"",""m"":3,""n"":48,""noise"":""rl_helios"",""p"":0.001,""prllel_1q"":16,""prllel_2q"":4,""r"":20,""repump_cycles"":3,""seq_meas"":""True"",""seq_ops"":""True"",""swapLRC"":""False""}",
       160,         0,         0,    5.63,bposd,fc034e74c25f52c7dca5bec3ced3fbedd720fbeb24afc199749aab9c2019f874,"{""A"":""x2y0+x8y1"",""B"":""x0y1+x4y1+x14y1"",""b"":""X"",""d"":8,""excl_opp_detectors"":""True"",""k"":4,""l"":15,""leak_heralds"":""False"",""leak_repump"":""True"",""leakage"":""True"",""loss"":""True"",""m"":2,""n"":60,""noise"":""rl_helios"",""p"":0.001,""prllel_1q"":16,""prllel_2q"":4,""r"":20,""repump_cycles"":3,""seq_meas"":""True"",""seq_ops"":""True"",""swapLRC"":""False""}",
       512,         1,         0,    10.8,bposd,6d1ddacfb3af8946e01e6fa1f4a73feb1ff89b1e055e733a9f2c9e62f953590b,"{""A"":""x0y0+x1y0"",""B"":""x0y0+x0y1+x3y2"",""b"":""X"",""d"":7,""excl_opp_detectors"":""True"",""k"":4,""l"":8,""leak_heralds"":""False"",""leak_repump"":""True"",""leakage"":""True"",""loss"":""True"",""m"":3,""n"":48,""noise"":""rl_helios"",""p"":0.001,""prllel_1q"":16,""prllel_2q"":4,""r"":20,""repump_cycles"":3,""seq_meas"":""True"",""seq_ops"":""True"",""swapLRC"":""False""}",
        16,         0,         0,    5.37,bposd,d2e31a876ff9ab44086a0403902670ab7f3daf025f64a4ada3171d61ce3ff2f5,"{""A"":""x2y0+x8y1"",""B"":""x0y1+x4y1+x14y1"",""b"":""X"",""d"":8,""excl_opp_detectors"":""True"",""k"":4,""l"":15,""leak_heralds"":""False"",""leak_repump"":""True"",""leakage"":""True"",""loss"":""True"",""m"":2,""n"":60,""noise"":""rl_helios"",""p"":0.002,""prllel_1q"":16,""prllel_2q"":4,""r"":20,""repump_cycles"":3,""seq_meas"":""True"",""seq_ops"":""True"",""swapLRC"":""False""}",
       136,         0,         0,    4.77,bposd,fc034e74c25f52c7dca5bec3ced3fbedd720fbeb24afc199749aab9c2019f874,"{""A"":""x2y0+x8y1"",""B"":""x0y1+x4y1+x14y1"",""b"":""X"",""d"":8,""excl_opp_detectors"":""True"",""k"":4,""l"":15,""leak_heralds"":""False"",""leak_repump"":""True"",""leakage"":""True"",""loss"":""True"",""m"":2,""n"":60,""noise"":""rl_helios"",""p"":0.001,""prllel_1q"":16,""prllel_2q"":4,""r"":20,""repump_cycles"":3,""seq_meas"":""True"",""seq_ops"":""True"",""swapLRC"":""False""}",
       128,         0,         0,    3.87,bposd,fc034e74c25f52c7dca5bec3ced3fbedd720fbeb24afc199749aab9c2019f874,"{""A"":""x2y0+x8y1"",""B"":""x0y1+x4y1+x14y1"",""b"":""X"",""d"":8,""excl_opp_detectors"":""True"",""k"":4,""l"":15,""leak_heralds"":""False"",""leak_repump"":""True"",""leakage"":""True"",""loss"":""True"",""m"":2,""n"":60,""noise"":""rl_helios"",""p"":0.001,""prllel_1q"":16,""prllel_2q"":4,""r"":20,""repump_cycles"":3,""seq_meas"":""True"",""seq_ops"":""True"",""swapLRC"":""False""}",
      1088,         2,         0,    27.3,bposd,6d1ddacfb3af8946e01e6fa1f4a73feb1ff89b1e055e733a9f2c9e62f953590b,"{""A"":""x0y0+x1y0"",""B"":""x0y0+x0y1+x3y2"",""b"":""X"",""d"":7,""excl_opp_detectors"":""True"",""k"":4,""l"":8,""leak_heralds"":""False"",""leak_repump"":""True"",""leakage"":""True"",""loss"":""True"",""m"":3,""n"":48,""noise"":""rl_helios"",""p"":0.001,""prllel_1q"":16,""prllel_2q"":4,""r"":20,""repump_cycles"":3,""seq_meas"":""True"",""seq_ops"":""True"",""swapLRC"":""False""}",
       896,         1,         0,    18.2,bposd,fc034e74c25f52c7dca5bec3ced3fbedd720fbeb24afc199749aab9c2019f874,"{""A"":""x2y0+x8y1"",""B"":""x0y1+x4y1+x14y1"",""b"":""X"",""d"":8,""excl_opp_detectors"":""True"",""k"":4,""l"":15,""leak_heralds"":""False"",""leak_repump"":""True"",""leakage"":""True"",""loss"":""True"",""m"":2,""n"":60,""noise"":""rl_helios"",""p"":0.001,""prllel_1q"":16,""prllel_2q"":4,""r"":20,""repump_cycles"":3,""seq_meas"":""True"",""seq_ops"":""True"",""swapLRC"":""False""}",
        64,         0,         0,   0.981,bposd,6d1ddacfb3af8946e01e6fa1f4a73feb1ff89b1e055e733a9f2c9e62f953590b,"{""A"":""x0y0+x1y0"",""B"":""x0y0+x0y1+x3y2"",""b"":""X"",""d"":7,""excl_opp_detectors"":""True"",""k"":4,""l"":8,""leak_heralds"":""False"",""leak_repump"":""True"",""leakage"":""True"",""loss"":""True"",""m"":3,""n"":48,""noise"":""rl_helios"",""p"":0.001,""prllel_1q"":16,""prllel_2q"":4,""r"":20,""repump_cycles"":3,""seq_meas"":""True"",""seq_ops"":""True"",""swapLRC"":""False""}",
       256,         0,         0,    6.52,bposd,fc034e74c25f52c7dca5bec3ced3fbedd720fbeb24afc199749aab9c2019f874,"{""A"":""x2y0+x8y1"",""B"":""x0y1+x4y1+x14y1"",""b"":""X"",""d"":8,""excl_opp_detectors"":""True"",""k"":4,""l"":15,""leak_heralds"":""False"",""leak_repump"":""True"",""leakage"":""True"",""loss"":""True"",""m"":2,""n"":60,""noise"":""rl_helios"",""p"":0.001,""prllel_1q"":16,""prllel_2q"":4,""r"":20,""repump_cycles"":3,""seq_meas"":""True"",""seq_ops"":""True"",""swapLRC"":""False""}",
       256,         0,         0,    7.43,bposd,6d1ddacfb3af8946e01e6fa1f4a73feb1ff89b1e055e733a9f2c9e62f953590b,"{""A"":""x0y0+x1y0"",""B"":""x0y0+x0y1+x3y2"",""b"":""X"",""d"":7,""excl_opp_detectors"":""True"",""k"":4,""l"":8,""leak_heralds"":""False"",""leak_repump"":""True"",""leakage"":""True"",""loss"":""True"",""m"":3,""n"":48,""noise"":""rl_helios"",""p"":0.001,""prllel_1q"":16,""prllel_2q"":4,""r"":20,""repump_cycles"":3,""seq_meas"":""True"",""seq_ops"":""True"",""swapLRC"":""False""}",
        48,         0,         0,    5.68,bposd,d2e31a876ff9ab44086a0403902670ab7f3daf025f64a4ada3171d61ce3ff2f5,"{""A"":""x2y0+x8y1"",""B"":""x0y1+x4y1+x14y1"",""b"":""X"",""d"":8,""excl_opp_detectors"":""True"",""k"":4,""l"":15,""leak_heralds"":""False"",""leak_repump"":""True"",""leakage"":""True"",""loss"":""True"",""m"":2,""n"":60,""noise"":""rl_helios"",""p"":0.002,""prllel_1q"":16,""prllel_2q"":4,""r"":20,""repump_cycles"":3,""seq_meas"":""True"",""seq_ops"":""True"",""swapLRC"":""False""}",
       576,         0,         0,    19.5,bposd,fc034e74c25f52c7dca5bec3ced3fbedd720fbeb24afc199749aab9c2019f874,"{""A"":""x2y0+x8y1"",""B"":""x0y1+x4y1+x14y1"",""b"":""X"",""d"":8,""excl_opp_detectors"":""True"",""k"":4,""l"":15,""leak_heralds"":""False"",""leak_repump"":""True"",""leakage"":""True"",""loss"":""True"",""m"":2,""n"":60,""noise"":""rl_helios"",""p"":0.001,""prllel_1q"":16,""prllel_2q"":4,""r"":20,""repump_cycles"":3,""seq_meas"":""True"",""seq_ops"":""True"",""swapLRC"":""False""}",
        64,         0,         0,   0.964,bposd,fc034e74c25f52c7dca5bec3ced3fbedd720fbeb24afc199749aab9c2019f874,"{""A"":""x2y0+x8y1"",""B"":""x0y1+x4y1+x14y1"",""b"":""X"",""d"":8,""excl_opp_detectors"":""True"",""k"":4,""l"":15,""leak_heralds"":""False"",""leak_repump"":""True"",""leakage"":""True"",""loss"":""True"",""m"":2,""n"":60,""noise"":""rl_helios"",""p"":0.001,""prllel_1q"":16,""prllel_2q"":4,""r"":20,""repump_cycles"":3,""seq_meas"":""True"",""seq_ops"":""True"",""swapLRC"":""False""}",
       256,         0,         0,    7.73,bposd,6d1ddacfb3af8946e01e6fa1f4a73feb1ff89b1e055e733a9f2c9e62f953590b,"{""A"":""x0y0+x1y0"",""B"":""x0y0+x0y1+x3y2"",""b"":""X"",""d"":7,""excl_opp_detectors"":""True"",""k"":4,""l"":8,""leak_heralds"":""False"",""leak_repump"":""True"",""leakage"":""True"",""loss"":""True"",""m"":3,""n"":48,""noise"":""rl_helios"",""p"":0.001,""prllel_1q"":16,""prllel_2q"":4,""r"":20,""repump_cycles"":3,""seq_meas"":""True"",""seq_ops"":""True"",""swapLRC"":""False""}",
       256,         0,         0,    8.15,bposd,6d1ddacfb3af8946e01e6fa1f4a73feb1ff89b1e055e733a9f2c9e62f953590b,"{""A"":""x0y0+x1y0"",""B"":""x0y0+x0y1+x3y2"",""b"":""X"",""d"":7,""excl_opp_detectors"":""True"",""k"":4,""l"":8,""leak_heralds"":""False"",""leak_repump"":""True"",""leakage"":""True"",""loss"":""True"",""m"":3,""n"":48,""noise"":""rl_helios"",""p"":0.001,""prllel_1q"":16,""prllel_2q"":4,""r"":20,""repump_cycles"":3,""seq_meas"":""True"",""seq_ops"":""True"",""swapLRC"":""False""}",
        64,         0,         0,    2.01,bposd,fc034e74c25f52c7dca5bec3ced3fbedd720fbeb24afc199749aab9c2019f874,"{""A"":""x2y0+x8y1"",""B"":""x0y1+x4y1+x14y1"",""b"":""X"",""d"":8,""excl_opp_detectors"":""True"",""k"":4,""l"":15,""leak_heralds"":""False"",""leak_repump"":""True"",""leakage"":""True"",""loss"":""True"",""m"":2,""n"":60,""noise"":""rl_helios"",""p"":0.001,""prllel_1q"":16,""prllel_2q"":4,""r"":20,""repump_cycles"":3,""seq_meas"":""True"",""seq_ops"":""True"",""swapLRC"":""False""}",
       256,         1,         0,    9.71,bposd,6d1ddacfb3af8946e01e6fa1f4a73feb1ff89b1e055e733a9f2c9e62f953590b,"{""A"":""x0y0+x1y0"",""B"":""x0y0+x0y1+x3y2"",""b"":""X"",""d"":7,""excl_opp_detectors"":""True"",""k"":4,""l"":8,""leak_heralds"":""False"",""leak_repump"":""True"",""leakage"":""True"",""loss"":""True"",""m"":3,""n"":48,""noise"":""rl_helios"",""p"":0.001,""prllel_1q"":16,""prllel_2q"":4,""r"":20,""repump_cycles"":3,""seq_meas"":""True"",""seq_ops"":""True"",""swapLRC"":""False""}",
       112,         0,         0,    15.2,bposd,d2e31a876ff9ab44086a0403902670ab7f3daf025f64a4ada3171d61ce3ff2f5,"{""A"":""x2y0+x8y1"",""B"":""x0y1+x4y1+x14y1"",""b"":""X"",""d"":8,""excl_opp_detectors"":""True"",""k"":4,""l"":15,""leak_heralds"":""False"",""leak_repump"":""True"",""leakage"":""True"",""loss"":""True"",""m"":2,""n"":60,""noise"":""rl_helios"",""p"":0.002,""prllel_1q"":16,""prllel_2q"":4,""r"":20,""repump_cycles"":3,""seq_meas"":""True"",""seq_ops"":""True"",""swapLRC"":""False""}",
       128,         0,         0,    2.64,bposd,6d1ddacfb3af8946e01e6fa1f4a73feb1ff89b1e055e733a9f2c9e62f953590b,"{""A"":""x0y0+x1y0"",""B"":""x0y0+x0y1+x3y2"",""b"":""X"",""d"":7,""excl_opp_detectors"":""True"",""k"":4,""l"":8,""leak_heralds"":""False"",""leak_repump"":""True"",""leakage"":""True"",""loss"":""True"",""m"":3,""n"":48,""noise"":""rl_helios"",""p"":0.001,""prllel_1q"":16,""prllel_2q"":4,""r"":20,""repump_cycles"":3,""seq_meas"":""True"",""seq_ops"":""True"",""swapLRC"":""False""}",
       128,         0,         0,    2.22,bposd,6d1ddacfb3af8946e01e6fa1f4a73feb1ff89b1e055e733a9f2c9e62f953590b,"{""A"":""x0y0+x1y0"",""B"":""x0y0+x0y1+x3y2"",""b"":""X"",""d"":7,""excl_opp_detectors"":""True"",""k"":4,""l"":8,""leak_heralds"":""False"",""leak_repump"":""True"",""leakage"":""True"",""loss"":""True"",""m"":3,""n"":48,""noise"":""rl_helios"",""p"":0.001,""prllel_1q"":16,""prllel_2q"":4,""r"":20,""repump_cycles"":3,""seq_meas"":""True"",""seq_ops"":""True"",""swapLRC"":""False""}",
        64,         0,         0,   0.061,bposd,6d1ddacfb3af8946e01e6fa1f4a73feb1ff89b1e055e733a9f2c9e62f953590b,"{""A"":""x0y0+x1y0"",""B"":""x0y0+x0y1+x3y2"",""b"":""X"",""d"":7,""excl_opp_detectors"":""True"",""k"":4,""l"":8,""leak_heralds"":""False"",""leak_repump"":""True"",""leakage"":""True"",""loss"":""True"",""m"":3,""n"":48,""noise"":""rl_helios"",""p"":0.001,""prllel_1q"":16,""prllel_2q"":4,""r"":20,""repump_cycles"":3,""seq_meas"":""True"",""seq_ops"":""True"",""swapLRC"":""False""}",
        32,         0,         0,    2.04,bposd,fc034e74c25f52c7dca5bec3ced3fbedd720fbeb24afc199749aab9c2019f874,"{""A"":""x2y0+x8y1"",""B"":""x0y1+x4y1+x14y1"",""b"":""X"",""d"":8,""excl_opp_detectors"":""True"",""k"":4,""l"":15,""leak_heralds"":""False"",""leak_repump"":""True"",""leakage"":""True"",""loss"":""True"",""m"":2,""n"":60,""noise"":""rl_helios"",""p"":0.001,""prllel_1q"":16,""prllel_2q"":4,""r"":20,""repump_cycles"":3,""seq_meas"":""True"",""seq_ops"":""True"",""swapLRC"":""False""}",
        64,         0,         0,    2.94,bposd,fc034e74c25f52c7dca5bec3ced3fbedd720fbeb24afc199749aab9c2019f874,"{""A"":""x2y0+x8y1"",""B"":""x0y1+x4y1+x14y1"",""b"":""X"",""d"":8,""excl_opp_detectors"":""True"",""k"":4,""l"":15,""leak_heralds"":""False"",""leak_repump"":""True"",""leakage"":""True"",""loss"":""True"",""m"":2,""n"":60,""noise"":""rl_helios"",""p"":0.001,""prllel_1q"":16,""prllel_2q"":4,""r"":20,""repump_cycles"":3,""seq_meas"":""True"",""seq_ops"":""True"",""swapLRC"":""False""}",
       608,         2,         0,    25.0,bposd,fc034e74c25f52c7dca5bec3ced3fbedd720fbeb24afc199749aab9c2019f874,"{""A"":""x2y0+x8y1"",""B"":""x0y1+x4y1+x14y1"",""b"":""X"",""d"":8,""excl_opp_detectors"":""True"",""k"":4,""l"":15,""leak_heralds"":""False"",""leak_repump"":""True"",""leakage"":""True"",""loss"":""True"",""m"":2,""n"":60,""noise"":""rl_helios"",""p"":0.001,""prllel_1q"":16,""prllel_2q"":4,""r"":20,""repump_cycles"":3,""seq_meas"":""True"",""seq_ops"":""True"",""swapLRC"":""False""}",
        32,         0,         0,   0.356,bposd,fc034e74c25f52c7dca5bec3ced3fbedd720fbeb24afc199749aab9c2019f874,"{""A"":""x2y0+x8y1"",""B"":""x0y1+x4y1+x14y1"",""b"":""X"",""d"":8,""excl_opp_detectors"":""True"",""k"":4,""l"":15,""leak_heralds"":""False"",""leak_repump"":""True"",""leakage"":""True"",""loss"":""True"",""m"":2,""n"":60,""noise"":""rl_helios"",""p"":0.001,""prllel_1q"":16,""prllel_2q"":4,""r"":20,""repump_cycles"":3,""seq_meas"":""True"",""seq_ops"":""True"",""swapLRC"":""False""}",
        32,         0,         0,   0.278,bposd,fc034e74c25f52c7dca5bec3ced3fbedd720fbeb24afc199749aab9c2019f874,"{""A"":""x2y0+x8y1"",""B"":""x0y1+x4y1+x14y1"",""b"":""X"",""d"":8,""excl_opp_detectors"":""True"",""k"":4,""l"":15,""leak_heralds"":""False"",""leak_repump"":""True"",""leakage"":""True"",""loss"":""True"",""m"":2,""n"":60,""noise"":""rl_helios"",""p"":0.001,""prllel_1q"":16,""prllel_2q"":4,""r"":20,""repump_cycles"":3,""seq_meas"":""True"",""seq_ops"":""True"",""swapLRC"":""False""}",
        64,         0,         0,    6.63,bposd,fc034e74c25f52c7dca5bec3ced3fbedd720fbeb24afc199749aab9c2019f874,"{""A"":""x2y0+x8y1"",""B"":""x0y1+x4y1+x14y1"",""b"":""X"",""d"":8,""excl_opp_detectors"":""True"",""k"":4,""l"":15,""leak_heralds"":""False"",""leak_repump"":""True"",""leakage"":""True"",""loss"":""True"",""m"":2,""n"":60,""noise"":""rl_helios"",""p"":0.001,""prllel_1q"":16,""prllel_2q"":4,""r"":20,""repump_cycles"":3,""seq_meas"":""True"",""seq_ops"":""True"",""swapLRC"":""False""}",
       128,         0,         0,    2.73,bposd,6d1ddacfb3af8946e01e6fa1f4a73feb1ff89b1e055e733a9f2c9e62f953590b,"{""A"":""x0y0+x1y0"",""B"":""x0y0+x0y1+x3y2"",""b"":""X"",""d"":7,""excl_opp_detectors"":""True"",""k"":4,""l"":8,""leak_heralds"":""False"",""leak_repump"":""True"",""leakage"":""True"",""loss"":""True"",""m"":3,""n"":48,""noise"":""rl_helios"",""p"":0.001,""prllel_1q"":16,""prllel_2q"":4,""r"":20,""repump_cycles"":3,""seq_meas"":""True"",""seq_ops"":""True"",""swapLRC"":""False""}",
        64,         0,         0,    2.40,bposd,6d1ddacfb3af8946e01e6fa1f4a73feb1ff89b1e055e733a9f2c9e62f953590b,"{""A"":""x0y0+x1y0"",""B"":""x0y0+x0y1+x3y2"",""b"":""X"",""d"":7,""excl_opp_detectors"":""True"",""k"":4,""l"":8,""leak_heralds"":""False"",""leak_repump"":""True"",""leakage"":""True"",""loss"":""True"",""m"":3,""n"":48,""noise"":""rl_helios"",""p"":0.001,""prllel_1q"":16,""prllel_2q"":4,""r"":20,""repump_cycles"":3,""seq_meas"":""True"",""seq_ops"":""True"",""swapLRC"":""False""}",
        64,         0,         0,   0.839,bposd,fc034e74c25f52c7dca5bec3ced3fbedd720fbeb24afc199749aab9c2019f874,"{""A"":""x2y0+x8y1"",""B"":""x0y1+x4y1+x14y1"",""b"":""X"",""d"":8,""excl_opp_detectors"":""True"",""k"":4,""l"":15,""leak_heralds"":""False"",""leak_repump"":""True"",""leakage"":""True"",""loss"":""True"",""m"":2,""n"":60,""noise"":""rl_helios"",""p"":0.001,""prllel_1q"":16,""prllel_2q"":4,""r"":20,""repump_cycles"":3,""seq_meas"":""True"",""seq_ops"":""True"",""swapLRC"":""False""}",
        64,         0,         0,   0.850,bposd,6d1ddacfb3af8946e01e6fa1f4a73feb1ff89b1e055e733a9f2c9e62f953590b,"{""A"":""x0y0+x1y0"",""B"":""x0y0+x0y1+x3y2"",""b"":""X"",""d"":7,""excl_opp_detectors"":""True"",""k"":4,""l"":8,""leak_heralds"":""False"",""leak_repump"":""True"",""leakage"":""True"",""loss"":""True"",""m"":3,""n"":48,""noise"":""rl_helios"",""p"":0.001,""prllel_1q"":16,""prllel_2q"":4,""r"":20,""repump_cycles"":3,""seq_meas"":""True"",""seq_ops"":""True"",""swapLRC"":""False""}",
        16,         1,         0,    2.40,bposd,fc034e74c25f52c7dca5bec3ced3fbedd720fbeb24afc199749aab9c2019f874,"{""A"":""x2y0+x8y1"",""B"":""x0y1+x4y1+x14y1"",""b"":""X"",""d"":8,""excl_opp_detectors"":""True"",""k"":4,""l"":15,""leak_heralds"":""False"",""leak_repump"":""True"",""leakage"":""True"",""loss"":""True"",""m"":2,""n"":60,""noise"":""rl_helios"",""p"":0.001,""prllel_1q"":16,""prllel_2q"":4,""r"":20,""repump_cycles"":3,""seq_meas"":""True"",""seq_ops"":""True"",""swapLRC"":""False""}",
       256,         0,         0,    5.77,bposd,fc034e74c25f52c7dca5bec3ced3fbedd720fbeb24afc199749aab9c2019f874,"{""A"":""x2y0+x8y1"",""B"":""x0y1+x4y1+x14y1"",""b"":""X"",""d"":8,""excl_opp_detectors"":""True"",""k"":4,""l"":15,""leak_heralds"":""False"",""leak_repump"":""True"",""leakage"":""True"",""loss"":""True"",""m"":2,""n"":60,""noise"":""rl_helios"",""p"":0.001,""prllel_1q"":16,""prllel_2q"":4,""r"":20,""repump_cycles"":3,""seq_meas"":""True"",""seq_ops"":""True"",""swapLRC"":""False""}",
        64,         0,         0,   0.873,bposd,6d1ddacfb3af8946e01e6fa1f4a73feb1ff89b1e055e733a9f2c9e62f953590b,"{""A"":""x0y0+x1y0"",""B"":""x0y0+x0y1+x3y2"",""b"":""X"",""d"":7,""excl_opp_detectors"":""True"",""k"":4,""l"":8,""leak_heralds"":""False"",""leak_repump"":""True"",""leakage"":""True"",""loss"":""True"",""m"":3,""n"":48,""noise"":""rl_helios"",""p"":0.001,""prllel_1q"":16,""prllel_2q"":4,""r"":20,""repump_cycles"":3,""seq_meas"":""True"",""seq_ops"":""True"",""swapLRC"":""False""}",
       136,         2,         0,    12.7,bposd,d2e31a876ff9ab44086a0403902670ab7f3daf025f64a4ada3171d61ce3ff2f5,"{""A"":""x2y0+x8y1"",""B"":""x0y1+x4y1+x14y1"",""b"":""X"",""d"":8,""excl_opp_detectors"":""True"",""k"":4,""l"":15,""leak_heralds"":""False"",""leak_repump"":""True"",""leakage"":""True"",""loss"":""True"",""m"":2,""n"":60,""noise"":""rl_helios"",""p"":0.002,""prllel_1q"":16,""prllel_2q"":4,""r"":20,""repump_cycles"":3,""seq_meas"":""True"",""seq_ops"":""True"",""swapLRC"":""False""}",
       192,         0,         0,    7.39,bposd,6d1ddacfb3af8946e01e6fa1f4a73feb1ff89b1e055e733a9f2c9e62f953590b,"{""A"":""x0y0+x1y0"",""B"":""x0y0+x0y1+x3y2"",""b"":""X"",""d"":7,""excl_opp_detectors"":""True"",""k"":4,""l"":8,""leak_heralds"":""False"",""leak_repump"":""True"",""leakage"":""True"",""loss"":""True"",""m"":3,""n"":48,""noise"":""rl_helios"",""p"":0.001,""prllel_1q"":16,""prllel_2q"":4,""r"":20,""repump_cycles"":3,""seq_meas"":""True"",""seq_ops"":""True"",""swapLRC"":""False""}",
        64,         0,         0,    1.74,bposd,fc034e74c25f52c7dca5bec3ced3fbedd720fbeb24afc199749aab9c2019f874,"{""A"":""x2y0+x8y1"",""B"":""x0y1+x4y1+x14y1"",""b"":""X"",""d"":8,""excl_opp_detectors"":""True"",""k"":4,""l"":15,""leak_heralds"":""False"",""leak_repump"":""True"",""leakage"":""True"",""loss"":""True"",""m"":2,""n"":60,""noise"":""rl_helios"",""p"":0.001,""prllel_1q"":16,""prllel_2q"":4,""r"":20,""repump_cycles"":3,""seq_meas"":""True"",""seq_ops"":""True"",""swapLRC"":""False""}",
        64,         1,         0,    12.0,bposd,d2e31a876ff9ab44086a0403902670ab7f3daf025f64a4ada3171d61ce3ff2f5,"{""A"":""x2y0+x8y1"",""B"":""x0y1+x4y1+x14y1"",""b"":""X"",""d"":8,""excl_opp_detectors"":""True"",""k"":4,""l"":15,""leak_heralds"":""False"",""leak_repump"":""True"",""leakage"":""True"",""loss"":""True"",""m"":2,""n"":60,""noise"":""rl_helios"",""p"":0.002,""prllel_1q"":16,""prllel_2q"":4,""r"":20,""repump_cycles"":3,""seq_meas"":""True"",""seq_ops"":""True"",""swapLRC"":""False""}",
        32,         0,         0,   0.371,bposd,d2e31a876ff9ab44086a0403902670ab7f3daf025f64a4ada3171d61ce3ff2f5,"{""A"":""x2y0+x8y1"",""B"":""x0y1+x4y1+x14y1"",""b"":""X"",""d"":8,""excl_opp_detectors"":""True"",""k"":4,""l"":15,""leak_heralds"":""False"",""leak_repump"":""True"",""leakage"":""True"",""loss"":""True"",""m"":2,""n"":60,""noise"":""rl_helios"",""p"":0.002,""prllel_1q"":16,""prllel_2q"":4,""r"":20,""repump_cycles"":3,""seq_meas"":""True"",""seq_ops"":""True"",""swapLRC"":""False""}",
       128,         1,         0,    7.49,bposd,fc034e74c25f52c7dca5bec3ced3fbedd720fbeb24afc199749aab9c2019f874,"{""A"":""x2y0+x8y1"",""B"":""x0y1+x4y1+x14y1"",""b"":""X"",""d"":8,""excl_opp_detectors"":""True"",""k"":4,""l"":15,""leak_heralds"":""False"",""leak_repump"":""True"",""leakage"":""True"",""loss"":""True"",""m"":2,""n"":60,""noise"":""rl_helios"",""p"":0.001,""prllel_1q"":16,""prllel_2q"":4,""r"":20,""repump_cycles"":3,""seq_meas"":""True"",""seq_ops"":""True"",""swapLRC"":""False""}",
       300,         2,         0,    39.8,bposd,d2e31a876ff9ab44086a0403902670ab7f3daf025f64a4ada3171d61ce3ff2f5,"{""A"":""x2y0+x8y1"",""B"":""x0y1+x4y1+x14y1"",""b"":""X"",""d"":8,""excl_opp_detectors"":""True"",""k"":4,""l"":15,""leak_heralds"":""False"",""leak_repump"":""True"",""leakage"":""True"",""loss"":""True"",""m"":2,""n"":60,""noise"":""rl_helios"",""p"":0.002,""prllel_1q"":16,""prllel_2q"":4,""r"":20,""repump_cycles"":3,""seq_meas"":""True"",""seq_ops"":""True"",""swapLRC"":""False""}",
       132,         1,         0,    23.3,bposd,d2e31a876ff9ab44086a0403902670ab7f3daf025f64a4ada3171d61ce3ff2f5,"{""A"":""x2y0+x8y1"",""B"":""x0y1+x4y1+x14y1"",""b"":""X"",""d"":8,""excl_opp_detectors"":""True"",""k"":4,""l"":15,""leak_heralds"":""False"",""leak_repump"":""True"",""leakage"":""True"",""loss"":""True"",""m"":2,""n"":60,""noise"":""rl_helios"",""p"":0.002,""prllel_1q"":16,""prllel_2q"":4,""r"":20,""repump_cycles"":3,""seq_meas"":""True"",""seq_ops"":""True"",""swapLRC"":""False""}",
       352,         1,         0,    17.2,bposd,6d1ddacfb3af8946e01e6fa1f4a73feb1ff89b1e055e733a9f2c9e62f953590b,"{""A"":""x0y0+x1y0"",""B"":""x0y0+x0y1+x3y2"",""b"":""X"",""d"":7,""excl_opp_detectors"":""True"",""k"":4,""l"":8,""leak_heralds"":""False"",""leak_repump"":""True"",""leakage"":""True"",""loss"":""True"",""m"":3,""n"":48,""noise"":""rl_helios"",""p"":0.001,""prllel_1q"":16,""prllel_2q"":4,""r"":20,""repump_cycles"":3,""seq_meas"":""True"",""seq_ops"":""True"",""swapLRC"":""False""}",
        32,         0,         0,    3.22,bposd,6d1ddacfb3af8946e01e6fa1f4a73feb1ff89b1e055e733a9f2c9e62f953590b,"{""A"":""x0y0+x1y0"",""B"":""x0y0+x0y1+x3y2"",""b"":""X"",""d"":7,""excl_opp_detectors"":""True"",""k"":4,""l"":8,""leak_heralds"":""False"",""leak_repump"":""True"",""leakage"":""True"",""loss"":""True"",""m"":3,""n"":48,""noise"":""rl_helios"",""p"":0.001,""prllel_1q"":16,""prllel_2q"":4,""r"":20,""repump_cycles"":3,""seq_meas"":""True"",""seq_ops"":""True"",""swapLRC"":""False""}",
        64,         1,         0,    10.1,bposd,d2e31a876ff9ab44086a0403902670ab7f3daf025f64a4ada3171d61ce3ff2f5,"{""A"":""x2y0+x8y1"",""B"":""x0y1+x4y1+x14y1"",""b"":""X"",""d"":8,""excl_opp_detectors"":""True"",""k"":4,""l"":15,""leak_heralds"":""False"",""leak_repump"":""True"",""leakage"":""True"",""loss"":""True"",""m"":2,""n"":60,""noise"":""rl_helios"",""p"":0.002,""prllel_1q"":16,""prllel_2q"":4,""r"":20,""repump_cycles"":3,""seq_meas"":""True"",""seq_ops"":""True"",""swapLRC"":""False""}",
        64,         0,         0,    2.07,bposd,6d1ddacfb3af8946e01e6fa1f4a73feb1ff89b1e055e733a9f2c9e62f953590b,"{""A"":""x0y0+x1y0"",""B"":""x0y0+x0y1+x3y2"",""b"":""X"",""d"":7,""excl_opp_detectors"":""True"",""k"":4,""l"":8,""leak_heralds"":""False"",""leak_repump"":""True"",""leakage"":""True"",""loss"":""True"",""m"":3,""n"":48,""noise"":""rl_helios"",""p"":0.001,""prllel_1q"":16,""prllel_2q"":4,""r"":20,""repump_cycles"":3,""seq_meas"":""True"",""seq_ops"":""True"",""swapLRC"":""False""}",
       320,         0,         0,    8.75,bposd,6d1ddacfb3af8946e01e6fa1f4a73feb1ff89b1e055e733a9f2c9e62f953590b,"{""A"":""x0y0+x1y0"",""B"":""x0y0+x0y1+x3y2"",""b"":""X"",""d"":7,""excl_opp_detectors"":""True"",""k"":4,""l"":8,""leak_heralds"":""False"",""leak_repump"":""True"",""leakage"":""True"",""loss"":""True"",""m"":3,""n"":48,""noise"":""rl_helios"",""p"":0.001,""prllel_1q"":16,""prllel_2q"":4,""r"":20,""repump_cycles"":3,""seq_meas"":""True"",""seq_ops"":""True"",""swapLRC"":""False""}",
        64,         0,         0,    1.69,bposd,fc034e74c25f52c7dca5bec3ced3fbedd720fbeb24afc199749aab9c2019f874,"{""A"":""x2y0+x8y1"",""B"":""x0y1+x4y1+x14y1"",""b"":""X"",""d"":8,""excl_opp_detectors"":""True"",""k"":4,""l"":15,""leak_heralds"":""False"",""leak_repump"":""True"",""leakage"":""True"",""loss"":""True"",""m"":2,""n"":60,""noise"":""rl_helios"",""p"":0.001,""prllel_1q"":16,""prllel_2q"":4,""r"":20,""repump_cycles"":3,""seq_meas"":""True"",""seq_ops"":""True"",""swapLRC"":""False""}",
        32,         0,         0,   0.073,bposd,fc034e74c25f52c7dca5bec3ced3fbedd720fbeb24afc199749aab9c2019f874,"{""A"":""x2y0+x8y1"",""B"":""x0y1+x4y1+x14y1"",""b"":""X"",""d"":8,""excl_opp_detectors"":""True"",""k"":4,""l"":15,""leak_heralds"":""False"",""leak_repump"":""True"",""leakage"":""True"",""loss"":""True"",""m"":2,""n"":60,""noise"":""rl_helios"",""p"":0.001,""prllel_1q"":16,""prllel_2q"":4,""r"":20,""repump_cycles"":3,""seq_meas"":""True"",""seq_ops"":""True"",""swapLRC"":""False""}",
       160,         0,         0,    2.96,bposd,fc034e74c25f52c7dca5bec3ced3fbedd720fbeb24afc199749aab9c2019f874,"{""A"":""x2y0+x8y1"",""B"":""x0y1+x4y1+x14y1"",""b"":""X"",""d"":8,""excl_opp_detectors"":""True"",""k"":4,""l"":15,""leak_heralds"":""False"",""leak_repump"":""True"",""leakage"":""True"",""loss"":""True"",""m"":2,""n"":60,""noise"":""rl_helios"",""p"":0.001,""prllel_1q"":16,""prllel_2q"":4,""r"":20,""repump_cycles"":3,""seq_meas"":""True"",""seq_ops"":""True"",""swapLRC"":""False""}",
       256,         0,         0,    6.68,bposd,fc034e74c25f52c7dca5bec3ced3fbedd720fbeb24afc199749aab9c2019f874,"{""A"":""x2y0+x8y1"",""B"":""x0y1+x4y1+x14y1"",""b"":""X"",""d"":8,""excl_opp_detectors"":""True"",""k"":4,""l"":15,""leak_heralds"":""False"",""leak_repump"":""True"",""leakage"":""True"",""loss"":""True"",""m"":2,""n"":60,""noise"":""rl_helios"",""p"":0.001,""prllel_1q"":16,""prllel_2q"":4,""r"":20,""repump_cycles"":3,""seq_meas"":""True"",""seq_ops"":""True"",""swapLRC"":""False""}",
        32,         1,         0,    3.35,bposd,d2e31a876ff9ab44086a0403902670ab7f3daf025f64a4ada3171d61ce3ff2f5,"{""A"":""x2y0+x8y1"",""B"":""x0y1+x4y1+x14y1"",""b"":""X"",""d"":8,""excl_opp_detectors"":""True"",""k"":4,""l"":15,""leak_heralds"":""False"",""leak_repump"":""True"",""leakage"":""True"",""loss"":""True"",""m"":2,""n"":60,""noise"":""rl_helios"",""p"":0.002,""prllel_1q"":16,""prllel_2q"":4,""r"":20,""repump_cycles"":3,""seq_meas"":""True"",""seq_ops"":""True"",""swapLRC"":""False""}",
       352,         0,         0,    10.1,bposd,6d1ddacfb3af8946e01e6fa1f4a73feb1ff89b1e055e733a9f2c9e62f953590b,"{""A"":""x0y0+x1y0"",""B"":""x0y0+x0y1+x3y2"",""b"":""X"",""d"":7,""excl_opp_detectors"":""True"",""k"":4,""l"":8,""leak_heralds"":""False"",""leak_repump"":""True"",""leakage"":""True"",""loss"":""True"",""m"":3,""n"":48,""noise"":""rl_helios"",""p"":0.001,""prllel_1q"":16,""prllel_2q"":4,""r"":20,""repump_cycles"":3,""seq_meas"":""True"",""seq_ops"":""True"",""swapLRC"":""False""}",
       272,         0,         0,    3.00,bposd,6d1ddacfb3af8946e01e6fa1f4a73feb1ff89b1e055e733a9f2c9e62f953590b,"{""A"":""x0y0+x1y0"",""B"":""x0y0+x0y1+x3y2"",""b"":""X"",""d"":7,""excl_opp_detectors"":""True"",""k"":4,""l"":8,""leak_heralds"":""False"",""leak_repump"":""True"",""leakage"":""True"",""loss"":""True"",""m"":3,""n"":48,""noise"":""rl_helios"",""p"":0.001,""prllel_1q"":16,""prllel_2q"":4,""r"":20,""repump_cycles"":3,""seq_meas"":""True"",""seq_ops"":""True"",""swapLRC"":""False""}",
       288,         0,         0,    2.87,bposd,6d1ddacfb3af8946e01e6fa1f4a73feb1ff89b1e055e733a9f2c9e62f953590b,"{""A"":""x0y0+x1y0"",""B"":""x0y0+x0y1+x3y2"",""b"":""X"",""d"":7,""excl_opp_detectors"":""True"",""k"":4,""l"":8,""leak_heralds"":""False"",""leak_repump"":""True"",""leakage"":""True"",""loss"":""True"",""m"":3,""n"":48,""noise"":""rl_helios"",""p"":0.001,""prllel_1q"":16,""prllel_2q"":4,""r"":20,""repump_cycles"":3,""seq_meas"":""True"",""seq_ops"":""True"",""swapLRC"":""False""}",
       128,         0,         0,    5.41,bposd,fc034e74c25f52c7dca5bec3ced3fbedd720fbeb24afc199749aab9c2019f874,"{""A"":""x2y0+x8y1"",""B"":""x0y1+x4y1+x14y1"",""b"":""X"",""d"":8,""excl_opp_detectors"":""True"",""k"":4,""l"":15,""leak_heralds"":""False"",""leak_repump"":""True"",""leakage"":""True"",""loss"":""True"",""m"":2,""n"":60,""noise"":""rl_helios"",""p"":0.001,""prllel_1q"":16,""prllel_2q"":4,""r"":20,""repump_cycles"":3,""seq_meas"":""True"",""seq_ops"":""True"",""swapLRC"":""False""}",
        64,         0,         0,    1.93,bposd,fc034e74c25f52c7dca5bec3ced3fbedd720fbeb24afc199749aab9c2019f874,"{""A"":""x2y0+x8y1"",""B"":""x0y1+x4y1+x14y1"",""b"":""X"",""d"":8,""excl_opp_detectors"":""True"",""k"":4,""l"":15,""leak_heralds"":""False"",""leak_repump"":""True"",""leakage"":""True"",""loss"":""True"",""m"":2,""n"":60,""noise"":""rl_helios"",""p"":0.001,""prllel_1q"":16,""prllel_2q"":4,""r"":20,""repump_cycles"":3,""seq_meas"":""True"",""seq_ops"":""True"",""swapLRC"":""False""}",
       136,         1,         0,    5.97,bposd,fc034e74c25f52c7dca5bec3ced3fbedd720fbeb24afc199749aab9c2019f874,"{""A"":""x2y0+x8y1"",""B"":""x0y1+x4y1+x14y1"",""b"":""X"",""d"":8,""excl_opp_detectors"":""True"",""k"":4,""l"":15,""leak_heralds"":""False"",""leak_repump"":""True"",""leakage"":""True"",""loss"":""True"",""m"":2,""n"":60,""noise"":""rl_helios"",""p"":0.001,""prllel_1q"":16,""prllel_2q"":4,""r"":20,""repump_cycles"":3,""seq_meas"":""True"",""seq_ops"":""True"",""swapLRC"":""False""}",
       384,         0,         0,    17.7,bposd,fc034e74c25f52c7dca5bec3ced3fbedd720fbeb24afc199749aab9c2019f874,"{""A"":""x2y0+x8y1"",""B"":""x0y1+x4y1+x14y1"",""b"":""X"",""d"":8,""excl_opp_detectors"":""True"",""k"":4,""l"":15,""leak_heralds"":""False"",""leak_repump"":""True"",""leakage"":""True"",""loss"":""True"",""m"":2,""n"":60,""noise"":""rl_helios"",""p"":0.001,""prllel_1q"":16,""prllel_2q"":4,""r"":20,""repump_cycles"":3,""seq_meas"":""True"",""seq_ops"":""True"",""swapLRC"":""False""}",
        16,         0,         0,    2.07,bposd,d2e31a876ff9ab44086a0403902670ab7f3daf025f64a4ada3171d61ce3ff2f5,"{""A"":""x2y0+x8y1"",""B"":""x0y1+x4y1+x14y1"",""b"":""X"",""d"":8,""excl_opp_detectors"":""True"",""k"":4,""l"":15,""leak_heralds"":""False"",""leak_repump"":""True"",""leakage"":""True"",""loss"":""True"",""m"":2,""n"":60,""noise"":""rl_helios"",""p"":0.002,""prllel_1q"":16,""prllel_2q"":4,""r"":20,""repump_cycles"":3,""seq_meas"":""True"",""seq_ops"":""True"",""swapLRC"":""False""}",
       136,         1,         0,    25.0,bposd,d2e31a876ff9ab44086a0403902670ab7f3daf025f64a4ada3171d61ce3ff2f5,"{""A"":""x2y0+x8y1"",""B"":""x0y1+x4y1+x14y1"",""b"":""X"",""d"":8,""excl_opp_detectors"":""True"",""k"":4,""l"":15,""leak_heralds"":""False"",""leak_repump"":""True"",""leakage"":""True"",""loss"":""True"",""m"":2,""n"":60,""noise"":""rl_helios"",""p"":0.002,""prllel_1q"":16,""prllel_2q"":4,""r"":20,""repump_cycles"":3,""seq_meas"":""True"",""seq_ops"":""True"",""swapLRC"":""False""}",
        32,         0,         0,    2.33,bposd,fc034e74c25f52c7dca5bec3ced3fbedd720fbeb24afc199749aab9c2019f874,"{""A"":""x2y0+x8y1"",""B"":""x0y1+x4y1+x14y1"",""b"":""X"",""d"":8,""excl_opp_detectors"":""True"",""k"":4,""l"":15,""leak_heralds"":""False"",""leak_repump"":""True"",""leakage"":""True"",""loss"":""True"",""m"":2,""n"":60,""noise"":""rl_helios"",""p"":0.001,""prllel_1q"":16,""prllel_2q"":4,""r"":20,""repump_cycles"":3,""seq_meas"":""True"",""seq_ops"":""True"",""swapLRC"":""False""}",
       336,         0,         0,    8.03,bposd,6d1ddacfb3af8946e01e6fa1f4a73feb1ff89b1e055e733a9f2c9e62f953590b,"{""A"":""x0y0+x1y0"",""B"":""x0y0+x0y1+x3y2"",""b"":""X"",""d"":7,""excl_opp_detectors"":""True"",""k"":4,""l"":8,""leak_heralds"":""False"",""leak_repump"":""True"",""leakage"":""True"",""loss"":""True"",""m"":3,""n"":48,""noise"":""rl_helios"",""p"":0.001,""prllel_1q"":16,""prllel_2q"":4,""r"":20,""repump_cycles"":3,""seq_meas"":""True"",""seq_ops"":""True"",""swapLRC"":""False""}",
        64,         0,         0,    2.81,bposd,fc034e74c25f52c7dca5bec3ced3fbedd720fbeb24afc199749aab9c2019f874,"{""A"":""x2y0+x8y1"",""B"":""x0y1+x4y1+x14y1"",""b"":""X"",""d"":8,""excl_opp_detectors"":""True"",""k"":4,""l"":15,""leak_heralds"":""False"",""leak_repump"":""True"",""leakage"":""True"",""loss"":""True"",""m"":2,""n"":60,""noise"":""rl_helios"",""p"":0.001,""prllel_1q"":16,""prllel_2q"":4,""r"":20,""repump_cycles"":3,""seq_meas"":""True"",""seq_ops"":""True"",""swapLRC"":""False""}",
       256,         0,         0,    6.27,bposd,6d1ddacfb3af8946e01e6fa1f4a73feb1ff89b1e055e733a9f2c9e62f953590b,"{""A"":""x0y0+x1y0"",""B"":""x0y0+x0y1+x3y2"",""b"":""X"",""d"":7,""excl_opp_detectors"":""True"",""k"":4,""l"":8,""leak_heralds"":""False"",""leak_repump"":""True"",""leakage"":""True"",""loss"":""True"",""m"":3,""n"":48,""noise"":""rl_helios"",""p"":0.001,""prllel_1q"":16,""prllel_2q"":4,""r"":20,""repump_cycles"":3,""seq_meas"":""True"",""seq_ops"":""True"",""swapLRC"":""False""}",
       512,         1,         0,    12.1,bposd,6d1ddacfb3af8946e01e6fa1f4a73feb1ff89b1e055e733a9f2c9e62f953590b,"{""A"":""x0y0+x1y0"",""B"":""x0y0+x0y1+x3y2"",""b"":""X"",""d"":7,""excl_opp_detectors"":""True"",""k"":4,""l"":8,""leak_heralds"":""False"",""leak_repump"":""True"",""leakage"":""True"",""loss"":""True"",""m"":3,""n"":48,""noise"":""rl_helios"",""p"":0.001,""prllel_1q"":16,""prllel_2q"":4,""r"":20,""repump_cycles"":3,""seq_meas"":""True"",""seq_ops"":""True"",""swapLRC"":""False""}",
       136,         3,         0,    15.1,bposd,d2e31a876ff9ab44086a0403902670ab7f3daf025f64a4ada3171d61ce3ff2f5,"{""A"":""x2y0+x8y1"",""B"":""x0y1+x4y1+x14y1"",""b"":""X"",""d"":8,""excl_opp_detectors"":""True"",""k"":4,""l"":15,""leak_heralds"":""False"",""leak_repump"":""True"",""leakage"":""True"",""loss"":""True"",""m"":2,""n"":60,""noise"":""rl_helios"",""p"":0.002,""prllel_1q"":16,""prllel_2q"":4,""r"":20,""repump_cycles"":3,""seq_meas"":""True"",""seq_ops"":""True"",""swapLRC"":""False""}",
         8,         0,         0,    2.61,bposd,d2e31a876ff9ab44086a0403902670ab7f3daf025f64a4ada3171d61ce3ff2f5,"{""A"":""x2y0+x8y1"",""B"":""x0y1+x4y1+x14y1"",""b"":""X"",""d"":8,""excl_opp_detectors"":""True"",""k"":4,""l"":15,""leak_heralds"":""False"",""leak_repump"":""True"",""leakage"":""True"",""loss"":""True"",""m"":2,""n"":60,""noise"":""rl_helios"",""p"":0.002,""prllel_1q"":16,""prllel_2q"":4,""r"":20,""repump_cycles"":3,""seq_meas"":""True"",""seq_ops"":""True"",""swapLRC"":""False""}",
       128,         0,         0,    4.49,bposd,6d1ddacfb3af8946e01e6fa1f4a73feb1ff89b1e055e733a9f2c9e62f953590b,"{""A"":""x0y0+x1y0"",""B"":""x0y0+x0y1+x3y2"",""b"":""X"",""d"":7,""excl_opp_detectors"":""True"",""k"":4,""l"":8,""leak_heralds"":""False"",""leak_repump"":""True"",""leakage"":""True"",""loss"":""True"",""m"":3,""n"":48,""noise"":""rl_helios"",""p"":0.001,""prllel_1q"":16,""prllel_2q"":4,""r"":20,""repump_cycles"":3,""seq_meas"":""True"",""seq_ops"":""True"",""swapLRC"":""False""}",
       128,         0,         0,    5.32,bposd,6d1ddacfb3af8946e01e6fa1f4a73feb1ff89b1e055e733a9f2c9e62f953590b,"{""A"":""x0y0+x1y0"",""B"":""x0y0+x0y1+x3y2"",""b"":""X"",""d"":7,""excl_opp_detectors"":""True"",""k"":4,""l"":8,""leak_heralds"":""False"",""leak_repump"":""True"",""leakage"":""True"",""loss"":""True"",""m"":3,""n"":48,""noise"":""rl_helios"",""p"":0.001,""prllel_1q"":16,""prllel_2q"":4,""r"":20,""repump_cycles"":3,""seq_meas"":""True"",""seq_ops"":""True"",""swapLRC"":""False""}",
       736,         0,         0,    20.9,bposd,fc034e74c25f52c7dca5bec3ced3fbedd720fbeb24afc199749aab9c2019f874,"{""A"":""x2y0+x8y1"",""B"":""x0y1+x4y1+x14y1"",""b"":""X"",""d"":8,""excl_opp_detectors"":""True"",""k"":4,""l"":15,""leak_heralds"":""False"",""leak_repump"":""True"",""leakage"":""True"",""loss"":""True"",""m"":2,""n"":60,""noise"":""rl_helios"",""p"":0.001,""prllel_1q"":16,""prllel_2q"":4,""r"":20,""repump_cycles"":3,""seq_meas"":""True"",""seq_ops"":""True"",""swapLRC"":""False""}",
       320,         0,         0,    5.41,bposd,fc034e74c25f52c7dca5bec3ced3fbedd720fbeb24afc199749aab9c2019f874,"{""A"":""x2y0+x8y1"",""B"":""x0y1+x4y1+x14y1"",""b"":""X"",""d"":8,""excl_opp_detectors"":""True"",""k"":4,""l"":15,""leak_heralds"":""False"",""leak_repump"":""True"",""leakage"":""True"",""loss"":""True"",""m"":2,""n"":60,""noise"":""rl_helios"",""p"":0.001,""prllel_1q"":16,""prllel_2q"":4,""r"":20,""repump_cycles"":3,""seq_meas"":""True"",""seq_ops"":""True"",""swapLRC"":""False""}",
       832,         1,         0,    25.2,bposd,fc034e74c25f52c7dca5bec3ced3fbedd720fbeb24afc199749aab9c2019f874,"{""A"":""x2y0+x8y1"",""B"":""x0y1+x4y1+x14y1"",""b"":""X"",""d"":8,""excl_opp_detectors"":""True"",""k"":4,""l"":15,""leak_heralds"":""False"",""leak_repump"":""True"",""leakage"":""True"",""loss"":""True"",""m"":2,""n"":60,""noise"":""rl_helios"",""p"":0.001,""prllel_1q"":16,""prllel_2q"":4,""r"":20,""repump_cycles"":3,""seq_meas"":""True"",""seq_ops"":""True"",""swapLRC"":""False""}",
        64,         0,         0,    1.48,bposd,6d1ddacfb3af8946e01e6fa1f4a73feb1ff89b1e055e733a9f2c9e62f953590b,"{""A"":""x0y0+x1y0"",""B"":""x0y0+x0y1+x3y2"",""b"":""X"",""d"":7,""excl_opp_detectors"":""True"",""k"":4,""l"":8,""leak_heralds"":""False"",""leak_repump"":""True"",""leakage"":""True"",""loss"":""True"",""m"":3,""n"":48,""noise"":""rl_helios"",""p"":0.001,""prllel_1q"":16,""prllel_2q"":4,""r"":20,""repump_cycles"":3,""seq_meas"":""True"",""seq_ops"":""True"",""swapLRC"":""False""}",
        64,         1,         0,    11.5,bposd,d2e31a876ff9ab44086a0403902670ab7f3daf025f64a4ada3171d61ce3ff2f5,"{""A"":""x2y0+x8y1"",""B"":""x0y1+x4y1+x14y1"",""b"":""X"",""d"":8,""excl_opp_detectors"":""True"",""k"":4,""l"":15,""leak_heralds"":""False"",""leak_repump"":""True"",""leakage"":""True"",""loss"":""True"",""m"":2,""n"":60,""noise"":""rl_helios"",""p"":0.002,""prllel_1q"":16,""prllel_2q"":4,""r"":20,""repump_cycles"":3,""seq_meas"":""True"",""seq_ops"":""True"",""swapLRC"":""False""}",
        64,         0,         0,    3.44,bposd,6d1ddacfb3af8946e01e6fa1f4a73feb1ff89b1e055e733a9f2c9e62f953590b,"{""A"":""x0y0+x1y0"",""B"":""x0y0+x0y1+x3y2"",""b"":""X"",""d"":7,""excl_opp_detectors"":""True"",""k"":4,""l"":8,""leak_heralds"":""False"",""leak_repump"":""True"",""leakage"":""True"",""loss"":""True"",""m"":3,""n"":48,""noise"":""rl_helios"",""p"":0.001,""prllel_1q"":16,""prllel_2q"":4,""r"":20,""repump_cycles"":3,""seq_meas"":""True"",""seq_ops"":""True"",""swapLRC"":""False""}",
        64,         0,         0,    2.56,bposd,6d1ddacfb3af8946e01e6fa1f4a73feb1ff89b1e055e733a9f2c9e62f953590b,"{""A"":""x0y0+x1y0"",""B"":""x0y0+x0y1+x3y2"",""b"":""X"",""d"":7,""excl_opp_detectors"":""True"",""k"":4,""l"":8,""leak_heralds"":""False"",""leak_repump"":""True"",""leakage"":""True"",""loss"":""True"",""m"":3,""n"":48,""noise"":""rl_helios"",""p"":0.001,""prllel_1q"":16,""prllel_2q"":4,""r"":20,""repump_cycles"":3,""seq_meas"":""True"",""seq_ops"":""True"",""swapLRC"":""False""}",
       184,         1,         0,    36.3,bposd,d2e31a876ff9ab44086a0403902670ab7f3daf025f64a4ada3171d61ce3ff2f5,"{""A"":""x2y0+x8y1"",""B"":""x0y1+x4y1+x14y1"",""b"":""X"",""d"":8,""excl_opp_detectors"":""True"",""k"":4,""l"":15,""leak_heralds"":""False"",""leak_repump"":""True"",""leakage"":""True"",""loss"":""True"",""m"":2,""n"":60,""noise"":""rl_helios"",""p"":0.002,""prllel_1q"":16,""prllel_2q"":4,""r"":20,""repump_cycles"":3,""seq_meas"":""True"",""seq_ops"":""True"",""swapLRC"":""False""}",
       128,         0,         0,    2.01,bposd,fc034e74c25f52c7dca5bec3ced3fbedd720fbeb24afc199749aab9c2019f874,"{""A"":""x2y0+x8y1"",""B"":""x0y1+x4y1+x14y1"",""b"":""X"",""d"":8,""excl_opp_detectors"":""True"",""k"":4,""l"":15,""leak_heralds"":""False"",""leak_repump"":""True"",""leakage"":""True"",""loss"":""True"",""m"":2,""n"":60,""noise"":""rl_helios"",""p"":0.001,""prllel_1q"":16,""prllel_2q"":4,""r"":20,""repump_cycles"":3,""seq_meas"":""True"",""seq_ops"":""True"",""swapLRC"":""False""}",
      1104,         1,         0,    23.4,bposd,6d1ddacfb3af8946e01e6fa1f4a73feb1ff89b1e055e733a9f2c9e62f953590b,"{""A"":""x0y0+x1y0"",""B"":""x0y0+x0y1+x3y2"",""b"":""X"",""d"":7,""excl_opp_detectors"":""True"",""k"":4,""l"":8,""leak_heralds"":""False"",""leak_repump"":""True"",""leakage"":""True"",""loss"":""True"",""m"":3,""n"":48,""noise"":""rl_helios"",""p"":0.001,""prllel_1q"":16,""prllel_2q"":4,""r"":20,""repump_cycles"":3,""seq_meas"":""True"",""seq_ops"":""True"",""swapLRC"":""False""}",
        36,         1,         0,    3.79,bposd,d2e31a876ff9ab44086a0403902670ab7f3daf025f64a4ada3171d61ce3ff2f5,"{""A"":""x2y0+x8y1"",""B"":""x0y1+x4y1+x14y1"",""b"":""X"",""d"":8,""excl_opp_detectors"":""True"",""k"":4,""l"":15,""leak_heralds"":""False"",""leak_repump"":""True"",""leakage"":""True"",""loss"":""True"",""m"":2,""n"":60,""noise"":""rl_helios"",""p"":0.002,""prllel_1q"":16,""prllel_2q"":4,""r"":20,""repump_cycles"":3,""seq_meas"":""True"",""seq_ops"":""True"",""swapLRC"":""False""}",
       256,         0,         0,    4.40,bposd,6d1ddacfb3af8946e01e6fa1f4a73feb1ff89b1e055e733a9f2c9e62f953590b,"{""A"":""x0y0+x1y0"",""B"":""x0y0+x0y1+x3y2"",""b"":""X"",""d"":7,""excl_opp_detectors"":""True"",""k"":4,""l"":8,""leak_heralds"":""False"",""leak_repump"":""True"",""leakage"":""True"",""loss"":""True"",""m"":3,""n"":48,""noise"":""rl_helios"",""p"":0.001,""prllel_1q"":16,""prllel_2q"":4,""r"":20,""repump_cycles"":3,""seq_meas"":""True"",""seq_ops"":""True"",""swapLRC"":""False""}",
       136,         5,         0,    20.5,bposd,d2e31a876ff9ab44086a0403902670ab7f3daf025f64a4ada3171d61ce3ff2f5,"{""A"":""x2y0+x8y1"",""B"":""x0y1+x4y1+x14y1"",""b"":""X"",""d"":8,""excl_opp_detectors"":""True"",""k"":4,""l"":15,""leak_heralds"":""False"",""leak_repump"":""True"",""leakage"":""True"",""loss"":""True"",""m"":2,""n"":60,""noise"":""rl_helios"",""p"":0.002,""prllel_1q"":16,""prllel_2q"":4,""r"":20,""repump_cycles"":3,""seq_meas"":""True"",""seq_ops"":""True"",""swapLRC"":""False""}",
       640,         1,         0,    21.8,bposd,fc034e74c25f52c7dca5bec3ced3fbedd720fbeb24afc199749aab9c2019f874,"{""A"":""x2y0+x8y1"",""B"":""x0y1+x4y1+x14y1"",""b"":""X"",""d"":8,""excl_opp_detectors"":""True"",""k"":4,""l"":15,""leak_heralds"":""False"",""leak_repump"":""True"",""leakage"":""True"",""loss"":""True"",""m"":2,""n"":60,""noise"":""rl_helios"",""p"":0.001,""prllel_1q"":16,""prllel_2q"":4,""r"":20,""repump_cycles"":3,""seq_meas"":""True"",""seq_ops"":""True"",""swapLRC"":""False""}",
        16,         0,         0,    3.08,bposd,d2e31a876ff9ab44086a0403902670ab7f3daf025f64a4ada3171d61ce3ff2f5,"{""A"":""x2y0+x8y1"",""B"":""x0y1+x4y1+x14y1"",""b"":""X"",""d"":8,""excl_opp_detectors"":""True"",""k"":4,""l"":15,""leak_heralds"":""False"",""leak_repump"":""True"",""leakage"":""True"",""loss"":""True"",""m"":2,""n"":60,""noise"":""rl_helios"",""p"":0.002,""prllel_1q"":16,""prllel_2q"":4,""r"":20,""repump_cycles"":3,""seq_meas"":""True"",""seq_ops"":""True"",""swapLRC"":""False""}",
       160,         0,         0,    3.90,bposd,6d1ddacfb3af8946e01e6fa1f4a73feb1ff89b1e055e733a9f2c9e62f953590b,"{""A"":""x0y0+x1y0"",""B"":""x0y0+x0y1+x3y2"",""b"":""X"",""d"":7,""excl_opp_detectors"":""True"",""k"":4,""l"":8,""leak_heralds"":""False"",""leak_repump"":""True"",""leakage"":""True"",""loss"":""True"",""m"":3,""n"":48,""noise"":""rl_helios"",""p"":0.001,""prllel_1q"":16,""prllel_2q"":4,""r"":20,""repump_cycles"":3,""seq_meas"":""True"",""seq_ops"":""True"",""swapLRC"":""False""}",
        64,         0,         0,    3.89,bposd,fc034e74c25f52c7dca5bec3ced3fbedd720fbeb24afc199749aab9c2019f874,"{""A"":""x2y0+x8y1"",""B"":""x0y1+x4y1+x14y1"",""b"":""X"",""d"":8,""excl_opp_detectors"":""True"",""k"":4,""l"":15,""leak_heralds"":""False"",""leak_repump"":""True"",""leakage"":""True"",""loss"":""True"",""m"":2,""n"":60,""noise"":""rl_helios"",""p"":0.001,""prllel_1q"":16,""prllel_2q"":4,""r"":20,""repump_cycles"":3,""seq_meas"":""True"",""seq_ops"":""True"",""swapLRC"":""False""}",
        32,         0,         0,    4.70,bposd,d2e31a876ff9ab44086a0403902670ab7f3daf025f64a4ada3171d61ce3ff2f5,"{""A"":""x2y0+x8y1"",""B"":""x0y1+x4y1+x14y1"",""b"":""X"",""d"":8,""excl_opp_detectors"":""True"",""k"":4,""l"":15,""leak_heralds"":""False"",""leak_repump"":""True"",""leakage"":""True"",""loss"":""True"",""m"":2,""n"":60,""noise"":""rl_helios"",""p"":0.002,""prllel_1q"":16,""prllel_2q"":4,""r"":20,""repump_cycles"":3,""seq_meas"":""True"",""seq_ops"":""True"",""swapLRC"":""False""}",
        64,         0,         0,    1.01,bposd,6d1ddacfb3af8946e01e6fa1f4a73feb1ff89b1e055e733a9f2c9e62f953590b,"{""A"":""x0y0+x1y0"",""B"":""x0y0+x0y1+x3y2"",""b"":""X"",""d"":7,""excl_opp_detectors"":""True"",""k"":4,""l"":8,""leak_heralds"":""False"",""leak_repump"":""True"",""leakage"":""True"",""loss"":""True"",""m"":3,""n"":48,""noise"":""rl_helios"",""p"":0.001,""prllel_1q"":16,""prllel_2q"":4,""r"":20,""repump_cycles"":3,""seq_meas"":""True"",""seq_ops"":""True"",""swapLRC"":""False""}",
       128,         0,         0,    3.99,bposd,6d1ddacfb3af8946e01e6fa1f4a73feb1ff89b1e055e733a9f2c9e62f953590b,"{""A"":""x0y0+x1y0"",""B"":""x0y0+x0y1+x3y2"",""b"":""X"",""d"":7,""excl_opp_detectors"":""True"",""k"":4,""l"":8,""leak_heralds"":""False"",""leak_repump"":""True"",""leakage"":""True"",""loss"":""True"",""m"":3,""n"":48,""noise"":""rl_helios"",""p"":0.001,""prllel_1q"":16,""prllel_2q"":4,""r"":20,""repump_cycles"":3,""seq_meas"":""True"",""seq_ops"":""True"",""swapLRC"":""False""}",
       256,         2,         0,    14.4,bposd,fc034e74c25f52c7dca5bec3ced3fbedd720fbeb24afc199749aab9c2019f874,"{""A"":""x2y0+x8y1"",""B"":""x0y1+x4y1+x14y1"",""b"":""X"",""d"":8,""excl_opp_detectors"":""True"",""k"":4,""l"":15,""leak_heralds"":""False"",""leak_repump"":""True"",""leakage"":""True"",""loss"":""True"",""m"":2,""n"":60,""noise"":""rl_helios"",""p"":0.001,""prllel_1q"":16,""prllel_2q"":4,""r"":20,""repump_cycles"":3,""seq_meas"":""True"",""seq_ops"":""True"",""swapLRC"":""False""}",
       272,         0,         0,    9.97,bposd,fc034e74c25f52c7dca5bec3ced3fbedd720fbeb24afc199749aab9c2019f874,"{""A"":""x2y0+x8y1"",""B"":""x0y1+x4y1+x14y1"",""b"":""X"",""d"":8,""excl_opp_detectors"":""True"",""k"":4,""l"":15,""leak_heralds"":""False"",""leak_repump"":""True"",""leakage"":""True"",""loss"":""True"",""m"":2,""n"":60,""noise"":""rl_helios"",""p"":0.001,""prllel_1q"":16,""prllel_2q"":4,""r"":20,""repump_cycles"":3,""seq_meas"":""True"",""seq_ops"":""True"",""swapLRC"":""False""}",
        64,         0,         0,   0.935,bposd,6d1ddacfb3af8946e01e6fa1f4a73feb1ff89b1e055e733a9f2c9e62f953590b,"{""A"":""x0y0+x1y0"",""B"":""x0y0+x0y1+x3y2"",""b"":""X"",""d"":7,""excl_opp_detectors"":""True"",""k"":4,""l"":8,""leak_heralds"":""False"",""leak_repump"":""True"",""leakage"":""True"",""loss"":""True"",""m"":3,""n"":48,""noise"":""rl_helios"",""p"":0.001,""prllel_1q"":16,""prllel_2q"":4,""r"":20,""repump_cycles"":3,""seq_meas"":""True"",""seq_ops"":""True"",""swapLRC"":""False""}",
       576,         0,         0,    9.78,bposd,6d1ddacfb3af8946e01e6fa1f4a73feb1ff89b1e055e733a9f2c9e62f953590b,"{""A"":""x0y0+x1y0"",""B"":""x0y0+x0y1+x3y2"",""b"":""X"",""d"":7,""excl_opp_detectors"":""True"",""k"":4,""l"":8,""leak_heralds"":""False"",""leak_repump"":""True"",""leakage"":""True"",""loss"":""True"",""m"":3,""n"":48,""noise"":""rl_helios"",""p"":0.001,""prllel_1q"":16,""prllel_2q"":4,""r"":20,""repump_cycles"":3,""seq_meas"":""True"",""seq_ops"":""True"",""swapLRC"":""False""}",
         8,         0,         0,    2.30,bposd,d2e31a876ff9ab44086a0403902670ab7f3daf025f64a4ada3171d61ce3ff2f5,"{""A"":""x2y0+x8y1"",""B"":""x0y1+x4y1+x14y1"",""b"":""X"",""d"":8,""excl_opp_detectors"":""True"",""k"":4,""l"":15,""leak_heralds"":""False"",""leak_repump"":""True"",""leakage"":""True"",""loss"":""True"",""m"":2,""n"":60,""noise"":""rl_helios"",""p"":0.002,""prllel_1q"":16,""prllel_2q"":4,""r"":20,""repump_cycles"":3,""seq_meas"":""True"",""seq_ops"":""True"",""swapLRC"":""False""}",
        16,         0,         0,    2.20,bposd,d2e31a876ff9ab44086a0403902670ab7f3daf025f64a4ada3171d61ce3ff2f5,"{""A"":""x2y0+x8y1"",""B"":""x0y1+x4y1+x14y1"",""b"":""X"",""d"":8,""excl_opp_detectors"":""True"",""k"":4,""l"":15,""leak_heralds"":""False"",""leak_repump"":""True"",""leakage"":""True"",""loss"":""True"",""m"":2,""n"":60,""noise"":""rl_helios"",""p"":0.002,""prllel_1q"":16,""prllel_2q"":4,""r"":20,""repump_cycles"":3,""seq_meas"":""True"",""seq_ops"":""True"",""swapLRC"":""False""}",
        96,         3,         0,    10.7,bposd,d2e31a876ff9ab44086a0403902670ab7f3daf025f64a4ada3171d61ce3ff2f5,"{""A"":""x2y0+x8y1"",""B"":""x0y1+x4y1+x14y1"",""b"":""X"",""d"":8,""excl_opp_detectors"":""True"",""k"":4,""l"":15,""leak_heralds"":""False"",""leak_repump"":""True"",""leakage"":""True"",""loss"":""True"",""m"":2,""n"":60,""noise"":""rl_helios"",""p"":0.002,""prllel_1q"":16,""prllel_2q"":4,""r"":20,""repump_cycles"":3,""seq_meas"":""True"",""seq_ops"":""True"",""swapLRC"":""False""}",
      1440,         1,         0,    32.5,bposd,6d1ddacfb3af8946e01e6fa1f4a73feb1ff89b1e055e733a9f2c9e62f953590b,"{""A"":""x0y0+x1y0"",""B"":""x0y0+x0y1+x3y2"",""b"":""X"",""d"":7,""excl_opp_detectors"":""True"",""k"":4,""l"":8,""leak_heralds"":""False"",""leak_repump"":""True"",""leakage"":""True"",""loss"":""True"",""m"":3,""n"":48,""noise"":""rl_helios"",""p"":0.001,""prllel_1q"":16,""prllel_2q"":4,""r"":20,""repump_cycles"":3,""seq_meas"":""True"",""seq_ops"":""True"",""swapLRC"":""False""}",
       128,         0,         0,    1.77,bposd,6d1ddacfb3af8946e01e6fa1f4a73feb1ff89b1e055e733a9f2c9e62f953590b,"{""A"":""x0y0+x1y0"",""B"":""x0y0+x0y1+x3y2"",""b"":""X"",""d"":7,""excl_opp_detectors"":""True"",""k"":4,""l"":8,""leak_heralds"":""False"",""leak_repump"":""True"",""leakage"":""True"",""loss"":""True"",""m"":3,""n"":48,""noise"":""rl_helios"",""p"":0.001,""prllel_1q"":16,""prllel_2q"":4,""r"":20,""repump_cycles"":3,""seq_meas"":""True"",""seq_ops"":""True"",""swapLRC"":""False""}",
        96,         0,         0,    3.45,bposd,fc034e74c25f52c7dca5bec3ced3fbedd720fbeb24afc199749aab9c2019f874,"{""A"":""x2y0+x8y1"",""B"":""x0y1+x4y1+x14y1"",""b"":""X"",""d"":8,""excl_opp_detectors"":""True"",""k"":4,""l"":15,""leak_heralds"":""False"",""leak_repump"":""True"",""leakage"":""True"",""loss"":""True"",""m"":2,""n"":60,""noise"":""rl_helios"",""p"":0.001,""prllel_1q"":16,""prllel_2q"":4,""r"":20,""repump_cycles"":3,""seq_meas"":""True"",""seq_ops"":""True"",""swapLRC"":""False""}",
        64,         0,         0,    1.15,bposd,6d1ddacfb3af8946e01e6fa1f4a73feb1ff89b1e055e733a9f2c9e62f953590b,"{""A"":""x0y0+x1y0"",""B"":""x0y0+x0y1+x3y2"",""b"":""X"",""d"":7,""excl_opp_detectors"":""True"",""k"":4,""l"":8,""leak_heralds"":""False"",""leak_repump"":""True"",""leakage"":""True"",""loss"":""True"",""m"":3,""n"":48,""noise"":""rl_helios"",""p"":0.001,""prllel_1q"":16,""prllel_2q"":4,""r"":20,""repump_cycles"":3,""seq_meas"":""True"",""seq_ops"":""True"",""swapLRC"":""False""}",
       688,         0,         0,    22.9,bposd,fc034e74c25f52c7dca5bec3ced3fbedd720fbeb24afc199749aab9c2019f874,"{""A"":""x2y0+x8y1"",""B"":""x0y1+x4y1+x14y1"",""b"":""X"",""d"":8,""excl_opp_detectors"":""True"",""k"":4,""l"":15,""leak_heralds"":""False"",""leak_repump"":""True"",""leakage"":""True"",""loss"":""True"",""m"":2,""n"":60,""noise"":""rl_helios"",""p"":0.001,""prllel_1q"":16,""prllel_2q"":4,""r"":20,""repump_cycles"":3,""seq_meas"":""True"",""seq_ops"":""True"",""swapLRC"":""False""}",
       544,         0,         0,    9.35,bposd,6d1ddacfb3af8946e01e6fa1f4a73feb1ff89b1e055e733a9f2c9e62f953590b,"{""A"":""x0y0+x1y0"",""B"":""x0y0+x0y1+x3y2"",""b"":""X"",""d"":7,""excl_opp_detectors"":""True"",""k"":4,""l"":8,""leak_heralds"":""False"",""leak_repump"":""True"",""leakage"":""True"",""loss"":""True"",""m"":3,""n"":48,""noise"":""rl_helios"",""p"":0.001,""prllel_1q"":16,""prllel_2q"":4,""r"":20,""repump_cycles"":3,""seq_meas"":""True"",""seq_ops"":""True"",""swapLRC"":""False""}",
        64,         3,         0,    14.0,bposd,d2e31a876ff9ab44086a0403902670ab7f3daf025f64a4ada3171d61ce3ff2f5,"{""A"":""x2y0+x8y1"",""B"":""x0y1+x4y1+x14y1"",""b"":""X"",""d"":8,""excl_opp_detectors"":""True"",""k"":4,""l"":15,""leak_heralds"":""False"",""leak_repump"":""True"",""leakage"":""True"",""loss"":""True"",""m"":2,""n"":60,""noise"":""rl_helios"",""p"":0.002,""prllel_1q"":16,""prllel_2q"":4,""r"":20,""repump_cycles"":3,""seq_meas"":""True"",""seq_ops"":""True"",""swapLRC"":""False""}",
       256,         1,         0,    7.98,bposd,fc034e74c25f52c7dca5bec3ced3fbedd720fbeb24afc199749aab9c2019f874,"{""A"":""x2y0+x8y1"",""B"":""x0y1+x4y1+x14y1"",""b"":""X"",""d"":8,""excl_opp_detectors"":""True"",""k"":4,""l"":15,""leak_heralds"":""False"",""leak_repump"":""True"",""leakage"":""True"",""loss"":""True"",""m"":2,""n"":60,""noise"":""rl_helios"",""p"":0.001,""prllel_1q"":16,""prllel_2q"":4,""r"":20,""repump_cycles"":3,""seq_meas"":""True"",""seq_ops"":""True"",""swapLRC"":""False""}",
       128,         0,         0,    4.73,bposd,fc034e74c25f52c7dca5bec3ced3fbedd720fbeb24afc199749aab9c2019f874,"{""A"":""x2y0+x8y1"",""B"":""x0y1+x4y1+x14y1"",""b"":""X"",""d"":8,""excl_opp_detectors"":""True"",""k"":4,""l"":15,""leak_heralds"":""False"",""leak_repump"":""True"",""leakage"":""True"",""loss"":""True"",""m"":2,""n"":60,""noise"":""rl_helios"",""p"":0.001,""prllel_1q"":16,""prllel_2q"":4,""r"":20,""repump_cycles"":3,""seq_meas"":""True"",""seq_ops"":""True"",""swapLRC"":""False""}",
        64,         1,         0,    9.19,bposd,d2e31a876ff9ab44086a0403902670ab7f3daf025f64a4ada3171d61ce3ff2f5,"{""A"":""x2y0+x8y1"",""B"":""x0y1+x4y1+x14y1"",""b"":""X"",""d"":8,""excl_opp_detectors"":""True"",""k"":4,""l"":15,""leak_heralds"":""False"",""leak_repump"":""True"",""leakage"":""True"",""loss"":""True"",""m"":2,""n"":60,""noise"":""rl_helios"",""p"":0.002,""prllel_1q"":16,""prllel_2q"":4,""r"":20,""repump_cycles"":3,""seq_meas"":""True"",""seq_ops"":""True"",""swapLRC"":""False""}",
      1120,         2,         0,    37.1,bposd,6d1ddacfb3af8946e01e6fa1f4a73feb1ff89b1e055e733a9f2c9e62f953590b,"{""A"":""x0y0+x1y0"",""B"":""x0y0+x0y1+x3y2"",""b"":""X"",""d"":7,""excl_opp_detectors"":""True"",""k"":4,""l"":8,""leak_heralds"":""False"",""leak_repump"":""True"",""leakage"":""True"",""loss"":""True"",""m"":3,""n"":48,""noise"":""rl_helios"",""p"":0.001,""prllel_1q"":16,""prllel_2q"":4,""r"":20,""repump_cycles"":3,""seq_meas"":""True"",""seq_ops"":""True"",""swapLRC"":""False""}",
        20,         0,         0,    4.88,bposd,d2e31a876ff9ab44086a0403902670ab7f3daf025f64a4ada3171d61ce3ff2f5,"{""A"":""x2y0+x8y1"",""B"":""x0y1+x4y1+x14y1"",""b"":""X"",""d"":8,""excl_opp_detectors"":""True"",""k"":4,""l"":15,""leak_heralds"":""False"",""leak_repump"":""True"",""leakage"":""True"",""loss"":""True"",""m"":2,""n"":60,""noise"":""rl_helios"",""p"":0.002,""prllel_1q"":16,""prllel_2q"":4,""r"":20,""repump_cycles"":3,""seq_meas"":""True"",""seq_ops"":""True"",""swapLRC"":""False""}",
       128,         0,         0,    6.48,bposd,fc034e74c25f52c7dca5bec3ced3fbedd720fbeb24afc199749aab9c2019f874,"{""A"":""x2y0+x8y1"",""B"":""x0y1+x4y1+x14y1"",""b"":""X"",""d"":8,""excl_opp_detectors"":""True"",""k"":4,""l"":15,""leak_heralds"":""False"",""leak_repump"":""True"",""leakage"":""True"",""loss"":""True"",""m"":2,""n"":60,""noise"":""rl_helios"",""p"":0.001,""prllel_1q"":16,""prllel_2q"":4,""r"":20,""repump_cycles"":3,""seq_meas"":""True"",""seq_ops"":""True"",""swapLRC"":""False""}",
        64,         0,         0,   0.265,bposd,fc034e74c25f52c7dca5bec3ced3fbedd720fbeb24afc199749aab9c2019f874,"{""A"":""x2y0+x8y1"",""B"":""x0y1+x4y1+x14y1"",""b"":""X"",""d"":8,""excl_opp_detectors"":""True"",""k"":4,""l"":15,""leak_heralds"":""False"",""leak_repump"":""True"",""leakage"":""True"",""loss"":""True"",""m"":2,""n"":60,""noise"":""rl_helios"",""p"":0.001,""prllel_1q"":16,""prllel_2q"":4,""r"":20,""repump_cycles"":3,""seq_meas"":""True"",""seq_ops"":""True"",""swapLRC"":""False""}",
       128,         0,         0,    3.07,bposd,6d1ddacfb3af8946e01e6fa1f4a73feb1ff89b1e055e733a9f2c9e62f953590b,"{""A"":""x0y0+x1y0"",""B"":""x0y0+x0y1+x3y2"",""b"":""X"",""d"":7,""excl_opp_detectors"":""True"",""k"":4,""l"":8,""leak_heralds"":""False"",""leak_repump"":""True"",""leakage"":""True"",""loss"":""True"",""m"":3,""n"":48,""noise"":""rl_helios"",""p"":0.001,""prllel_1q"":16,""prllel_2q"":4,""r"":20,""repump_cycles"":3,""seq_meas"":""True"",""seq_ops"":""True"",""swapLRC"":""False""}",
        32,         0,         0,    1.23,bposd,d2e31a876ff9ab44086a0403902670ab7f3daf025f64a4ada3171d61ce3ff2f5,"{""A"":""x2y0+x8y1"",""B"":""x0y1+x4y1+x14y1"",""b"":""X"",""d"":8,""excl_opp_detectors"":""True"",""k"":4,""l"":15,""leak_heralds"":""False"",""leak_repump"":""True"",""leakage"":""True"",""loss"":""True"",""m"":2,""n"":60,""noise"":""rl_helios"",""p"":0.002,""prllel_1q"":16,""prllel_2q"":4,""r"":20,""repump_cycles"":3,""seq_meas"":""True"",""seq_ops"":""True"",""swapLRC"":""False""}",
       200,         3,         0,    22.6,bposd,d2e31a876ff9ab44086a0403902670ab7f3daf025f64a4ada3171d61ce3ff2f5,"{""A"":""x2y0+x8y1"",""B"":""x0y1+x4y1+x14y1"",""b"":""X"",""d"":8,""excl_opp_detectors"":""True"",""k"":4,""l"":15,""leak_heralds"":""False"",""leak_repump"":""True"",""leakage"":""True"",""loss"":""True"",""m"":2,""n"":60,""noise"":""rl_helios"",""p"":0.002,""prllel_1q"":16,""prllel_2q"":4,""r"":20,""repump_cycles"":3,""seq_meas"":""True"",""seq_ops"":""True"",""swapLRC"":""False""}",
       860,         0,         0,    23.5,bposd,6d1ddacfb3af8946e01e6fa1f4a73feb1ff89b1e055e733a9f2c9e62f953590b,"{""A"":""x0y0+x1y0"",""B"":""x0y0+x0y1+x3y2"",""b"":""X"",""d"":7,""excl_opp_detectors"":""True"",""k"":4,""l"":8,""leak_heralds"":""False"",""leak_repump"":""True"",""leakage"":""True"",""loss"":""True"",""m"":3,""n"":48,""noise"":""rl_helios"",""p"":0.001,""prllel_1q"":16,""prllel_2q"":4,""r"":20,""repump_cycles"":3,""seq_meas"":""True"",""seq_ops"":""True"",""swapLRC"":""False""}",
        64,         0,         0,    2.85,bposd,fc034e74c25f52c7dca5bec3ced3fbedd720fbeb24afc199749aab9c2019f874,"{""A"":""x2y0+x8y1"",""B"":""x0y1+x4y1+x14y1"",""b"":""X"",""d"":8,""excl_opp_detectors"":""True"",""k"":4,""l"":15,""leak_heralds"":""False"",""leak_repump"":""True"",""leakage"":""True"",""loss"":""True"",""m"":2,""n"":60,""noise"":""rl_helios"",""p"":0.001,""prllel_1q"":16,""prllel_2q"":4,""r"":20,""repump_cycles"":3,""seq_meas"":""True"",""seq_ops"":""True"",""swapLRC"":""False""}",
       640,         2,         0,    20.5,bposd,6d1ddacfb3af8946e01e6fa1f4a73feb1ff89b1e055e733a9f2c9e62f953590b,"{""A"":""x0y0+x1y0"",""B"":""x0y0+x0y1+x3y2"",""b"":""X"",""d"":7,""excl_opp_detectors"":""True"",""k"":4,""l"":8,""leak_heralds"":""False"",""leak_repump"":""True"",""leakage"":""True"",""loss"":""True"",""m"":3,""n"":48,""noise"":""rl_helios"",""p"":0.001,""prllel_1q"":16,""prllel_2q"":4,""r"":20,""repump_cycles"":3,""seq_meas"":""True"",""seq_ops"":""True"",""swapLRC"":""False""}",
       608,         0,         0,    13.4,bposd,6d1ddacfb3af8946e01e6fa1f4a73feb1ff89b1e055e733a9f2c9e62f953590b,"{""A"":""x0y0+x1y0"",""B"":""x0y0+x0y1+x3y2"",""b"":""X"",""d"":7,""excl_opp_detectors"":""True"",""k"":4,""l"":8,""leak_heralds"":""False"",""leak_repump"":""True"",""leakage"":""True"",""loss"":""True"",""m"":3,""n"":48,""noise"":""rl_helios"",""p"":0.001,""prllel_1q"":16,""prllel_2q"":4,""r"":20,""repump_cycles"":3,""seq_meas"":""True"",""seq_ops"":""True"",""swapLRC"":""False""}",
       832,         0,         0,    21.6,bposd,fc034e74c25f52c7dca5bec3ced3fbedd720fbeb24afc199749aab9c2019f874,"{""A"":""x2y0+x8y1"",""B"":""x0y1+x4y1+x14y1"",""b"":""X"",""d"":8,""excl_opp_detectors"":""True"",""k"":4,""l"":15,""leak_heralds"":""False"",""leak_repump"":""True"",""leakage"":""True"",""loss"":""True"",""m"":2,""n"":60,""noise"":""rl_helios"",""p"":0.001,""prllel_1q"":16,""prllel_2q"":4,""r"":20,""repump_cycles"":3,""seq_meas"":""True"",""seq_ops"":""True"",""swapLRC"":""False""}",
       160,         2,         0,    3.07,bposd,6d1ddacfb3af8946e01e6fa1f4a73feb1ff89b1e055e733a9f2c9e62f953590b,"{""A"":""x0y0+x1y0"",""B"":""x0y0+x0y1+x3y2"",""b"":""X"",""d"":7,""excl_opp_detectors"":""True"",""k"":4,""l"":8,""leak_heralds"":""False"",""leak_repump"":""True"",""leakage"":""True"",""loss"":""True"",""m"":3,""n"":48,""noise"":""rl_helios"",""p"":0.001,""prllel_1q"":16,""prllel_2q"":4,""r"":20,""repump_cycles"":3,""seq_meas"":""True"",""seq_ops"":""True"",""swapLRC"":""False""}",
        32,         0,         0,    6.42,bposd,d2e31a876ff9ab44086a0403902670ab7f3daf025f64a4ada3171d61ce3ff2f5,"{""A"":""x2y0+x8y1"",""B"":""x0y1+x4y1+x14y1"",""b"":""X"",""d"":8,""excl_opp_detectors"":""True"",""k"":4,""l"":15,""leak_heralds"":""False"",""leak_repump"":""True"",""leakage"":""True"",""loss"":""True"",""m"":2,""n"":60,""noise"":""rl_helios"",""p"":0.002,""prllel_1q"":16,""prllel_2q"":4,""r"":20,""repump_cycles"":3,""seq_meas"":""True"",""seq_ops"":""True"",""swapLRC"":""False""}",
       128,         0,         0,    3.80,bposd,fc034e74c25f52c7dca5bec3ced3fbedd720fbeb24afc199749aab9c2019f874,"{""A"":""x2y0+x8y1"",""B"":""x0y1+x4y1+x14y1"",""b"":""X"",""d"":8,""excl_opp_detectors"":""True"",""k"":4,""l"":15,""leak_heralds"":""False"",""leak_repump"":""True"",""leakage"":""True"",""loss"":""True"",""m"":2,""n"":60,""noise"":""rl_helios"",""p"":0.001,""prllel_1q"":16,""prllel_2q"":4,""r"":20,""repump_cycles"":3,""seq_meas"":""True"",""seq_ops"":""True"",""swapLRC"":""False""}",
       304,         0,         0,    8.34,bposd,fc034e74c25f52c7dca5bec3ced3fbedd720fbeb24afc199749aab9c2019f874,"{""A"":""x2y0+x8y1"",""B"":""x0y1+x4y1+x14y1"",""b"":""X"",""d"":8,""excl_opp_detectors"":""True"",""k"":4,""l"":15,""leak_heralds"":""False"",""leak_repump"":""True"",""leakage"":""True"",""loss"":""True"",""m"":2,""n"":60,""noise"":""rl_helios"",""p"":0.001,""prllel_1q"":16,""prllel_2q"":4,""r"":20,""repump_cycles"":3,""seq_meas"":""True"",""seq_ops"":""True"",""swapLRC"":""False""}",
      1056,         2,         0,    34.9,bposd,fc034e74c25f52c7dca5bec3ced3fbedd720fbeb24afc199749aab9c2019f874,"{""A"":""x2y0+x8y1"",""B"":""x0y1+x4y1+x14y1"",""b"":""X"",""d"":8,""excl_opp_detectors"":""True"",""k"":4,""l"":15,""leak_heralds"":""False"",""leak_repump"":""True"",""leakage"":""True"",""loss"":""True"",""m"":2,""n"":60,""noise"":""rl_helios"",""p"":0.001,""prllel_1q"":16,""prllel_2q"":4,""r"":20,""repump_cycles"":3,""seq_meas"":""True"",""seq_ops"":""True"",""swapLRC"":""False""}",
        64,         0,         0,    3.55,bposd,fc034e74c25f52c7dca5bec3ced3fbedd720fbeb24afc199749aab9c2019f874,"{""A"":""x2y0+x8y1"",""B"":""x0y1+x4y1+x14y1"",""b"":""X"",""d"":8,""excl_opp_detectors"":""True"",""k"":4,""l"":15,""leak_heralds"":""False"",""leak_repump"":""True"",""leakage"":""True"",""loss"":""True"",""m"":2,""n"":60,""noise"":""rl_helios"",""p"":0.001,""prllel_1q"":16,""prllel_2q"":4,""r"":20,""repump_cycles"":3,""seq_meas"":""True"",""seq_ops"":""True"",""swapLRC"":""False""}",
       576,         2,         0,    11.9,bposd,6d1ddacfb3af8946e01e6fa1f4a73feb1ff89b1e055e733a9f2c9e62f953590b,"{""A"":""x0y0+x1y0"",""B"":""x0y0+x0y1+x3y2"",""b"":""X"",""d"":7,""excl_opp_detectors"":""True"",""k"":4,""l"":8,""leak_heralds"":""False"",""leak_repump"":""True"",""leakage"":""True"",""loss"":""True"",""m"":3,""n"":48,""noise"":""rl_helios"",""p"":0.001,""prllel_1q"":16,""prllel_2q"":4,""r"":20,""repump_cycles"":3,""seq_meas"":""True"",""seq_ops"":""True"",""swapLRC"":""False""}",
       252,         4,         0,    33.6,bposd,d2e31a876ff9ab44086a0403902670ab7f3daf025f64a4ada3171d61ce3ff2f5,"{""A"":""x2y0+x8y1"",""B"":""x0y1+x4y1+x14y1"",""b"":""X"",""d"":8,""excl_opp_detectors"":""True"",""k"":4,""l"":15,""leak_heralds"":""False"",""leak_repump"":""True"",""leakage"":""True"",""loss"":""True"",""m"":2,""n"":60,""noise"":""rl_helios"",""p"":0.002,""prllel_1q"":16,""prllel_2q"":4,""r"":20,""repump_cycles"":3,""seq_meas"":""True"",""seq_ops"":""True"",""swapLRC"":""False""}",
        96,         0,         0,    17.0,bposd,d2e31a876ff9ab44086a0403902670ab7f3daf025f64a4ada3171d61ce3ff2f5,"{""A"":""x2y0+x8y1"",""B"":""x0y1+x4y1+x14y1"",""b"":""X"",""d"":8,""excl_opp_detectors"":""True"",""k"":4,""l"":15,""leak_heralds"":""False"",""leak_repump"":""True"",""leakage"":""True"",""loss"":""True"",""m"":2,""n"":60,""noise"":""rl_helios"",""p"":0.002,""prllel_1q"":16,""prllel_2q"":4,""r"":20,""repump_cycles"":3,""seq_meas"":""True"",""seq_ops"":""True"",""swapLRC"":""False""}",
        32,         0,         0,    5.54,bposd,d2e31a876ff9ab44086a0403902670ab7f3daf025f64a4ada3171d61ce3ff2f5,"{""A"":""x2y0+x8y1"",""B"":""x0y1+x4y1+x14y1"",""b"":""X"",""d"":8,""excl_opp_detectors"":""True"",""k"":4,""l"":15,""leak_heralds"":""False"",""leak_repump"":""True"",""leakage"":""True"",""loss"":""True"",""m"":2,""n"":60,""noise"":""rl_helios"",""p"":0.002,""prllel_1q"":16,""prllel_2q"":4,""r"":20,""repump_cycles"":3,""seq_meas"":""True"",""seq_ops"":""True"",""swapLRC"":""False""}",
        64,         0,         0,    4.92,bposd,d2e31a876ff9ab44086a0403902670ab7f3daf025f64a4ada3171d61ce3ff2f5,"{""A"":""x2y0+x8y1"",""B"":""x0y1+x4y1+x14y1"",""b"":""X"",""d"":8,""excl_opp_detectors"":""True"",""k"":4,""l"":15,""leak_heralds"":""False"",""leak_repump"":""True"",""leakage"":""True"",""loss"":""True"",""m"":2,""n"":60,""noise"":""rl_helios"",""p"":0.002,""prllel_1q"":16,""prllel_2q"":4,""r"":20,""repump_cycles"":3,""seq_meas"":""True"",""seq_ops"":""True"",""swapLRC"":""False""}",
       220,         1,         0,    28.7,bposd,d2e31a876ff9ab44086a0403902670ab7f3daf025f64a4ada3171d61ce3ff2f5,"{""A"":""x2y0+x8y1"",""B"":""x0y1+x4y1+x14y1"",""b"":""X"",""d"":8,""excl_opp_detectors"":""True"",""k"":4,""l"":15,""leak_heralds"":""False"",""leak_repump"":""True"",""leakage"":""True"",""loss"":""True"",""m"":2,""n"":60,""noise"":""rl_helios"",""p"":0.002,""prllel_1q"":16,""prllel_2q"":4,""r"":20,""repump_cycles"":3,""seq_meas"":""True"",""seq_ops"":""True"",""swapLRC"":""False""}",
       544,         0,         0,    22.2,bposd,fc034e74c25f52c7dca5bec3ced3fbedd720fbeb24afc199749aab9c2019f874,"{""A"":""x2y0+x8y1"",""B"":""x0y1+x4y1+x14y1"",""b"":""X"",""d"":8,""excl_opp_detectors"":""True"",""k"":4,""l"":15,""leak_heralds"":""False"",""leak_repump"":""True"",""leakage"":""True"",""loss"":""True"",""m"":2,""n"":60,""noise"":""rl_helios"",""p"":0.001,""prllel_1q"":16,""prllel_2q"":4,""r"":20,""repump_cycles"":3,""seq_meas"":""True"",""seq_ops"":""True"",""swapLRC"":""False""}",
        80,         1,         0,    11.9,bposd,d2e31a876ff9ab44086a0403902670ab7f3daf025f64a4ada3171d61ce3ff2f5,"{""A"":""x2y0+x8y1"",""B"":""x0y1+x4y1+x14y1"",""b"":""X"",""d"":8,""excl_opp_detectors"":""True"",""k"":4,""l"":15,""leak_heralds"":""False"",""leak_repump"":""True"",""leakage"":""True"",""loss"":""True"",""m"":2,""n"":60,""noise"":""rl_helios"",""p"":0.002,""prllel_1q"":16,""prllel_2q"":4,""r"":20,""repump_cycles"":3,""seq_meas"":""True"",""seq_ops"":""True"",""swapLRC"":""False""}",
       256,         0,         0,    10.0,bposd,6d1ddacfb3af8946e01e6fa1f4a73feb1ff89b1e055e733a9f2c9e62f953590b,"{""A"":""x0y0+x1y0"",""B"":""x0y0+x0y1+x3y2"",""b"":""X"",""d"":7,""excl_opp_detectors"":""True"",""k"":4,""l"":8,""leak_heralds"":""False"",""leak_repump"":""True"",""leakage"":""True"",""loss"":""True"",""m"":3,""n"":48,""noise"":""rl_helios"",""p"":0.001,""prllel_1q"":16,""prllel_2q"":4,""r"":20,""repump_cycles"":3,""seq_meas"":""True"",""seq_ops"":""True"",""swapLRC"":""False""}",
       128,         0,         0,    8.83,bposd,fc034e74c25f52c7dca5bec3ced3fbedd720fbeb24afc199749aab9c2019f874,"{""A"":""x2y0+x8y1"",""B"":""x0y1+x4y1+x14y1"",""b"":""X"",""d"":8,""excl_opp_detectors"":""True"",""k"":4,""l"":15,""leak_heralds"":""False"",""leak_repump"":""True"",""leakage"":""True"",""loss"":""True"",""m"":2,""n"":60,""noise"":""rl_helios"",""p"":0.001,""prllel_1q"":16,""prllel_2q"":4,""r"":20,""repump_cycles"":3,""seq_meas"":""True"",""seq_ops"":""True"",""swapLRC"":""False""}",
       560,         1,         0,    25.8,bposd,fc034e74c25f52c7dca5bec3ced3fbedd720fbeb24afc199749aab9c2019f874,"{""A"":""x2y0+x8y1"",""B"":""x0y1+x4y1+x14y1"",""b"":""X"",""d"":8,""excl_opp_detectors"":""True"",""k"":4,""l"":15,""leak_heralds"":""False"",""leak_repump"":""True"",""leakage"":""True"",""loss"":""True"",""m"":2,""n"":60,""noise"":""rl_helios"",""p"":0.001,""prllel_1q"":16,""prllel_2q"":4,""r"":20,""repump_cycles"":3,""seq_meas"":""True"",""seq_ops"":""True"",""swapLRC"":""False""}",
       512,         0,         0,    7.21,bposd,6d1ddacfb3af8946e01e6fa1f4a73feb1ff89b1e055e733a9f2c9e62f953590b,"{""A"":""x0y0+x1y0"",""B"":""x0y0+x0y1+x3y2"",""b"":""X"",""d"":7,""excl_opp_detectors"":""True"",""k"":4,""l"":8,""leak_heralds"":""False"",""leak_repump"":""True"",""leakage"":""True"",""loss"":""True"",""m"":3,""n"":48,""noise"":""rl_helios"",""p"":0.001,""prllel_1q"":16,""prllel_2q"":4,""r"":20,""repump_cycles"":3,""seq_meas"":""True"",""seq_ops"":""True"",""swapLRC"":""False""}",
        64,         0,         0,    4.90,bposd,fc034e74c25f52c7dca5bec3ced3fbedd720fbeb24afc199749aab9c2019f874,"{""A"":""x2y0+x8y1"",""B"":""x0y1+x4y1+x14y1"",""b"":""X"",""d"":8,""excl_opp_detectors"":""True"",""k"":4,""l"":15,""leak_heralds"":""False"",""leak_repump"":""True"",""leakage"":""True"",""loss"":""True"",""m"":2,""n"":60,""noise"":""rl_helios"",""p"":0.001,""prllel_1q"":16,""prllel_2q"":4,""r"":20,""repump_cycles"":3,""seq_meas"":""True"",""seq_ops"":""True"",""swapLRC"":""False""}",
       256,         0,         0,    12.3,bposd,fc034e74c25f52c7dca5bec3ced3fbedd720fbeb24afc199749aab9c2019f874,"{""A"":""x2y0+x8y1"",""B"":""x0y1+x4y1+x14y1"",""b"":""X"",""d"":8,""excl_opp_detectors"":""True"",""k"":4,""l"":15,""leak_heralds"":""False"",""leak_repump"":""True"",""leakage"":""True"",""loss"":""True"",""m"":2,""n"":60,""noise"":""rl_helios"",""p"":0.001,""prllel_1q"":16,""prllel_2q"":4,""r"":20,""repump_cycles"":3,""seq_meas"":""True"",""seq_ops"":""True"",""swapLRC"":""False""}",
       240,         1,         0,    32.6,bposd,d2e31a876ff9ab44086a0403902670ab7f3daf025f64a4ada3171d61ce3ff2f5,"{""A"":""x2y0+x8y1"",""B"":""x0y1+x4y1+x14y1"",""b"":""X"",""d"":8,""excl_opp_detectors"":""True"",""k"":4,""l"":15,""leak_heralds"":""False"",""leak_repump"":""True"",""leakage"":""True"",""loss"":""True"",""m"":2,""n"":60,""noise"":""rl_helios"",""p"":0.002,""prllel_1q"":16,""prllel_2q"":4,""r"":20,""repump_cycles"":3,""seq_meas"":""True"",""seq_ops"":""True"",""swapLRC"":""False""}",
       256,         0,         0,    5.15,bposd,6d1ddacfb3af8946e01e6fa1f4a73feb1ff89b1e055e733a9f2c9e62f953590b,"{""A"":""x0y0+x1y0"",""B"":""x0y0+x0y1+x3y2"",""b"":""X"",""d"":7,""excl_opp_detectors"":""True"",""k"":4,""l"":8,""leak_heralds"":""False"",""leak_repump"":""True"",""leakage"":""True"",""loss"":""True"",""m"":3,""n"":48,""noise"":""rl_helios"",""p"":0.001,""prllel_1q"":16,""prllel_2q"":4,""r"":20,""repump_cycles"":3,""seq_meas"":""True"",""seq_ops"":""True"",""swapLRC"":""False""}",
       288,         2,         0,    6.39,bposd,fc034e74c25f52c7dca5bec3ced3fbedd720fbeb24afc199749aab9c2019f874,"{""A"":""x2y0+x8y1"",""B"":""x0y1+x4y1+x14y1"",""b"":""X"",""d"":8,""excl_opp_detectors"":""True"",""k"":4,""l"":15,""leak_heralds"":""False"",""leak_repump"":""True"",""leakage"":""True"",""loss"":""True"",""m"":2,""n"":60,""noise"":""rl_helios"",""p"":0.001,""prllel_1q"":16,""prllel_2q"":4,""r"":20,""repump_cycles"":3,""seq_meas"":""True"",""seq_ops"":""True"",""swapLRC"":""False""}",
        92,         1,         0,    16.5,bposd,d2e31a876ff9ab44086a0403902670ab7f3daf025f64a4ada3171d61ce3ff2f5,"{""A"":""x2y0+x8y1"",""B"":""x0y1+x4y1+x14y1"",""b"":""X"",""d"":8,""excl_opp_detectors"":""True"",""k"":4,""l"":15,""leak_heralds"":""False"",""leak_repump"":""True"",""leakage"":""True"",""loss"":""True"",""m"":2,""n"":60,""noise"":""rl_helios"",""p"":0.002,""prllel_1q"":16,""prllel_2q"":4,""r"":20,""repump_cycles"":3,""seq_meas"":""True"",""seq_ops"":""True"",""swapLRC"":""False""}",
       128,         0,         0,    5.49,bposd,6d1ddacfb3af8946e01e6fa1f4a73feb1ff89b1e055e733a9f2c9e62f953590b,"{""A"":""x0y0+x1y0"",""B"":""x0y0+x0y1+x3y2"",""b"":""X"",""d"":7,""excl_opp_detectors"":""True"",""k"":4,""l"":8,""leak_heralds"":""False"",""leak_repump"":""True"",""leakage"":""True"",""loss"":""True"",""m"":3,""n"":48,""noise"":""rl_helios"",""p"":0.001,""prllel_1q"":16,""prllel_2q"":4,""r"":20,""repump_cycles"":3,""seq_meas"":""True"",""seq_ops"":""True"",""swapLRC"":""False""}",
       128,         0,         0,    2.83,bposd,6d1ddacfb3af8946e01e6fa1f4a73feb1ff89b1e055e733a9f2c9e62f953590b,"{""A"":""x0y0+x1y0"",""B"":""x0y0+x0y1+x3y2"",""b"":""X"",""d"":7,""excl_opp_detectors"":""True"",""k"":4,""l"":8,""leak_heralds"":""False"",""leak_repump"":""True"",""leakage"":""True"",""loss"":""True"",""m"":3,""n"":48,""noise"":""rl_helios"",""p"":0.001,""prllel_1q"":16,""prllel_2q"":4,""r"":20,""repump_cycles"":3,""seq_meas"":""True"",""seq_ops"":""True"",""swapLRC"":""False""}",
       192,         0,         0,    8.87,bposd,fc034e74c25f52c7dca5bec3ced3fbedd720fbeb24afc199749aab9c2019f874,"{""A"":""x2y0+x8y1"",""B"":""x0y1+x4y1+x14y1"",""b"":""X"",""d"":8,""excl_opp_detectors"":""True"",""k"":4,""l"":15,""leak_heralds"":""False"",""leak_repump"":""True"",""leakage"":""True"",""loss"":""True"",""m"":2,""n"":60,""noise"":""rl_helios"",""p"":0.001,""prllel_1q"":16,""prllel_2q"":4,""r"":20,""repump_cycles"":3,""seq_meas"":""True"",""seq_ops"":""True"",""swapLRC"":""False""}",
       256,         0,         0,    7.18,bposd,fc034e74c25f52c7dca5bec3ced3fbedd720fbeb24afc199749aab9c2019f874,"{""A"":""x2y0+x8y1"",""B"":""x0y1+x4y1+x14y1"",""b"":""X"",""d"":8,""excl_opp_detectors"":""True"",""k"":4,""l"":15,""leak_heralds"":""False"",""leak_repump"":""True"",""leakage"":""True"",""loss"":""True"",""m"":2,""n"":60,""noise"":""rl_helios"",""p"":0.001,""prllel_1q"":16,""prllel_2q"":4,""r"":20,""repump_cycles"":3,""seq_meas"":""True"",""seq_ops"":""True"",""swapLRC"":""False""}",
        64,         0,         0,    1.55,bposd,6d1ddacfb3af8946e01e6fa1f4a73feb1ff89b1e055e733a9f2c9e62f953590b,"{""A"":""x0y0+x1y0"",""B"":""x0y0+x0y1+x3y2"",""b"":""X"",""d"":7,""excl_opp_detectors"":""True"",""k"":4,""l"":8,""leak_heralds"":""False"",""leak_repump"":""True"",""leakage"":""True"",""loss"":""True"",""m"":3,""n"":48,""noise"":""rl_helios"",""p"":0.001,""prllel_1q"":16,""prllel_2q"":4,""r"":20,""repump_cycles"":3,""seq_meas"":""True"",""seq_ops"":""True"",""swapLRC"":""False""}",
        64,         0,         0,    1.44,bposd,6d1ddacfb3af8946e01e6fa1f4a73feb1ff89b1e055e733a9f2c9e62f953590b,"{""A"":""x0y0+x1y0"",""B"":""x0y0+x0y1+x3y2"",""b"":""X"",""d"":7,""excl_opp_detectors"":""True"",""k"":4,""l"":8,""leak_heralds"":""False"",""leak_repump"":""True"",""leakage"":""True"",""loss"":""True"",""m"":3,""n"":48,""noise"":""rl_helios"",""p"":0.001,""prllel_1q"":16,""prllel_2q"":4,""r"":20,""repump_cycles"":3,""seq_meas"":""True"",""seq_ops"":""True"",""swapLRC"":""False""}",
        32,         0,         0,   0.761,bposd,6d1ddacfb3af8946e01e6fa1f4a73feb1ff89b1e055e733a9f2c9e62f953590b,"{""A"":""x0y0+x1y0"",""B"":""x0y0+x0y1+x3y2"",""b"":""X"",""d"":7,""excl_opp_detectors"":""True"",""k"":4,""l"":8,""leak_heralds"":""False"",""leak_repump"":""True"",""leakage"":""True"",""loss"":""True"",""m"":3,""n"":48,""noise"":""rl_helios"",""p"":0.001,""prllel_1q"":16,""prllel_2q"":4,""r"":20,""repump_cycles"":3,""seq_meas"":""True"",""seq_ops"":""True"",""swapLRC"":""False""}",
       384,         0,         0,    13.6,bposd,fc034e74c25f52c7dca5bec3ced3fbedd720fbeb24afc199749aab9c2019f874,"{""A"":""x2y0+x8y1"",""B"":""x0y1+x4y1+x14y1"",""b"":""X"",""d"":8,""excl_opp_detectors"":""True"",""k"":4,""l"":15,""leak_heralds"":""False"",""leak_repump"":""True"",""leakage"":""True"",""loss"":""True"",""m"":2,""n"":60,""noise"":""rl_helios"",""p"":0.001,""prllel_1q"":16,""prllel_2q"":4,""r"":20,""repump_cycles"":3,""seq_meas"":""True"",""seq_ops"":""True"",""swapLRC"":""False""}",
        32,         0,         0,    1.66,bposd,6d1ddacfb3af8946e01e6fa1f4a73feb1ff89b1e055e733a9f2c9e62f953590b,"{""A"":""x0y0+x1y0"",""B"":""x0y0+x0y1+x3y2"",""b"":""X"",""d"":7,""excl_opp_detectors"":""True"",""k"":4,""l"":8,""leak_heralds"":""False"",""leak_repump"":""True"",""leakage"":""True"",""loss"":""True"",""m"":3,""n"":48,""noise"":""rl_helios"",""p"":0.001,""prllel_1q"":16,""prllel_2q"":4,""r"":20,""repump_cycles"":3,""seq_meas"":""True"",""seq_ops"":""True"",""swapLRC"":""False""}",
       416,         1,         0,    8.80,bposd,fc034e74c25f52c7dca5bec3ced3fbedd720fbeb24afc199749aab9c2019f874,"{""A"":""x2y0+x8y1"",""B"":""x0y1+x4y1+x14y1"",""b"":""X"",""d"":8,""excl_opp_detectors"":""True"",""k"":4,""l"":15,""leak_heralds"":""False"",""leak_repump"":""True"",""leakage"":""True"",""loss"":""True"",""m"":2,""n"":60,""noise"":""rl_helios"",""p"":0.001,""prllel_1q"":16,""prllel_2q"":4,""r"":20,""repump_cycles"":3,""seq_meas"":""True"",""seq_ops"":""True"",""swapLRC"":""False""}",
        32,         0,         0,    1.62,bposd,6d1ddacfb3af8946e01e6fa1f4a73feb1ff89b1e055e733a9f2c9e62f953590b,"{""A"":""x0y0+x1y0"",""B"":""x0y0+x0y1+x3y2"",""b"":""X"",""d"":7,""excl_opp_detectors"":""True"",""k"":4,""l"":8,""leak_heralds"":""False"",""leak_repump"":""True"",""leakage"":""True"",""loss"":""True"",""m"":3,""n"":48,""noise"":""rl_helios"",""p"":0.001,""prllel_1q"":16,""prllel_2q"":4,""r"":20,""repump_cycles"":3,""seq_meas"":""True"",""seq_ops"":""True"",""swapLRC"":""False""}",
       608,         1,         0,    22.7,bposd,6d1ddacfb3af8946e01e6fa1f4a73feb1ff89b1e055e733a9f2c9e62f953590b,"{""A"":""x0y0+x1y0"",""B"":""x0y0+x0y1+x3y2"",""b"":""X"",""d"":7,""excl_opp_detectors"":""True"",""k"":4,""l"":8,""leak_heralds"":""False"",""leak_repump"":""True"",""leakage"":""True"",""loss"":""True"",""m"":3,""n"":48,""noise"":""rl_helios"",""p"":0.001,""prllel_1q"":16,""prllel_2q"":4,""r"":20,""repump_cycles"":3,""seq_meas"":""True"",""seq_ops"":""True"",""swapLRC"":""False""}",
        16,         0,         0,    1.62,bposd,6d1ddacfb3af8946e01e6fa1f4a73feb1ff89b1e055e733a9f2c9e62f953590b,"{""A"":""x0y0+x1y0"",""B"":""x0y0+x0y1+x3y2"",""b"":""X"",""d"":7,""excl_opp_detectors"":""True"",""k"":4,""l"":8,""leak_heralds"":""False"",""leak_repump"":""True"",""leakage"":""True"",""loss"":""True"",""m"":3,""n"":48,""noise"":""rl_helios"",""p"":0.001,""prllel_1q"":16,""prllel_2q"":4,""r"":20,""repump_cycles"":3,""seq_meas"":""True"",""seq_ops"":""True"",""swapLRC"":""False""}",
       128,         0,         0,    7.09,bposd,fc034e74c25f52c7dca5bec3ced3fbedd720fbeb24afc199749aab9c2019f874,"{""A"":""x2y0+x8y1"",""B"":""x0y1+x4y1+x14y1"",""b"":""X"",""d"":8,""excl_opp_detectors"":""True"",""k"":4,""l"":15,""leak_heralds"":""False"",""leak_repump"":""True"",""leakage"":""True"",""loss"":""True"",""m"":2,""n"":60,""noise"":""rl_helios"",""p"":0.001,""prllel_1q"":16,""prllel_2q"":4,""r"":20,""repump_cycles"":3,""seq_meas"":""True"",""seq_ops"":""True"",""swapLRC"":""False""}",
       272,         0,         0,    1.85,bposd,6d1ddacfb3af8946e01e6fa1f4a73feb1ff89b1e055e733a9f2c9e62f953590b,"{""A"":""x0y0+x1y0"",""B"":""x0y0+x0y1+x3y2"",""b"":""X"",""d"":7,""excl_opp_detectors"":""True"",""k"":4,""l"":8,""leak_heralds"":""False"",""leak_repump"":""True"",""leakage"":""True"",""loss"":""True"",""m"":3,""n"":48,""noise"":""rl_helios"",""p"":0.001,""prllel_1q"":16,""prllel_2q"":4,""r"":20,""repump_cycles"":3,""seq_meas"":""True"",""seq_ops"":""True"",""swapLRC"":""False""}",
       904,         0,         0,    32.4,bposd,fc034e74c25f52c7dca5bec3ced3fbedd720fbeb24afc199749aab9c2019f874,"{""A"":""x2y0+x8y1"",""B"":""x0y1+x4y1+x14y1"",""b"":""X"",""d"":8,""excl_opp_detectors"":""True"",""k"":4,""l"":15,""leak_heralds"":""False"",""leak_repump"":""True"",""leakage"":""True"",""loss"":""True"",""m"":2,""n"":60,""noise"":""rl_helios"",""p"":0.001,""prllel_1q"":16,""prllel_2q"":4,""r"":20,""repump_cycles"":3,""seq_meas"":""True"",""seq_ops"":""True"",""swapLRC"":""False""}",
       608,         0,         0,    16.0,bposd,6d1ddacfb3af8946e01e6fa1f4a73feb1ff89b1e055e733a9f2c9e62f953590b,"{""A"":""x0y0+x1y0"",""B"":""x0y0+x0y1+x3y2"",""b"":""X"",""d"":7,""excl_opp_detectors"":""True"",""k"":4,""l"":8,""leak_heralds"":""False"",""leak_repump"":""True"",""leakage"":""True"",""loss"":""True"",""m"":3,""n"":48,""noise"":""rl_helios"",""p"":0.001,""prllel_1q"":16,""prllel_2q"":4,""r"":20,""repump_cycles"":3,""seq_meas"":""True"",""seq_ops"":""True"",""swapLRC"":""False""}",
       136,         0,         0,    2.06,bposd,6d1ddacfb3af8946e01e6fa1f4a73feb1ff89b1e055e733a9f2c9e62f953590b,"{""A"":""x0y0+x1y0"",""B"":""x0y0+x0y1+x3y2"",""b"":""X"",""d"":7,""excl_opp_detectors"":""True"",""k"":4,""l"":8,""leak_heralds"":""False"",""leak_repump"":""True"",""leakage"":""True"",""loss"":""True"",""m"":3,""n"":48,""noise"":""rl_helios"",""p"":0.001,""prllel_1q"":16,""prllel_2q"":4,""r"":20,""repump_cycles"":3,""seq_meas"":""True"",""seq_ops"":""True"",""swapLRC"":""False""}",
       992,         1,         0,    33.9,bposd,fc034e74c25f52c7dca5bec3ced3fbedd720fbeb24afc199749aab9c2019f874,"{""A"":""x2y0+x8y1"",""B"":""x0y1+x4y1+x14y1"",""b"":""X"",""d"":8,""excl_opp_detectors"":""True"",""k"":4,""l"":15,""leak_heralds"":""False"",""leak_repump"":""True"",""leakage"":""True"",""loss"":""True"",""m"":2,""n"":60,""noise"":""rl_helios"",""p"":0.001,""prllel_1q"":16,""prllel_2q"":4,""r"":20,""repump_cycles"":3,""seq_meas"":""True"",""seq_ops"":""True"",""swapLRC"":""False""}",
       128,         0,         0,    1.99,bposd,6d1ddacfb3af8946e01e6fa1f4a73feb1ff89b1e055e733a9f2c9e62f953590b,"{""A"":""x0y0+x1y0"",""B"":""x0y0+x0y1+x3y2"",""b"":""X"",""d"":7,""excl_opp_detectors"":""True"",""k"":4,""l"":8,""leak_heralds"":""False"",""leak_repump"":""True"",""leakage"":""True"",""loss"":""True"",""m"":3,""n"":48,""noise"":""rl_helios"",""p"":0.001,""prllel_1q"":16,""prllel_2q"":4,""r"":20,""repump_cycles"":3,""seq_meas"":""True"",""seq_ops"":""True"",""swapLRC"":""False""}",
      1968,         5,         0,    51.5,bposd,6d1ddacfb3af8946e01e6fa1f4a73feb1ff89b1e055e733a9f2c9e62f953590b,"{""A"":""x0y0+x1y0"",""B"":""x0y0+x0y1+x3y2"",""b"":""X"",""d"":7,""excl_opp_detectors"":""True"",""k"":4,""l"":8,""leak_heralds"":""False"",""leak_repump"":""True"",""leakage"":""True"",""loss"":""True"",""m"":3,""n"":48,""noise"":""rl_helios"",""p"":0.001,""prllel_1q"":16,""prllel_2q"":4,""r"":20,""repump_cycles"":3,""seq_meas"":""True"",""seq_ops"":""True"",""swapLRC"":""False""}",
       736,         3,         0,    21.0,bposd,6d1ddacfb3af8946e01e6fa1f4a73feb1ff89b1e055e733a9f2c9e62f953590b,"{""A"":""x0y0+x1y0"",""B"":""x0y0+x0y1+x3y2"",""b"":""X"",""d"":7,""excl_opp_detectors"":""True"",""k"":4,""l"":8,""leak_heralds"":""False"",""leak_repump"":""True"",""leakage"":""True"",""loss"":""True"",""m"":3,""n"":48,""noise"":""rl_helios"",""p"":0.001,""prllel_1q"":16,""prllel_2q"":4,""r"":20,""repump_cycles"":3,""seq_meas"":""True"",""seq_ops"":""True"",""swapLRC"":""False""}",
        96,         0,         0,    3.52,bposd,6d1ddacfb3af8946e01e6fa1f4a73feb1ff89b1e055e733a9f2c9e62f953590b,"{""A"":""x0y0+x1y0"",""B"":""x0y0+x0y1+x3y2"",""b"":""X"",""d"":7,""excl_opp_detectors"":""True"",""k"":4,""l"":8,""leak_heralds"":""False"",""leak_repump"":""True"",""leakage"":""True"",""loss"":""True"",""m"":3,""n"":48,""noise"":""rl_helios"",""p"":0.001,""prllel_1q"":16,""prllel_2q"":4,""r"":20,""repump_cycles"":3,""seq_meas"":""True"",""seq_ops"":""True"",""swapLRC"":""False""}",
       128,         0,         0,    2.44,bposd,6d1ddacfb3af8946e01e6fa1f4a73feb1ff89b1e055e733a9f2c9e62f953590b,"{""A"":""x0y0+x1y0"",""B"":""x0y0+x0y1+x3y2"",""b"":""X"",""d"":7,""excl_opp_detectors"":""True"",""k"":4,""l"":8,""leak_heralds"":""False"",""leak_repump"":""True"",""leakage"":""True"",""loss"":""True"",""m"":3,""n"":48,""noise"":""rl_helios"",""p"":0.001,""prllel_1q"":16,""prllel_2q"":4,""r"":20,""repump_cycles"":3,""seq_meas"":""True"",""seq_ops"":""True"",""swapLRC"":""False""}",
       256,         0,         0,    4.37,bposd,6d1ddacfb3af8946e01e6fa1f4a73feb1ff89b1e055e733a9f2c9e62f953590b,"{""A"":""x0y0+x1y0"",""B"":""x0y0+x0y1+x3y2"",""b"":""X"",""d"":7,""excl_opp_detectors"":""True"",""k"":4,""l"":8,""leak_heralds"":""False"",""leak_repump"":""True"",""leakage"":""True"",""loss"":""True"",""m"":3,""n"":48,""noise"":""rl_helios"",""p"":0.001,""prllel_1q"":16,""prllel_2q"":4,""r"":20,""repump_cycles"":3,""seq_meas"":""True"",""seq_ops"":""True"",""swapLRC"":""False""}",
       136,         2,         0,    24.4,bposd,d2e31a876ff9ab44086a0403902670ab7f3daf025f64a4ada3171d61ce3ff2f5,"{""A"":""x2y0+x8y1"",""B"":""x0y1+x4y1+x14y1"",""b"":""X"",""d"":8,""excl_opp_detectors"":""True"",""k"":4,""l"":15,""leak_heralds"":""False"",""leak_repump"":""True"",""leakage"":""True"",""loss"":""True"",""m"":2,""n"":60,""noise"":""rl_helios"",""p"":0.002,""prllel_1q"":16,""prllel_2q"":4,""r"":20,""repump_cycles"":3,""seq_meas"":""True"",""seq_ops"":""True"",""swapLRC"":""False""}",
       128,         0,         0,    9.77,bposd,fc034e74c25f52c7dca5bec3ced3fbedd720fbeb24afc199749aab9c2019f874,"{""A"":""x2y0+x8y1"",""B"":""x0y1+x4y1+x14y1"",""b"":""X"",""d"":8,""excl_opp_detectors"":""True"",""k"":4,""l"":15,""leak_heralds"":""False"",""leak_repump"":""True"",""leakage"":""True"",""loss"":""True"",""m"":2,""n"":60,""noise"":""rl_helios"",""p"":0.001,""prllel_1q"":16,""prllel_2q"":4,""r"":20,""repump_cycles"":3,""seq_meas"":""True"",""seq_ops"":""True"",""swapLRC"":""False""}",
       544,         1,         0,    15.4,bposd,fc034e74c25f52c7dca5bec3ced3fbedd720fbeb24afc199749aab9c2019f874,"{""A"":""x2y0+x8y1"",""B"":""x0y1+x4y1+x14y1"",""b"":""X"",""d"":8,""excl_opp_detectors"":""True"",""k"":4,""l"":15,""leak_heralds"":""False"",""leak_repump"":""True"",""leakage"":""True"",""loss"":""True"",""m"":2,""n"":60,""noise"":""rl_helios"",""p"":0.001,""prllel_1q"":16,""prllel_2q"":4,""r"":20,""repump_cycles"":3,""seq_meas"":""True"",""seq_ops"":""True"",""swapLRC"":""False""}",
       736,         0,         0,    16.6,bposd,6d1ddacfb3af8946e01e6fa1f4a73feb1ff89b1e055e733a9f2c9e62f953590b,"{""A"":""x0y0+x1y0"",""B"":""x0y0+x0y1+x3y2"",""b"":""X"",""d"":7,""excl_opp_detectors"":""True"",""k"":4,""l"":8,""leak_heralds"":""False"",""leak_repump"":""True"",""leakage"":""True"",""loss"":""True"",""m"":3,""n"":48,""noise"":""rl_helios"",""p"":0.001,""prllel_1q"":16,""prllel_2q"":4,""r"":20,""repump_cycles"":3,""seq_meas"":""True"",""seq_ops"":""True"",""swapLRC"":""False""}",
      1392,         4,         0,    37.9,bposd,6d1ddacfb3af8946e01e6fa1f4a73feb1ff89b1e055e733a9f2c9e62f953590b,"{""A"":""x0y0+x1y0"",""B"":""x0y0+x0y1+x3y2"",""b"":""X"",""d"":7,""excl_opp_detectors"":""True"",""k"":4,""l"":8,""leak_heralds"":""False"",""leak_repump"":""True"",""leakage"":""True"",""loss"":""True"",""m"":3,""n"":48,""noise"":""rl_helios"",""p"":0.001,""prllel_1q"":16,""prllel_2q"":4,""r"":20,""repump_cycles"":3,""seq_meas"":""True"",""seq_ops"":""True"",""swapLRC"":""False""}",
        80,         0,         0,    3.69,bposd,6d1ddacfb3af8946e01e6fa1f4a73feb1ff89b1e055e733a9f2c9e62f953590b,"{""A"":""x0y0+x1y0"",""B"":""x0y0+x0y1+x3y2"",""b"":""X"",""d"":7,""excl_opp_detectors"":""True"",""k"":4,""l"":8,""leak_heralds"":""False"",""leak_repump"":""True"",""leakage"":""True"",""loss"":""True"",""m"":3,""n"":48,""noise"":""rl_helios"",""p"":0.001,""prllel_1q"":16,""prllel_2q"":4,""r"":20,""repump_cycles"":3,""seq_meas"":""True"",""seq_ops"":""True"",""swapLRC"":""False""}",
        64,         0,         0,    4.44,bposd,fc034e74c25f52c7dca5bec3ced3fbedd720fbeb24afc199749aab9c2019f874,"{""A"":""x2y0+x8y1"",""B"":""x0y1+x4y1+x14y1"",""b"":""X"",""d"":8,""excl_opp_detectors"":""True"",""k"":4,""l"":15,""leak_heralds"":""False"",""leak_repump"":""True"",""leakage"":""True"",""loss"":""True"",""m"":2,""n"":60,""noise"":""rl_helios"",""p"":0.001,""prllel_1q"":16,""prllel_2q"":4,""r"":20,""repump_cycles"":3,""seq_meas"":""True"",""seq_ops"":""True"",""swapLRC"":""False""}",
       304,         0,         0,    12.4,bposd,fc034e74c25f52c7dca5bec3ced3fbedd720fbeb24afc199749aab9c2019f874,"{""A"":""x2y0+x8y1"",""B"":""x0y1+x4y1+x14y1"",""b"":""X"",""d"":8,""excl_opp_detectors"":""True"",""k"":4,""l"":15,""leak_heralds"":""False"",""leak_repump"":""True"",""leakage"":""True"",""loss"":""True"",""m"":2,""n"":60,""noise"":""rl_helios"",""p"":0.001,""prllel_1q"":16,""prllel_2q"":4,""r"":20,""repump_cycles"":3,""seq_meas"":""True"",""seq_ops"":""True"",""swapLRC"":""False""}",
       152,         0,         0,    24.8,bposd,d2e31a876ff9ab44086a0403902670ab7f3daf025f64a4ada3171d61ce3ff2f5,"{""A"":""x2y0+x8y1"",""B"":""x0y1+x4y1+x14y1"",""b"":""X"",""d"":8,""excl_opp_detectors"":""True"",""k"":4,""l"":15,""leak_heralds"":""False"",""leak_repump"":""True"",""leakage"":""True"",""loss"":""True"",""m"":2,""n"":60,""noise"":""rl_helios"",""p"":0.002,""prllel_1q"":16,""prllel_2q"":4,""r"":20,""repump_cycles"":3,""seq_meas"":""True"",""seq_ops"":""True"",""swapLRC"":""False""}",
       224,         0,         0,    6.39,bposd,6d1ddacfb3af8946e01e6fa1f4a73feb1ff89b1e055e733a9f2c9e62f953590b,"{""A"":""x0y0+x1y0"",""B"":""x0y0+x0y1+x3y2"",""b"":""X"",""d"":7,""excl_opp_detectors"":""True"",""k"":4,""l"":8,""leak_heralds"":""False"",""leak_repump"":""True"",""leakage"":""True"",""loss"":""True"",""m"":3,""n"":48,""noise"":""rl_helios"",""p"":0.001,""prllel_1q"":16,""prllel_2q"":4,""r"":20,""repump_cycles"":3,""seq_meas"":""True"",""seq_ops"":""True"",""swapLRC"":""False""}",
        17,         0,         0,   0.095,bposd,6d1ddacfb3af8946e01e6fa1f4a73feb1ff89b1e055e733a9f2c9e62f953590b,"{""A"":""x0y0+x1y0"",""B"":""x0y0+x0y1+x3y2"",""b"":""X"",""d"":7,""excl_opp_detectors"":""True"",""k"":4,""l"":8,""leak_heralds"":""False"",""leak_repump"":""True"",""leakage"":""True"",""loss"":""True"",""m"":3,""n"":48,""noise"":""rl_helios"",""p"":0.001,""prllel_1q"":16,""prllel_2q"":4,""r"":20,""repump_cycles"":3,""seq_meas"":""True"",""seq_ops"":""True"",""swapLRC"":""False""}",
        64,         0,         0,   0.111,bposd,6d1ddacfb3af8946e01e6fa1f4a73feb1ff89b1e055e733a9f2c9e62f953590b,"{""A"":""x0y0+x1y0"",""B"":""x0y0+x0y1+x3y2"",""b"":""X"",""d"":7,""excl_opp_detectors"":""True"",""k"":4,""l"":8,""leak_heralds"":""False"",""leak_repump"":""True"",""leakage"":""True"",""loss"":""True"",""m"":3,""n"":48,""noise"":""rl_helios"",""p"":0.001,""prllel_1q"":16,""prllel_2q"":4,""r"":20,""repump_cycles"":3,""seq_meas"":""True"",""seq_ops"":""True"",""swapLRC"":""False""}",
         1,         0,         0,   0.018,bposd,6d1ddacfb3af8946e01e6fa1f4a73feb1ff89b1e055e733a9f2c9e62f953590b,"{""A"":""x0y0+x1y0"",""B"":""x0y0+x0y1+x3y2"",""b"":""X"",""d"":7,""excl_opp_detectors"":""True"",""k"":4,""l"":8,""leak_heralds"":""False"",""leak_repump"":""True"",""leakage"":""True"",""loss"":""True"",""m"":3,""n"":48,""noise"":""rl_helios"",""p"":0.001,""prllel_1q"":16,""prllel_2q"":4,""r"":20,""repump_cycles"":3,""seq_meas"":""True"",""seq_ops"":""True"",""swapLRC"":""False""}",
        16,         0,         0,   0.236,bposd,6d1ddacfb3af8946e01e6fa1f4a73feb1ff89b1e055e733a9f2c9e62f953590b,"{""A"":""x0y0+x1y0"",""B"":""x0y0+x0y1+x3y2"",""b"":""X"",""d"":7,""excl_opp_detectors"":""True"",""k"":4,""l"":8,""leak_heralds"":""False"",""leak_repump"":""True"",""leakage"":""True"",""loss"":""True"",""m"":3,""n"":48,""noise"":""rl_helios"",""p"":0.001,""prllel_1q"":16,""prllel_2q"":4,""r"":20,""repump_cycles"":3,""seq_meas"":""True"",""seq_ops"":""True"",""swapLRC"":""False""}",
       416,         0,         0,    17.5,bposd,fc034e74c25f52c7dca5bec3ced3fbedd720fbeb24afc199749aab9c2019f874,"{""A"":""x2y0+x8y1"",""B"":""x0y1+x4y1+x14y1"",""b"":""X"",""d"":8,""excl_opp_detectors"":""True"",""k"":4,""l"":15,""leak_heralds"":""False"",""leak_repump"":""True"",""leakage"":""True"",""loss"":""True"",""m"":2,""n"":60,""noise"":""rl_helios"",""p"":0.001,""prllel_1q"":16,""prllel_2q"":4,""r"":20,""repump_cycles"":3,""seq_meas"":""True"",""seq_ops"":""True"",""swapLRC"":""False""}",
         1,         0,         0,   0.014,bposd,fc034e74c25f52c7dca5bec3ced3fbedd720fbeb24afc199749aab9c2019f874,"{""A"":""x2y0+x8y1"",""B"":""x0y1+x4y1+x14y1"",""b"":""X"",""d"":8,""excl_opp_detectors"":""True"",""k"":4,""l"":15,""leak_heralds"":""False"",""leak_repump"":""True"",""leakage"":""True"",""loss"":""True"",""m"":2,""n"":60,""noise"":""rl_helios"",""p"":0.001,""prllel_1q"":16,""prllel_2q"":4,""r"":20,""repump_cycles"":3,""seq_meas"":""True"",""seq_ops"":""True"",""swapLRC"":""False""}",
       320,         0,         0,    8.34,bposd,6d1ddacfb3af8946e01e6fa1f4a73feb1ff89b1e055e733a9f2c9e62f953590b,"{""A"":""x0y0+x1y0"",""B"":""x0y0+x0y1+x3y2"",""b"":""X"",""d"":7,""excl_opp_detectors"":""True"",""k"":4,""l"":8,""leak_heralds"":""False"",""leak_repump"":""True"",""leakage"":""True"",""loss"":""True"",""m"":3,""n"":48,""noise"":""rl_helios"",""p"":0.001,""prllel_1q"":16,""prllel_2q"":4,""r"":20,""repump_cycles"":3,""seq_meas"":""True"",""seq_ops"":""True"",""swapLRC"":""False""}",
         1,         0,         0,   0.007,bposd,6d1ddacfb3af8946e01e6fa1f4a73feb1ff89b1e055e733a9f2c9e62f953590b,"{""A"":""x0y0+x1y0"",""B"":""x0y0+x0y1+x3y2"",""b"":""X"",""d"":7,""excl_opp_detectors"":""True"",""k"":4,""l"":8,""leak_heralds"":""False"",""leak_repump"":""True"",""leakage"":""True"",""loss"":""True"",""m"":3,""n"":48,""noise"":""rl_helios"",""p"":0.001,""prllel_1q"":16,""prllel_2q"":4,""r"":20,""repump_cycles"":3,""seq_meas"":""True"",""seq_ops"":""True"",""swapLRC"":""False""}",
      1056,         2,         0,    35.6,bposd,6d1ddacfb3af8946e01e6fa1f4a73feb1ff89b1e055e733a9f2c9e62f953590b,"{""A"":""x0y0+x1y0"",""B"":""x0y0+x0y1+x3y2"",""b"":""X"",""d"":7,""excl_opp_detectors"":""True"",""k"":4,""l"":8,""leak_heralds"":""False"",""leak_repump"":""True"",""leakage"":""True"",""loss"":""True"",""m"":3,""n"":48,""noise"":""rl_helios"",""p"":0.001,""prllel_1q"":16,""prllel_2q"":4,""r"":20,""repump_cycles"":3,""seq_meas"":""True"",""seq_ops"":""True"",""swapLRC"":""False""}",
        16,         0,         0,   0.014,bposd,6d1ddacfb3af8946e01e6fa1f4a73feb1ff89b1e055e733a9f2c9e62f953590b,"{""A"":""x0y0+x1y0"",""B"":""x0y0+x0y1+x3y2"",""b"":""X"",""d"":7,""excl_opp_detectors"":""True"",""k"":4,""l"":8,""leak_heralds"":""False"",""leak_repump"":""True"",""leakage"":""True"",""loss"":""True"",""m"":3,""n"":48,""noise"":""rl_helios"",""p"":0.001,""prllel_1q"":16,""prllel_2q"":4,""r"":20,""repump_cycles"":3,""seq_meas"":""True"",""seq_ops"":""True"",""swapLRC"":""False""}",
         1,         0,         0,   0.007,bposd,6d1ddacfb3af8946e01e6fa1f4a73feb1ff89b1e055e733a9f2c9e62f953590b,"{""A"":""x0y0+x1y0"",""B"":""x0y0+x0y1+x3y2"",""b"":""X"",""d"":7,""excl_opp_detectors"":""True"",""k"":4,""l"":8,""leak_heralds"":""False"",""leak_repump"":""True"",""leakage"":""True"",""loss"":""True"",""m"":3,""n"":48,""noise"":""rl_helios"",""p"":0.001,""prllel_1q"":16,""prllel_2q"":4,""r"":20,""repump_cycles"":3,""seq_meas"":""True"",""seq_ops"":""True"",""swapLRC"":""False""}",
        32,         0,         0,    1.04,bposd,6d1ddacfb3af8946e01e6fa1f4a73feb1ff89b1e055e733a9f2c9e62f953590b,"{""A"":""x0y0+x1y0"",""B"":""x0y0+x0y1+x3y2"",""b"":""X"",""d"":7,""excl_opp_detectors"":""True"",""k"":4,""l"":8,""leak_heralds"":""False"",""leak_repump"":""True"",""leakage"":""True"",""loss"":""True"",""m"":3,""n"":48,""noise"":""rl_helios"",""p"":0.001,""prllel_1q"":16,""prllel_2q"":4,""r"":20,""repump_cycles"":3,""seq_meas"":""True"",""seq_ops"":""True"",""swapLRC"":""False""}",
        32,         0,         0,   0.035,bposd,6d1ddacfb3af8946e01e6fa1f4a73feb1ff89b1e055e733a9f2c9e62f953590b,"{""A"":""x0y0+x1y0"",""B"":""x0y0+x0y1+x3y2"",""b"":""X"",""d"":7,""excl_opp_detectors"":""True"",""k"":4,""l"":8,""leak_heralds"":""False"",""leak_repump"":""True"",""leakage"":""True"",""loss"":""True"",""m"":3,""n"":48,""noise"":""rl_helios"",""p"":0.001,""prllel_1q"":16,""prllel_2q"":4,""r"":20,""repump_cycles"":3,""seq_meas"":""True"",""seq_ops"":""True"",""swapLRC"":""False""}",
         1,         0,         0,   0.009,bposd,fc034e74c25f52c7dca5bec3ced3fbedd720fbeb24afc199749aab9c2019f874,"{""A"":""x2y0+x8y1"",""B"":""x0y1+x4y1+x14y1"",""b"":""X"",""d"":8,""excl_opp_detectors"":""True"",""k"":4,""l"":15,""leak_heralds"":""False"",""leak_repump"":""True"",""leakage"":""True"",""loss"":""True"",""m"":2,""n"":60,""noise"":""rl_helios"",""p"":0.001,""prllel_1q"":16,""prllel_2q"":4,""r"":20,""repump_cycles"":3,""seq_meas"":""True"",""seq_ops"":""True"",""swapLRC"":""False""}",
        17,         0,         0,    1.18,bposd,6d1ddacfb3af8946e01e6fa1f4a73feb1ff89b1e055e733a9f2c9e62f953590b,"{""A"":""x0y0+x1y0"",""B"":""x0y0+x0y1+x3y2"",""b"":""X"",""d"":7,""excl_opp_detectors"":""True"",""k"":4,""l"":8,""leak_heralds"":""False"",""leak_repump"":""True"",""leakage"":""True"",""loss"":""True"",""m"":3,""n"":48,""noise"":""rl_helios"",""p"":0.001,""prllel_1q"":16,""prllel_2q"":4,""r"":20,""repump_cycles"":3,""seq_meas"":""True"",""seq_ops"":""True"",""swapLRC"":""False""}",
        16,         0,         0,   0.019,bposd,6d1ddacfb3af8946e01e6fa1f4a73feb1ff89b1e055e733a9f2c9e62f953590b,"{""A"":""x0y0+x1y0"",""B"":""x0y0+x0y1+x3y2"",""b"":""X"",""d"":7,""excl_opp_detectors"":""True"",""k"":4,""l"":8,""leak_heralds"":""False"",""leak_repump"":""True"",""leakage"":""True"",""loss"":""True"",""m"":3,""n"":48,""noise"":""rl_helios"",""p"":0.001,""prllel_1q"":16,""prllel_2q"":4,""r"":20,""repump_cycles"":3,""seq_meas"":""True"",""seq_ops"":""True"",""swapLRC"":""False""}",
        16,         0,         0,    1.47,bposd,fc034e74c25f52c7dca5bec3ced3fbedd720fbeb24afc199749aab9c2019f874,"{""A"":""x2y0+x8y1"",""B"":""x0y1+x4y1+x14y1"",""b"":""X"",""d"":8,""excl_opp_detectors"":""True"",""k"":4,""l"":15,""leak_heralds"":""False"",""leak_repump"":""True"",""leakage"":""True"",""loss"":""True"",""m"":2,""n"":60,""noise"":""rl_helios"",""p"":0.001,""prllel_1q"":16,""prllel_2q"":4,""r"":20,""repump_cycles"":3,""seq_meas"":""True"",""seq_ops"":""True"",""swapLRC"":""False""}",
         8,         0,         0,   0.034,bposd,fc034e74c25f52c7dca5bec3ced3fbedd720fbeb24afc199749aab9c2019f874,"{""A"":""x2y0+x8y1"",""B"":""x0y1+x4y1+x14y1"",""b"":""X"",""d"":8,""excl_opp_detectors"":""True"",""k"":4,""l"":15,""leak_heralds"":""False"",""leak_repump"":""True"",""leakage"":""True"",""loss"":""True"",""m"":2,""n"":60,""noise"":""rl_helios"",""p"":0.001,""prllel_1q"":16,""prllel_2q"":4,""r"":20,""repump_cycles"":3,""seq_meas"":""True"",""seq_ops"":""True"",""swapLRC"":""False""}",
       320,         1,         0,    5.78,bposd,6d1ddacfb3af8946e01e6fa1f4a73feb1ff89b1e055e733a9f2c9e62f953590b,"{""A"":""x0y0+x1y0"",""B"":""x0y0+x0y1+x3y2"",""b"":""X"",""d"":7,""excl_opp_detectors"":""True"",""k"":4,""l"":8,""leak_heralds"":""False"",""leak_repump"":""True"",""leakage"":""True"",""loss"":""True"",""m"":3,""n"":48,""noise"":""rl_helios"",""p"":0.001,""prllel_1q"":16,""prllel_2q"":4,""r"":20,""repump_cycles"":3,""seq_meas"":""True"",""seq_ops"":""True"",""swapLRC"":""False""}",
         1,         0,         0,   0.009,bposd,fc034e74c25f52c7dca5bec3ced3fbedd720fbeb24afc199749aab9c2019f874,"{""A"":""x2y0+x8y1"",""B"":""x0y1+x4y1+x14y1"",""b"":""X"",""d"":8,""excl_opp_detectors"":""True"",""k"":4,""l"":15,""leak_heralds"":""False"",""leak_repump"":""True"",""leakage"":""True"",""loss"":""True"",""m"":2,""n"":60,""noise"":""rl_helios"",""p"":0.001,""prllel_1q"":16,""prllel_2q"":4,""r"":20,""repump_cycles"":3,""seq_meas"":""True"",""seq_ops"":""True"",""swapLRC"":""False""}",
        16,         0,         0,   0.046,bposd,fc034e74c25f52c7dca5bec3ced3fbedd720fbeb24afc199749aab9c2019f874,"{""A"":""x2y0+x8y1"",""B"":""x0y1+x4y1+x14y1"",""b"":""X"",""d"":8,""excl_opp_detectors"":""True"",""k"":4,""l"":15,""leak_heralds"":""False"",""leak_repump"":""True"",""leakage"":""True"",""loss"":""True"",""m"":2,""n"":60,""noise"":""rl_helios"",""p"":0.001,""prllel_1q"":16,""prllel_2q"":4,""r"":20,""repump_cycles"":3,""seq_meas"":""True"",""seq_ops"":""True"",""swapLRC"":""False""}",
         1,         0,         0,   0.009,bposd,fc034e74c25f52c7dca5bec3ced3fbedd720fbeb24afc199749aab9c2019f874,"{""A"":""x2y0+x8y1"",""B"":""x0y1+x4y1+x14y1"",""b"":""X"",""d"":8,""excl_opp_detectors"":""True"",""k"":4,""l"":15,""leak_heralds"":""False"",""leak_repump"":""True"",""leakage"":""True"",""loss"":""True"",""m"":2,""n"":60,""noise"":""rl_helios"",""p"":0.001,""prllel_1q"":16,""prllel_2q"":4,""r"":20,""repump_cycles"":3,""seq_meas"":""True"",""seq_ops"":""True"",""swapLRC"":""False""}",
      1056,         4,         0,    33.9,bposd,6d1ddacfb3af8946e01e6fa1f4a73feb1ff89b1e055e733a9f2c9e62f953590b,"{""A"":""x0y0+x1y0"",""B"":""x0y0+x0y1+x3y2"",""b"":""X"",""d"":7,""excl_opp_detectors"":""True"",""k"":4,""l"":8,""leak_heralds"":""False"",""leak_repump"":""True"",""leakage"":""True"",""loss"":""True"",""m"":3,""n"":48,""noise"":""rl_helios"",""p"":0.001,""prllel_1q"":16,""prllel_2q"":4,""r"":20,""repump_cycles"":3,""seq_meas"":""True"",""seq_ops"":""True"",""swapLRC"":""False""}",
        16,         0,         0,   0.040,bposd,fc034e74c25f52c7dca5bec3ced3fbedd720fbeb24afc199749aab9c2019f874,"{""A"":""x2y0+x8y1"",""B"":""x0y1+x4y1+x14y1"",""b"":""X"",""d"":8,""excl_opp_detectors"":""True"",""k"":4,""l"":15,""leak_heralds"":""False"",""leak_repump"":""True"",""leakage"":""True"",""loss"":""True"",""m"":2,""n"":60,""noise"":""rl_helios"",""p"":0.001,""prllel_1q"":16,""prllel_2q"":4,""r"":20,""repump_cycles"":3,""seq_meas"":""True"",""seq_ops"":""True"",""swapLRC"":""False""}",
       256,         0,         0,    8.89,bposd,fc034e74c25f52c7dca5bec3ced3fbedd720fbeb24afc199749aab9c2019f874,"{""A"":""x2y0+x8y1"",""B"":""x0y1+x4y1+x14y1"",""b"":""X"",""d"":8,""excl_opp_detectors"":""True"",""k"":4,""l"":15,""leak_heralds"":""False"",""leak_repump"":""True"",""leakage"":""True"",""loss"":""True"",""m"":2,""n"":60,""noise"":""rl_helios"",""p"":0.001,""prllel_1q"":16,""prllel_2q"":4,""r"":20,""repump_cycles"":3,""seq_meas"":""True"",""seq_ops"":""True"",""swapLRC"":""False""}",
         1,         0,         0,   0.009,bposd,fc034e74c25f52c7dca5bec3ced3fbedd720fbeb24afc199749aab9c2019f874,"{""A"":""x2y0+x8y1"",""B"":""x0y1+x4y1+x14y1"",""b"":""X"",""d"":8,""excl_opp_detectors"":""True"",""k"":4,""l"":15,""leak_heralds"":""False"",""leak_repump"":""True"",""leakage"":""True"",""loss"":""True"",""m"":2,""n"":60,""noise"":""rl_helios"",""p"":0.001,""prllel_1q"":16,""prllel_2q"":4,""r"":20,""repump_cycles"":3,""seq_meas"":""True"",""seq_ops"":""True"",""swapLRC"":""False""}",
       448,         0,         0,    17.9,bposd,fc034e74c25f52c7dca5bec3ced3fbedd720fbeb24afc199749aab9c2019f874,"{""A"":""x2y0+x8y1"",""B"":""x0y1+x4y1+x14y1"",""b"":""X"",""d"":8,""excl_opp_detectors"":""True"",""k"":4,""l"":15,""leak_heralds"":""False"",""leak_repump"":""True"",""leakage"":""True"",""loss"":""True"",""m"":2,""n"":60,""noise"":""rl_helios"",""p"":0.001,""prllel_1q"":16,""prllel_2q"":4,""r"":20,""repump_cycles"":3,""seq_meas"":""True"",""seq_ops"":""True"",""swapLRC"":""False""}",
        16,         0,         0,    1.42,bposd,fc034e74c25f52c7dca5bec3ced3fbedd720fbeb24afc199749aab9c2019f874,"{""A"":""x2y0+x8y1"",""B"":""x0y1+x4y1+x14y1"",""b"":""X"",""d"":8,""excl_opp_detectors"":""True"",""k"":4,""l"":15,""leak_heralds"":""False"",""leak_repump"":""True"",""leakage"":""True"",""loss"":""True"",""m"":2,""n"":60,""noise"":""rl_helios"",""p"":0.001,""prllel_1q"":16,""prllel_2q"":4,""r"":20,""repump_cycles"":3,""seq_meas"":""True"",""seq_ops"":""True"",""swapLRC"":""False""}",
         8,         0,         0,   0.030,bposd,fc034e74c25f52c7dca5bec3ced3fbedd720fbeb24afc199749aab9c2019f874,"{""A"":""x2y0+x8y1"",""B"":""x0y1+x4y1+x14y1"",""b"":""X"",""d"":8,""excl_opp_detectors"":""True"",""k"":4,""l"":15,""leak_heralds"":""False"",""leak_repump"":""True"",""leakage"":""True"",""loss"":""True"",""m"":2,""n"":60,""noise"":""rl_helios"",""p"":0.001,""prllel_1q"":16,""prllel_2q"":4,""r"":20,""repump_cycles"":3,""seq_meas"":""True"",""seq_ops"":""True"",""swapLRC"":""False""}",
       160,         1,         0,    6.47,bposd,fc034e74c25f52c7dca5bec3ced3fbedd720fbeb24afc199749aab9c2019f874,"{""A"":""x2y0+x8y1"",""B"":""x0y1+x4y1+x14y1"",""b"":""X"",""d"":8,""excl_opp_detectors"":""True"",""k"":4,""l"":15,""leak_heralds"":""False"",""leak_repump"":""True"",""leakage"":""True"",""loss"":""True"",""m"":2,""n"":60,""noise"":""rl_helios"",""p"":0.001,""prllel_1q"":16,""prllel_2q"":4,""r"":20,""repump_cycles"":3,""seq_meas"":""True"",""seq_ops"":""True"",""swapLRC"":""False""}",
       128,         0,         0,    1.63,bposd,fc034e74c25f52c7dca5bec3ced3fbedd720fbeb24afc199749aab9c2019f874,"{""A"":""x2y0+x8y1"",""B"":""x0y1+x4y1+x14y1"",""b"":""X"",""d"":8,""excl_opp_detectors"":""True"",""k"":4,""l"":15,""leak_heralds"":""False"",""leak_repump"":""True"",""leakage"":""True"",""loss"":""True"",""m"":2,""n"":60,""noise"":""rl_helios"",""p"":0.001,""prllel_1q"":16,""prllel_2q"":4,""r"":20,""repump_cycles"":3,""seq_meas"":""True"",""seq_ops"":""True"",""swapLRC"":""False""}",
        16,         0,         0,    2.67,bposd,fc034e74c25f52c7dca5bec3ced3fbedd720fbeb24afc199749aab9c2019f874,"{""A"":""x2y0+x8y1"",""B"":""x0y1+x4y1+x14y1"",""b"":""X"",""d"":8,""excl_opp_detectors"":""True"",""k"":4,""l"":15,""leak_heralds"":""False"",""leak_repump"":""True"",""leakage"":""True"",""loss"":""True"",""m"":2,""n"":60,""noise"":""rl_helios"",""p"":0.001,""prllel_1q"":16,""prllel_2q"":4,""r"":20,""repump_cycles"":3,""seq_meas"":""True"",""seq_ops"":""True"",""swapLRC"":""False""}",
         8,         0,         0,   0.022,bposd,fc034e74c25f52c7dca5bec3ced3fbedd720fbeb24afc199749aab9c2019f874,"{""A"":""x2y0+x8y1"",""B"":""x0y1+x4y1+x14y1"",""b"":""X"",""d"":8,""excl_opp_detectors"":""True"",""k"":4,""l"":15,""leak_heralds"":""False"",""leak_repump"":""True"",""leakage"":""True"",""loss"":""True"",""m"":2,""n"":60,""noise"":""rl_helios"",""p"":0.001,""prllel_1q"":16,""prllel_2q"":4,""r"":20,""repump_cycles"":3,""seq_meas"":""True"",""seq_ops"":""True"",""swapLRC"":""False""}",
       128,         0,         0,    1.97,bposd,fc034e74c25f52c7dca5bec3ced3fbedd720fbeb24afc199749aab9c2019f874,"{""A"":""x2y0+x8y1"",""B"":""x0y1+x4y1+x14y1"",""b"":""X"",""d"":8,""excl_opp_detectors"":""True"",""k"":4,""l"":15,""leak_heralds"":""False"",""leak_repump"":""True"",""leakage"":""True"",""loss"":""True"",""m"":2,""n"":60,""noise"":""rl_helios"",""p"":0.001,""prllel_1q"":16,""prllel_2q"":4,""r"":20,""repump_cycles"":3,""seq_meas"":""True"",""seq_ops"":""True"",""swapLRC"":""False""}",
        64,         0,         0,   0.067,bposd,fc034e74c25f52c7dca5bec3ced3fbedd720fbeb24afc199749aab9c2019f874,"{""A"":""x2y0+x8y1"",""B"":""x0y1+x4y1+x14y1"",""b"":""X"",""d"":8,""excl_opp_detectors"":""True"",""k"":4,""l"":15,""leak_heralds"":""False"",""leak_repump"":""True"",""leakage"":""True"",""loss"":""True"",""m"":2,""n"":60,""noise"":""rl_helios"",""p"":0.001,""prllel_1q"":16,""prllel_2q"":4,""r"":20,""repump_cycles"":3,""seq_meas"":""True"",""seq_ops"":""True"",""swapLRC"":""False""}",
       656,         1,         0,    18.2,bposd,6d1ddacfb3af8946e01e6fa1f4a73feb1ff89b1e055e733a9f2c9e62f953590b,"{""A"":""x0y0+x1y0"",""B"":""x0y0+x0y1+x3y2"",""b"":""X"",""d"":7,""excl_opp_detectors"":""True"",""k"":4,""l"":8,""leak_heralds"":""False"",""leak_repump"":""True"",""leakage"":""True"",""loss"":""True"",""m"":3,""n"":48,""noise"":""rl_helios"",""p"":0.001,""prllel_1q"":16,""prllel_2q"":4,""r"":20,""repump_cycles"":3,""seq_meas"":""True"",""seq_ops"":""True"",""swapLRC"":""False""}",
       272,         0,         0,    3.73,bposd,6d1ddacfb3af8946e01e6fa1f4a73feb1ff89b1e055e733a9f2c9e62f953590b,"{""A"":""x0y0+x1y0"",""B"":""x0y0+x0y1+x3y2"",""b"":""X"",""d"":7,""excl_opp_detectors"":""True"",""k"":4,""l"":8,""leak_heralds"":""False"",""leak_repump"":""True"",""leakage"":""True"",""loss"":""True"",""m"":3,""n"":48,""noise"":""rl_helios"",""p"":0.001,""prllel_1q"":16,""prllel_2q"":4,""r"":20,""repump_cycles"":3,""seq_meas"":""True"",""seq_ops"":""True"",""swapLRC"":""False""}",
       520,         2,         0,    26.3,bposd,fc034e74c25f52c7dca5bec3ced3fbedd720fbeb24afc199749aab9c2019f874,"{""A"":""x2y0+x8y1"",""B"":""x0y1+x4y1+x14y1"",""b"":""X"",""d"":8,""excl_opp_detectors"":""True"",""k"":4,""l"":15,""leak_heralds"":""False"",""leak_repump"":""True"",""leakage"":""True"",""loss"":""True"",""m"":2,""n"":60,""noise"":""rl_helios"",""p"":0.001,""prllel_1q"":16,""prllel_2q"":4,""r"":20,""repump_cycles"":3,""seq_meas"":""True"",""seq_ops"":""True"",""swapLRC"":""False""}",
        64,         0,         0,    1.46,bposd,fc034e74c25f52c7dca5bec3ced3fbedd720fbeb24afc199749aab9c2019f874,"{""A"":""x2y0+x8y1"",""B"":""x0y1+x4y1+x14y1"",""b"":""X"",""d"":8,""excl_opp_detectors"":""True"",""k"":4,""l"":15,""leak_heralds"":""False"",""leak_repump"":""True"",""leakage"":""True"",""loss"":""True"",""m"":2,""n"":60,""noise"":""rl_helios"",""p"":0.001,""prllel_1q"":16,""prllel_2q"":4,""r"":20,""repump_cycles"":3,""seq_meas"":""True"",""seq_ops"":""True"",""swapLRC"":""False""}",
        32,         0,         0,   0.066,bposd,fc034e74c25f52c7dca5bec3ced3fbedd720fbeb24afc199749aab9c2019f874,"{""A"":""x2y0+x8y1"",""B"":""x0y1+x4y1+x14y1"",""b"":""X"",""d"":8,""excl_opp_detectors"":""True"",""k"":4,""l"":15,""leak_heralds"":""False"",""leak_repump"":""True"",""leakage"":""True"",""loss"":""True"",""m"":2,""n"":60,""noise"":""rl_helios"",""p"":0.001,""prllel_1q"":16,""prllel_2q"":4,""r"":20,""repump_cycles"":3,""seq_meas"":""True"",""seq_ops"":""True"",""swapLRC"":""False""}",
      1440,         2,         0,    35.0,bposd,6d1ddacfb3af8946e01e6fa1f4a73feb1ff89b1e055e733a9f2c9e62f953590b,"{""A"":""x0y0+x1y0"",""B"":""x0y0+x0y1+x3y2"",""b"":""X"",""d"":7,""excl_opp_detectors"":""True"",""k"":4,""l"":8,""leak_heralds"":""False"",""leak_repump"":""True"",""leakage"":""True"",""loss"":""True"",""m"":3,""n"":48,""noise"":""rl_helios"",""p"":0.001,""prllel_1q"":16,""prllel_2q"":4,""r"":20,""repump_cycles"":3,""seq_meas"":""True"",""seq_ops"":""True"",""swapLRC"":""False""}",
       320,         0,         0,    5.34,bposd,6d1ddacfb3af8946e01e6fa1f4a73feb1ff89b1e055e733a9f2c9e62f953590b,"{""A"":""x0y0+x1y0"",""B"":""x0y0+x0y1+x3y2"",""b"":""X"",""d"":7,""excl_opp_detectors"":""True"",""k"":4,""l"":8,""leak_heralds"":""False"",""leak_repump"":""True"",""leakage"":""True"",""loss"":""True"",""m"":3,""n"":48,""noise"":""rl_helios"",""p"":0.001,""prllel_1q"":16,""prllel_2q"":4,""r"":20,""repump_cycles"":3,""seq_meas"":""True"",""seq_ops"":""True"",""swapLRC"":""False""}",
       672,         2,         0,    18.9,bposd,fc034e74c25f52c7dca5bec3ced3fbedd720fbeb24afc199749aab9c2019f874,"{""A"":""x2y0+x8y1"",""B"":""x0y1+x4y1+x14y1"",""b"":""X"",""d"":8,""excl_opp_detectors"":""True"",""k"":4,""l"":15,""leak_heralds"":""False"",""leak_repump"":""True"",""leakage"":""True"",""loss"":""True"",""m"":2,""n"":60,""noise"":""rl_helios"",""p"":0.001,""prllel_1q"":16,""prllel_2q"":4,""r"":20,""repump_cycles"":3,""seq_meas"":""True"",""seq_ops"":""True"",""swapLRC"":""False""}",
        64,         0,         0,    3.17,bposd,fc034e74c25f52c7dca5bec3ced3fbedd720fbeb24afc199749aab9c2019f874,"{""A"":""x2y0+x8y1"",""B"":""x0y1+x4y1+x14y1"",""b"":""X"",""d"":8,""excl_opp_detectors"":""True"",""k"":4,""l"":15,""leak_heralds"":""False"",""leak_repump"":""True"",""leakage"":""True"",""loss"":""True"",""m"":2,""n"":60,""noise"":""rl_helios"",""p"":0.001,""prllel_1q"":16,""prllel_2q"":4,""r"":20,""repump_cycles"":3,""seq_meas"":""True"",""seq_ops"":""True"",""swapLRC"":""False""}",
       256,         1,         0,    5.61,bposd,6d1ddacfb3af8946e01e6fa1f4a73feb1ff89b1e055e733a9f2c9e62f953590b,"{""A"":""x0y0+x1y0"",""B"":""x0y0+x0y1+x3y2"",""b"":""X"",""d"":7,""excl_opp_detectors"":""True"",""k"":4,""l"":8,""leak_heralds"":""False"",""leak_repump"":""True"",""leakage"":""True"",""loss"":""True"",""m"":3,""n"":48,""noise"":""rl_helios"",""p"":0.001,""prllel_1q"":16,""prllel_2q"":4,""r"":20,""repump_cycles"":3,""seq_meas"":""True"",""seq_ops"":""True"",""swapLRC"":""False""}",
       512,         2,         0,    12.7,bposd,6d1ddacfb3af8946e01e6fa1f4a73feb1ff89b1e055e733a9f2c9e62f953590b,"{""A"":""x0y0+x1y0"",""B"":""x0y0+x0y1+x3y2"",""b"":""X"",""d"":7,""excl_opp_detectors"":""True"",""k"":4,""l"":8,""leak_heralds"":""False"",""leak_repump"":""True"",""leakage"":""True"",""loss"":""True"",""m"":3,""n"":48,""noise"":""rl_helios"",""p"":0.001,""prllel_1q"":16,""prllel_2q"":4,""r"":20,""repump_cycles"":3,""seq_meas"":""True"",""seq_ops"":""True"",""swapLRC"":""False""}",
       256,         1,         0,    6.93,bposd,6d1ddacfb3af8946e01e6fa1f4a73feb1ff89b1e055e733a9f2c9e62f953590b,"{""A"":""x0y0+x1y0"",""B"":""x0y0+x0y1+x3y2"",""b"":""X"",""d"":7,""excl_opp_detectors"":""True"",""k"":4,""l"":8,""leak_heralds"":""False"",""leak_repump"":""True"",""leakage"":""True"",""loss"":""True"",""m"":3,""n"":48,""noise"":""rl_helios"",""p"":0.001,""prllel_1q"":16,""prllel_2q"":4,""r"":20,""repump_cycles"":3,""seq_meas"":""True"",""seq_ops"":""True"",""swapLRC"":""False""}",
       128,         0,         0,    4.77,bposd,fc034e74c25f52c7dca5bec3ced3fbedd720fbeb24afc199749aab9c2019f874,"{""A"":""x2y0+x8y1"",""B"":""x0y1+x4y1+x14y1"",""b"":""X"",""d"":8,""excl_opp_detectors"":""True"",""k"":4,""l"":15,""leak_heralds"":""False"",""leak_repump"":""True"",""leakage"":""True"",""loss"":""True"",""m"":2,""n"":60,""noise"":""rl_helios"",""p"":0.001,""prllel_1q"":16,""prllel_2q"":4,""r"":20,""repump_cycles"":3,""seq_meas"":""True"",""seq_ops"":""True"",""swapLRC"":""False""}",
        32,         0,         0,    1.82,bposd,fc034e74c25f52c7dca5bec3ced3fbedd720fbeb24afc199749aab9c2019f874,"{""A"":""x2y0+x8y1"",""B"":""x0y1+x4y1+x14y1"",""b"":""X"",""d"":8,""excl_opp_detectors"":""True"",""k"":4,""l"":15,""leak_heralds"":""False"",""leak_repump"":""True"",""leakage"":""True"",""loss"":""True"",""m"":2,""n"":60,""noise"":""rl_helios"",""p"":0.001,""prllel_1q"":16,""prllel_2q"":4,""r"":20,""repump_cycles"":3,""seq_meas"":""True"",""seq_ops"":""True"",""swapLRC"":""False""}",
       128,         0,         0,    6.74,bposd,fc034e74c25f52c7dca5bec3ced3fbedd720fbeb24afc199749aab9c2019f874,"{""A"":""x2y0+x8y1"",""B"":""x0y1+x4y1+x14y1"",""b"":""X"",""d"":8,""excl_opp_detectors"":""True"",""k"":4,""l"":15,""leak_heralds"":""False"",""leak_repump"":""True"",""leakage"":""True"",""loss"":""True"",""m"":2,""n"":60,""noise"":""rl_helios"",""p"":0.001,""prllel_1q"":16,""prllel_2q"":4,""r"":20,""repump_cycles"":3,""seq_meas"":""True"",""seq_ops"":""True"",""swapLRC"":""False""}",
       256,         1,         0,    10.1,bposd,6d1ddacfb3af8946e01e6fa1f4a73feb1ff89b1e055e733a9f2c9e62f953590b,"{""A"":""x0y0+x1y0"",""B"":""x0y0+x0y1+x3y2"",""b"":""X"",""d"":7,""excl_opp_detectors"":""True"",""k"":4,""l"":8,""leak_heralds"":""False"",""leak_repump"":""True"",""leakage"":""True"",""loss"":""True"",""m"":3,""n"":48,""noise"":""rl_helios"",""p"":0.001,""prllel_1q"":16,""prllel_2q"":4,""r"":20,""repump_cycles"":3,""seq_meas"":""True"",""seq_ops"":""True"",""swapLRC"":""False""}",
       128,         0,         0,    2.02,bposd,6d1ddacfb3af8946e01e6fa1f4a73feb1ff89b1e055e733a9f2c9e62f953590b,"{""A"":""x0y0+x1y0"",""B"":""x0y0+x0y1+x3y2"",""b"":""X"",""d"":7,""excl_opp_detectors"":""True"",""k"":4,""l"":8,""leak_heralds"":""False"",""leak_repump"":""True"",""leakage"":""True"",""loss"":""True"",""m"":3,""n"":48,""noise"":""rl_helios"",""p"":0.001,""prllel_1q"":16,""prllel_2q"":4,""r"":20,""repump_cycles"":3,""seq_meas"":""True"",""seq_ops"":""True"",""swapLRC"":""False""}",
        64,         0,         0,   0.089,bposd,6d1ddacfb3af8946e01e6fa1f4a73feb1ff89b1e055e733a9f2c9e62f953590b,"{""A"":""x0y0+x1y0"",""B"":""x0y0+x0y1+x3y2"",""b"":""X"",""d"":7,""excl_opp_detectors"":""True"",""k"":4,""l"":8,""leak_heralds"":""False"",""leak_repump"":""True"",""leakage"":""True"",""loss"":""True"",""m"":3,""n"":48,""noise"":""rl_helios"",""p"":0.001,""prllel_1q"":16,""prllel_2q"":4,""r"":20,""repump_cycles"":3,""seq_meas"":""True"",""seq_ops"":""True"",""swapLRC"":""False""}",
       128,         0,         0,    8.32,bposd,fc034e74c25f52c7dca5bec3ced3fbedd720fbeb24afc199749aab9c2019f874,"{""A"":""x2y0+x8y1"",""B"":""x0y1+x4y1+x14y1"",""b"":""X"",""d"":8,""excl_opp_detectors"":""True"",""k"":4,""l"":15,""leak_heralds"":""False"",""leak_repump"":""True"",""leakage"":""True"",""loss"":""True"",""m"":2,""n"":60,""noise"":""rl_helios"",""p"":0.001,""prllel_1q"":16,""prllel_2q"":4,""r"":20,""repump_cycles"":3,""seq_meas"":""True"",""seq_ops"":""True"",""swapLRC"":""False""}",
      1088,         1,         0,    32.5,bposd,fc034e74c25f52c7dca5bec3ced3fbedd720fbeb24afc199749aab9c2019f874,"{""A"":""x2y0+x8y1"",""B"":""x0y1+x4y1+x14y1"",""b"":""X"",""d"":8,""excl_opp_detectors"":""True"",""k"":4,""l"":15,""leak_heralds"":""False"",""leak_repump"":""True"",""leakage"":""True"",""loss"":""True"",""m"":2,""n"":60,""noise"":""rl_helios"",""p"":0.001,""prllel_1q"":16,""prllel_2q"":4,""r"":20,""repump_cycles"":3,""seq_meas"":""True"",""seq_ops"":""True"",""swapLRC"":""False""}",
       304,         0,         0,    10.9,bposd,6d1ddacfb3af8946e01e6fa1f4a73feb1ff89b1e055e733a9f2c9e62f953590b,"{""A"":""x0y0+x1y0"",""B"":""x0y0+x0y1+x3y2"",""b"":""X"",""d"":7,""excl_opp_detectors"":""True"",""k"":4,""l"":8,""leak_heralds"":""False"",""leak_repump"":""True"",""leakage"":""True"",""loss"":""True"",""m"":3,""n"":48,""noise"":""rl_helios"",""p"":0.001,""prllel_1q"":16,""prllel_2q"":4,""r"":20,""repump_cycles"":3,""seq_meas"":""True"",""seq_ops"":""True"",""swapLRC"":""False""}",
       256,         0,         0,    8.39,bposd,6d1ddacfb3af8946e01e6fa1f4a73feb1ff89b1e055e733a9f2c9e62f953590b,"{""A"":""x0y0+x1y0"",""B"":""x0y0+x0y1+x3y2"",""b"":""X"",""d"":7,""excl_opp_detectors"":""True"",""k"":4,""l"":8,""leak_heralds"":""False"",""leak_repump"":""True"",""leakage"":""True"",""loss"":""True"",""m"":3,""n"":48,""noise"":""rl_helios"",""p"":0.001,""prllel_1q"":16,""prllel_2q"":4,""r"":20,""repump_cycles"":3,""seq_meas"":""True"",""seq_ops"":""True"",""swapLRC"":""False""}",
       128,         1,         0,    3.25,bposd,6d1ddacfb3af8946e01e6fa1f4a73feb1ff89b1e055e733a9f2c9e62f953590b,"{""A"":""x0y0+x1y0"",""B"":""x0y0+x0y1+x3y2"",""b"":""X"",""d"":7,""excl_opp_detectors"":""True"",""k"":4,""l"":8,""leak_heralds"":""False"",""leak_repump"":""True"",""leakage"":""True"",""loss"":""True"",""m"":3,""n"":48,""noise"":""rl_helios"",""p"":0.001,""prllel_1q"":16,""prllel_2q"":4,""r"":20,""repump_cycles"":3,""seq_meas"":""True"",""seq_ops"":""True"",""swapLRC"":""False""}",
       128,         0,         0,    6.70,bposd,fc034e74c25f52c7dca5bec3ced3fbedd720fbeb24afc199749aab9c2019f874,"{""A"":""x2y0+x8y1"",""B"":""x0y1+x4y1+x14y1"",""b"":""X"",""d"":8,""excl_opp_detectors"":""True"",""k"":4,""l"":15,""leak_heralds"":""False"",""leak_repump"":""True"",""leakage"":""True"",""loss"":""True"",""m"":2,""n"":60,""noise"":""rl_helios"",""p"":0.001,""prllel_1q"":16,""prllel_2q"":4,""r"":20,""repump_cycles"":3,""seq_meas"":""True"",""seq_ops"":""True"",""swapLRC"":""False""}",
        64,         0,         0,    1.05,bposd,fc034e74c25f52c7dca5bec3ced3fbedd720fbeb24afc199749aab9c2019f874,"{""A"":""x2y0+x8y1"",""B"":""x0y1+x4y1+x14y1"",""b"":""X"",""d"":8,""excl_opp_detectors"":""True"",""k"":4,""l"":15,""leak_heralds"":""False"",""leak_repump"":""True"",""leakage"":""True"",""loss"":""True"",""m"":2,""n"":60,""noise"":""rl_helios"",""p"":0.001,""prllel_1q"":16,""prllel_2q"":4,""r"":20,""repump_cycles"":3,""seq_meas"":""True"",""seq_ops"":""True"",""swapLRC"":""False""}",
       128,         0,         0,    1.87,bposd,6d1ddacfb3af8946e01e6fa1f4a73feb1ff89b1e055e733a9f2c9e62f953590b,"{""A"":""x0y0+x1y0"",""B"":""x0y0+x0y1+x3y2"",""b"":""X"",""d"":7,""excl_opp_detectors"":""True"",""k"":4,""l"":8,""leak_heralds"":""False"",""leak_repump"":""True"",""leakage"":""True"",""loss"":""True"",""m"":3,""n"":48,""noise"":""rl_helios"",""p"":0.001,""prllel_1q"":16,""prllel_2q"":4,""r"":20,""repump_cycles"":3,""seq_meas"":""True"",""seq_ops"":""True"",""swapLRC"":""False""}",
       128,         0,         0,    7.60,bposd,6d1ddacfb3af8946e01e6fa1f4a73feb1ff89b1e055e733a9f2c9e62f953590b,"{""A"":""x0y0+x1y0"",""B"":""x0y0+x0y1+x3y2"",""b"":""X"",""d"":7,""excl_opp_detectors"":""True"",""k"":4,""l"":8,""leak_heralds"":""False"",""leak_repump"":""True"",""leakage"":""True"",""loss"":""True"",""m"":3,""n"":48,""noise"":""rl_helios"",""p"":0.001,""prllel_1q"":16,""prllel_2q"":4,""r"":20,""repump_cycles"":3,""seq_meas"":""True"",""seq_ops"":""True"",""swapLRC"":""False""}",
       864,         2,         0,    20.7,bposd,6d1ddacfb3af8946e01e6fa1f4a73feb1ff89b1e055e733a9f2c9e62f953590b,"{""A"":""x0y0+x1y0"",""B"":""x0y0+x0y1+x3y2"",""b"":""X"",""d"":7,""excl_opp_detectors"":""True"",""k"":4,""l"":8,""leak_heralds"":""False"",""leak_repump"":""True"",""leakage"":""True"",""loss"":""True"",""m"":3,""n"":48,""noise"":""rl_helios"",""p"":0.001,""prllel_1q"":16,""prllel_2q"":4,""r"":20,""repump_cycles"":3,""seq_meas"":""True"",""seq_ops"":""True"",""swapLRC"":""False""}",
        64,         0,         0,    2.07,bposd,fc034e74c25f52c7dca5bec3ced3fbedd720fbeb24afc199749aab9c2019f874,"{""A"":""x2y0+x8y1"",""B"":""x0y1+x4y1+x14y1"",""b"":""X"",""d"":8,""excl_opp_detectors"":""True"",""k"":4,""l"":15,""leak_heralds"":""False"",""leak_repump"":""True"",""leakage"":""True"",""loss"":""True"",""m"":2,""n"":60,""noise"":""rl_helios"",""p"":0.001,""prllel_1q"":16,""prllel_2q"":4,""r"":20,""repump_cycles"":3,""seq_meas"":""True"",""seq_ops"":""True"",""swapLRC"":""False""}",
        64,         0,         0,    2.71,bposd,6d1ddacfb3af8946e01e6fa1f4a73feb1ff89b1e055e733a9f2c9e62f953590b,"{""A"":""x0y0+x1y0"",""B"":""x0y0+x0y1+x3y2"",""b"":""X"",""d"":7,""excl_opp_detectors"":""True"",""k"":4,""l"":8,""leak_heralds"":""False"",""leak_repump"":""True"",""leakage"":""True"",""loss"":""True"",""m"":3,""n"":48,""noise"":""rl_helios"",""p"":0.001,""prllel_1q"":16,""prllel_2q"":4,""r"":20,""repump_cycles"":3,""seq_meas"":""True"",""seq_ops"":""True"",""swapLRC"":""False""}",
        64,         0,         0,    1.77,bposd,6d1ddacfb3af8946e01e6fa1f4a73feb1ff89b1e055e733a9f2c9e62f953590b,"{""A"":""x0y0+x1y0"",""B"":""x0y0+x0y1+x3y2"",""b"":""X"",""d"":7,""excl_opp_detectors"":""True"",""k"":4,""l"":8,""leak_heralds"":""False"",""leak_repump"":""True"",""leakage"":""True"",""loss"":""True"",""m"":3,""n"":48,""noise"":""rl_helios"",""p"":0.001,""prllel_1q"":16,""prllel_2q"":4,""r"":20,""repump_cycles"":3,""seq_meas"":""True"",""seq_ops"":""True"",""swapLRC"":""False""}",
        64,         0,         0,    1.24,bposd,6d1ddacfb3af8946e01e6fa1f4a73feb1ff89b1e055e733a9f2c9e62f953590b,"{""A"":""x0y0+x1y0"",""B"":""x0y0+x0y1+x3y2"",""b"":""X"",""d"":7,""excl_opp_detectors"":""True"",""k"":4,""l"":8,""leak_heralds"":""False"",""leak_repump"":""True"",""leakage"":""True"",""loss"":""True"",""m"":3,""n"":48,""noise"":""rl_helios"",""p"":0.001,""prllel_1q"":16,""prllel_2q"":4,""r"":20,""repump_cycles"":3,""seq_meas"":""True"",""seq_ops"":""True"",""swapLRC"":""False""}",
        64,         0,         0,    5.25,bposd,fc034e74c25f52c7dca5bec3ced3fbedd720fbeb24afc199749aab9c2019f874,"{""A"":""x2y0+x8y1"",""B"":""x0y1+x4y1+x14y1"",""b"":""X"",""d"":8,""excl_opp_detectors"":""True"",""k"":4,""l"":15,""leak_heralds"":""False"",""leak_repump"":""True"",""leakage"":""True"",""loss"":""True"",""m"":2,""n"":60,""noise"":""rl_helios"",""p"":0.001,""prllel_1q"":16,""prllel_2q"":4,""r"":20,""repump_cycles"":3,""seq_meas"":""True"",""seq_ops"":""True"",""swapLRC"":""False""}",
        32,         0,         0,   0.894,bposd,6d1ddacfb3af8946e01e6fa1f4a73feb1ff89b1e055e733a9f2c9e62f953590b,"{""A"":""x0y0+x1y0"",""B"":""x0y0+x0y1+x3y2"",""b"":""X"",""d"":7,""excl_opp_detectors"":""True"",""k"":4,""l"":8,""leak_heralds"":""False"",""leak_repump"":""True"",""leakage"":""True"",""loss"":""True"",""m"":3,""n"":48,""noise"":""rl_helios"",""p"":0.001,""prllel_1q"":16,""prllel_2q"":4,""r"":20,""repump_cycles"":3,""seq_meas"":""True"",""seq_ops"":""True"",""swapLRC"":""False""}",
        32,         0,         0,   0.779,bposd,6d1ddacfb3af8946e01e6fa1f4a73feb1ff89b1e055e733a9f2c9e62f953590b,"{""A"":""x0y0+x1y0"",""B"":""x0y0+x0y1+x3y2"",""b"":""X"",""d"":7,""excl_opp_detectors"":""True"",""k"":4,""l"":8,""leak_heralds"":""False"",""leak_repump"":""True"",""leakage"":""True"",""loss"":""True"",""m"":3,""n"":48,""noise"":""rl_helios"",""p"":0.001,""prllel_1q"":16,""prllel_2q"":4,""r"":20,""repump_cycles"":3,""seq_meas"":""True"",""seq_ops"":""True"",""swapLRC"":""False""}",
        64,         1,         0,    3.30,bposd,fc034e74c25f52c7dca5bec3ced3fbedd720fbeb24afc199749aab9c2019f874,"{""A"":""x2y0+x8y1"",""B"":""x0y1+x4y1+x14y1"",""b"":""X"",""d"":8,""excl_opp_detectors"":""True"",""k"":4,""l"":15,""leak_heralds"":""False"",""leak_repump"":""True"",""leakage"":""True"",""loss"":""True"",""m"":2,""n"":60,""noise"":""rl_helios"",""p"":0.001,""prllel_1q"":16,""prllel_2q"":4,""r"":20,""repump_cycles"":3,""seq_meas"":""True"",""seq_ops"":""True"",""swapLRC"":""False""}",
      1248,         1,         0,    40.6,bposd,fc034e74c25f52c7dca5bec3ced3fbedd720fbeb24afc199749aab9c2019f874,"{""A"":""x2y0+x8y1"",""B"":""x0y1+x4y1+x14y1"",""b"":""X"",""d"":8,""excl_opp_detectors"":""True"",""k"":4,""l"":15,""leak_heralds"":""False"",""leak_repump"":""True"",""leakage"":""True"",""loss"":""True"",""m"":2,""n"":60,""noise"":""rl_helios"",""p"":0.001,""prllel_1q"":16,""prllel_2q"":4,""r"":20,""repump_cycles"":3,""seq_meas"":""True"",""seq_ops"":""True"",""swapLRC"":""False""}",
        64,         0,         0,    5.45,bposd,fc034e74c25f52c7dca5bec3ced3fbedd720fbeb24afc199749aab9c2019f874,"{""A"":""x2y0+x8y1"",""B"":""x0y1+x4y1+x14y1"",""b"":""X"",""d"":8,""excl_opp_detectors"":""True"",""k"":4,""l"":15,""leak_heralds"":""False"",""leak_repump"":""True"",""leakage"":""True"",""loss"":""True"",""m"":2,""n"":60,""noise"":""rl_helios"",""p"":0.001,""prllel_1q"":16,""prllel_2q"":4,""r"":20,""repump_cycles"":3,""seq_meas"":""True"",""seq_ops"":""True"",""swapLRC"":""False""}",
        64,         0,         0,    1.67,bposd,6d1ddacfb3af8946e01e6fa1f4a73feb1ff89b1e055e733a9f2c9e62f953590b,"{""A"":""x0y0+x1y0"",""B"":""x0y0+x0y1+x3y2"",""b"":""X"",""d"":7,""excl_opp_detectors"":""True"",""k"":4,""l"":8,""leak_heralds"":""False"",""leak_repump"":""True"",""leakage"":""True"",""loss"":""True"",""m"":3,""n"":48,""noise"":""rl_helios"",""p"":0.001,""prllel_1q"":16,""prllel_2q"":4,""r"":20,""repump_cycles"":3,""seq_meas"":""True"",""seq_ops"":""True"",""swapLRC"":""False""}",
       400,         0,         0,    17.3,bposd,fc034e74c25f52c7dca5bec3ced3fbedd720fbeb24afc199749aab9c2019f874,"{""A"":""x2y0+x8y1"",""B"":""x0y1+x4y1+x14y1"",""b"":""X"",""d"":8,""excl_opp_detectors"":""True"",""k"":4,""l"":15,""leak_heralds"":""False"",""leak_repump"":""True"",""leakage"":""True"",""loss"":""True"",""m"":2,""n"":60,""noise"":""rl_helios"",""p"":0.001,""prllel_1q"":16,""prllel_2q"":4,""r"":20,""repump_cycles"":3,""seq_meas"":""True"",""seq_ops"":""True"",""swapLRC"":""False""}",
        32,         0,         0,    2.42,bposd,fc034e74c25f52c7dca5bec3ced3fbedd720fbeb24afc199749aab9c2019f874,"{""A"":""x2y0+x8y1"",""B"":""x0y1+x4y1+x14y1"",""b"":""X"",""d"":8,""excl_opp_detectors"":""True"",""k"":4,""l"":15,""leak_heralds"":""False"",""leak_repump"":""True"",""leakage"":""True"",""loss"":""True"",""m"":2,""n"":60,""noise"":""rl_helios"",""p"":0.001,""prllel_1q"":16,""prllel_2q"":4,""r"":20,""repump_cycles"":3,""seq_meas"":""True"",""seq_ops"":""True"",""swapLRC"":""False""}",
       256,         0,         0,    5.92,bposd,6d1ddacfb3af8946e01e6fa1f4a73feb1ff89b1e055e733a9f2c9e62f953590b,"{""A"":""x0y0+x1y0"",""B"":""x0y0+x0y1+x3y2"",""b"":""X"",""d"":7,""excl_opp_detectors"":""True"",""k"":4,""l"":8,""leak_heralds"":""False"",""leak_repump"":""True"",""leakage"":""True"",""loss"":""True"",""m"":3,""n"":48,""noise"":""rl_helios"",""p"":0.001,""prllel_1q"":16,""prllel_2q"":4,""r"":20,""repump_cycles"":3,""seq_meas"":""True"",""seq_ops"":""True"",""swapLRC"":""False""}",
        32,         0,         0,    1.86,bposd,fc034e74c25f52c7dca5bec3ced3fbedd720fbeb24afc199749aab9c2019f874,"{""A"":""x2y0+x8y1"",""B"":""x0y1+x4y1+x14y1"",""b"":""X"",""d"":8,""excl_opp_detectors"":""True"",""k"":4,""l"":15,""leak_heralds"":""False"",""leak_repump"":""True"",""leakage"":""True"",""loss"":""True"",""m"":2,""n"":60,""noise"":""rl_helios"",""p"":0.001,""prllel_1q"":16,""prllel_2q"":4,""r"":20,""repump_cycles"":3,""seq_meas"":""True"",""seq_ops"":""True"",""swapLRC"":""False""}",
        32,         0,         0,    1.60,bposd,fc034e74c25f52c7dca5bec3ced3fbedd720fbeb24afc199749aab9c2019f874,"{""A"":""x2y0+x8y1"",""B"":""x0y1+x4y1+x14y1"",""b"":""X"",""d"":8,""excl_opp_detectors"":""True"",""k"":4,""l"":15,""leak_heralds"":""False"",""leak_repump"":""True"",""leakage"":""True"",""loss"":""True"",""m"":2,""n"":60,""noise"":""rl_helios"",""p"":0.001,""prllel_1q"":16,""prllel_2q"":4,""r"":20,""repump_cycles"":3,""seq_meas"":""True"",""seq_ops"":""True"",""swapLRC"":""False""}",
       272,         0,         0,    7.46,bposd,fc034e74c25f52c7dca5bec3ced3fbedd720fbeb24afc199749aab9c2019f874,"{""A"":""x2y0+x8y1"",""B"":""x0y1+x4y1+x14y1"",""b"":""X"",""d"":8,""excl_opp_detectors"":""True"",""k"":4,""l"":15,""leak_heralds"":""False"",""leak_repump"":""True"",""leakage"":""True"",""loss"":""True"",""m"":2,""n"":60,""noise"":""rl_helios"",""p"":0.001,""prllel_1q"":16,""prllel_2q"":4,""r"":20,""repump_cycles"":3,""seq_meas"":""True"",""seq_ops"":""True"",""swapLRC"":""False""}",
        32,         0,         0,    1.76,bposd,fc034e74c25f52c7dca5bec3ced3fbedd720fbeb24afc199749aab9c2019f874,"{""A"":""x2y0+x8y1"",""B"":""x0y1+x4y1+x14y1"",""b"":""X"",""d"":8,""excl_opp_detectors"":""True"",""k"":4,""l"":15,""leak_heralds"":""False"",""leak_repump"":""True"",""leakage"":""True"",""loss"":""True"",""m"":2,""n"":60,""noise"":""rl_helios"",""p"":0.001,""prllel_1q"":16,""prllel_2q"":4,""r"":20,""repump_cycles"":3,""seq_meas"":""True"",""seq_ops"":""True"",""swapLRC"":""False""}",
        32,         0,         0,    2.80,bposd,6d1ddacfb3af8946e01e6fa1f4a73feb1ff89b1e055e733a9f2c9e62f953590b,"{""A"":""x0y0+x1y0"",""B"":""x0y0+x0y1+x3y2"",""b"":""X"",""d"":7,""excl_opp_detectors"":""True"",""k"":4,""l"":8,""leak_heralds"":""False"",""leak_repump"":""True"",""leakage"":""True"",""loss"":""True"",""m"":3,""n"":48,""noise"":""rl_helios"",""p"":0.001,""prllel_1q"":16,""prllel_2q"":4,""r"":20,""repump_cycles"":3,""seq_meas"":""True"",""seq_ops"":""True"",""swapLRC"":""False""}",
       493,         1,         0,    15.9,bposd,6d1ddacfb3af8946e01e6fa1f4a73feb1ff89b1e055e733a9f2c9e62f953590b,"{""A"":""x0y0+x1y0"",""B"":""x0y0+x0y1+x3y2"",""b"":""X"",""d"":7,""excl_opp_detectors"":""True"",""k"":4,""l"":8,""leak_heralds"":""False"",""leak_repump"":""True"",""leakage"":""True"",""loss"":""True"",""m"":3,""n"":48,""noise"":""rl_helios"",""p"":0.001,""prllel_1q"":16,""prllel_2q"":4,""r"":20,""repump_cycles"":3,""seq_meas"":""True"",""seq_ops"":""True"",""swapLRC"":""False""}",
        16,         0,         0,   0.119,bposd,6d1ddacfb3af8946e01e6fa1f4a73feb1ff89b1e055e733a9f2c9e62f953590b,"{""A"":""x0y0+x1y0"",""B"":""x0y0+x0y1+x3y2"",""b"":""X"",""d"":7,""excl_opp_detectors"":""True"",""k"":4,""l"":8,""leak_heralds"":""False"",""leak_repump"":""True"",""leakage"":""True"",""loss"":""True"",""m"":3,""n"":48,""noise"":""rl_helios"",""p"":0.001,""prllel_1q"":16,""prllel_2q"":4,""r"":20,""repump_cycles"":3,""seq_meas"":""True"",""seq_ops"":""True"",""swapLRC"":""False""}",
       256,         0,         0,    12.1,bposd,fc034e74c25f52c7dca5bec3ced3fbedd720fbeb24afc199749aab9c2019f874,"{""A"":""x2y0+x8y1"",""B"":""x0y1+x4y1+x14y1"",""b"":""X"",""d"":8,""excl_opp_detectors"":""True"",""k"":4,""l"":15,""leak_heralds"":""False"",""leak_repump"":""True"",""leakage"":""True"",""loss"":""True"",""m"":2,""n"":60,""noise"":""rl_helios"",""p"":0.001,""prllel_1q"":16,""prllel_2q"":4,""r"":20,""repump_cycles"":3,""seq_meas"":""True"",""seq_ops"":""True"",""swapLRC"":""False""}",
        32,         0,         0,    2.76,bposd,6d1ddacfb3af8946e01e6fa1f4a73feb1ff89b1e055e733a9f2c9e62f953590b,"{""A"":""x0y0+x1y0"",""B"":""x0y0+x0y1+x3y2"",""b"":""X"",""d"":7,""excl_opp_detectors"":""True"",""k"":4,""l"":8,""leak_heralds"":""False"",""leak_repump"":""True"",""leakage"":""True"",""loss"":""True"",""m"":3,""n"":48,""noise"":""rl_helios"",""p"":0.001,""prllel_1q"":16,""prllel_2q"":4,""r"":20,""repump_cycles"":3,""seq_meas"":""True"",""seq_ops"":""True"",""swapLRC"":""False""}",
        16,         0,         0,   0.127,bposd,6d1ddacfb3af8946e01e6fa1f4a73feb1ff89b1e055e733a9f2c9e62f953590b,"{""A"":""x0y0+x1y0"",""B"":""x0y0+x0y1+x3y2"",""b"":""X"",""d"":7,""excl_opp_detectors"":""True"",""k"":4,""l"":8,""leak_heralds"":""False"",""leak_repump"":""True"",""leakage"":""True"",""loss"":""True"",""m"":3,""n"":48,""noise"":""rl_helios"",""p"":0.001,""prllel_1q"":16,""prllel_2q"":4,""r"":20,""repump_cycles"":3,""seq_meas"":""True"",""seq_ops"":""True"",""swapLRC"":""False""}",
        64,         1,         0,    1.90,bposd,6d1ddacfb3af8946e01e6fa1f4a73feb1ff89b1e055e733a9f2c9e62f953590b,"{""A"":""x0y0+x1y0"",""B"":""x0y0+x0y1+x3y2"",""b"":""X"",""d"":7,""excl_opp_detectors"":""True"",""k"":4,""l"":8,""leak_heralds"":""False"",""leak_repump"":""True"",""leakage"":""True"",""loss"":""True"",""m"":3,""n"":48,""noise"":""rl_helios"",""p"":0.001,""prllel_1q"":16,""prllel_2q"":4,""r"":20,""repump_cycles"":3,""seq_meas"":""True"",""seq_ops"":""True"",""swapLRC"":""False""}",
       256,         0,         0,    12.2,bposd,fc034e74c25f52c7dca5bec3ced3fbedd720fbeb24afc199749aab9c2019f874,"{""A"":""x2y0+x8y1"",""B"":""x0y1+x4y1+x14y1"",""b"":""X"",""d"":8,""excl_opp_detectors"":""True"",""k"":4,""l"":15,""leak_heralds"":""False"",""leak_repump"":""True"",""leakage"":""True"",""loss"":""True"",""m"":2,""n"":60,""noise"":""rl_helios"",""p"":0.001,""prllel_1q"":16,""prllel_2q"":4,""r"":20,""repump_cycles"":3,""seq_meas"":""True"",""seq_ops"":""True"",""swapLRC"":""False""}",
       128,         0,         0,    3.37,bposd,6d1ddacfb3af8946e01e6fa1f4a73feb1ff89b1e055e733a9f2c9e62f953590b,"{""A"":""x0y0+x1y0"",""B"":""x0y0+x0y1+x3y2"",""b"":""X"",""d"":7,""excl_opp_detectors"":""True"",""k"":4,""l"":8,""leak_heralds"":""False"",""leak_repump"":""True"",""leakage"":""True"",""loss"":""True"",""m"":3,""n"":48,""noise"":""rl_helios"",""p"":0.001,""prllel_1q"":16,""prllel_2q"":4,""r"":20,""repump_cycles"":3,""seq_meas"":""True"",""seq_ops"":""True"",""swapLRC"":""False""}",
       480,         0,         0,    11.9,bposd,6d1ddacfb3af8946e01e6fa1f4a73feb1ff89b1e055e733a9f2c9e62f953590b,"{""A"":""x0y0+x1y0"",""B"":""x0y0+x0y1+x3y2"",""b"":""X"",""d"":7,""excl_opp_detectors"":""True"",""k"":4,""l"":8,""leak_heralds"":""False"",""leak_repump"":""True"",""leakage"":""True"",""loss"":""True"",""m"":3,""n"":48,""noise"":""rl_helios"",""p"":0.001,""prllel_1q"":16,""prllel_2q"":4,""r"":20,""repump_cycles"":3,""seq_meas"":""True"",""seq_ops"":""True"",""swapLRC"":""False""}",
       352,         0,         0,    13.4,bposd,6d1ddacfb3af8946e01e6fa1f4a73feb1ff89b1e055e733a9f2c9e62f953590b,"{""A"":""x0y0+x1y0"",""B"":""x0y0+x0y1+x3y2"",""b"":""X"",""d"":7,""excl_opp_detectors"":""True"",""k"":4,""l"":8,""leak_heralds"":""False"",""leak_repump"":""True"",""leakage"":""True"",""loss"":""True"",""m"":3,""n"":48,""noise"":""rl_helios"",""p"":0.001,""prllel_1q"":16,""prllel_2q"":4,""r"":20,""repump_cycles"":3,""seq_meas"":""True"",""seq_ops"":""True"",""swapLRC"":""False""}",
        32,         0,         0,    1.06,bposd,6d1ddacfb3af8946e01e6fa1f4a73feb1ff89b1e055e733a9f2c9e62f953590b,"{""A"":""x0y0+x1y0"",""B"":""x0y0+x0y1+x3y2"",""b"":""X"",""d"":7,""excl_opp_detectors"":""True"",""k"":4,""l"":8,""leak_heralds"":""False"",""leak_repump"":""True"",""leakage"":""True"",""loss"":""True"",""m"":3,""n"":48,""noise"":""rl_helios"",""p"":0.001,""prllel_1q"":16,""prllel_2q"":4,""r"":20,""repump_cycles"":3,""seq_meas"":""True"",""seq_ops"":""True"",""swapLRC"":""False""}",
       416,         0,         0,    11.8,bposd,6d1ddacfb3af8946e01e6fa1f4a73feb1ff89b1e055e733a9f2c9e62f953590b,"{""A"":""x0y0+x1y0"",""B"":""x0y0+x0y1+x3y2"",""b"":""X"",""d"":7,""excl_opp_detectors"":""True"",""k"":4,""l"":8,""leak_heralds"":""False"",""leak_repump"":""True"",""leakage"":""True"",""loss"":""True"",""m"":3,""n"":48,""noise"":""rl_helios"",""p"":0.001,""prllel_1q"":16,""prllel_2q"":4,""r"":20,""repump_cycles"":3,""seq_meas"":""True"",""seq_ops"":""True"",""swapLRC"":""False""}",
        64,         0,         0,    3.14,bposd,6d1ddacfb3af8946e01e6fa1f4a73feb1ff89b1e055e733a9f2c9e62f953590b,"{""A"":""x0y0+x1y0"",""B"":""x0y0+x0y1+x3y2"",""b"":""X"",""d"":7,""excl_opp_detectors"":""True"",""k"":4,""l"":8,""leak_heralds"":""False"",""leak_repump"":""True"",""leakage"":""True"",""loss"":""True"",""m"":3,""n"":48,""noise"":""rl_helios"",""p"":0.001,""prllel_1q"":16,""prllel_2q"":4,""r"":20,""repump_cycles"":3,""seq_meas"":""True"",""seq_ops"":""True"",""swapLRC"":""False""}",
       896,         0,         0,    34.4,bposd,fc034e74c25f52c7dca5bec3ced3fbedd720fbeb24afc199749aab9c2019f874,"{""A"":""x2y0+x8y1"",""B"":""x0y1+x4y1+x14y1"",""b"":""X"",""d"":8,""excl_opp_detectors"":""True"",""k"":4,""l"":15,""leak_heralds"":""False"",""leak_repump"":""True"",""leakage"":""True"",""loss"":""True"",""m"":2,""n"":60,""noise"":""rl_helios"",""p"":0.001,""prllel_1q"":16,""prllel_2q"":4,""r"":20,""repump_cycles"":3,""seq_meas"":""True"",""seq_ops"":""True"",""swapLRC"":""False""}",
       272,         0,         0,    7.47,bposd,fc034e74c25f52c7dca5bec3ced3fbedd720fbeb24afc199749aab9c2019f874,"{""A"":""x2y0+x8y1"",""B"":""x0y1+x4y1+x14y1"",""b"":""X"",""d"":8,""excl_opp_detectors"":""True"",""k"":4,""l"":15,""leak_heralds"":""False"",""leak_repump"":""True"",""leakage"":""True"",""loss"":""True"",""m"":2,""n"":60,""noise"":""rl_helios"",""p"":0.001,""prllel_1q"":16,""prllel_2q"":4,""r"":20,""repump_cycles"":3,""seq_meas"":""True"",""seq_ops"":""True"",""swapLRC"":""False""}",
       152,         0,         0,    6.68,bposd,fc034e74c25f52c7dca5bec3ced3fbedd720fbeb24afc199749aab9c2019f874,"{""A"":""x2y0+x8y1"",""B"":""x0y1+x4y1+x14y1"",""b"":""X"",""d"":8,""excl_opp_detectors"":""True"",""k"":4,""l"":15,""leak_heralds"":""False"",""leak_repump"":""True"",""leakage"":""True"",""loss"":""True"",""m"":2,""n"":60,""noise"":""rl_helios"",""p"":0.001,""prllel_1q"":16,""prllel_2q"":4,""r"":20,""repump_cycles"":3,""seq_meas"":""True"",""seq_ops"":""True"",""swapLRC"":""False""}",
        64,         0,         0,    5.27,bposd,6d1ddacfb3af8946e01e6fa1f4a73feb1ff89b1e055e733a9f2c9e62f953590b,"{""A"":""x0y0+x1y0"",""B"":""x0y0+x0y1+x3y2"",""b"":""X"",""d"":7,""excl_opp_detectors"":""True"",""k"":4,""l"":8,""leak_heralds"":""False"",""leak_repump"":""True"",""leakage"":""True"",""loss"":""True"",""m"":3,""n"":48,""noise"":""rl_helios"",""p"":0.001,""prllel_1q"":16,""prllel_2q"":4,""r"":20,""repump_cycles"":3,""seq_meas"":""True"",""seq_ops"":""True"",""swapLRC"":""False""}",
       576,         3,         0,    13.3,bposd,6d1ddacfb3af8946e01e6fa1f4a73feb1ff89b1e055e733a9f2c9e62f953590b,"{""A"":""x0y0+x1y0"",""B"":""x0y0+x0y1+x3y2"",""b"":""X"",""d"":7,""excl_opp_detectors"":""True"",""k"":4,""l"":8,""leak_heralds"":""False"",""leak_repump"":""True"",""leakage"":""True"",""loss"":""True"",""m"":3,""n"":48,""noise"":""rl_helios"",""p"":0.001,""prllel_1q"":16,""prllel_2q"":4,""r"":20,""repump_cycles"":3,""seq_meas"":""True"",""seq_ops"":""True"",""swapLRC"":""False""}",
       256,         1,         0,    6.73,bposd,6d1ddacfb3af8946e01e6fa1f4a73feb1ff89b1e055e733a9f2c9e62f953590b,"{""A"":""x0y0+x1y0"",""B"":""x0y0+x0y1+x3y2"",""b"":""X"",""d"":7,""excl_opp_detectors"":""True"",""k"":4,""l"":8,""leak_heralds"":""False"",""leak_repump"":""True"",""leakage"":""True"",""loss"":""True"",""m"":3,""n"":48,""noise"":""rl_helios"",""p"":0.001,""prllel_1q"":16,""prllel_2q"":4,""r"":20,""repump_cycles"":3,""seq_meas"":""True"",""seq_ops"":""True"",""swapLRC"":""False""}",
       128,         1,         0,    5.98,bposd,fc034e74c25f52c7dca5bec3ced3fbedd720fbeb24afc199749aab9c2019f874,"{""A"":""x2y0+x8y1"",""B"":""x0y1+x4y1+x14y1"",""b"":""X"",""d"":8,""excl_opp_detectors"":""True"",""k"":4,""l"":15,""leak_heralds"":""False"",""leak_repump"":""True"",""leakage"":""True"",""loss"":""True"",""m"":2,""n"":60,""noise"":""rl_helios"",""p"":0.001,""prllel_1q"":16,""prllel_2q"":4,""r"":20,""repump_cycles"":3,""seq_meas"":""True"",""seq_ops"":""True"",""swapLRC"":""False""}",
       128,         0,         0,    7.51,bposd,fc034e74c25f52c7dca5bec3ced3fbedd720fbeb24afc199749aab9c2019f874,"{""A"":""x2y0+x8y1"",""B"":""x0y1+x4y1+x14y1"",""b"":""X"",""d"":8,""excl_opp_detectors"":""True"",""k"":4,""l"":15,""leak_heralds"":""False"",""leak_repump"":""True"",""leakage"":""True"",""loss"":""True"",""m"":2,""n"":60,""noise"":""rl_helios"",""p"":0.001,""prllel_1q"":16,""prllel_2q"":4,""r"":20,""repump_cycles"":3,""seq_meas"":""True"",""seq_ops"":""True"",""swapLRC"":""False""}",
       128,         0,         0,    1.66,bposd,fc034e74c25f52c7dca5bec3ced3fbedd720fbeb24afc199749aab9c2019f874,"{""A"":""x2y0+x8y1"",""B"":""x0y1+x4y1+x14y1"",""b"":""X"",""d"":8,""excl_opp_detectors"":""True"",""k"":4,""l"":15,""leak_heralds"":""False"",""leak_repump"":""True"",""leakage"":""True"",""loss"":""True"",""m"":2,""n"":60,""noise"":""rl_helios"",""p"":0.001,""prllel_1q"":16,""prllel_2q"":4,""r"":20,""repump_cycles"":3,""seq_meas"":""True"",""seq_ops"":""True"",""swapLRC"":""False""}",
       544,         0,         0,    10.4,bposd,6d1ddacfb3af8946e01e6fa1f4a73feb1ff89b1e055e733a9f2c9e62f953590b,"{""A"":""x0y0+x1y0"",""B"":""x0y0+x0y1+x3y2"",""b"":""X"",""d"":7,""excl_opp_detectors"":""True"",""k"":4,""l"":8,""leak_heralds"":""False"",""leak_repump"":""True"",""leakage"":""True"",""loss"":""True"",""m"":3,""n"":48,""noise"":""rl_helios"",""p"":0.001,""prllel_1q"":16,""prllel_2q"":4,""r"":20,""repump_cycles"":3,""seq_meas"":""True"",""seq_ops"":""True"",""swapLRC"":""False""}",
        64,         0,         0,   0.993,bposd,fc034e74c25f52c7dca5bec3ced3fbedd720fbeb24afc199749aab9c2019f874,"{""A"":""x2y0+x8y1"",""B"":""x0y1+x4y1+x14y1"",""b"":""X"",""d"":8,""excl_opp_detectors"":""True"",""k"":4,""l"":15,""leak_heralds"":""False"",""leak_repump"":""True"",""leakage"":""True"",""loss"":""True"",""m"":2,""n"":60,""noise"":""rl_helios"",""p"":0.001,""prllel_1q"":16,""prllel_2q"":4,""r"":20,""repump_cycles"":3,""seq_meas"":""True"",""seq_ops"":""True"",""swapLRC"":""False""}",
       128,         0,         0,    1.77,bposd,6d1ddacfb3af8946e01e6fa1f4a73feb1ff89b1e055e733a9f2c9e62f953590b,"{""A"":""x0y0+x1y0"",""B"":""x0y0+x0y1+x3y2"",""b"":""X"",""d"":7,""excl_opp_detectors"":""True"",""k"":4,""l"":8,""leak_heralds"":""False"",""leak_repump"":""True"",""leakage"":""True"",""loss"":""True"",""m"":3,""n"":48,""noise"":""rl_helios"",""p"":0.001,""prllel_1q"":16,""prllel_2q"":4,""r"":20,""repump_cycles"":3,""seq_meas"":""True"",""seq_ops"":""True"",""swapLRC"":""False""}",
       376,         0,         0,    25.6,bposd,fc034e74c25f52c7dca5bec3ced3fbedd720fbeb24afc199749aab9c2019f874,"{""A"":""x2y0+x8y1"",""B"":""x0y1+x4y1+x14y1"",""b"":""X"",""d"":8,""excl_opp_detectors"":""True"",""k"":4,""l"":15,""leak_heralds"":""False"",""leak_repump"":""True"",""leakage"":""True"",""loss"":""True"",""m"":2,""n"":60,""noise"":""rl_helios"",""p"":0.001,""prllel_1q"":16,""prllel_2q"":4,""r"":20,""repump_cycles"":3,""seq_meas"":""True"",""seq_ops"":""True"",""swapLRC"":""False""}",
        96,         0,         0,    2.78,bposd,fc034e74c25f52c7dca5bec3ced3fbedd720fbeb24afc199749aab9c2019f874,"{""A"":""x2y0+x8y1"",""B"":""x0y1+x4y1+x14y1"",""b"":""X"",""d"":8,""excl_opp_detectors"":""True"",""k"":4,""l"":15,""leak_heralds"":""False"",""leak_repump"":""True"",""leakage"":""True"",""loss"":""True"",""m"":2,""n"":60,""noise"":""rl_helios"",""p"":0.001,""prllel_1q"":16,""prllel_2q"":4,""r"":20,""repump_cycles"":3,""seq_meas"":""True"",""seq_ops"":""True"",""swapLRC"":""False""}",
        64,         1,         0,    1.63,bposd,fc034e74c25f52c7dca5bec3ced3fbedd720fbeb24afc199749aab9c2019f874,"{""A"":""x2y0+x8y1"",""B"":""x0y1+x4y1+x14y1"",""b"":""X"",""d"":8,""excl_opp_detectors"":""True"",""k"":4,""l"":15,""leak_heralds"":""False"",""leak_repump"":""True"",""leakage"":""True"",""loss"":""True"",""m"":2,""n"":60,""noise"":""rl_helios"",""p"":0.001,""prllel_1q"":16,""prllel_2q"":4,""r"":20,""repump_cycles"":3,""seq_meas"":""True"",""seq_ops"":""True"",""swapLRC"":""False""}",
       512,         2,         0,    22.6,bposd,fc034e74c25f52c7dca5bec3ced3fbedd720fbeb24afc199749aab9c2019f874,"{""A"":""x2y0+x8y1"",""B"":""x0y1+x4y1+x14y1"",""b"":""X"",""d"":8,""excl_opp_detectors"":""True"",""k"":4,""l"":15,""leak_heralds"":""False"",""leak_repump"":""True"",""leakage"":""True"",""loss"":""True"",""m"":2,""n"":60,""noise"":""rl_helios"",""p"":0.001,""prllel_1q"":16,""prllel_2q"":4,""r"":20,""repump_cycles"":3,""seq_meas"":""True"",""seq_ops"":""True"",""swapLRC"":""False""}",
        32,         0,         0,   0.812,bposd,fc034e74c25f52c7dca5bec3ced3fbedd720fbeb24afc199749aab9c2019f874,"{""A"":""x2y0+x8y1"",""B"":""x0y1+x4y1+x14y1"",""b"":""X"",""d"":8,""excl_opp_detectors"":""True"",""k"":4,""l"":15,""leak_heralds"":""False"",""leak_repump"":""True"",""leakage"":""True"",""loss"":""True"",""m"":2,""n"":60,""noise"":""rl_helios"",""p"":0.001,""prllel_1q"":16,""prllel_2q"":4,""r"":20,""repump_cycles"":3,""seq_meas"":""True"",""seq_ops"":""True"",""swapLRC"":""False""}",
        64,         0,         0,    2.43,bposd,6d1ddacfb3af8946e01e6fa1f4a73feb1ff89b1e055e733a9f2c9e62f953590b,"{""A"":""x0y0+x1y0"",""B"":""x0y0+x0y1+x3y2"",""b"":""X"",""d"":7,""excl_opp_detectors"":""True"",""k"":4,""l"":8,""leak_heralds"":""False"",""leak_repump"":""True"",""leakage"":""True"",""loss"":""True"",""m"":3,""n"":48,""noise"":""rl_helios"",""p"":0.001,""prllel_1q"":16,""prllel_2q"":4,""r"":20,""repump_cycles"":3,""seq_meas"":""True"",""seq_ops"":""True"",""swapLRC"":""False""}",
        64,         0,         0,    3.46,bposd,fc034e74c25f52c7dca5bec3ced3fbedd720fbeb24afc199749aab9c2019f874,"{""A"":""x2y0+x8y1"",""B"":""x0y1+x4y1+x14y1"",""b"":""X"",""d"":8,""excl_opp_detectors"":""True"",""k"":4,""l"":15,""leak_heralds"":""False"",""leak_repump"":""True"",""leakage"":""True"",""loss"":""True"",""m"":2,""n"":60,""noise"":""rl_helios"",""p"":0.001,""prllel_1q"":16,""prllel_2q"":4,""r"":20,""repump_cycles"":3,""seq_meas"":""True"",""seq_ops"":""True"",""swapLRC"":""False""}",
        32,         2,         0,    1.29,bposd,fc034e74c25f52c7dca5bec3ced3fbedd720fbeb24afc199749aab9c2019f874,"{""A"":""x2y0+x8y1"",""B"":""x0y1+x4y1+x14y1"",""b"":""X"",""d"":8,""excl_opp_detectors"":""True"",""k"":4,""l"":15,""leak_heralds"":""False"",""leak_repump"":""True"",""leakage"":""True"",""loss"":""True"",""m"":2,""n"":60,""noise"":""rl_helios"",""p"":0.001,""prllel_1q"":16,""prllel_2q"":4,""r"":20,""repump_cycles"":3,""seq_meas"":""True"",""seq_ops"":""True"",""swapLRC"":""False""}",
       544,         1,         0,    8.68,bposd,6d1ddacfb3af8946e01e6fa1f4a73feb1ff89b1e055e733a9f2c9e62f953590b,"{""A"":""x0y0+x1y0"",""B"":""x0y0+x0y1+x3y2"",""b"":""X"",""d"":7,""excl_opp_detectors"":""True"",""k"":4,""l"":8,""leak_heralds"":""False"",""leak_repump"":""True"",""leakage"":""True"",""loss"":""True"",""m"":3,""n"":48,""noise"":""rl_helios"",""p"":0.001,""prllel_1q"":16,""prllel_2q"":4,""r"":20,""repump_cycles"":3,""seq_meas"":""True"",""seq_ops"":""True"",""swapLRC"":""False""}",
       608,         0,         0,    26.0,bposd,fc034e74c25f52c7dca5bec3ced3fbedd720fbeb24afc199749aab9c2019f874,"{""A"":""x2y0+x8y1"",""B"":""x0y1+x4y1+x14y1"",""b"":""X"",""d"":8,""excl_opp_detectors"":""True"",""k"":4,""l"":15,""leak_heralds"":""False"",""leak_repump"":""True"",""leakage"":""True"",""loss"":""True"",""m"":2,""n"":60,""noise"":""rl_helios"",""p"":0.001,""prllel_1q"":16,""prllel_2q"":4,""r"":20,""repump_cycles"":3,""seq_meas"":""True"",""seq_ops"":""True"",""swapLRC"":""False""}",
        32,         0,         0,   0.908,bposd,fc034e74c25f52c7dca5bec3ced3fbedd720fbeb24afc199749aab9c2019f874,"{""A"":""x2y0+x8y1"",""B"":""x0y1+x4y1+x14y1"",""b"":""X"",""d"":8,""excl_opp_detectors"":""True"",""k"":4,""l"":15,""leak_heralds"":""False"",""leak_repump"":""True"",""leakage"":""True"",""loss"":""True"",""m"":2,""n"":60,""noise"":""rl_helios"",""p"":0.001,""prllel_1q"":16,""prllel_2q"":4,""r"":20,""repump_cycles"":3,""seq_meas"":""True"",""seq_ops"":""True"",""swapLRC"":""False""}",
        64,         0,         0,    5.30,bposd,fc034e74c25f52c7dca5bec3ced3fbedd720fbeb24afc199749aab9c2019f874,"{""A"":""x2y0+x8y1"",""B"":""x0y1+x4y1+x14y1"",""b"":""X"",""d"":8,""excl_opp_detectors"":""True"",""k"":4,""l"":15,""leak_heralds"":""False"",""leak_repump"":""True"",""leakage"":""True"",""loss"":""True"",""m"":2,""n"":60,""noise"":""rl_helios"",""p"":0.001,""prllel_1q"":16,""prllel_2q"":4,""r"":20,""repump_cycles"":3,""seq_meas"":""True"",""seq_ops"":""True"",""swapLRC"":""False""}",
       480,         0,         0,    9.87,bposd,6d1ddacfb3af8946e01e6fa1f4a73feb1ff89b1e055e733a9f2c9e62f953590b,"{""A"":""x0y0+x1y0"",""B"":""x0y0+x0y1+x3y2"",""b"":""X"",""d"":7,""excl_opp_detectors"":""True"",""k"":4,""l"":8,""leak_heralds"":""False"",""leak_repump"":""True"",""leakage"":""True"",""loss"":""True"",""m"":3,""n"":48,""noise"":""rl_helios"",""p"":0.001,""prllel_1q"":16,""prllel_2q"":4,""r"":20,""repump_cycles"":3,""seq_meas"":""True"",""seq_ops"":""True"",""swapLRC"":""False""}",
        48,         0,         0,    3.74,bposd,fc034e74c25f52c7dca5bec3ced3fbedd720fbeb24afc199749aab9c2019f874,"{""A"":""x2y0+x8y1"",""B"":""x0y1+x4y1+x14y1"",""b"":""X"",""d"":8,""excl_opp_detectors"":""True"",""k"":4,""l"":15,""leak_heralds"":""False"",""leak_repump"":""True"",""leakage"":""True"",""loss"":""True"",""m"":2,""n"":60,""noise"":""rl_helios"",""p"":0.001,""prllel_1q"":16,""prllel_2q"":4,""r"":20,""repump_cycles"":3,""seq_meas"":""True"",""seq_ops"":""True"",""swapLRC"":""False""}",
       272,         1,         0,    13.8,bposd,fc034e74c25f52c7dca5bec3ced3fbedd720fbeb24afc199749aab9c2019f874,"{""A"":""x2y0+x8y1"",""B"":""x0y1+x4y1+x14y1"",""b"":""X"",""d"":8,""excl_opp_detectors"":""True"",""k"":4,""l"":15,""leak_heralds"":""False"",""leak_repump"":""True"",""leakage"":""True"",""loss"":""True"",""m"":2,""n"":60,""noise"":""rl_helios"",""p"":0.001,""prllel_1q"":16,""prllel_2q"":4,""r"":20,""repump_cycles"":3,""seq_meas"":""True"",""seq_ops"":""True"",""swapLRC"":""False""}",
       288,         0,         0,    6.76,bposd,6d1ddacfb3af8946e01e6fa1f4a73feb1ff89b1e055e733a9f2c9e62f953590b,"{""A"":""x0y0+x1y0"",""B"":""x0y0+x0y1+x3y2"",""b"":""X"",""d"":7,""excl_opp_detectors"":""True"",""k"":4,""l"":8,""leak_heralds"":""False"",""leak_repump"":""True"",""leakage"":""True"",""loss"":""True"",""m"":3,""n"":48,""noise"":""rl_helios"",""p"":0.001,""prllel_1q"":16,""prllel_2q"":4,""r"":20,""repump_cycles"":3,""seq_meas"":""True"",""seq_ops"":""True"",""swapLRC"":""False""}",
        32,         1,         0,    1.93,bposd,fc034e74c25f52c7dca5bec3ced3fbedd720fbeb24afc199749aab9c2019f874,"{""A"":""x2y0+x8y1"",""B"":""x0y1+x4y1+x14y1"",""b"":""X"",""d"":8,""excl_opp_detectors"":""True"",""k"":4,""l"":15,""leak_heralds"":""False"",""leak_repump"":""True"",""leakage"":""True"",""loss"":""True"",""m"":2,""n"":60,""noise"":""rl_helios"",""p"":0.001,""prllel_1q"":16,""prllel_2q"":4,""r"":20,""repump_cycles"":3,""seq_meas"":""True"",""seq_ops"":""True"",""swapLRC"":""False""}",
        32,         0,         0,    1.69,bposd,fc034e74c25f52c7dca5bec3ced3fbedd720fbeb24afc199749aab9c2019f874,"{""A"":""x2y0+x8y1"",""B"":""x0y1+x4y1+x14y1"",""b"":""X"",""d"":8,""excl_opp_detectors"":""True"",""k"":4,""l"":15,""leak_heralds"":""False"",""leak_repump"":""True"",""leakage"":""True"",""loss"":""True"",""m"":2,""n"":60,""noise"":""rl_helios"",""p"":0.001,""prllel_1q"":16,""prllel_2q"":4,""r"":20,""repump_cycles"":3,""seq_meas"":""True"",""seq_ops"":""True"",""swapLRC"":""False""}",
       256,         0,         0,    6.58,bposd,6d1ddacfb3af8946e01e6fa1f4a73feb1ff89b1e055e733a9f2c9e62f953590b,"{""A"":""x0y0+x1y0"",""B"":""x0y0+x0y1+x3y2"",""b"":""X"",""d"":7,""excl_opp_detectors"":""True"",""k"":4,""l"":8,""leak_heralds"":""False"",""leak_repump"":""True"",""leakage"":""True"",""loss"":""True"",""m"":3,""n"":48,""noise"":""rl_helios"",""p"":0.001,""prllel_1q"":16,""prllel_2q"":4,""r"":20,""repump_cycles"":3,""seq_meas"":""True"",""seq_ops"":""True"",""swapLRC"":""False""}",
       272,         0,         0,    15.4,bposd,fc034e74c25f52c7dca5bec3ced3fbedd720fbeb24afc199749aab9c2019f874,"{""A"":""x2y0+x8y1"",""B"":""x0y1+x4y1+x14y1"",""b"":""X"",""d"":8,""excl_opp_detectors"":""True"",""k"":4,""l"":15,""leak_heralds"":""False"",""leak_repump"":""True"",""leakage"":""True"",""loss"":""True"",""m"":2,""n"":60,""noise"":""rl_helios"",""p"":0.001,""prllel_1q"":16,""prllel_2q"":4,""r"":20,""repump_cycles"":3,""seq_meas"":""True"",""seq_ops"":""True"",""swapLRC"":""False""}",
       128,         0,         0,    1.86,bposd,fc034e74c25f52c7dca5bec3ced3fbedd720fbeb24afc199749aab9c2019f874,"{""A"":""x2y0+x8y1"",""B"":""x0y1+x4y1+x14y1"",""b"":""X"",""d"":8,""excl_opp_detectors"":""True"",""k"":4,""l"":15,""leak_heralds"":""False"",""leak_repump"":""True"",""leakage"":""True"",""loss"":""True"",""m"":2,""n"":60,""noise"":""rl_helios"",""p"":0.001,""prllel_1q"":16,""prllel_2q"":4,""r"":20,""repump_cycles"":3,""seq_meas"":""True"",""seq_ops"":""True"",""swapLRC"":""False""}",
        16,         0,         0,   0.926,bposd,fc034e74c25f52c7dca5bec3ced3fbedd720fbeb24afc199749aab9c2019f874,"{""A"":""x2y0+x8y1"",""B"":""x0y1+x4y1+x14y1"",""b"":""X"",""d"":8,""excl_opp_detectors"":""True"",""k"":4,""l"":15,""leak_heralds"":""False"",""leak_repump"":""True"",""leakage"":""True"",""loss"":""True"",""m"":2,""n"":60,""noise"":""rl_helios"",""p"":0.001,""prllel_1q"":16,""prllel_2q"":4,""r"":20,""repump_cycles"":3,""seq_meas"":""True"",""seq_ops"":""True"",""swapLRC"":""False""}",
       256,         1,         0,    3.31,bposd,6d1ddacfb3af8946e01e6fa1f4a73feb1ff89b1e055e733a9f2c9e62f953590b,"{""A"":""x0y0+x1y0"",""B"":""x0y0+x0y1+x3y2"",""b"":""X"",""d"":7,""excl_opp_detectors"":""True"",""k"":4,""l"":8,""leak_heralds"":""False"",""leak_repump"":""True"",""leakage"":""True"",""loss"":""True"",""m"":3,""n"":48,""noise"":""rl_helios"",""p"":0.001,""prllel_1q"":16,""prllel_2q"":4,""r"":20,""repump_cycles"":3,""seq_meas"":""True"",""seq_ops"":""True"",""swapLRC"":""False""}",
       128,         0,         0,   0.788,bposd,6d1ddacfb3af8946e01e6fa1f4a73feb1ff89b1e055e733a9f2c9e62f953590b,"{""A"":""x0y0+x1y0"",""B"":""x0y0+x0y1+x3y2"",""b"":""X"",""d"":7,""excl_opp_detectors"":""True"",""k"":4,""l"":8,""leak_heralds"":""False"",""leak_repump"":""True"",""leakage"":""True"",""loss"":""True"",""m"":3,""n"":48,""noise"":""rl_helios"",""p"":0.001,""prllel_1q"":16,""prllel_2q"":4,""r"":20,""repump_cycles"":3,""seq_meas"":""True"",""seq_ops"":""True"",""swapLRC"":""False""}",
       128,         0,         0,   0.967,bposd,fc034e74c25f52c7dca5bec3ced3fbedd720fbeb24afc199749aab9c2019f874,"{""A"":""x2y0+x8y1"",""B"":""x0y1+x4y1+x14y1"",""b"":""X"",""d"":8,""excl_opp_detectors"":""True"",""k"":4,""l"":15,""leak_heralds"":""False"",""leak_repump"":""True"",""leakage"":""True"",""loss"":""True"",""m"":2,""n"":60,""noise"":""rl_helios"",""p"":0.001,""prllel_1q"":16,""prllel_2q"":4,""r"":20,""repump_cycles"":3,""seq_meas"":""True"",""seq_ops"":""True"",""swapLRC"":""False""}",
       128,         0,         0,    2.12,bposd,6d1ddacfb3af8946e01e6fa1f4a73feb1ff89b1e055e733a9f2c9e62f953590b,"{""A"":""x0y0+x1y0"",""B"":""x0y0+x0y1+x3y2"",""b"":""X"",""d"":7,""excl_opp_detectors"":""True"",""k"":4,""l"":8,""leak_heralds"":""False"",""leak_repump"":""True"",""leakage"":""True"",""loss"":""True"",""m"":3,""n"":48,""noise"":""rl_helios"",""p"":0.001,""prllel_1q"":16,""prllel_2q"":4,""r"":20,""repump_cycles"":3,""seq_meas"":""True"",""seq_ops"":""True"",""swapLRC"":""False""}",
       256,         0,         0,    5.48,bposd,fc034e74c25f52c7dca5bec3ced3fbedd720fbeb24afc199749aab9c2019f874,"{""A"":""x2y0+x8y1"",""B"":""x0y1+x4y1+x14y1"",""b"":""X"",""d"":8,""excl_opp_detectors"":""True"",""k"":4,""l"":15,""leak_heralds"":""False"",""leak_repump"":""True"",""leakage"":""True"",""loss"":""True"",""m"":2,""n"":60,""noise"":""rl_helios"",""p"":0.001,""prllel_1q"":16,""prllel_2q"":4,""r"":20,""repump_cycles"":3,""seq_meas"":""True"",""seq_ops"":""True"",""swapLRC"":""False""}",
       288,         0,         0,    5.36,bposd,6d1ddacfb3af8946e01e6fa1f4a73feb1ff89b1e055e733a9f2c9e62f953590b,"{""A"":""x0y0+x1y0"",""B"":""x0y0+x0y1+x3y2"",""b"":""X"",""d"":7,""excl_opp_detectors"":""True"",""k"":4,""l"":8,""leak_heralds"":""False"",""leak_repump"":""True"",""leakage"":""True"",""loss"":""True"",""m"":3,""n"":48,""noise"":""rl_helios"",""p"":0.001,""prllel_1q"":16,""prllel_2q"":4,""r"":20,""repump_cycles"":3,""seq_meas"":""True"",""seq_ops"":""True"",""swapLRC"":""False""}",
       128,         0,         0,    1.89,bposd,6d1ddacfb3af8946e01e6fa1f4a73feb1ff89b1e055e733a9f2c9e62f953590b,"{""A"":""x0y0+x1y0"",""B"":""x0y0+x0y1+x3y2"",""b"":""X"",""d"":7,""excl_opp_detectors"":""True"",""k"":4,""l"":8,""leak_heralds"":""False"",""leak_repump"":""True"",""leakage"":""True"",""loss"":""True"",""m"":3,""n"":48,""noise"":""rl_helios"",""p"":0.001,""prllel_1q"":16,""prllel_2q"":4,""r"":20,""repump_cycles"":3,""seq_meas"":""True"",""seq_ops"":""True"",""swapLRC"":""False""}",
      1296,         0,         0,    29.4,bposd,6d1ddacfb3af8946e01e6fa1f4a73feb1ff89b1e055e733a9f2c9e62f953590b,"{""A"":""x0y0+x1y0"",""B"":""x0y0+x0y1+x3y2"",""b"":""X"",""d"":7,""excl_opp_detectors"":""True"",""k"":4,""l"":8,""leak_heralds"":""False"",""leak_repump"":""True"",""leakage"":""True"",""loss"":""True"",""m"":3,""n"":48,""noise"":""rl_helios"",""p"":0.001,""prllel_1q"":16,""prllel_2q"":4,""r"":20,""repump_cycles"":3,""seq_meas"":""True"",""seq_ops"":""True"",""swapLRC"":""False""}",
        64,         0,         0,    2.53,bposd,fc034e74c25f52c7dca5bec3ced3fbedd720fbeb24afc199749aab9c2019f874,"{""A"":""x2y0+x8y1"",""B"":""x0y1+x4y1+x14y1"",""b"":""X"",""d"":8,""excl_opp_detectors"":""True"",""k"":4,""l"":15,""leak_heralds"":""False"",""leak_repump"":""True"",""leakage"":""True"",""loss"":""True"",""m"":2,""n"":60,""noise"":""rl_helios"",""p"":0.001,""prllel_1q"":16,""prllel_2q"":4,""r"":20,""repump_cycles"":3,""seq_meas"":""True"",""seq_ops"":""True"",""swapLRC"":""False""}",
       128,         0,         0,    1.72,bposd,fc034e74c25f52c7dca5bec3ced3fbedd720fbeb24afc199749aab9c2019f874,"{""A"":""x2y0+x8y1"",""B"":""x0y1+x4y1+x14y1"",""b"":""X"",""d"":8,""excl_opp_detectors"":""True"",""k"":4,""l"":15,""leak_heralds"":""False"",""leak_repump"":""True"",""leakage"":""True"",""loss"":""True"",""m"":2,""n"":60,""noise"":""rl_helios"",""p"":0.001,""prllel_1q"":16,""prllel_2q"":4,""r"":20,""repump_cycles"":3,""seq_meas"":""True"",""seq_ops"":""True"",""swapLRC"":""False""}",
       608,         0,         0,    12.6,bposd,6d1ddacfb3af8946e01e6fa1f4a73feb1ff89b1e055e733a9f2c9e62f953590b,"{""A"":""x0y0+x1y0"",""B"":""x0y0+x0y1+x3y2"",""b"":""X"",""d"":7,""excl_opp_detectors"":""True"",""k"":4,""l"":8,""leak_heralds"":""False"",""leak_repump"":""True"",""leakage"":""True"",""loss"":""True"",""m"":3,""n"":48,""noise"":""rl_helios"",""p"":0.001,""prllel_1q"":16,""prllel_2q"":4,""r"":20,""repump_cycles"":3,""seq_meas"":""True"",""seq_ops"":""True"",""swapLRC"":""False""}",
       168,         0,         0,    5.36,bposd,fc034e74c25f52c7dca5bec3ced3fbedd720fbeb24afc199749aab9c2019f874,"{""A"":""x2y0+x8y1"",""B"":""x0y1+x4y1+x14y1"",""b"":""X"",""d"":8,""excl_opp_detectors"":""True"",""k"":4,""l"":15,""leak_heralds"":""False"",""leak_repump"":""True"",""leakage"":""True"",""loss"":""True"",""m"":2,""n"":60,""noise"":""rl_helios"",""p"":0.001,""prllel_1q"":16,""prllel_2q"":4,""r"":20,""repump_cycles"":3,""seq_meas"":""True"",""seq_ops"":""True"",""swapLRC"":""False""}",
        64,         0,         0,    1.62,bposd,6d1ddacfb3af8946e01e6fa1f4a73feb1ff89b1e055e733a9f2c9e62f953590b,"{""A"":""x0y0+x1y0"",""B"":""x0y0+x0y1+x3y2"",""b"":""X"",""d"":7,""excl_opp_detectors"":""True"",""k"":4,""l"":8,""leak_heralds"":""False"",""leak_repump"":""True"",""leakage"":""True"",""loss"":""True"",""m"":3,""n"":48,""noise"":""rl_helios"",""p"":0.001,""prllel_1q"":16,""prllel_2q"":4,""r"":20,""repump_cycles"":3,""seq_meas"":""True"",""seq_ops"":""True"",""swapLRC"":""False""}",
       128,         0,         0,    2.52,bposd,6d1ddacfb3af8946e01e6fa1f4a73feb1ff89b1e055e733a9f2c9e62f953590b,"{""A"":""x0y0+x1y0"",""B"":""x0y0+x0y1+x3y2"",""b"":""X"",""d"":7,""excl_opp_detectors"":""True"",""k"":4,""l"":8,""leak_heralds"":""False"",""leak_repump"":""True"",""leakage"":""True"",""loss"":""True"",""m"":3,""n"":48,""noise"":""rl_helios"",""p"":0.001,""prllel_1q"":16,""prllel_2q"":4,""r"":20,""repump_cycles"":3,""seq_meas"":""True"",""seq_ops"":""True"",""swapLRC"":""False""}",
        32,         0,         0,    2.09,bposd,fc034e74c25f52c7dca5bec3ced3fbedd720fbeb24afc199749aab9c2019f874,"{""A"":""x2y0+x8y1"",""B"":""x0y1+x4y1+x14y1"",""b"":""X"",""d"":8,""excl_opp_detectors"":""True"",""k"":4,""l"":15,""leak_heralds"":""False"",""leak_repump"":""True"",""leakage"":""True"",""loss"":""True"",""m"":2,""n"":60,""noise"":""rl_helios"",""p"":0.001,""prllel_1q"":16,""prllel_2q"":4,""r"":20,""repump_cycles"":3,""seq_meas"":""True"",""seq_ops"":""True"",""swapLRC"":""False""}",
       128,         0,         0,    3.97,bposd,fc034e74c25f52c7dca5bec3ced3fbedd720fbeb24afc199749aab9c2019f874,"{""A"":""x2y0+x8y1"",""B"":""x0y1+x4y1+x14y1"",""b"":""X"",""d"":8,""excl_opp_detectors"":""True"",""k"":4,""l"":15,""leak_heralds"":""False"",""leak_repump"":""True"",""leakage"":""True"",""loss"":""True"",""m"":2,""n"":60,""noise"":""rl_helios"",""p"":0.001,""prllel_1q"":16,""prllel_2q"":4,""r"":20,""repump_cycles"":3,""seq_meas"":""True"",""seq_ops"":""True"",""swapLRC"":""False""}",
       512,         0,         0,    17.3,bposd,fc034e74c25f52c7dca5bec3ced3fbedd720fbeb24afc199749aab9c2019f874,"{""A"":""x2y0+x8y1"",""B"":""x0y1+x4y1+x14y1"",""b"":""X"",""d"":8,""excl_opp_detectors"":""True"",""k"":4,""l"":15,""leak_heralds"":""False"",""leak_repump"":""True"",""leakage"":""True"",""loss"":""True"",""m"":2,""n"":60,""noise"":""rl_helios"",""p"":0.001,""prllel_1q"":16,""prllel_2q"":4,""r"":20,""repump_cycles"":3,""seq_meas"":""True"",""seq_ops"":""True"",""swapLRC"":""False""}",
       185,         0,         0,   0.884,bposd,6d1ddacfb3af8946e01e6fa1f4a73feb1ff89b1e055e733a9f2c9e62f953590b,"{""A"":""x0y0+x1y0"",""B"":""x0y0+x0y1+x3y2"",""b"":""X"",""d"":7,""excl_opp_detectors"":""True"",""k"":4,""l"":8,""leak_heralds"":""False"",""leak_repump"":""True"",""leakage"":""True"",""loss"":""True"",""m"":3,""n"":48,""noise"":""rl_helios"",""p"":0.001,""prllel_1q"":16,""prllel_2q"":4,""r"":20,""repump_cycles"":3,""seq_meas"":""True"",""seq_ops"":""True"",""swapLRC"":""False""}",
      1504,         1,         0,    36.0,bposd,6d1ddacfb3af8946e01e6fa1f4a73feb1ff89b1e055e733a9f2c9e62f953590b,"{""A"":""x0y0+x1y0"",""B"":""x0y0+x0y1+x3y2"",""b"":""X"",""d"":7,""excl_opp_detectors"":""True"",""k"":4,""l"":8,""leak_heralds"":""False"",""leak_repump"":""True"",""leakage"":""True"",""loss"":""True"",""m"":3,""n"":48,""noise"":""rl_helios"",""p"":0.001,""prllel_1q"":16,""prllel_2q"":4,""r"":20,""repump_cycles"":3,""seq_meas"":""True"",""seq_ops"":""True"",""swapLRC"":""False""}",
       544,         1,         0,    14.7,bposd,6d1ddacfb3af8946e01e6fa1f4a73feb1ff89b1e055e733a9f2c9e62f953590b,"{""A"":""x0y0+x1y0"",""B"":""x0y0+x0y1+x3y2"",""b"":""X"",""d"":7,""excl_opp_detectors"":""True"",""k"":4,""l"":8,""leak_heralds"":""False"",""leak_repump"":""True"",""leakage"":""True"",""loss"":""True"",""m"":3,""n"":48,""noise"":""rl_helios"",""p"":0.001,""prllel_1q"":16,""prllel_2q"":4,""r"":20,""repump_cycles"":3,""seq_meas"":""True"",""seq_ops"":""True"",""swapLRC"":""False""}",
         5,         0,         0,   0.008,bposd,6d1ddacfb3af8946e01e6fa1f4a73feb1ff89b1e055e733a9f2c9e62f953590b,"{""A"":""x0y0+x1y0"",""B"":""x0y0+x0y1+x3y2"",""b"":""X"",""d"":7,""excl_opp_detectors"":""True"",""k"":4,""l"":8,""leak_heralds"":""False"",""leak_repump"":""True"",""leakage"":""True"",""loss"":""True"",""m"":3,""n"":48,""noise"":""rl_helios"",""p"":0.001,""prllel_1q"":16,""prllel_2q"":4,""r"":20,""repump_cycles"":3,""seq_meas"":""True"",""seq_ops"":""True"",""swapLRC"":""False""}",
       128,         0,         0,    5.29,bposd,6d1ddacfb3af8946e01e6fa1f4a73feb1ff89b1e055e733a9f2c9e62f953590b,"{""A"":""x0y0+x1y0"",""B"":""x0y0+x0y1+x3y2"",""b"":""X"",""d"":7,""excl_opp_detectors"":""True"",""k"":4,""l"":8,""leak_heralds"":""False"",""leak_repump"":""True"",""leakage"":""True"",""loss"":""True"",""m"":3,""n"":48,""noise"":""rl_helios"",""p"":0.001,""prllel_1q"":16,""prllel_2q"":4,""r"":20,""repump_cycles"":3,""seq_meas"":""True"",""seq_ops"":""True"",""swapLRC"":""False""}",
        29,         0,         0,   0.021,bposd,6d1ddacfb3af8946e01e6fa1f4a73feb1ff89b1e055e733a9f2c9e62f953590b,"{""A"":""x0y0+x1y0"",""B"":""x0y0+x0y1+x3y2"",""b"":""X"",""d"":7,""excl_opp_detectors"":""True"",""k"":4,""l"":8,""leak_heralds"":""False"",""leak_repump"":""True"",""leakage"":""True"",""loss"":""True"",""m"":3,""n"":48,""noise"":""rl_helios"",""p"":0.001,""prllel_1q"":16,""prllel_2q"":4,""r"":20,""repump_cycles"":3,""seq_meas"":""True"",""seq_ops"":""True"",""swapLRC"":""False""}",
        64,         0,         0,    3.56,bposd,fc034e74c25f52c7dca5bec3ced3fbedd720fbeb24afc199749aab9c2019f874,"{""A"":""x2y0+x8y1"",""B"":""x0y1+x4y1+x14y1"",""b"":""X"",""d"":8,""excl_opp_detectors"":""True"",""k"":4,""l"":15,""leak_heralds"":""False"",""leak_repump"":""True"",""leakage"":""True"",""loss"":""True"",""m"":2,""n"":60,""noise"":""rl_helios"",""p"":0.001,""prllel_1q"":16,""prllel_2q"":4,""r"":20,""repump_cycles"":3,""seq_meas"":""True"",""seq_ops"":""True"",""swapLRC"":""False""}",
      1956,         4,         0,    47.6,bposd,6d1ddacfb3af8946e01e6fa1f4a73feb1ff89b1e055e733a9f2c9e62f953590b,"{""A"":""x0y0+x1y0"",""B"":""x0y0+x0y1+x3y2"",""b"":""X"",""d"":7,""excl_opp_detectors"":""True"",""k"":4,""l"":8,""leak_heralds"":""False"",""leak_repump"":""True"",""leakage"":""True"",""loss"":""True"",""m"":3,""n"":48,""noise"":""rl_helios"",""p"":0.001,""prllel_1q"":16,""prllel_2q"":4,""r"":20,""repump_cycles"":3,""seq_meas"":""True"",""seq_ops"":""True"",""swapLRC"":""False""}",
        64,         0,         0,    2.00,bposd,fc034e74c25f52c7dca5bec3ced3fbedd720fbeb24afc199749aab9c2019f874,"{""A"":""x2y0+x8y1"",""B"":""x0y1+x4y1+x14y1"",""b"":""X"",""d"":8,""excl_opp_detectors"":""True"",""k"":4,""l"":15,""leak_heralds"":""False"",""leak_repump"":""True"",""leakage"":""True"",""loss"":""True"",""m"":2,""n"":60,""noise"":""rl_helios"",""p"":0.001,""prllel_1q"":16,""prllel_2q"":4,""r"":20,""repump_cycles"":3,""seq_meas"":""True"",""seq_ops"":""True"",""swapLRC"":""False""}",
       128,         1,         0,    3.39,bposd,6d1ddacfb3af8946e01e6fa1f4a73feb1ff89b1e055e733a9f2c9e62f953590b,"{""A"":""x0y0+x1y0"",""B"":""x0y0+x0y1+x3y2"",""b"":""X"",""d"":7,""excl_opp_detectors"":""True"",""k"":4,""l"":8,""leak_heralds"":""False"",""leak_repump"":""True"",""leakage"":""True"",""loss"":""True"",""m"":3,""n"":48,""noise"":""rl_helios"",""p"":0.001,""prllel_1q"":16,""prllel_2q"":4,""r"":20,""repump_cycles"":3,""seq_meas"":""True"",""seq_ops"":""True"",""swapLRC"":""False""}",
        64,         0,         0,    2.99,bposd,6d1ddacfb3af8946e01e6fa1f4a73feb1ff89b1e055e733a9f2c9e62f953590b,"{""A"":""x0y0+x1y0"",""B"":""x0y0+x0y1+x3y2"",""b"":""X"",""d"":7,""excl_opp_detectors"":""True"",""k"":4,""l"":8,""leak_heralds"":""False"",""leak_repump"":""True"",""leakage"":""True"",""loss"":""True"",""m"":3,""n"":48,""noise"":""rl_helios"",""p"":0.001,""prllel_1q"":16,""prllel_2q"":4,""r"":20,""repump_cycles"":3,""seq_meas"":""True"",""seq_ops"":""True"",""swapLRC"":""False""}",
      1024,         3,         0,    26.0,bposd,6d1ddacfb3af8946e01e6fa1f4a73feb1ff89b1e055e733a9f2c9e62f953590b,"{""A"":""x0y0+x1y0"",""B"":""x0y0+x0y1+x3y2"",""b"":""X"",""d"":7,""excl_opp_detectors"":""True"",""k"":4,""l"":8,""leak_heralds"":""False"",""leak_repump"":""True"",""leakage"":""True"",""loss"":""True"",""m"":3,""n"":48,""noise"":""rl_helios"",""p"":0.001,""prllel_1q"":16,""prllel_2q"":4,""r"":20,""repump_cycles"":3,""seq_meas"":""True"",""seq_ops"":""True"",""swapLRC"":""False""}",
        38,         0,         0,   0.772,bposd,6d1ddacfb3af8946e01e6fa1f4a73feb1ff89b1e055e733a9f2c9e62f953590b,"{""A"":""x0y0+x1y0"",""B"":""x0y0+x0y1+x3y2"",""b"":""X"",""d"":7,""excl_opp_detectors"":""True"",""k"":4,""l"":8,""leak_heralds"":""False"",""leak_repump"":""True"",""leakage"":""True"",""loss"":""True"",""m"":3,""n"":48,""noise"":""rl_helios"",""p"":0.001,""prllel_1q"":16,""prllel_2q"":4,""r"":20,""repump_cycles"":3,""seq_meas"":""True"",""seq_ops"":""True"",""swapLRC"":""False""}",
      1312,         1,         0,    49.0,bposd,fc034e74c25f52c7dca5bec3ced3fbedd720fbeb24afc199749aab9c2019f874,"{""A"":""x2y0+x8y1"",""B"":""x0y1+x4y1+x14y1"",""b"":""X"",""d"":8,""excl_opp_detectors"":""True"",""k"":4,""l"":15,""leak_heralds"":""False"",""leak_repump"":""True"",""leakage"":""True"",""loss"":""True"",""m"":2,""n"":60,""noise"":""rl_helios"",""p"":0.001,""prllel_1q"":16,""prllel_2q"":4,""r"":20,""repump_cycles"":3,""seq_meas"":""True"",""seq_ops"":""True"",""swapLRC"":""False""}",
        32,         0,         0,   0.856,bposd,fc034e74c25f52c7dca5bec3ced3fbedd720fbeb24afc199749aab9c2019f874,"{""A"":""x2y0+x8y1"",""B"":""x0y1+x4y1+x14y1"",""b"":""X"",""d"":8,""excl_opp_detectors"":""True"",""k"":4,""l"":15,""leak_heralds"":""False"",""leak_repump"":""True"",""leakage"":""True"",""loss"":""True"",""m"":2,""n"":60,""noise"":""rl_helios"",""p"":0.001,""prllel_1q"":16,""prllel_2q"":4,""r"":20,""repump_cycles"":3,""seq_meas"":""True"",""seq_ops"":""True"",""swapLRC"":""False""}",
      1904,         1,         0,    43.1,bposd,6d1ddacfb3af8946e01e6fa1f4a73feb1ff89b1e055e733a9f2c9e62f953590b,"{""A"":""x0y0+x1y0"",""B"":""x0y0+x0y1+x3y2"",""b"":""X"",""d"":7,""excl_opp_detectors"":""True"",""k"":4,""l"":8,""leak_heralds"":""False"",""leak_repump"":""True"",""leakage"":""True"",""loss"":""True"",""m"":3,""n"":48,""noise"":""rl_helios"",""p"":0.001,""prllel_1q"":16,""prllel_2q"":4,""r"":20,""repump_cycles"":3,""seq_meas"":""True"",""seq_ops"":""True"",""swapLRC"":""False""}",
        32,         0,         0,    1.76,bposd,fc034e74c25f52c7dca5bec3ced3fbedd720fbeb24afc199749aab9c2019f874,"{""A"":""x2y0+x8y1"",""B"":""x0y1+x4y1+x14y1"",""b"":""X"",""d"":8,""excl_opp_detectors"":""True"",""k"":4,""l"":15,""leak_heralds"":""False"",""leak_repump"":""True"",""leakage"":""True"",""loss"":""True"",""m"":2,""n"":60,""noise"":""rl_helios"",""p"":0.001,""prllel_1q"":16,""prllel_2q"":4,""r"":20,""repump_cycles"":3,""seq_meas"":""True"",""seq_ops"":""True"",""swapLRC"":""False""}",
       128,         0,         0,    2.81,bposd,6d1ddacfb3af8946e01e6fa1f4a73feb1ff89b1e055e733a9f2c9e62f953590b,"{""A"":""x0y0+x1y0"",""B"":""x0y0+x0y1+x3y2"",""b"":""X"",""d"":7,""excl_opp_detectors"":""True"",""k"":4,""l"":8,""leak_heralds"":""False"",""leak_repump"":""True"",""leakage"":""True"",""loss"":""True"",""m"":3,""n"":48,""noise"":""rl_helios"",""p"":0.001,""prllel_1q"":16,""prllel_2q"":4,""r"":20,""repump_cycles"":3,""seq_meas"":""True"",""seq_ops"":""True"",""swapLRC"":""False""}",
       272,         0,         0,    9.66,bposd,fc034e74c25f52c7dca5bec3ced3fbedd720fbeb24afc199749aab9c2019f874,"{""A"":""x2y0+x8y1"",""B"":""x0y1+x4y1+x14y1"",""b"":""X"",""d"":8,""excl_opp_detectors"":""True"",""k"":4,""l"":15,""leak_heralds"":""False"",""leak_repump"":""True"",""leakage"":""True"",""loss"":""True"",""m"":2,""n"":60,""noise"":""rl_helios"",""p"":0.001,""prllel_1q"":16,""prllel_2q"":4,""r"":20,""repump_cycles"":3,""seq_meas"":""True"",""seq_ops"":""True"",""swapLRC"":""False""}",
        32,         0,         0,   0.859,bposd,fc034e74c25f52c7dca5bec3ced3fbedd720fbeb24afc199749aab9c2019f874,"{""A"":""x2y0+x8y1"",""B"":""x0y1+x4y1+x14y1"",""b"":""X"",""d"":8,""excl_opp_detectors"":""True"",""k"":4,""l"":15,""leak_heralds"":""False"",""leak_repump"":""True"",""leakage"":""True"",""loss"":""True"",""m"":2,""n"":60,""noise"":""rl_helios"",""p"":0.001,""prllel_1q"":16,""prllel_2q"":4,""r"":20,""repump_cycles"":3,""seq_meas"":""True"",""seq_ops"":""True"",""swapLRC"":""False""}",
        16,         0,         0,   0.460,bposd,fc034e74c25f52c7dca5bec3ced3fbedd720fbeb24afc199749aab9c2019f874,"{""A"":""x2y0+x8y1"",""B"":""x0y1+x4y1+x14y1"",""b"":""X"",""d"":8,""excl_opp_detectors"":""True"",""k"":4,""l"":15,""leak_heralds"":""False"",""leak_repump"":""True"",""leakage"":""True"",""loss"":""True"",""m"":2,""n"":60,""noise"":""rl_helios"",""p"":0.001,""prllel_1q"":16,""prllel_2q"":4,""r"":20,""repump_cycles"":3,""seq_meas"":""True"",""seq_ops"":""True"",""swapLRC"":""False""}",
       864,         1,         0,    20.6,bposd,6d1ddacfb3af8946e01e6fa1f4a73feb1ff89b1e055e733a9f2c9e62f953590b,"{""A"":""x0y0+x1y0"",""B"":""x0y0+x0y1+x3y2"",""b"":""X"",""d"":7,""excl_opp_detectors"":""True"",""k"":4,""l"":8,""leak_heralds"":""False"",""leak_repump"":""True"",""leakage"":""True"",""loss"":""True"",""m"":3,""n"":48,""noise"":""rl_helios"",""p"":0.001,""prllel_1q"":16,""prllel_2q"":4,""r"":20,""repump_cycles"":3,""seq_meas"":""True"",""seq_ops"":""True"",""swapLRC"":""False""}",
       272,         0,         0,    3.93,bposd,fc034e74c25f52c7dca5bec3ced3fbedd720fbeb24afc199749aab9c2019f874,"{""A"":""x2y0+x8y1"",""B"":""x0y1+x4y1+x14y1"",""b"":""X"",""d"":8,""excl_opp_detectors"":""True"",""k"":4,""l"":15,""leak_heralds"":""False"",""leak_repump"":""True"",""leakage"":""True"",""loss"":""True"",""m"":2,""n"":60,""noise"":""rl_helios"",""p"":0.001,""prllel_1q"":16,""prllel_2q"":4,""r"":20,""repump_cycles"":3,""seq_meas"":""True"",""seq_ops"":""True"",""swapLRC"":""False""}",
       256,         0,         0,    1.69,bposd,6d1ddacfb3af8946e01e6fa1f4a73feb1ff89b1e055e733a9f2c9e62f953590b,"{""A"":""x0y0+x1y0"",""B"":""x0y0+x0y1+x3y2"",""b"":""X"",""d"":7,""excl_opp_detectors"":""True"",""k"":4,""l"":8,""leak_heralds"":""False"",""leak_repump"":""True"",""leakage"":""True"",""loss"":""True"",""m"":3,""n"":48,""noise"":""rl_helios"",""p"":0.001,""prllel_1q"":16,""prllel_2q"":4,""r"":20,""repump_cycles"":3,""seq_meas"":""True"",""seq_ops"":""True"",""swapLRC"":""False""}",
       272,         1,         0,    8.90,bposd,fc034e74c25f52c7dca5bec3ced3fbedd720fbeb24afc199749aab9c2019f874,"{""A"":""x2y0+x8y1"",""B"":""x0y1+x4y1+x14y1"",""b"":""X"",""d"":8,""excl_opp_detectors"":""True"",""k"":4,""l"":15,""leak_heralds"":""False"",""leak_repump"":""True"",""leakage"":""True"",""loss"":""True"",""m"":2,""n"":60,""noise"":""rl_helios"",""p"":0.001,""prllel_1q"":16,""prllel_2q"":4,""r"":20,""repump_cycles"":3,""seq_meas"":""True"",""seq_ops"":""True"",""swapLRC"":""False""}",
       128,         0,         0,   0.886,bposd,fc034e74c25f52c7dca5bec3ced3fbedd720fbeb24afc199749aab9c2019f874,"{""A"":""x2y0+x8y1"",""B"":""x0y1+x4y1+x14y1"",""b"":""X"",""d"":8,""excl_opp_detectors"":""True"",""k"":4,""l"":15,""leak_heralds"":""False"",""leak_repump"":""True"",""leakage"":""True"",""loss"":""True"",""m"":2,""n"":60,""noise"":""rl_helios"",""p"":0.001,""prllel_1q"":16,""prllel_2q"":4,""r"":20,""repump_cycles"":3,""seq_meas"":""True"",""seq_ops"":""True"",""swapLRC"":""False""}",
      1408,         2,         0,    35.1,bposd,6d1ddacfb3af8946e01e6fa1f4a73feb1ff89b1e055e733a9f2c9e62f953590b,"{""A"":""x0y0+x1y0"",""B"":""x0y0+x0y1+x3y2"",""b"":""X"",""d"":7,""excl_opp_detectors"":""True"",""k"":4,""l"":8,""leak_heralds"":""False"",""leak_repump"":""True"",""leakage"":""True"",""loss"":""True"",""m"":3,""n"":48,""noise"":""rl_helios"",""p"":0.001,""prllel_1q"":16,""prllel_2q"":4,""r"":20,""repump_cycles"":3,""seq_meas"":""True"",""seq_ops"":""True"",""swapLRC"":""False""}",
       256,         2,         0,    7.23,bposd,6d1ddacfb3af8946e01e6fa1f4a73feb1ff89b1e055e733a9f2c9e62f953590b,"{""A"":""x0y0+x1y0"",""B"":""x0y0+x0y1+x3y2"",""b"":""X"",""d"":7,""excl_opp_detectors"":""True"",""k"":4,""l"":8,""leak_heralds"":""False"",""leak_repump"":""True"",""leakage"":""True"",""loss"":""True"",""m"":3,""n"":48,""noise"":""rl_helios"",""p"":0.001,""prllel_1q"":16,""prllel_2q"":4,""r"":20,""repump_cycles"":3,""seq_meas"":""True"",""seq_ops"":""True"",""swapLRC"":""False""}",
       320,         1,         0,    11.8,bposd,6d1ddacfb3af8946e01e6fa1f4a73feb1ff89b1e055e733a9f2c9e62f953590b,"{""A"":""x0y0+x1y0"",""B"":""x0y0+x0y1+x3y2"",""b"":""X"",""d"":7,""excl_opp_detectors"":""True"",""k"":4,""l"":8,""leak_heralds"":""False"",""leak_repump"":""True"",""leakage"":""True"",""loss"":""True"",""m"":3,""n"":48,""noise"":""rl_helios"",""p"":0.001,""prllel_1q"":16,""prllel_2q"":4,""r"":20,""repump_cycles"":3,""seq_meas"":""True"",""seq_ops"":""True"",""swapLRC"":""False""}",
      2080,         4,         0,    39.9,bposd,6d1ddacfb3af8946e01e6fa1f4a73feb1ff89b1e055e733a9f2c9e62f953590b,"{""A"":""x0y0+x1y0"",""B"":""x0y0+x0y1+x3y2"",""b"":""X"",""d"":7,""excl_opp_detectors"":""True"",""k"":4,""l"":8,""leak_heralds"":""False"",""leak_repump"":""True"",""leakage"":""True"",""loss"":""True"",""m"":3,""n"":48,""noise"":""rl_helios"",""p"":0.001,""prllel_1q"":16,""prllel_2q"":4,""r"":20,""repump_cycles"":3,""seq_meas"":""True"",""seq_ops"":""True"",""swapLRC"":""False""}",
       272,         1,         0,    7.53,bposd,fc034e74c25f52c7dca5bec3ced3fbedd720fbeb24afc199749aab9c2019f874,"{""A"":""x2y0+x8y1"",""B"":""x0y1+x4y1+x14y1"",""b"":""X"",""d"":8,""excl_opp_detectors"":""True"",""k"":4,""l"":15,""leak_heralds"":""False"",""leak_repump"":""True"",""leakage"":""True"",""loss"":""True"",""m"":2,""n"":60,""noise"":""rl_helios"",""p"":0.001,""prllel_1q"":16,""prllel_2q"":4,""r"":20,""repump_cycles"":3,""seq_meas"":""True"",""seq_ops"":""True"",""swapLRC"":""False""}",
       960,         2,         0,    19.2,bposd,6d1ddacfb3af8946e01e6fa1f4a73feb1ff89b1e055e733a9f2c9e62f953590b,"{""A"":""x0y0+x1y0"",""B"":""x0y0+x0y1+x3y2"",""b"":""X"",""d"":7,""excl_opp_detectors"":""True"",""k"":4,""l"":8,""leak_heralds"":""False"",""leak_repump"":""True"",""leakage"":""True"",""loss"":""True"",""m"":3,""n"":48,""noise"":""rl_helios"",""p"":0.001,""prllel_1q"":16,""prllel_2q"":4,""r"":20,""repump_cycles"":3,""seq_meas"":""True"",""seq_ops"":""True"",""swapLRC"":""False""}",
       544,         1,         0,    14.2,bposd,fc034e74c25f52c7dca5bec3ced3fbedd720fbeb24afc199749aab9c2019f874,"{""A"":""x2y0+x8y1"",""B"":""x0y1+x4y1+x14y1"",""b"":""X"",""d"":8,""excl_opp_detectors"":""True"",""k"":4,""l"":15,""leak_heralds"":""False"",""leak_repump"":""True"",""leakage"":""True"",""loss"":""True"",""m"":2,""n"":60,""noise"":""rl_helios"",""p"":0.001,""prllel_1q"":16,""prllel_2q"":4,""r"":20,""repump_cycles"":3,""seq_meas"":""True"",""seq_ops"":""True"",""swapLRC"":""False""}",
       128,         0,         0,    3.04,bposd,fc034e74c25f52c7dca5bec3ced3fbedd720fbeb24afc199749aab9c2019f874,"{""A"":""x2y0+x8y1"",""B"":""x0y1+x4y1+x14y1"",""b"":""X"",""d"":8,""excl_opp_detectors"":""True"",""k"":4,""l"":15,""leak_heralds"":""False"",""leak_repump"":""True"",""leakage"":""True"",""loss"":""True"",""m"":2,""n"":60,""noise"":""rl_helios"",""p"":0.001,""prllel_1q"":16,""prllel_2q"":4,""r"":20,""repump_cycles"":3,""seq_meas"":""True"",""seq_ops"":""True"",""swapLRC"":""False""}",
       760,         2,         0,    28.5,bposd,fc034e74c25f52c7dca5bec3ced3fbedd720fbeb24afc199749aab9c2019f874,"{""A"":""x2y0+x8y1"",""B"":""x0y1+x4y1+x14y1"",""b"":""X"",""d"":8,""excl_opp_detectors"":""True"",""k"":4,""l"":15,""leak_heralds"":""False"",""leak_repump"":""True"",""leakage"":""True"",""loss"":""True"",""m"":2,""n"":60,""noise"":""rl_helios"",""p"":0.001,""prllel_1q"":16,""prllel_2q"":4,""r"":20,""repump_cycles"":3,""seq_meas"":""True"",""seq_ops"":""True"",""swapLRC"":""False""}",
       128,         0,         0,    4.20,bposd,6d1ddacfb3af8946e01e6fa1f4a73feb1ff89b1e055e733a9f2c9e62f953590b,"{""A"":""x0y0+x1y0"",""B"":""x0y0+x0y1+x3y2"",""b"":""X"",""d"":7,""excl_opp_detectors"":""True"",""k"":4,""l"":8,""leak_heralds"":""False"",""leak_repump"":""True"",""leakage"":""True"",""loss"":""True"",""m"":3,""n"":48,""noise"":""rl_helios"",""p"":0.001,""prllel_1q"":16,""prllel_2q"":4,""r"":20,""repump_cycles"":3,""seq_meas"":""True"",""seq_ops"":""True"",""swapLRC"":""False""}",
       128,         0,         0,    2.22,bposd,6d1ddacfb3af8946e01e6fa1f4a73feb1ff89b1e055e733a9f2c9e62f953590b,"{""A"":""x0y0+x1y0"",""B"":""x0y0+x0y1+x3y2"",""b"":""X"",""d"":7,""excl_opp_detectors"":""True"",""k"":4,""l"":8,""leak_heralds"":""False"",""leak_repump"":""True"",""leakage"":""True"",""loss"":""True"",""m"":3,""n"":48,""noise"":""rl_helios"",""p"":0.001,""prllel_1q"":16,""prllel_2q"":4,""r"":20,""repump_cycles"":3,""seq_meas"":""True"",""seq_ops"":""True"",""swapLRC"":""False""}",
       128,         0,         0,    4.39,bposd,fc034e74c25f52c7dca5bec3ced3fbedd720fbeb24afc199749aab9c2019f874,"{""A"":""x2y0+x8y1"",""B"":""x0y1+x4y1+x14y1"",""b"":""X"",""d"":8,""excl_opp_detectors"":""True"",""k"":4,""l"":15,""leak_heralds"":""False"",""leak_repump"":""True"",""leakage"":""True"",""loss"":""True"",""m"":2,""n"":60,""noise"":""rl_helios"",""p"":0.001,""prllel_1q"":16,""prllel_2q"":4,""r"":20,""repump_cycles"":3,""seq_meas"":""True"",""seq_ops"":""True"",""swapLRC"":""False""}",
       576,         0,         0,    12.9,bposd,6d1ddacfb3af8946e01e6fa1f4a73feb1ff89b1e055e733a9f2c9e62f953590b,"{""A"":""x0y0+x1y0"",""B"":""x0y0+x0y1+x3y2"",""b"":""X"",""d"":7,""excl_opp_detectors"":""True"",""k"":4,""l"":8,""leak_heralds"":""False"",""leak_repump"":""True"",""leakage"":""True"",""loss"":""True"",""m"":3,""n"":48,""noise"":""rl_helios"",""p"":0.001,""prllel_1q"":16,""prllel_2q"":4,""r"":20,""repump_cycles"":3,""seq_meas"":""True"",""seq_ops"":""True"",""swapLRC"":""False""}",
      1200,         0,         0,    40.0,bposd,fc034e74c25f52c7dca5bec3ced3fbedd720fbeb24afc199749aab9c2019f874,"{""A"":""x2y0+x8y1"",""B"":""x0y1+x4y1+x14y1"",""b"":""X"",""d"":8,""excl_opp_detectors"":""True"",""k"":4,""l"":15,""leak_heralds"":""False"",""leak_repump"":""True"",""leakage"":""True"",""loss"":""True"",""m"":2,""n"":60,""noise"":""rl_helios"",""p"":0.001,""prllel_1q"":16,""prllel_2q"":4,""r"":20,""repump_cycles"":3,""seq_meas"":""True"",""seq_ops"":""True"",""swapLRC"":""False""}",
       256,         0,         0,    8.17,bposd,6d1ddacfb3af8946e01e6fa1f4a73feb1ff89b1e055e733a9f2c9e62f953590b,"{""A"":""x0y0+x1y0"",""B"":""x0y0+x0y1+x3y2"",""b"":""X"",""d"":7,""excl_opp_detectors"":""True"",""k"":4,""l"":8,""leak_heralds"":""False"",""leak_repump"":""True"",""leakage"":""True"",""loss"":""True"",""m"":3,""n"":48,""noise"":""rl_helios"",""p"":0.001,""prllel_1q"":16,""prllel_2q"":4,""r"":20,""repump_cycles"":3,""seq_meas"":""True"",""seq_ops"":""True"",""swapLRC"":""False""}",
       128,         0,         0,    5.73,bposd,fc034e74c25f52c7dca5bec3ced3fbedd720fbeb24afc199749aab9c2019f874,"{""A"":""x2y0+x8y1"",""B"":""x0y1+x4y1+x14y1"",""b"":""X"",""d"":8,""excl_opp_detectors"":""True"",""k"":4,""l"":15,""leak_heralds"":""False"",""leak_repump"":""True"",""leakage"":""True"",""loss"":""True"",""m"":2,""n"":60,""noise"":""rl_helios"",""p"":0.001,""prllel_1q"":16,""prllel_2q"":4,""r"":20,""repump_cycles"":3,""seq_meas"":""True"",""seq_ops"":""True"",""swapLRC"":""False""}",
        64,         0,         0,    2.72,bposd,fc034e74c25f52c7dca5bec3ced3fbedd720fbeb24afc199749aab9c2019f874,"{""A"":""x2y0+x8y1"",""B"":""x0y1+x4y1+x14y1"",""b"":""X"",""d"":8,""excl_opp_detectors"":""True"",""k"":4,""l"":15,""leak_heralds"":""False"",""leak_repump"":""True"",""leakage"":""True"",""loss"":""True"",""m"":2,""n"":60,""noise"":""rl_helios"",""p"":0.001,""prllel_1q"":16,""prllel_2q"":4,""r"":20,""repump_cycles"":3,""seq_meas"":""True"",""seq_ops"":""True"",""swapLRC"":""False""}",
       272,         0,         0,    7.02,bposd,fc034e74c25f52c7dca5bec3ced3fbedd720fbeb24afc199749aab9c2019f874,"{""A"":""x2y0+x8y1"",""B"":""x0y1+x4y1+x14y1"",""b"":""X"",""d"":8,""excl_opp_detectors"":""True"",""k"":4,""l"":15,""leak_heralds"":""False"",""leak_repump"":""True"",""leakage"":""True"",""loss"":""True"",""m"":2,""n"":60,""noise"":""rl_helios"",""p"":0.001,""prllel_1q"":16,""prllel_2q"":4,""r"":20,""repump_cycles"":3,""seq_meas"":""True"",""seq_ops"":""True"",""swapLRC"":""False""}",
        64,         0,         0,    2.29,bposd,fc034e74c25f52c7dca5bec3ced3fbedd720fbeb24afc199749aab9c2019f874,"{""A"":""x2y0+x8y1"",""B"":""x0y1+x4y1+x14y1"",""b"":""X"",""d"":8,""excl_opp_detectors"":""True"",""k"":4,""l"":15,""leak_heralds"":""False"",""leak_repump"":""True"",""leakage"":""True"",""loss"":""True"",""m"":2,""n"":60,""noise"":""rl_helios"",""p"":0.001,""prllel_1q"":16,""prllel_2q"":4,""r"":20,""repump_cycles"":3,""seq_meas"":""True"",""seq_ops"":""True"",""swapLRC"":""False""}",
       864,         2,         0,    22.2,bposd,fc034e74c25f52c7dca5bec3ced3fbedd720fbeb24afc199749aab9c2019f874,"{""A"":""x2y0+x8y1"",""B"":""x0y1+x4y1+x14y1"",""b"":""X"",""d"":8,""excl_opp_detectors"":""True"",""k"":4,""l"":15,""leak_heralds"":""False"",""leak_repump"":""True"",""leakage"":""True"",""loss"":""True"",""m"":2,""n"":60,""noise"":""rl_helios"",""p"":0.001,""prllel_1q"":16,""prllel_2q"":4,""r"":20,""repump_cycles"":3,""seq_meas"":""True"",""seq_ops"":""True"",""swapLRC"":""False""}",
       256,         0,         0,    6.21,bposd,fc034e74c25f52c7dca5bec3ced3fbedd720fbeb24afc199749aab9c2019f874,"{""A"":""x2y0+x8y1"",""B"":""x0y1+x4y1+x14y1"",""b"":""X"",""d"":8,""excl_opp_detectors"":""True"",""k"":4,""l"":15,""leak_heralds"":""False"",""leak_repump"":""True"",""leakage"":""True"",""loss"":""True"",""m"":2,""n"":60,""noise"":""rl_helios"",""p"":0.001,""prllel_1q"":16,""prllel_2q"":4,""r"":20,""repump_cycles"":3,""seq_meas"":""True"",""seq_ops"":""True"",""swapLRC"":""False""}",
       544,         0,         0,    10.0,bposd,fc034e74c25f52c7dca5bec3ced3fbedd720fbeb24afc199749aab9c2019f874,"{""A"":""x2y0+x8y1"",""B"":""x0y1+x4y1+x14y1"",""b"":""X"",""d"":8,""excl_opp_detectors"":""True"",""k"":4,""l"":15,""leak_heralds"":""False"",""leak_repump"":""True"",""leakage"":""True"",""loss"":""True"",""m"":2,""n"":60,""noise"":""rl_helios"",""p"":0.001,""prllel_1q"":16,""prllel_2q"":4,""r"":20,""repump_cycles"":3,""seq_meas"":""True"",""seq_ops"":""True"",""swapLRC"":""False""}",
       192,         0,         0,    5.27,bposd,fc034e74c25f52c7dca5bec3ced3fbedd720fbeb24afc199749aab9c2019f874,"{""A"":""x2y0+x8y1"",""B"":""x0y1+x4y1+x14y1"",""b"":""X"",""d"":8,""excl_opp_detectors"":""True"",""k"":4,""l"":15,""leak_heralds"":""False"",""leak_repump"":""True"",""leakage"":""True"",""loss"":""True"",""m"":2,""n"":60,""noise"":""rl_helios"",""p"":0.001,""prllel_1q"":16,""prllel_2q"":4,""r"":20,""repump_cycles"":3,""seq_meas"":""True"",""seq_ops"":""True"",""swapLRC"":""False""}",
        32,         0,         0,    4.00,bposd,fc034e74c25f52c7dca5bec3ced3fbedd720fbeb24afc199749aab9c2019f874,"{""A"":""x2y0+x8y1"",""B"":""x0y1+x4y1+x14y1"",""b"":""X"",""d"":8,""excl_opp_detectors"":""True"",""k"":4,""l"":15,""leak_heralds"":""False"",""leak_repump"":""True"",""leakage"":""True"",""loss"":""True"",""m"":2,""n"":60,""noise"":""rl_helios"",""p"":0.001,""prllel_1q"":16,""prllel_2q"":4,""r"":20,""repump_cycles"":3,""seq_meas"":""True"",""seq_ops"":""True"",""swapLRC"":""False""}",
       128,         0,         0,    4.81,bposd,fc034e74c25f52c7dca5bec3ced3fbedd720fbeb24afc199749aab9c2019f874,"{""A"":""x2y0+x8y1"",""B"":""x0y1+x4y1+x14y1"",""b"":""X"",""d"":8,""excl_opp_detectors"":""True"",""k"":4,""l"":15,""leak_heralds"":""False"",""leak_repump"":""True"",""leakage"":""True"",""loss"":""True"",""m"":2,""n"":60,""noise"":""rl_helios"",""p"":0.001,""prllel_1q"":16,""prllel_2q"":4,""r"":20,""repump_cycles"":3,""seq_meas"":""True"",""seq_ops"":""True"",""swapLRC"":""False""}",
        64,         0,         0,    1.21,bposd,fc034e74c25f52c7dca5bec3ced3fbedd720fbeb24afc199749aab9c2019f874,"{""A"":""x2y0+x8y1"",""B"":""x0y1+x4y1+x14y1"",""b"":""X"",""d"":8,""excl_opp_detectors"":""True"",""k"":4,""l"":15,""leak_heralds"":""False"",""leak_repump"":""True"",""leakage"":""True"",""loss"":""True"",""m"":2,""n"":60,""noise"":""rl_helios"",""p"":0.001,""prllel_1q"":16,""prllel_2q"":4,""r"":20,""repump_cycles"":3,""seq_meas"":""True"",""seq_ops"":""True"",""swapLRC"":""False""}",
       176,         0,         0,    6.83,bposd,fc034e74c25f52c7dca5bec3ced3fbedd720fbeb24afc199749aab9c2019f874,"{""A"":""x2y0+x8y1"",""B"":""x0y1+x4y1+x14y1"",""b"":""X"",""d"":8,""excl_opp_detectors"":""True"",""k"":4,""l"":15,""leak_heralds"":""False"",""leak_repump"":""True"",""leakage"":""True"",""loss"":""True"",""m"":2,""n"":60,""noise"":""rl_helios"",""p"":0.001,""prllel_1q"":16,""prllel_2q"":4,""r"":20,""repump_cycles"":3,""seq_meas"":""True"",""seq_ops"":""True"",""swapLRC"":""False""}",
        64,         0,         0,   0.817,bposd,fc034e74c25f52c7dca5bec3ced3fbedd720fbeb24afc199749aab9c2019f874,"{""A"":""x2y0+x8y1"",""B"":""x0y1+x4y1+x14y1"",""b"":""X"",""d"":8,""excl_opp_detectors"":""True"",""k"":4,""l"":15,""leak_heralds"":""False"",""leak_repump"":""True"",""leakage"":""True"",""loss"":""True"",""m"":2,""n"":60,""noise"":""rl_helios"",""p"":0.001,""prllel_1q"":16,""prllel_2q"":4,""r"":20,""repump_cycles"":3,""seq_meas"":""True"",""seq_ops"":""True"",""swapLRC"":""False""}",
       256,         0,         0,    8.64,bposd,6d1ddacfb3af8946e01e6fa1f4a73feb1ff89b1e055e733a9f2c9e62f953590b,"{""A"":""x0y0+x1y0"",""B"":""x0y0+x0y1+x3y2"",""b"":""X"",""d"":7,""excl_opp_detectors"":""True"",""k"":4,""l"":8,""leak_heralds"":""False"",""leak_repump"":""True"",""leakage"":""True"",""loss"":""True"",""m"":3,""n"":48,""noise"":""rl_helios"",""p"":0.001,""prllel_1q"":16,""prllel_2q"":4,""r"":20,""repump_cycles"":3,""seq_meas"":""True"",""seq_ops"":""True"",""swapLRC"":""False""}",
        64,         0,         0,    2.48,bposd,fc034e74c25f52c7dca5bec3ced3fbedd720fbeb24afc199749aab9c2019f874,"{""A"":""x2y0+x8y1"",""B"":""x0y1+x4y1+x14y1"",""b"":""X"",""d"":8,""excl_opp_detectors"":""True"",""k"":4,""l"":15,""leak_heralds"":""False"",""leak_repump"":""True"",""leakage"":""True"",""loss"":""True"",""m"":2,""n"":60,""noise"":""rl_helios"",""p"":0.001,""prllel_1q"":16,""prllel_2q"":4,""r"":20,""repump_cycles"":3,""seq_meas"":""True"",""seq_ops"":""True"",""swapLRC"":""False""}",
        64,         0,         0,    3.78,bposd,fc034e74c25f52c7dca5bec3ced3fbedd720fbeb24afc199749aab9c2019f874,"{""A"":""x2y0+x8y1"",""B"":""x0y1+x4y1+x14y1"",""b"":""X"",""d"":8,""excl_opp_detectors"":""True"",""k"":4,""l"":15,""leak_heralds"":""False"",""leak_repump"":""True"",""leakage"":""True"",""loss"":""True"",""m"":2,""n"":60,""noise"":""rl_helios"",""p"":0.001,""prllel_1q"":16,""prllel_2q"":4,""r"":20,""repump_cycles"":3,""seq_meas"":""True"",""seq_ops"":""True"",""swapLRC"":""False""}",
        17,         0,         0,   0.037,bposd,fc034e74c25f52c7dca5bec3ced3fbedd720fbeb24afc199749aab9c2019f874,"{""A"":""x2y0+x8y1"",""B"":""x0y1+x4y1+x14y1"",""b"":""X"",""d"":8,""excl_opp_detectors"":""True"",""k"":4,""l"":15,""leak_heralds"":""False"",""leak_repump"":""True"",""leakage"":""True"",""loss"":""True"",""m"":2,""n"":60,""noise"":""rl_helios"",""p"":0.001,""prllel_1q"":16,""prllel_2q"":4,""r"":20,""repump_cycles"":3,""seq_meas"":""True"",""seq_ops"":""True"",""swapLRC"":""False""}",
      1568,         1,         0,    45.3,bposd,fc034e74c25f52c7dca5bec3ced3fbedd720fbeb24afc199749aab9c2019f874,"{""A"":""x2y0+x8y1"",""B"":""x0y1+x4y1+x14y1"",""b"":""X"",""d"":8,""excl_opp_detectors"":""True"",""k"":4,""l"":15,""leak_heralds"":""False"",""leak_repump"":""True"",""leakage"":""True"",""loss"":""True"",""m"":2,""n"":60,""noise"":""rl_helios"",""p"":0.001,""prllel_1q"":16,""prllel_2q"":4,""r"":20,""repump_cycles"":3,""seq_meas"":""True"",""seq_ops"":""True"",""swapLRC"":""False""}",
      1136,         2,         0,    32.8,bposd,fc034e74c25f52c7dca5bec3ced3fbedd720fbeb24afc199749aab9c2019f874,"{""A"":""x2y0+x8y1"",""B"":""x0y1+x4y1+x14y1"",""b"":""X"",""d"":8,""excl_opp_detectors"":""True"",""k"":4,""l"":15,""leak_heralds"":""False"",""leak_repump"":""True"",""leakage"":""True"",""loss"":""True"",""m"":2,""n"":60,""noise"":""rl_helios"",""p"":0.001,""prllel_1q"":16,""prllel_2q"":4,""r"":20,""repump_cycles"":3,""seq_meas"":""True"",""seq_ops"":""True"",""swapLRC"":""False""}",
        64,         0,         0,    1.82,bposd,fc034e74c25f52c7dca5bec3ced3fbedd720fbeb24afc199749aab9c2019f874,"{""A"":""x2y0+x8y1"",""B"":""x0y1+x4y1+x14y1"",""b"":""X"",""d"":8,""excl_opp_detectors"":""True"",""k"":4,""l"":15,""leak_heralds"":""False"",""leak_repump"":""True"",""leakage"":""True"",""loss"":""True"",""m"":2,""n"":60,""noise"":""rl_helios"",""p"":0.001,""prllel_1q"":16,""prllel_2q"":4,""r"":20,""repump_cycles"":3,""seq_meas"":""True"",""seq_ops"":""True"",""swapLRC"":""False""}",
         1,         0,         0,   0.014,bposd,fc034e74c25f52c7dca5bec3ced3fbedd720fbeb24afc199749aab9c2019f874,"{""A"":""x2y0+x8y1"",""B"":""x0y1+x4y1+x14y1"",""b"":""X"",""d"":8,""excl_opp_detectors"":""True"",""k"":4,""l"":15,""leak_heralds"":""False"",""leak_repump"":""True"",""leakage"":""True"",""loss"":""True"",""m"":2,""n"":60,""noise"":""rl_helios"",""p"":0.001,""prllel_1q"":16,""prllel_2q"":4,""r"":20,""repump_cycles"":3,""seq_meas"":""True"",""seq_ops"":""True"",""swapLRC"":""False""}",
        17,         0,         0,   0.047,bposd,fc034e74c25f52c7dca5bec3ced3fbedd720fbeb24afc199749aab9c2019f874,"{""A"":""x2y0+x8y1"",""B"":""x0y1+x4y1+x14y1"",""b"":""X"",""d"":8,""excl_opp_detectors"":""True"",""k"":4,""l"":15,""leak_heralds"":""False"",""leak_repump"":""True"",""leakage"":""True"",""loss"":""True"",""m"":2,""n"":60,""noise"":""rl_helios"",""p"":0.001,""prllel_1q"":16,""prllel_2q"":4,""r"":20,""repump_cycles"":3,""seq_meas"":""True"",""seq_ops"":""True"",""swapLRC"":""False""}",
        16,         0,         0,   0.055,bposd,fc034e74c25f52c7dca5bec3ced3fbedd720fbeb24afc199749aab9c2019f874,"{""A"":""x2y0+x8y1"",""B"":""x0y1+x4y1+x14y1"",""b"":""X"",""d"":8,""excl_opp_detectors"":""True"",""k"":4,""l"":15,""leak_heralds"":""False"",""leak_repump"":""True"",""leakage"":""True"",""loss"":""True"",""m"":2,""n"":60,""noise"":""rl_helios"",""p"":0.001,""prllel_1q"":16,""prllel_2q"":4,""r"":20,""repump_cycles"":3,""seq_meas"":""True"",""seq_ops"":""True"",""swapLRC"":""False""}",
         1,         0,         0,   0.014,bposd,fc034e74c25f52c7dca5bec3ced3fbedd720fbeb24afc199749aab9c2019f874,"{""A"":""x2y0+x8y1"",""B"":""x0y1+x4y1+x14y1"",""b"":""X"",""d"":8,""excl_opp_detectors"":""True"",""k"":4,""l"":15,""leak_heralds"":""False"",""leak_repump"":""True"",""leakage"":""True"",""loss"":""True"",""m"":2,""n"":60,""noise"":""rl_helios"",""p"":0.001,""prllel_1q"":16,""prllel_2q"":4,""r"":20,""repump_cycles"":3,""seq_meas"":""True"",""seq_ops"":""True"",""swapLRC"":""False""}",
        16,         0,         0,   0.028,bposd,fc034e74c25f52c7dca5bec3ced3fbedd720fbeb24afc199749aab9c2019f874,"{""A"":""x2y0+x8y1"",""B"":""x0y1+x4y1+x14y1"",""b"":""X"",""d"":8,""excl_opp_detectors"":""True"",""k"":4,""l"":15,""leak_heralds"":""False"",""leak_repump"":""True"",""leakage"":""True"",""loss"":""True"",""m"":2,""n"":60,""noise"":""rl_helios"",""p"":0.001,""prllel_1q"":16,""prllel_2q"":4,""r"":20,""repump_cycles"":3,""seq_meas"":""True"",""seq_ops"":""True"",""swapLRC"":""False""}",
         1,         0,         0,   0.009,bposd,fc034e74c25f52c7dca5bec3ced3fbedd720fbeb24afc199749aab9c2019f874,"{""A"":""x2y0+x8y1"",""B"":""x0y1+x4y1+x14y1"",""b"":""X"",""d"":8,""excl_opp_detectors"":""True"",""k"":4,""l"":15,""leak_heralds"":""False"",""leak_repump"":""True"",""leakage"":""True"",""loss"":""True"",""m"":2,""n"":60,""noise"":""rl_helios"",""p"":0.001,""prllel_1q"":16,""prllel_2q"":4,""r"":20,""repump_cycles"":3,""seq_meas"":""True"",""seq_ops"":""True"",""swapLRC"":""False""}",
         1,         0,         0,   0.009,bposd,fc034e74c25f52c7dca5bec3ced3fbedd720fbeb24afc199749aab9c2019f874,"{""A"":""x2y0+x8y1"",""B"":""x0y1+x4y1+x14y1"",""b"":""X"",""d"":8,""excl_opp_detectors"":""True"",""k"":4,""l"":15,""leak_heralds"":""False"",""leak_repump"":""True"",""leakage"":""True"",""loss"":""True"",""m"":2,""n"":60,""noise"":""rl_helios"",""p"":0.001,""prllel_1q"":16,""prllel_2q"":4,""r"":20,""repump_cycles"":3,""seq_meas"":""True"",""seq_ops"":""True"",""swapLRC"":""False""}",
         1,         0,         0,   0.015,bposd,fc034e74c25f52c7dca5bec3ced3fbedd720fbeb24afc199749aab9c2019f874,"{""A"":""x2y0+x8y1"",""B"":""x0y1+x4y1+x14y1"",""b"":""X"",""d"":8,""excl_opp_detectors"":""True"",""k"":4,""l"":15,""leak_heralds"":""False"",""leak_repump"":""True"",""leakage"":""True"",""loss"":""True"",""m"":2,""n"":60,""noise"":""rl_helios"",""p"":0.001,""prllel_1q"":16,""prllel_2q"":4,""r"":20,""repump_cycles"":3,""seq_meas"":""True"",""seq_ops"":""True"",""swapLRC"":""False""}",
        16,         0,         0,   0.044,bposd,fc034e74c25f52c7dca5bec3ced3fbedd720fbeb24afc199749aab9c2019f874,"{""A"":""x2y0+x8y1"",""B"":""x0y1+x4y1+x14y1"",""b"":""X"",""d"":8,""excl_opp_detectors"":""True"",""k"":4,""l"":15,""leak_heralds"":""False"",""leak_repump"":""True"",""leakage"":""True"",""loss"":""True"",""m"":2,""n"":60,""noise"":""rl_helios"",""p"":0.001,""prllel_1q"":16,""prllel_2q"":4,""r"":20,""repump_cycles"":3,""seq_meas"":""True"",""seq_ops"":""True"",""swapLRC"":""False""}",
        17,         0,         0,   0.033,bposd,fc034e74c25f52c7dca5bec3ced3fbedd720fbeb24afc199749aab9c2019f874,"{""A"":""x2y0+x8y1"",""B"":""x0y1+x4y1+x14y1"",""b"":""X"",""d"":8,""excl_opp_detectors"":""True"",""k"":4,""l"":15,""leak_heralds"":""False"",""leak_repump"":""True"",""leakage"":""True"",""loss"":""True"",""m"":2,""n"":60,""noise"":""rl_helios"",""p"":0.001,""prllel_1q"":16,""prllel_2q"":4,""r"":20,""repump_cycles"":3,""seq_meas"":""True"",""seq_ops"":""True"",""swapLRC"":""False""}",
        11,         0,         0,   0.015,bposd,fc034e74c25f52c7dca5bec3ced3fbedd720fbeb24afc199749aab9c2019f874,"{""A"":""x2y0+x8y1"",""B"":""x0y1+x4y1+x14y1"",""b"":""X"",""d"":8,""excl_opp_detectors"":""True"",""k"":4,""l"":15,""leak_heralds"":""False"",""leak_repump"":""True"",""leakage"":""True"",""loss"":""True"",""m"":2,""n"":60,""noise"":""rl_helios"",""p"":0.001,""prllel_1q"":16,""prllel_2q"":4,""r"":20,""repump_cycles"":3,""seq_meas"":""True"",""seq_ops"":""True"",""swapLRC"":""False""}",
      1216,         1,         0,    27.9,bposd,fc034e74c25f52c7dca5bec3ced3fbedd720fbeb24afc199749aab9c2019f874,"{""A"":""x2y0+x8y1"",""B"":""x0y1+x4y1+x14y1"",""b"":""X"",""d"":8,""excl_opp_detectors"":""True"",""k"":4,""l"":15,""leak_heralds"":""False"",""leak_repump"":""True"",""leakage"":""True"",""loss"":""True"",""m"":2,""n"":60,""noise"":""rl_helios"",""p"":0.001,""prllel_1q"":16,""prllel_2q"":4,""r"":20,""repump_cycles"":3,""seq_meas"":""True"",""seq_ops"":""True"",""swapLRC"":""False""}",
      1184,         2,         0,    43.5,bposd,fc034e74c25f52c7dca5bec3ced3fbedd720fbeb24afc199749aab9c2019f874,"{""A"":""x2y0+x8y1"",""B"":""x0y1+x4y1+x14y1"",""b"":""X"",""d"":8,""excl_opp_detectors"":""True"",""k"":4,""l"":15,""leak_heralds"":""False"",""leak_repump"":""True"",""leakage"":""True"",""loss"":""True"",""m"":2,""n"":60,""noise"":""rl_helios"",""p"":0.001,""prllel_1q"":16,""prllel_2q"":4,""r"":20,""repump_cycles"":3,""seq_meas"":""True"",""seq_ops"":""True"",""swapLRC"":""False""}",
         1,         0,         0,   0.009,bposd,fc034e74c25f52c7dca5bec3ced3fbedd720fbeb24afc199749aab9c2019f874,"{""A"":""x2y0+x8y1"",""B"":""x0y1+x4y1+x14y1"",""b"":""X"",""d"":8,""excl_opp_detectors"":""True"",""k"":4,""l"":15,""leak_heralds"":""False"",""leak_repump"":""True"",""leakage"":""True"",""loss"":""True"",""m"":2,""n"":60,""noise"":""rl_helios"",""p"":0.001,""prllel_1q"":16,""prllel_2q"":4,""r"":20,""repump_cycles"":3,""seq_meas"":""True"",""seq_ops"":""True"",""swapLRC"":""False""}",
       128,         0,         0,    2.46,bposd,fc034e74c25f52c7dca5bec3ced3fbedd720fbeb24afc199749aab9c2019f874,"{""A"":""x2y0+x8y1"",""B"":""x0y1+x4y1+x14y1"",""b"":""X"",""d"":8,""excl_opp_detectors"":""True"",""k"":4,""l"":15,""leak_heralds"":""False"",""leak_repump"":""True"",""leakage"":""True"",""loss"":""True"",""m"":2,""n"":60,""noise"":""rl_helios"",""p"":0.001,""prllel_1q"":16,""prllel_2q"":4,""r"":20,""repump_cycles"":3,""seq_meas"":""True"",""seq_ops"":""True"",""swapLRC"":""False""}",
        16,         0,         0,   0.053,bposd,fc034e74c25f52c7dca5bec3ced3fbedd720fbeb24afc199749aab9c2019f874,"{""A"":""x2y0+x8y1"",""B"":""x0y1+x4y1+x14y1"",""b"":""X"",""d"":8,""excl_opp_detectors"":""True"",""k"":4,""l"":15,""leak_heralds"":""False"",""leak_repump"":""True"",""leakage"":""True"",""loss"":""True"",""m"":2,""n"":60,""noise"":""rl_helios"",""p"":0.001,""prllel_1q"":16,""prllel_2q"":4,""r"":20,""repump_cycles"":3,""seq_meas"":""True"",""seq_ops"":""True"",""swapLRC"":""False""}",
        64,         2,         0,   0.122,bposd,fc034e74c25f52c7dca5bec3ced3fbedd720fbeb24afc199749aab9c2019f874,"{""A"":""x2y0+x8y1"",""B"":""x0y1+x4y1+x14y1"",""b"":""X"",""d"":8,""excl_opp_detectors"":""True"",""k"":4,""l"":15,""leak_heralds"":""False"",""leak_repump"":""True"",""leakage"":""True"",""loss"":""True"",""m"":2,""n"":60,""noise"":""rl_helios"",""p"":0.001,""prllel_1q"":16,""prllel_2q"":4,""r"":20,""repump_cycles"":3,""seq_meas"":""True"",""seq_ops"":""True"",""swapLRC"":""False""}",
       128,         1,         0,    2.74,bposd,fc034e74c25f52c7dca5bec3ced3fbedd720fbeb24afc199749aab9c2019f874,"{""A"":""x2y0+x8y1"",""B"":""x0y1+x4y1+x14y1"",""b"":""X"",""d"":8,""excl_opp_detectors"":""True"",""k"":4,""l"":15,""leak_heralds"":""False"",""leak_repump"":""True"",""leakage"":""True"",""loss"":""True"",""m"":2,""n"":60,""noise"":""rl_helios"",""p"":0.001,""prllel_1q"":16,""prllel_2q"":4,""r"":20,""repump_cycles"":3,""seq_meas"":""True"",""seq_ops"":""True"",""swapLRC"":""False""}",
         1,         0,         0,   0.014,bposd,fc034e74c25f52c7dca5bec3ced3fbedd720fbeb24afc199749aab9c2019f874,"{""A"":""x2y0+x8y1"",""B"":""x0y1+x4y1+x14y1"",""b"":""X"",""d"":8,""excl_opp_detectors"":""True"",""k"":4,""l"":15,""leak_heralds"":""False"",""leak_repump"":""True"",""leakage"":""True"",""loss"":""True"",""m"":2,""n"":60,""noise"":""rl_helios"",""p"":0.001,""prllel_1q"":16,""prllel_2q"":4,""r"":20,""repump_cycles"":3,""seq_meas"":""True"",""seq_ops"":""True"",""swapLRC"":""False""}",
         1,         0,         0,   0.009,bposd,fc034e74c25f52c7dca5bec3ced3fbedd720fbeb24afc199749aab9c2019f874,"{""A"":""x2y0+x8y1"",""B"":""x0y1+x4y1+x14y1"",""b"":""X"",""d"":8,""excl_opp_detectors"":""True"",""k"":4,""l"":15,""leak_heralds"":""False"",""leak_repump"":""True"",""leakage"":""True"",""loss"":""True"",""m"":2,""n"":60,""noise"":""rl_helios"",""p"":0.001,""prllel_1q"":16,""prllel_2q"":4,""r"":20,""repump_cycles"":3,""seq_meas"":""True"",""seq_ops"":""True"",""swapLRC"":""False""}",
         1,         0,         0,   0.009,bposd,fc034e74c25f52c7dca5bec3ced3fbedd720fbeb24afc199749aab9c2019f874,"{""A"":""x2y0+x8y1"",""B"":""x0y1+x4y1+x14y1"",""b"":""X"",""d"":8,""excl_opp_detectors"":""True"",""k"":4,""l"":15,""leak_heralds"":""False"",""leak_repump"":""True"",""leakage"":""True"",""loss"":""True"",""m"":2,""n"":60,""noise"":""rl_helios"",""p"":0.001,""prllel_1q"":16,""prllel_2q"":4,""r"":20,""repump_cycles"":3,""seq_meas"":""True"",""seq_ops"":""True"",""swapLRC"":""False""}",
        16,         0,         0,   0.099,bposd,fc034e74c25f52c7dca5bec3ced3fbedd720fbeb24afc199749aab9c2019f874,"{""A"":""x2y0+x8y1"",""B"":""x0y1+x4y1+x14y1"",""b"":""X"",""d"":8,""excl_opp_detectors"":""True"",""k"":4,""l"":15,""leak_heralds"":""False"",""leak_repump"":""True"",""leakage"":""True"",""loss"":""True"",""m"":2,""n"":60,""noise"":""rl_helios"",""p"":0.001,""prllel_1q"":16,""prllel_2q"":4,""r"":20,""repump_cycles"":3,""seq_meas"":""True"",""seq_ops"":""True"",""swapLRC"":""False""}",
         1,         0,         0,   0.009,bposd,fc034e74c25f52c7dca5bec3ced3fbedd720fbeb24afc199749aab9c2019f874,"{""A"":""x2y0+x8y1"",""B"":""x0y1+x4y1+x14y1"",""b"":""X"",""d"":8,""excl_opp_detectors"":""True"",""k"":4,""l"":15,""leak_heralds"":""False"",""leak_repump"":""True"",""leakage"":""True"",""loss"":""True"",""m"":2,""n"":60,""noise"":""rl_helios"",""p"":0.001,""prllel_1q"":16,""prllel_2q"":4,""r"":20,""repump_cycles"":3,""seq_meas"":""True"",""seq_ops"":""True"",""swapLRC"":""False""}",
         1,         0,         0,   0.009,bposd,fc034e74c25f52c7dca5bec3ced3fbedd720fbeb24afc199749aab9c2019f874,"{""A"":""x2y0+x8y1"",""B"":""x0y1+x4y1+x14y1"",""b"":""X"",""d"":8,""excl_opp_detectors"":""True"",""k"":4,""l"":15,""leak_heralds"":""False"",""leak_repump"":""True"",""leakage"":""True"",""loss"":""True"",""m"":2,""n"":60,""noise"":""rl_helios"",""p"":0.001,""prllel_1q"":16,""prllel_2q"":4,""r"":20,""repump_cycles"":3,""seq_meas"":""True"",""seq_ops"":""True"",""swapLRC"":""False""}",
        16,         0,         0,   0.026,bposd,fc034e74c25f52c7dca5bec3ced3fbedd720fbeb24afc199749aab9c2019f874,"{""A"":""x2y0+x8y1"",""B"":""x0y1+x4y1+x14y1"",""b"":""X"",""d"":8,""excl_opp_detectors"":""True"",""k"":4,""l"":15,""leak_heralds"":""False"",""leak_repump"":""True"",""leakage"":""True"",""loss"":""True"",""m"":2,""n"":60,""noise"":""rl_helios"",""p"":0.001,""prllel_1q"":16,""prllel_2q"":4,""r"":20,""repump_cycles"":3,""seq_meas"":""True"",""seq_ops"":""True"",""swapLRC"":""False""}",
         1,         0,         0,   0.009,bposd,fc034e74c25f52c7dca5bec3ced3fbedd720fbeb24afc199749aab9c2019f874,"{""A"":""x2y0+x8y1"",""B"":""x0y1+x4y1+x14y1"",""b"":""X"",""d"":8,""excl_opp_detectors"":""True"",""k"":4,""l"":15,""leak_heralds"":""False"",""leak_repump"":""True"",""leakage"":""True"",""loss"":""True"",""m"":2,""n"":60,""noise"":""rl_helios"",""p"":0.001,""prllel_1q"":16,""prllel_2q"":4,""r"":20,""repump_cycles"":3,""seq_meas"":""True"",""seq_ops"":""True"",""swapLRC"":""False""}",
        16,         0,         0,   0.039,bposd,fc034e74c25f52c7dca5bec3ced3fbedd720fbeb24afc199749aab9c2019f874,"{""A"":""x2y0+x8y1"",""B"":""x0y1+x4y1+x14y1"",""b"":""X"",""d"":8,""excl_opp_detectors"":""True"",""k"":4,""l"":15,""leak_heralds"":""False"",""leak_repump"":""True"",""leakage"":""True"",""loss"":""True"",""m"":2,""n"":60,""noise"":""rl_helios"",""p"":0.001,""prllel_1q"":16,""prllel_2q"":4,""r"":20,""repump_cycles"":3,""seq_meas"":""True"",""seq_ops"":""True"",""swapLRC"":""False""}",
        16,         0,         0,   0.566,bposd,fc034e74c25f52c7dca5bec3ced3fbedd720fbeb24afc199749aab9c2019f874,"{""A"":""x2y0+x8y1"",""B"":""x0y1+x4y1+x14y1"",""b"":""X"",""d"":8,""excl_opp_detectors"":""True"",""k"":4,""l"":15,""leak_heralds"":""False"",""leak_repump"":""True"",""leakage"":""True"",""loss"":""True"",""m"":2,""n"":60,""noise"":""rl_helios"",""p"":0.001,""prllel_1q"":16,""prllel_2q"":4,""r"":20,""repump_cycles"":3,""seq_meas"":""True"",""seq_ops"":""True"",""swapLRC"":""False""}",
        74,         0,         0,    3.17,bposd,fc034e74c25f52c7dca5bec3ced3fbedd720fbeb24afc199749aab9c2019f874,"{""A"":""x2y0+x8y1"",""B"":""x0y1+x4y1+x14y1"",""b"":""X"",""d"":8,""excl_opp_detectors"":""True"",""k"":4,""l"":15,""leak_heralds"":""False"",""leak_repump"":""True"",""leakage"":""True"",""loss"":""True"",""m"":2,""n"":60,""noise"":""rl_helios"",""p"":0.001,""prllel_1q"":16,""prllel_2q"":4,""r"":20,""repump_cycles"":3,""seq_meas"":""True"",""seq_ops"":""True"",""swapLRC"":""False""}",
        16,         0,         0,    1.04,bposd,fc034e74c25f52c7dca5bec3ced3fbedd720fbeb24afc199749aab9c2019f874,"{""A"":""x2y0+x8y1"",""B"":""x0y1+x4y1+x14y1"",""b"":""X"",""d"":8,""excl_opp_detectors"":""True"",""k"":4,""l"":15,""leak_heralds"":""False"",""leak_repump"":""True"",""leakage"":""True"",""loss"":""True"",""m"":2,""n"":60,""noise"":""rl_helios"",""p"":0.001,""prllel_1q"":16,""prllel_2q"":4,""r"":20,""repump_cycles"":3,""seq_meas"":""True"",""seq_ops"":""True"",""swapLRC"":""False""}",
         1,         0,         0,   0.009,bposd,fc034e74c25f52c7dca5bec3ced3fbedd720fbeb24afc199749aab9c2019f874,"{""A"":""x2y0+x8y1"",""B"":""x0y1+x4y1+x14y1"",""b"":""X"",""d"":8,""excl_opp_detectors"":""True"",""k"":4,""l"":15,""leak_heralds"":""False"",""leak_repump"":""True"",""leakage"":""True"",""loss"":""True"",""m"":2,""n"":60,""noise"":""rl_helios"",""p"":0.001,""prllel_1q"":16,""prllel_2q"":4,""r"":20,""repump_cycles"":3,""seq_meas"":""True"",""seq_ops"":""True"",""swapLRC"":""False""}",
        16,         0,         0,   0.024,bposd,fc034e74c25f52c7dca5bec3ced3fbedd720fbeb24afc199749aab9c2019f874,"{""A"":""x2y0+x8y1"",""B"":""x0y1+x4y1+x14y1"",""b"":""X"",""d"":8,""excl_opp_detectors"":""True"",""k"":4,""l"":15,""leak_heralds"":""False"",""leak_repump"":""True"",""leakage"":""True"",""loss"":""True"",""m"":2,""n"":60,""noise"":""rl_helios"",""p"":0.001,""prllel_1q"":16,""prllel_2q"":4,""r"":20,""repump_cycles"":3,""seq_meas"":""True"",""seq_ops"":""True"",""swapLRC"":""False""}",
        16,         0,         0,    1.04,bposd,fc034e74c25f52c7dca5bec3ced3fbedd720fbeb24afc199749aab9c2019f874,"{""A"":""x2y0+x8y1"",""B"":""x0y1+x4y1+x14y1"",""b"":""X"",""d"":8,""excl_opp_detectors"":""True"",""k"":4,""l"":15,""leak_heralds"":""False"",""leak_repump"":""True"",""leakage"":""True"",""loss"":""True"",""m"":2,""n"":60,""noise"":""rl_helios"",""p"":0.001,""prllel_1q"":16,""prllel_2q"":4,""r"":20,""repump_cycles"":3,""seq_meas"":""True"",""seq_ops"":""True"",""swapLRC"":""False""}",
        16,         0,         0,   0.028,bposd,fc034e74c25f52c7dca5bec3ced3fbedd720fbeb24afc199749aab9c2019f874,"{""A"":""x2y0+x8y1"",""B"":""x0y1+x4y1+x14y1"",""b"":""X"",""d"":8,""excl_opp_detectors"":""True"",""k"":4,""l"":15,""leak_heralds"":""False"",""leak_repump"":""True"",""leakage"":""True"",""loss"":""True"",""m"":2,""n"":60,""noise"":""rl_helios"",""p"":0.001,""prllel_1q"":16,""prllel_2q"":4,""r"":20,""repump_cycles"":3,""seq_meas"":""True"",""seq_ops"":""True"",""swapLRC"":""False""}",
         1,         0,         0,   0.009,bposd,fc034e74c25f52c7dca5bec3ced3fbedd720fbeb24afc199749aab9c2019f874,"{""A"":""x2y0+x8y1"",""B"":""x0y1+x4y1+x14y1"",""b"":""X"",""d"":8,""excl_opp_detectors"":""True"",""k"":4,""l"":15,""leak_heralds"":""False"",""leak_repump"":""True"",""leakage"":""True"",""loss"":""True"",""m"":2,""n"":60,""noise"":""rl_helios"",""p"":0.001,""prllel_1q"":16,""prllel_2q"":4,""r"":20,""repump_cycles"":3,""seq_meas"":""True"",""seq_ops"":""True"",""swapLRC"":""False""}",
         2,         0,         0,   0.018,bposd,fc034e74c25f52c7dca5bec3ced3fbedd720fbeb24afc199749aab9c2019f874,"{""A"":""x2y0+x8y1"",""B"":""x0y1+x4y1+x14y1"",""b"":""X"",""d"":8,""excl_opp_detectors"":""True"",""k"":4,""l"":15,""leak_heralds"":""False"",""leak_repump"":""True"",""leakage"":""True"",""loss"":""True"",""m"":2,""n"":60,""noise"":""rl_helios"",""p"":0.001,""prllel_1q"":16,""prllel_2q"":4,""r"":20,""repump_cycles"":3,""seq_meas"":""True"",""seq_ops"":""True"",""swapLRC"":""False""}",
        11,         0,         0,   0.017,bposd,fc034e74c25f52c7dca5bec3ced3fbedd720fbeb24afc199749aab9c2019f874,"{""A"":""x2y0+x8y1"",""B"":""x0y1+x4y1+x14y1"",""b"":""X"",""d"":8,""excl_opp_detectors"":""True"",""k"":4,""l"":15,""leak_heralds"":""False"",""leak_repump"":""True"",""leakage"":""True"",""loss"":""True"",""m"":2,""n"":60,""noise"":""rl_helios"",""p"":0.001,""prllel_1q"":16,""prllel_2q"":4,""r"":20,""repump_cycles"":3,""seq_meas"":""True"",""seq_ops"":""True"",""swapLRC"":""False""}",
        16,         0,         0,    1.06,bposd,fc034e74c25f52c7dca5bec3ced3fbedd720fbeb24afc199749aab9c2019f874,"{""A"":""x2y0+x8y1"",""B"":""x0y1+x4y1+x14y1"",""b"":""X"",""d"":8,""excl_opp_detectors"":""True"",""k"":4,""l"":15,""leak_heralds"":""False"",""leak_repump"":""True"",""leakage"":""True"",""loss"":""True"",""m"":2,""n"":60,""noise"":""rl_helios"",""p"":0.001,""prllel_1q"":16,""prllel_2q"":4,""r"":20,""repump_cycles"":3,""seq_meas"":""True"",""seq_ops"":""True"",""swapLRC"":""False""}",
        64,         0,         0,    2.24,bposd,fc034e74c25f52c7dca5bec3ced3fbedd720fbeb24afc199749aab9c2019f874,"{""A"":""x2y0+x8y1"",""B"":""x0y1+x4y1+x14y1"",""b"":""X"",""d"":8,""excl_opp_detectors"":""True"",""k"":4,""l"":15,""leak_heralds"":""False"",""leak_repump"":""True"",""leakage"":""True"",""loss"":""True"",""m"":2,""n"":60,""noise"":""rl_helios"",""p"":0.001,""prllel_1q"":16,""prllel_2q"":4,""r"":20,""repump_cycles"":3,""seq_meas"":""True"",""seq_ops"":""True"",""swapLRC"":""False""}",
        32,         0,         0,   0.029,bposd,fc034e74c25f52c7dca5bec3ced3fbedd720fbeb24afc199749aab9c2019f874,"{""A"":""x2y0+x8y1"",""B"":""x0y1+x4y1+x14y1"",""b"":""X"",""d"":8,""excl_opp_detectors"":""True"",""k"":4,""l"":15,""leak_heralds"":""False"",""leak_repump"":""True"",""leakage"":""True"",""loss"":""True"",""m"":2,""n"":60,""noise"":""rl_helios"",""p"":0.001,""prllel_1q"":16,""prllel_2q"":4,""r"":20,""repump_cycles"":3,""seq_meas"":""True"",""seq_ops"":""True"",""swapLRC"":""False""}",
       448,         0,         0,    18.2,bposd,fc034e74c25f52c7dca5bec3ced3fbedd720fbeb24afc199749aab9c2019f874,"{""A"":""x2y0+x8y1"",""B"":""x0y1+x4y1+x14y1"",""b"":""X"",""d"":8,""excl_opp_detectors"":""True"",""k"":4,""l"":15,""leak_heralds"":""False"",""leak_repump"":""True"",""leakage"":""True"",""loss"":""True"",""m"":2,""n"":60,""noise"":""rl_helios"",""p"":0.001,""prllel_1q"":16,""prllel_2q"":4,""r"":20,""repump_cycles"":3,""seq_meas"":""True"",""seq_ops"":""True"",""swapLRC"":""False""}",
       163,         0,         0,    2.78,bposd,fc034e74c25f52c7dca5bec3ced3fbedd720fbeb24afc199749aab9c2019f874,"{""A"":""x2y0+x8y1"",""B"":""x0y1+x4y1+x14y1"",""b"":""X"",""d"":8,""excl_opp_detectors"":""True"",""k"":4,""l"":15,""leak_heralds"":""False"",""leak_repump"":""True"",""leakage"":""True"",""loss"":""True"",""m"":2,""n"":60,""noise"":""rl_helios"",""p"":0.001,""prllel_1q"":16,""prllel_2q"":4,""r"":20,""repump_cycles"":3,""seq_meas"":""True"",""seq_ops"":""True"",""swapLRC"":""False""}",
        16,         0,         0,    1.12,bposd,fc034e74c25f52c7dca5bec3ced3fbedd720fbeb24afc199749aab9c2019f874,"{""A"":""x2y0+x8y1"",""B"":""x0y1+x4y1+x14y1"",""b"":""X"",""d"":8,""excl_opp_detectors"":""True"",""k"":4,""l"":15,""leak_heralds"":""False"",""leak_repump"":""True"",""leakage"":""True"",""loss"":""True"",""m"":2,""n"":60,""noise"":""rl_helios"",""p"":0.001,""prllel_1q"":16,""prllel_2q"":4,""r"":20,""repump_cycles"":3,""seq_meas"":""True"",""seq_ops"":""True"",""swapLRC"":""False""}",
        16,         0,         0,   0.032,bposd,fc034e74c25f52c7dca5bec3ced3fbedd720fbeb24afc199749aab9c2019f874,"{""A"":""x2y0+x8y1"",""B"":""x0y1+x4y1+x14y1"",""b"":""X"",""d"":8,""excl_opp_detectors"":""True"",""k"":4,""l"":15,""leak_heralds"":""False"",""leak_repump"":""True"",""leakage"":""True"",""loss"":""True"",""m"":2,""n"":60,""noise"":""rl_helios"",""p"":0.001,""prllel_1q"":16,""prllel_2q"":4,""r"":20,""repump_cycles"":3,""seq_meas"":""True"",""seq_ops"":""True"",""swapLRC"":""False""}",
        64,         0,         0,    1.23,bposd,fc034e74c25f52c7dca5bec3ced3fbedd720fbeb24afc199749aab9c2019f874,"{""A"":""x2y0+x8y1"",""B"":""x0y1+x4y1+x14y1"",""b"":""X"",""d"":8,""excl_opp_detectors"":""True"",""k"":4,""l"":15,""leak_heralds"":""False"",""leak_repump"":""True"",""leakage"":""True"",""loss"":""True"",""m"":2,""n"":60,""noise"":""rl_helios"",""p"":0.001,""prllel_1q"":16,""prllel_2q"":4,""r"":20,""repump_cycles"":3,""seq_meas"":""True"",""seq_ops"":""True"",""swapLRC"":""False""}",
         1,         0,         0,   0.009,bposd,fc034e74c25f52c7dca5bec3ced3fbedd720fbeb24afc199749aab9c2019f874,"{""A"":""x2y0+x8y1"",""B"":""x0y1+x4y1+x14y1"",""b"":""X"",""d"":8,""excl_opp_detectors"":""True"",""k"":4,""l"":15,""leak_heralds"":""False"",""leak_repump"":""True"",""leakage"":""True"",""loss"":""True"",""m"":2,""n"":60,""noise"":""rl_helios"",""p"":0.001,""prllel_1q"":16,""prllel_2q"":4,""r"":20,""repump_cycles"":3,""seq_meas"":""True"",""seq_ops"":""True"",""swapLRC"":""False""}",
         2,         0,         0,   0.016,bposd,fc034e74c25f52c7dca5bec3ced3fbedd720fbeb24afc199749aab9c2019f874,"{""A"":""x2y0+x8y1"",""B"":""x0y1+x4y1+x14y1"",""b"":""X"",""d"":8,""excl_opp_detectors"":""True"",""k"":4,""l"":15,""leak_heralds"":""False"",""leak_repump"":""True"",""leakage"":""True"",""loss"":""True"",""m"":2,""n"":60,""noise"":""rl_helios"",""p"":0.001,""prllel_1q"":16,""prllel_2q"":4,""r"":20,""repump_cycles"":3,""seq_meas"":""True"",""seq_ops"":""True"",""swapLRC"":""False""}",
       256,         0,         0,    6.01,bposd,fc034e74c25f52c7dca5bec3ced3fbedd720fbeb24afc199749aab9c2019f874,"{""A"":""x2y0+x8y1"",""B"":""x0y1+x4y1+x14y1"",""b"":""X"",""d"":8,""excl_opp_detectors"":""True"",""k"":4,""l"":15,""leak_heralds"":""False"",""leak_repump"":""True"",""leakage"":""True"",""loss"":""True"",""m"":2,""n"":60,""noise"":""rl_helios"",""p"":0.001,""prllel_1q"":16,""prllel_2q"":4,""r"":20,""repump_cycles"":3,""seq_meas"":""True"",""seq_ops"":""True"",""swapLRC"":""False""}",
         4,         0,         0,   0.011,bposd,fc034e74c25f52c7dca5bec3ced3fbedd720fbeb24afc199749aab9c2019f874,"{""A"":""x2y0+x8y1"",""B"":""x0y1+x4y1+x14y1"",""b"":""X"",""d"":8,""excl_opp_detectors"":""True"",""k"":4,""l"":15,""leak_heralds"":""False"",""leak_repump"":""True"",""leakage"":""True"",""loss"":""True"",""m"":2,""n"":60,""noise"":""rl_helios"",""p"":0.001,""prllel_1q"":16,""prllel_2q"":4,""r"":20,""repump_cycles"":3,""seq_meas"":""True"",""seq_ops"":""True"",""swapLRC"":""False""}",
        64,         0,         0,    2.51,bposd,fc034e74c25f52c7dca5bec3ced3fbedd720fbeb24afc199749aab9c2019f874,"{""A"":""x2y0+x8y1"",""B"":""x0y1+x4y1+x14y1"",""b"":""X"",""d"":8,""excl_opp_detectors"":""True"",""k"":4,""l"":15,""leak_heralds"":""False"",""leak_repump"":""True"",""leakage"":""True"",""loss"":""True"",""m"":2,""n"":60,""noise"":""rl_helios"",""p"":0.001,""prllel_1q"":16,""prllel_2q"":4,""r"":20,""repump_cycles"":3,""seq_meas"":""True"",""seq_ops"":""True"",""swapLRC"":""False""}",
        32,         0,         0,   0.033,bposd,fc034e74c25f52c7dca5bec3ced3fbedd720fbeb24afc199749aab9c2019f874,"{""A"":""x2y0+x8y1"",""B"":""x0y1+x4y1+x14y1"",""b"":""X"",""d"":8,""excl_opp_detectors"":""True"",""k"":4,""l"":15,""leak_heralds"":""False"",""leak_repump"":""True"",""leakage"":""True"",""loss"":""True"",""m"":2,""n"":60,""noise"":""rl_helios"",""p"":0.001,""prllel_1q"":16,""prllel_2q"":4,""r"":20,""repump_cycles"":3,""seq_meas"":""True"",""seq_ops"":""True"",""swapLRC"":""False""}",
        13,         0,         0,    1.08,bposd,fc034e74c25f52c7dca5bec3ced3fbedd720fbeb24afc199749aab9c2019f874,"{""A"":""x2y0+x8y1"",""B"":""x0y1+x4y1+x14y1"",""b"":""X"",""d"":8,""excl_opp_detectors"":""True"",""k"":4,""l"":15,""leak_heralds"":""False"",""leak_repump"":""True"",""leakage"":""True"",""loss"":""True"",""m"":2,""n"":60,""noise"":""rl_helios"",""p"":0.001,""prllel_1q"":16,""prllel_2q"":4,""r"":20,""repump_cycles"":3,""seq_meas"":""True"",""seq_ops"":""True"",""swapLRC"":""False""}",
       256,         0,         0,    13.0,bposd,fc034e74c25f52c7dca5bec3ced3fbedd720fbeb24afc199749aab9c2019f874,"{""A"":""x2y0+x8y1"",""B"":""x0y1+x4y1+x14y1"",""b"":""X"",""d"":8,""excl_opp_detectors"":""True"",""k"":4,""l"":15,""leak_heralds"":""False"",""leak_repump"":""True"",""leakage"":""True"",""loss"":""True"",""m"":2,""n"":60,""noise"":""rl_helios"",""p"":0.001,""prllel_1q"":16,""prllel_2q"":4,""r"":20,""repump_cycles"":3,""seq_meas"":""True"",""seq_ops"":""True"",""swapLRC"":""False""}",
       128,         0,         0,    4.77,bposd,fc034e74c25f52c7dca5bec3ced3fbedd720fbeb24afc199749aab9c2019f874,"{""A"":""x2y0+x8y1"",""B"":""x0y1+x4y1+x14y1"",""b"":""X"",""d"":8,""excl_opp_detectors"":""True"",""k"":4,""l"":15,""leak_heralds"":""False"",""leak_repump"":""True"",""leakage"":""True"",""loss"":""True"",""m"":2,""n"":60,""noise"":""rl_helios"",""p"":0.001,""prllel_1q"":16,""prllel_2q"":4,""r"":20,""repump_cycles"":3,""seq_meas"":""True"",""seq_ops"":""True"",""swapLRC"":""False""}",
       256,         0,         0,    7.28,bposd,fc034e74c25f52c7dca5bec3ced3fbedd720fbeb24afc199749aab9c2019f874,"{""A"":""x2y0+x8y1"",""B"":""x0y1+x4y1+x14y1"",""b"":""X"",""d"":8,""excl_opp_detectors"":""True"",""k"":4,""l"":15,""leak_heralds"":""False"",""leak_repump"":""True"",""leakage"":""True"",""loss"":""True"",""m"":2,""n"":60,""noise"":""rl_helios"",""p"":0.001,""prllel_1q"":16,""prllel_2q"":4,""r"":20,""repump_cycles"":3,""seq_meas"":""True"",""seq_ops"":""True"",""swapLRC"":""False""}",
       624,         0,         0,    27.0,bposd,fc034e74c25f52c7dca5bec3ced3fbedd720fbeb24afc199749aab9c2019f874,"{""A"":""x2y0+x8y1"",""B"":""x0y1+x4y1+x14y1"",""b"":""X"",""d"":8,""excl_opp_detectors"":""True"",""k"":4,""l"":15,""leak_heralds"":""False"",""leak_repump"":""True"",""leakage"":""True"",""loss"":""True"",""m"":2,""n"":60,""noise"":""rl_helios"",""p"":0.001,""prllel_1q"":16,""prllel_2q"":4,""r"":20,""repump_cycles"":3,""seq_meas"":""True"",""seq_ops"":""True"",""swapLRC"":""False""}",
        64,         0,         0,    2.27,bposd,fc034e74c25f52c7dca5bec3ced3fbedd720fbeb24afc199749aab9c2019f874,"{""A"":""x2y0+x8y1"",""B"":""x0y1+x4y1+x14y1"",""b"":""X"",""d"":8,""excl_opp_detectors"":""True"",""k"":4,""l"":15,""leak_heralds"":""False"",""leak_repump"":""True"",""leakage"":""True"",""loss"":""True"",""m"":2,""n"":60,""noise"":""rl_helios"",""p"":0.001,""prllel_1q"":16,""prllel_2q"":4,""r"":20,""repump_cycles"":3,""seq_meas"":""True"",""seq_ops"":""True"",""swapLRC"":""False""}",
       288,         1,         0,    7.79,bposd,fc034e74c25f52c7dca5bec3ced3fbedd720fbeb24afc199749aab9c2019f874,"{""A"":""x2y0+x8y1"",""B"":""x0y1+x4y1+x14y1"",""b"":""X"",""d"":8,""excl_opp_detectors"":""True"",""k"":4,""l"":15,""leak_heralds"":""False"",""leak_repump"":""True"",""leakage"":""True"",""loss"":""True"",""m"":2,""n"":60,""noise"":""rl_helios"",""p"":0.001,""prllel_1q"":16,""prllel_2q"":4,""r"":20,""repump_cycles"":3,""seq_meas"":""True"",""seq_ops"":""True"",""swapLRC"":""False""}",
        32,         0,         0,   0.942,bposd,fc034e74c25f52c7dca5bec3ced3fbedd720fbeb24afc199749aab9c2019f874,"{""A"":""x2y0+x8y1"",""B"":""x0y1+x4y1+x14y1"",""b"":""X"",""d"":8,""excl_opp_detectors"":""True"",""k"":4,""l"":15,""leak_heralds"":""False"",""leak_repump"":""True"",""leakage"":""True"",""loss"":""True"",""m"":2,""n"":60,""noise"":""rl_helios"",""p"":0.001,""prllel_1q"":16,""prllel_2q"":4,""r"":20,""repump_cycles"":3,""seq_meas"":""True"",""seq_ops"":""True"",""swapLRC"":""False""}",
        64,         0,         0,    2.22,bposd,fc034e74c25f52c7dca5bec3ced3fbedd720fbeb24afc199749aab9c2019f874,"{""A"":""x2y0+x8y1"",""B"":""x0y1+x4y1+x14y1"",""b"":""X"",""d"":8,""excl_opp_detectors"":""True"",""k"":4,""l"":15,""leak_heralds"":""False"",""leak_repump"":""True"",""leakage"":""True"",""loss"":""True"",""m"":2,""n"":60,""noise"":""rl_helios"",""p"":0.001,""prllel_1q"":16,""prllel_2q"":4,""r"":20,""repump_cycles"":3,""seq_meas"":""True"",""seq_ops"":""True"",""swapLRC"":""False""}",
        32,         0,         0,   0.983,bposd,fc034e74c25f52c7dca5bec3ced3fbedd720fbeb24afc199749aab9c2019f874,"{""A"":""x2y0+x8y1"",""B"":""x0y1+x4y1+x14y1"",""b"":""X"",""d"":8,""excl_opp_detectors"":""True"",""k"":4,""l"":15,""leak_heralds"":""False"",""leak_repump"":""True"",""leakage"":""True"",""loss"":""True"",""m"":2,""n"":60,""noise"":""rl_helios"",""p"":0.001,""prllel_1q"":16,""prllel_2q"":4,""r"":20,""repump_cycles"":3,""seq_meas"":""True"",""seq_ops"":""True"",""swapLRC"":""False""}",
       128,         0,         0,    6.21,bposd,fc034e74c25f52c7dca5bec3ced3fbedd720fbeb24afc199749aab9c2019f874,"{""A"":""x2y0+x8y1"",""B"":""x0y1+x4y1+x14y1"",""b"":""X"",""d"":8,""excl_opp_detectors"":""True"",""k"":4,""l"":15,""leak_heralds"":""False"",""leak_repump"":""True"",""leakage"":""True"",""loss"":""True"",""m"":2,""n"":60,""noise"":""rl_helios"",""p"":0.001,""prllel_1q"":16,""prllel_2q"":4,""r"":20,""repump_cycles"":3,""seq_meas"":""True"",""seq_ops"":""True"",""swapLRC"":""False""}",
       121,         0,         0,    3.31,bposd,fc034e74c25f52c7dca5bec3ced3fbedd720fbeb24afc199749aab9c2019f874,"{""A"":""x2y0+x8y1"",""B"":""x0y1+x4y1+x14y1"",""b"":""X"",""d"":8,""excl_opp_detectors"":""True"",""k"":4,""l"":15,""leak_heralds"":""False"",""leak_repump"":""True"",""leakage"":""True"",""loss"":""True"",""m"":2,""n"":60,""noise"":""rl_helios"",""p"":0.001,""prllel_1q"":16,""prllel_2q"":4,""r"":20,""repump_cycles"":3,""seq_meas"":""True"",""seq_ops"":""True"",""swapLRC"":""False""}",
       128,         0,         0,    2.79,bposd,fc034e74c25f52c7dca5bec3ced3fbedd720fbeb24afc199749aab9c2019f874,"{""A"":""x2y0+x8y1"",""B"":""x0y1+x4y1+x14y1"",""b"":""X"",""d"":8,""excl_opp_detectors"":""True"",""k"":4,""l"":15,""leak_heralds"":""False"",""leak_repump"":""True"",""leakage"":""True"",""loss"":""True"",""m"":2,""n"":60,""noise"":""rl_helios"",""p"":0.001,""prllel_1q"":16,""prllel_2q"":4,""r"":20,""repump_cycles"":3,""seq_meas"":""True"",""seq_ops"":""True"",""swapLRC"":""False""}",
       272,         1,         0,    12.3,bposd,fc034e74c25f52c7dca5bec3ced3fbedd720fbeb24afc199749aab9c2019f874,"{""A"":""x2y0+x8y1"",""B"":""x0y1+x4y1+x14y1"",""b"":""X"",""d"":8,""excl_opp_detectors"":""True"",""k"":4,""l"":15,""leak_heralds"":""False"",""leak_repump"":""True"",""leakage"":""True"",""loss"":""True"",""m"":2,""n"":60,""noise"":""rl_helios"",""p"":0.001,""prllel_1q"":16,""prllel_2q"":4,""r"":20,""repump_cycles"":3,""seq_meas"":""True"",""seq_ops"":""True"",""swapLRC"":""False""}",
       496,         0,         0,    16.7,bposd,fc034e74c25f52c7dca5bec3ced3fbedd720fbeb24afc199749aab9c2019f874,"{""A"":""x2y0+x8y1"",""B"":""x0y1+x4y1+x14y1"",""b"":""X"",""d"":8,""excl_opp_detectors"":""True"",""k"":4,""l"":15,""leak_heralds"":""False"",""leak_repump"":""True"",""leakage"":""True"",""loss"":""True"",""m"":2,""n"":60,""noise"":""rl_helios"",""p"":0.001,""prllel_1q"":16,""prllel_2q"":4,""r"":20,""repump_cycles"":3,""seq_meas"":""True"",""seq_ops"":""True"",""swapLRC"":""False""}",
       256,         0,         0,    6.62,bposd,fc034e74c25f52c7dca5bec3ced3fbedd720fbeb24afc199749aab9c2019f874,"{""A"":""x2y0+x8y1"",""B"":""x0y1+x4y1+x14y1"",""b"":""X"",""d"":8,""excl_opp_detectors"":""True"",""k"":4,""l"":15,""leak_heralds"":""False"",""leak_repump"":""True"",""leakage"":""True"",""loss"":""True"",""m"":2,""n"":60,""noise"":""rl_helios"",""p"":0.001,""prllel_1q"":16,""prllel_2q"":4,""r"":20,""repump_cycles"":3,""seq_meas"":""True"",""seq_ops"":""True"",""swapLRC"":""False""}",
       256,         0,         0,    7.99,bposd,fc034e74c25f52c7dca5bec3ced3fbedd720fbeb24afc199749aab9c2019f874,"{""A"":""x2y0+x8y1"",""B"":""x0y1+x4y1+x14y1"",""b"":""X"",""d"":8,""excl_opp_detectors"":""True"",""k"":4,""l"":15,""leak_heralds"":""False"",""leak_repump"":""True"",""leakage"":""True"",""loss"":""True"",""m"":2,""n"":60,""noise"":""rl_helios"",""p"":0.001,""prllel_1q"":16,""prllel_2q"":4,""r"":20,""repump_cycles"":3,""seq_meas"":""True"",""seq_ops"":""True"",""swapLRC"":""False""}",
       286,         0,         0,    11.3,bposd,fc034e74c25f52c7dca5bec3ced3fbedd720fbeb24afc199749aab9c2019f874,"{""A"":""x2y0+x8y1"",""B"":""x0y1+x4y1+x14y1"",""b"":""X"",""d"":8,""excl_opp_detectors"":""True"",""k"":4,""l"":15,""leak_heralds"":""False"",""leak_repump"":""True"",""leakage"":""True"",""loss"":""True"",""m"":2,""n"":60,""noise"":""rl_helios"",""p"":0.001,""prllel_1q"":16,""prllel_2q"":4,""r"":20,""repump_cycles"":3,""seq_meas"":""True"",""seq_ops"":""True"",""swapLRC"":""False""}",
       128,         0,         0,    4.68,bposd,fc034e74c25f52c7dca5bec3ced3fbedd720fbeb24afc199749aab9c2019f874,"{""A"":""x2y0+x8y1"",""B"":""x0y1+x4y1+x14y1"",""b"":""X"",""d"":8,""excl_opp_detectors"":""True"",""k"":4,""l"":15,""leak_heralds"":""False"",""leak_repump"":""True"",""leakage"":""True"",""loss"":""True"",""m"":2,""n"":60,""noise"":""rl_helios"",""p"":0.001,""prllel_1q"":16,""prllel_2q"":4,""r"":20,""repump_cycles"":3,""seq_meas"":""True"",""seq_ops"":""True"",""swapLRC"":""False""}",
       256,         0,         0,    8.12,bposd,fc034e74c25f52c7dca5bec3ced3fbedd720fbeb24afc199749aab9c2019f874,"{""A"":""x2y0+x8y1"",""B"":""x0y1+x4y1+x14y1"",""b"":""X"",""d"":8,""excl_opp_detectors"":""True"",""k"":4,""l"":15,""leak_heralds"":""False"",""leak_repump"":""True"",""leakage"":""True"",""loss"":""True"",""m"":2,""n"":60,""noise"":""rl_helios"",""p"":0.001,""prllel_1q"":16,""prllel_2q"":4,""r"":20,""repump_cycles"":3,""seq_meas"":""True"",""seq_ops"":""True"",""swapLRC"":""False""}",
        32,         0,         0,    3.04,bposd,fc034e74c25f52c7dca5bec3ced3fbedd720fbeb24afc199749aab9c2019f874,"{""A"":""x2y0+x8y1"",""B"":""x0y1+x4y1+x14y1"",""b"":""X"",""d"":8,""excl_opp_detectors"":""True"",""k"":4,""l"":15,""leak_heralds"":""False"",""leak_repump"":""True"",""leakage"":""True"",""loss"":""True"",""m"":2,""n"":60,""noise"":""rl_helios"",""p"":0.001,""prllel_1q"":16,""prllel_2q"":4,""r"":20,""repump_cycles"":3,""seq_meas"":""True"",""seq_ops"":""True"",""swapLRC"":""False""}",
       128,         0,         0,    5.79,bposd,fc034e74c25f52c7dca5bec3ced3fbedd720fbeb24afc199749aab9c2019f874,"{""A"":""x2y0+x8y1"",""B"":""x0y1+x4y1+x14y1"",""b"":""X"",""d"":8,""excl_opp_detectors"":""True"",""k"":4,""l"":15,""leak_heralds"":""False"",""leak_repump"":""True"",""leakage"":""True"",""loss"":""True"",""m"":2,""n"":60,""noise"":""rl_helios"",""p"":0.001,""prllel_1q"":16,""prllel_2q"":4,""r"":20,""repump_cycles"":3,""seq_meas"":""True"",""seq_ops"":""True"",""swapLRC"":""False""}",
        16,         0,         0,   0.971,bposd,fc034e74c25f52c7dca5bec3ced3fbedd720fbeb24afc199749aab9c2019f874,"{""A"":""x2y0+x8y1"",""B"":""x0y1+x4y1+x14y1"",""b"":""X"",""d"":8,""excl_opp_detectors"":""True"",""k"":4,""l"":15,""leak_heralds"":""False"",""leak_repump"":""True"",""leakage"":""True"",""loss"":""True"",""m"":2,""n"":60,""noise"":""rl_helios"",""p"":0.001,""prllel_1q"":16,""prllel_2q"":4,""r"":20,""repump_cycles"":3,""seq_meas"":""True"",""seq_ops"":""True"",""swapLRC"":""False""}",
       128,         0,         0,    2.39,bposd,fc034e74c25f52c7dca5bec3ced3fbedd720fbeb24afc199749aab9c2019f874,"{""A"":""x2y0+x8y1"",""B"":""x0y1+x4y1+x14y1"",""b"":""X"",""d"":8,""excl_opp_detectors"":""True"",""k"":4,""l"":15,""leak_heralds"":""False"",""leak_repump"":""True"",""leakage"":""True"",""loss"":""True"",""m"":2,""n"":60,""noise"":""rl_helios"",""p"":0.001,""prllel_1q"":16,""prllel_2q"":4,""r"":20,""repump_cycles"":3,""seq_meas"":""True"",""seq_ops"":""True"",""swapLRC"":""False""}",
       256,         0,         0,    11.0,bposd,fc034e74c25f52c7dca5bec3ced3fbedd720fbeb24afc199749aab9c2019f874,"{""A"":""x2y0+x8y1"",""B"":""x0y1+x4y1+x14y1"",""b"":""X"",""d"":8,""excl_opp_detectors"":""True"",""k"":4,""l"":15,""leak_heralds"":""False"",""leak_repump"":""True"",""leakage"":""True"",""loss"":""True"",""m"":2,""n"":60,""noise"":""rl_helios"",""p"":0.001,""prllel_1q"":16,""prllel_2q"":4,""r"":20,""repump_cycles"":3,""seq_meas"":""True"",""seq_ops"":""True"",""swapLRC"":""False""}",
       320,         0,         0,    16.1,bposd,fc034e74c25f52c7dca5bec3ced3fbedd720fbeb24afc199749aab9c2019f874,"{""A"":""x2y0+x8y1"",""B"":""x0y1+x4y1+x14y1"",""b"":""X"",""d"":8,""excl_opp_detectors"":""True"",""k"":4,""l"":15,""leak_heralds"":""False"",""leak_repump"":""True"",""leakage"":""True"",""loss"":""True"",""m"":2,""n"":60,""noise"":""rl_helios"",""p"":0.001,""prllel_1q"":16,""prllel_2q"":4,""r"":20,""repump_cycles"":3,""seq_meas"":""True"",""seq_ops"":""True"",""swapLRC"":""False""}",
       256,         0,         0,    8.64,bposd,fc034e74c25f52c7dca5bec3ced3fbedd720fbeb24afc199749aab9c2019f874,"{""A"":""x2y0+x8y1"",""B"":""x0y1+x4y1+x14y1"",""b"":""X"",""d"":8,""excl_opp_detectors"":""True"",""k"":4,""l"":15,""leak_heralds"":""False"",""leak_repump"":""True"",""leakage"":""True"",""loss"":""True"",""m"":2,""n"":60,""noise"":""rl_helios"",""p"":0.001,""prllel_1q"":16,""prllel_2q"":4,""r"":20,""repump_cycles"":3,""seq_meas"":""True"",""seq_ops"":""True"",""swapLRC"":""False""}",
        64,         0,         0,    3.59,bposd,fc034e74c25f52c7dca5bec3ced3fbedd720fbeb24afc199749aab9c2019f874,"{""A"":""x2y0+x8y1"",""B"":""x0y1+x4y1+x14y1"",""b"":""X"",""d"":8,""excl_opp_detectors"":""True"",""k"":4,""l"":15,""leak_heralds"":""False"",""leak_repump"":""True"",""leakage"":""True"",""loss"":""True"",""m"":2,""n"":60,""noise"":""rl_helios"",""p"":0.001,""prllel_1q"":16,""prllel_2q"":4,""r"":20,""repump_cycles"":3,""seq_meas"":""True"",""seq_ops"":""True"",""swapLRC"":""False""}",
       147,         0,         0,    9.19,bposd,fc034e74c25f52c7dca5bec3ced3fbedd720fbeb24afc199749aab9c2019f874,"{""A"":""x2y0+x8y1"",""B"":""x0y1+x4y1+x14y1"",""b"":""X"",""d"":8,""excl_opp_detectors"":""True"",""k"":4,""l"":15,""leak_heralds"":""False"",""leak_repump"":""True"",""leakage"":""True"",""loss"":""True"",""m"":2,""n"":60,""noise"":""rl_helios"",""p"":0.001,""prllel_1q"":16,""prllel_2q"":4,""r"":20,""repump_cycles"":3,""seq_meas"":""True"",""seq_ops"":""True"",""swapLRC"":""False""}",
       853,         0,         0,    30.7,bposd,fc034e74c25f52c7dca5bec3ced3fbedd720fbeb24afc199749aab9c2019f874,"{""A"":""x2y0+x8y1"",""B"":""x0y1+x4y1+x14y1"",""b"":""X"",""d"":8,""excl_opp_detectors"":""True"",""k"":4,""l"":15,""leak_heralds"":""False"",""leak_repump"":""True"",""leakage"":""True"",""loss"":""True"",""m"":2,""n"":60,""noise"":""rl_helios"",""p"":0.001,""prllel_1q"":16,""prllel_2q"":4,""r"":20,""repump_cycles"":3,""seq_meas"":""True"",""seq_ops"":""True"",""swapLRC"":""False""}",
        36,         0,         0,   0.034,bposd,fc034e74c25f52c7dca5bec3ced3fbedd720fbeb24afc199749aab9c2019f874,"{""A"":""x2y0+x8y1"",""B"":""x0y1+x4y1+x14y1"",""b"":""X"",""d"":8,""excl_opp_detectors"":""True"",""k"":4,""l"":15,""leak_heralds"":""False"",""leak_repump"":""True"",""leakage"":""True"",""loss"":""True"",""m"":2,""n"":60,""noise"":""rl_helios"",""p"":0.001,""prllel_1q"":16,""prllel_2q"":4,""r"":20,""repump_cycles"":3,""seq_meas"":""True"",""seq_ops"":""True"",""swapLRC"":""False""}",
        16,         0,         0,   0.978,bposd,fc034e74c25f52c7dca5bec3ced3fbedd720fbeb24afc199749aab9c2019f874,"{""A"":""x2y0+x8y1"",""B"":""x0y1+x4y1+x14y1"",""b"":""X"",""d"":8,""excl_opp_detectors"":""True"",""k"":4,""l"":15,""leak_heralds"":""False"",""leak_repump"":""True"",""leakage"":""True"",""loss"":""True"",""m"":2,""n"":60,""noise"":""rl_helios"",""p"":0.001,""prllel_1q"":16,""prllel_2q"":4,""r"":20,""repump_cycles"":3,""seq_meas"":""True"",""seq_ops"":""True"",""swapLRC"":""False""}",
       288,         0,         0,    15.5,bposd,fc034e74c25f52c7dca5bec3ced3fbedd720fbeb24afc199749aab9c2019f874,"{""A"":""x2y0+x8y1"",""B"":""x0y1+x4y1+x14y1"",""b"":""X"",""d"":8,""excl_opp_detectors"":""True"",""k"":4,""l"":15,""leak_heralds"":""False"",""leak_repump"":""True"",""leakage"":""True"",""loss"":""True"",""m"":2,""n"":60,""noise"":""rl_helios"",""p"":0.001,""prllel_1q"":16,""prllel_2q"":4,""r"":20,""repump_cycles"":3,""seq_meas"":""True"",""seq_ops"":""True"",""swapLRC"":""False""}",
       128,         0,         0,    1.14,bposd,fc034e74c25f52c7dca5bec3ced3fbedd720fbeb24afc199749aab9c2019f874,"{""A"":""x2y0+x8y1"",""B"":""x0y1+x4y1+x14y1"",""b"":""X"",""d"":8,""excl_opp_detectors"":""True"",""k"":4,""l"":15,""leak_heralds"":""False"",""leak_repump"":""True"",""leakage"":""True"",""loss"":""True"",""m"":2,""n"":60,""noise"":""rl_helios"",""p"":0.001,""prllel_1q"":16,""prllel_2q"":4,""r"":20,""repump_cycles"":3,""seq_meas"":""True"",""seq_ops"":""True"",""swapLRC"":""False""}",
        32,         0,         0,    1.23,bposd,fc034e74c25f52c7dca5bec3ced3fbedd720fbeb24afc199749aab9c2019f874,"{""A"":""x2y0+x8y1"",""B"":""x0y1+x4y1+x14y1"",""b"":""X"",""d"":8,""excl_opp_detectors"":""True"",""k"":4,""l"":15,""leak_heralds"":""False"",""leak_repump"":""True"",""leakage"":""True"",""loss"":""True"",""m"":2,""n"":60,""noise"":""rl_helios"",""p"":0.001,""prllel_1q"":16,""prllel_2q"":4,""r"":20,""repump_cycles"":3,""seq_meas"":""True"",""seq_ops"":""True"",""swapLRC"":""False""}",
       128,         1,         0,    2.09,bposd,fc034e74c25f52c7dca5bec3ced3fbedd720fbeb24afc199749aab9c2019f874,"{""A"":""x2y0+x8y1"",""B"":""x0y1+x4y1+x14y1"",""b"":""X"",""d"":8,""excl_opp_detectors"":""True"",""k"":4,""l"":15,""leak_heralds"":""False"",""leak_repump"":""True"",""leakage"":""True"",""loss"":""True"",""m"":2,""n"":60,""noise"":""rl_helios"",""p"":0.001,""prllel_1q"":16,""prllel_2q"":4,""r"":20,""repump_cycles"":3,""seq_meas"":""True"",""seq_ops"":""True"",""swapLRC"":""False""}",
       656,         0,         0,    27.2,bposd,fc034e74c25f52c7dca5bec3ced3fbedd720fbeb24afc199749aab9c2019f874,"{""A"":""x2y0+x8y1"",""B"":""x0y1+x4y1+x14y1"",""b"":""X"",""d"":8,""excl_opp_detectors"":""True"",""k"":4,""l"":15,""leak_heralds"":""False"",""leak_repump"":""True"",""leakage"":""True"",""loss"":""True"",""m"":2,""n"":60,""noise"":""rl_helios"",""p"":0.001,""prllel_1q"":16,""prllel_2q"":4,""r"":20,""repump_cycles"":3,""seq_meas"":""True"",""seq_ops"":""True"",""swapLRC"":""False""}",
        64,         0,         0,    5.78,bposd,fc034e74c25f52c7dca5bec3ced3fbedd720fbeb24afc199749aab9c2019f874,"{""A"":""x2y0+x8y1"",""B"":""x0y1+x4y1+x14y1"",""b"":""X"",""d"":8,""excl_opp_detectors"":""True"",""k"":4,""l"":15,""leak_heralds"":""False"",""leak_repump"":""True"",""leakage"":""True"",""loss"":""True"",""m"":2,""n"":60,""noise"":""rl_helios"",""p"":0.001,""prllel_1q"":16,""prllel_2q"":4,""r"":20,""repump_cycles"":3,""seq_meas"":""True"",""seq_ops"":""True"",""swapLRC"":""False""}",
        16,         0,         0,    1.01,bposd,fc034e74c25f52c7dca5bec3ced3fbedd720fbeb24afc199749aab9c2019f874,"{""A"":""x2y0+x8y1"",""B"":""x0y1+x4y1+x14y1"",""b"":""X"",""d"":8,""excl_opp_detectors"":""True"",""k"":4,""l"":15,""leak_heralds"":""False"",""leak_repump"":""True"",""leakage"":""True"",""loss"":""True"",""m"":2,""n"":60,""noise"":""rl_helios"",""p"":0.001,""prllel_1q"":16,""prllel_2q"":4,""r"":20,""repump_cycles"":3,""seq_meas"":""True"",""seq_ops"":""True"",""swapLRC"":""False""}",
        64,         0,         0,    1.92,bposd,fc034e74c25f52c7dca5bec3ced3fbedd720fbeb24afc199749aab9c2019f874,"{""A"":""x2y0+x8y1"",""B"":""x0y1+x4y1+x14y1"",""b"":""X"",""d"":8,""excl_opp_detectors"":""True"",""k"":4,""l"":15,""leak_heralds"":""False"",""leak_repump"":""True"",""leakage"":""True"",""loss"":""True"",""m"":2,""n"":60,""noise"":""rl_helios"",""p"":0.001,""prllel_1q"":16,""prllel_2q"":4,""r"":20,""repump_cycles"":3,""seq_meas"":""True"",""seq_ops"":""True"",""swapLRC"":""False""}",
       128,         0,         0,    3.16,bposd,fc034e74c25f52c7dca5bec3ced3fbedd720fbeb24afc199749aab9c2019f874,"{""A"":""x2y0+x8y1"",""B"":""x0y1+x4y1+x14y1"",""b"":""X"",""d"":8,""excl_opp_detectors"":""True"",""k"":4,""l"":15,""leak_heralds"":""False"",""leak_repump"":""True"",""leakage"":""True"",""loss"":""True"",""m"":2,""n"":60,""noise"":""rl_helios"",""p"":0.001,""prllel_1q"":16,""prllel_2q"":4,""r"":20,""repump_cycles"":3,""seq_meas"":""True"",""seq_ops"":""True"",""swapLRC"":""False""}",
       192,         0,         0,    5.51,bposd,fc034e74c25f52c7dca5bec3ced3fbedd720fbeb24afc199749aab9c2019f874,"{""A"":""x2y0+x8y1"",""B"":""x0y1+x4y1+x14y1"",""b"":""X"",""d"":8,""excl_opp_detectors"":""True"",""k"":4,""l"":15,""leak_heralds"":""False"",""leak_repump"":""True"",""leakage"":""True"",""loss"":""True"",""m"":2,""n"":60,""noise"":""rl_helios"",""p"":0.001,""prllel_1q"":16,""prllel_2q"":4,""r"":20,""repump_cycles"":3,""seq_meas"":""True"",""seq_ops"":""True"",""swapLRC"":""False""}",
       128,         0,         0,    5.18,bposd,fc034e74c25f52c7dca5bec3ced3fbedd720fbeb24afc199749aab9c2019f874,"{""A"":""x2y0+x8y1"",""B"":""x0y1+x4y1+x14y1"",""b"":""X"",""d"":8,""excl_opp_detectors"":""True"",""k"":4,""l"":15,""leak_heralds"":""False"",""leak_repump"":""True"",""leakage"":""True"",""loss"":""True"",""m"":2,""n"":60,""noise"":""rl_helios"",""p"":0.001,""prllel_1q"":16,""prllel_2q"":4,""r"":20,""repump_cycles"":3,""seq_meas"":""True"",""seq_ops"":""True"",""swapLRC"":""False""}",
       560,         0,         0,    23.9,bposd,fc034e74c25f52c7dca5bec3ced3fbedd720fbeb24afc199749aab9c2019f874,"{""A"":""x2y0+x8y1"",""B"":""x0y1+x4y1+x14y1"",""b"":""X"",""d"":8,""excl_opp_detectors"":""True"",""k"":4,""l"":15,""leak_heralds"":""False"",""leak_repump"":""True"",""leakage"":""True"",""loss"":""True"",""m"":2,""n"":60,""noise"":""rl_helios"",""p"":0.001,""prllel_1q"":16,""prllel_2q"":4,""r"":20,""repump_cycles"":3,""seq_meas"":""True"",""seq_ops"":""True"",""swapLRC"":""False""}",
       128,         0,         0,    10.9,bposd,fc034e74c25f52c7dca5bec3ced3fbedd720fbeb24afc199749aab9c2019f874,"{""A"":""x2y0+x8y1"",""B"":""x0y1+x4y1+x14y1"",""b"":""X"",""d"":8,""excl_opp_detectors"":""True"",""k"":4,""l"":15,""leak_heralds"":""False"",""leak_repump"":""True"",""leakage"":""True"",""loss"":""True"",""m"":2,""n"":60,""noise"":""rl_helios"",""p"":0.001,""prllel_1q"":16,""prllel_2q"":4,""r"":20,""repump_cycles"":3,""seq_meas"":""True"",""seq_ops"":""True"",""swapLRC"":""False""}",
       512,         0,         0,    11.1,bposd,fc034e74c25f52c7dca5bec3ced3fbedd720fbeb24afc199749aab9c2019f874,"{""A"":""x2y0+x8y1"",""B"":""x0y1+x4y1+x14y1"",""b"":""X"",""d"":8,""excl_opp_detectors"":""True"",""k"":4,""l"":15,""leak_heralds"":""False"",""leak_repump"":""True"",""leakage"":""True"",""loss"":""True"",""m"":2,""n"":60,""noise"":""rl_helios"",""p"":0.001,""prllel_1q"":16,""prllel_2q"":4,""r"":20,""repump_cycles"":3,""seq_meas"":""True"",""seq_ops"":""True"",""swapLRC"":""False""}",
        16,         0,         0,    1.40,bposd,fc034e74c25f52c7dca5bec3ced3fbedd720fbeb24afc199749aab9c2019f874,"{""A"":""x2y0+x8y1"",""B"":""x0y1+x4y1+x14y1"",""b"":""X"",""d"":8,""excl_opp_detectors"":""True"",""k"":4,""l"":15,""leak_heralds"":""False"",""leak_repump"":""True"",""leakage"":""True"",""loss"":""True"",""m"":2,""n"":60,""noise"":""rl_helios"",""p"":0.001,""prllel_1q"":16,""prllel_2q"":4,""r"":20,""repump_cycles"":3,""seq_meas"":""True"",""seq_ops"":""True"",""swapLRC"":""False""}",
        64,         0,         0,    4.69,bposd,fc034e74c25f52c7dca5bec3ced3fbedd720fbeb24afc199749aab9c2019f874,"{""A"":""x2y0+x8y1"",""B"":""x0y1+x4y1+x14y1"",""b"":""X"",""d"":8,""excl_opp_detectors"":""True"",""k"":4,""l"":15,""leak_heralds"":""False"",""leak_repump"":""True"",""leakage"":""True"",""loss"":""True"",""m"":2,""n"":60,""noise"":""rl_helios"",""p"":0.001,""prllel_1q"":16,""prllel_2q"":4,""r"":20,""repump_cycles"":3,""seq_meas"":""True"",""seq_ops"":""True"",""swapLRC"":""False""}",
       128,         0,         0,    2.80,bposd,fc034e74c25f52c7dca5bec3ced3fbedd720fbeb24afc199749aab9c2019f874,"{""A"":""x2y0+x8y1"",""B"":""x0y1+x4y1+x14y1"",""b"":""X"",""d"":8,""excl_opp_detectors"":""True"",""k"":4,""l"":15,""leak_heralds"":""False"",""leak_repump"":""True"",""leakage"":""True"",""loss"":""True"",""m"":2,""n"":60,""noise"":""rl_helios"",""p"":0.001,""prllel_1q"":16,""prllel_2q"":4,""r"":20,""repump_cycles"":3,""seq_meas"":""True"",""seq_ops"":""True"",""swapLRC"":""False""}",
       128,         0,         0,    3.81,bposd,fc034e74c25f52c7dca5bec3ced3fbedd720fbeb24afc199749aab9c2019f874,"{""A"":""x2y0+x8y1"",""B"":""x0y1+x4y1+x14y1"",""b"":""X"",""d"":8,""excl_opp_detectors"":""True"",""k"":4,""l"":15,""leak_heralds"":""False"",""leak_repump"":""True"",""leakage"":""True"",""loss"":""True"",""m"":2,""n"":60,""noise"":""rl_helios"",""p"":0.001,""prllel_1q"":16,""prllel_2q"":4,""r"":20,""repump_cycles"":3,""seq_meas"":""True"",""seq_ops"":""True"",""swapLRC"":""False""}",
        32,         0,         0,    2.73,bposd,fc034e74c25f52c7dca5bec3ced3fbedd720fbeb24afc199749aab9c2019f874,"{""A"":""x2y0+x8y1"",""B"":""x0y1+x4y1+x14y1"",""b"":""X"",""d"":8,""excl_opp_detectors"":""True"",""k"":4,""l"":15,""leak_heralds"":""False"",""leak_repump"":""True"",""leakage"":""True"",""loss"":""True"",""m"":2,""n"":60,""noise"":""rl_helios"",""p"":0.001,""prllel_1q"":16,""prllel_2q"":4,""r"":20,""repump_cycles"":3,""seq_meas"":""True"",""seq_ops"":""True"",""swapLRC"":""False""}",
        64,         0,         0,    1.56,bposd,fc034e74c25f52c7dca5bec3ced3fbedd720fbeb24afc199749aab9c2019f874,"{""A"":""x2y0+x8y1"",""B"":""x0y1+x4y1+x14y1"",""b"":""X"",""d"":8,""excl_opp_detectors"":""True"",""k"":4,""l"":15,""leak_heralds"":""False"",""leak_repump"":""True"",""leakage"":""True"",""loss"":""True"",""m"":2,""n"":60,""noise"":""rl_helios"",""p"":0.001,""prllel_1q"":16,""prllel_2q"":4,""r"":20,""repump_cycles"":3,""seq_meas"":""True"",""seq_ops"":""True"",""swapLRC"":""False""}",
        32,         0,         0,    2.43,bposd,fc034e74c25f52c7dca5bec3ced3fbedd720fbeb24afc199749aab9c2019f874,"{""A"":""x2y0+x8y1"",""B"":""x0y1+x4y1+x14y1"",""b"":""X"",""d"":8,""excl_opp_detectors"":""True"",""k"":4,""l"":15,""leak_heralds"":""False"",""leak_repump"":""True"",""leakage"":""True"",""loss"":""True"",""m"":2,""n"":60,""noise"":""rl_helios"",""p"":0.001,""prllel_1q"":16,""prllel_2q"":4,""r"":20,""repump_cycles"":3,""seq_meas"":""True"",""seq_ops"":""True"",""swapLRC"":""False""}",
         8,         0,         0,    1.13,bposd,fc034e74c25f52c7dca5bec3ced3fbedd720fbeb24afc199749aab9c2019f874,"{""A"":""x2y0+x8y1"",""B"":""x0y1+x4y1+x14y1"",""b"":""X"",""d"":8,""excl_opp_detectors"":""True"",""k"":4,""l"":15,""leak_heralds"":""False"",""leak_repump"":""True"",""leakage"":""True"",""loss"":""True"",""m"":2,""n"":60,""noise"":""rl_helios"",""p"":0.001,""prllel_1q"":16,""prllel_2q"":4,""r"":20,""repump_cycles"":3,""seq_meas"":""True"",""seq_ops"":""True"",""swapLRC"":""False""}",
        32,         0,         0,   0.219,bposd,fc034e74c25f52c7dca5bec3ced3fbedd720fbeb24afc199749aab9c2019f874,"{""A"":""x2y0+x8y1"",""B"":""x0y1+x4y1+x14y1"",""b"":""X"",""d"":8,""excl_opp_detectors"":""True"",""k"":4,""l"":15,""leak_heralds"":""False"",""leak_repump"":""True"",""leakage"":""True"",""loss"":""True"",""m"":2,""n"":60,""noise"":""rl_helios"",""p"":0.001,""prllel_1q"":16,""prllel_2q"":4,""r"":20,""repump_cycles"":3,""seq_meas"":""True"",""seq_ops"":""True"",""swapLRC"":""False""}",
        16,         0,         0,   0.316,bposd,fc034e74c25f52c7dca5bec3ced3fbedd720fbeb24afc199749aab9c2019f874,"{""A"":""x2y0+x8y1"",""B"":""x0y1+x4y1+x14y1"",""b"":""X"",""d"":8,""excl_opp_detectors"":""True"",""k"":4,""l"":15,""leak_heralds"":""False"",""leak_repump"":""True"",""leakage"":""True"",""loss"":""True"",""m"":2,""n"":60,""noise"":""rl_helios"",""p"":0.001,""prllel_1q"":16,""prllel_2q"":4,""r"":20,""repump_cycles"":3,""seq_meas"":""True"",""seq_ops"":""True"",""swapLRC"":""False""}",
        64,         0,         0,    2.39,bposd,fc034e74c25f52c7dca5bec3ced3fbedd720fbeb24afc199749aab9c2019f874,"{""A"":""x2y0+x8y1"",""B"":""x0y1+x4y1+x14y1"",""b"":""X"",""d"":8,""excl_opp_detectors"":""True"",""k"":4,""l"":15,""leak_heralds"":""False"",""leak_repump"":""True"",""leakage"":""True"",""loss"":""True"",""m"":2,""n"":60,""noise"":""rl_helios"",""p"":0.001,""prllel_1q"":16,""prllel_2q"":4,""r"":20,""repump_cycles"":3,""seq_meas"":""True"",""seq_ops"":""True"",""swapLRC"":""False""}",
       128,         0,         0,    4.14,bposd,fc034e74c25f52c7dca5bec3ced3fbedd720fbeb24afc199749aab9c2019f874,"{""A"":""x2y0+x8y1"",""B"":""x0y1+x4y1+x14y1"",""b"":""X"",""d"":8,""excl_opp_detectors"":""True"",""k"":4,""l"":15,""leak_heralds"":""False"",""leak_repump"":""True"",""leakage"":""True"",""loss"":""True"",""m"":2,""n"":60,""noise"":""rl_helios"",""p"":0.001,""prllel_1q"":16,""prllel_2q"":4,""r"":20,""repump_cycles"":3,""seq_meas"":""True"",""seq_ops"":""True"",""swapLRC"":""False""}",
         8,         0,         0,    1.18,bposd,fc034e74c25f52c7dca5bec3ced3fbedd720fbeb24afc199749aab9c2019f874,"{""A"":""x2y0+x8y1"",""B"":""x0y1+x4y1+x14y1"",""b"":""X"",""d"":8,""excl_opp_detectors"":""True"",""k"":4,""l"":15,""leak_heralds"":""False"",""leak_repump"":""True"",""leakage"":""True"",""loss"":""True"",""m"":2,""n"":60,""noise"":""rl_helios"",""p"":0.001,""prllel_1q"":16,""prllel_2q"":4,""r"":20,""repump_cycles"":3,""seq_meas"":""True"",""seq_ops"":""True"",""swapLRC"":""False""}",
        64,         0,         0,    3.80,bposd,fc034e74c25f52c7dca5bec3ced3fbedd720fbeb24afc199749aab9c2019f874,"{""A"":""x2y0+x8y1"",""B"":""x0y1+x4y1+x14y1"",""b"":""X"",""d"":8,""excl_opp_detectors"":""True"",""k"":4,""l"":15,""leak_heralds"":""False"",""leak_repump"":""True"",""leakage"":""True"",""loss"":""True"",""m"":2,""n"":60,""noise"":""rl_helios"",""p"":0.001,""prllel_1q"":16,""prllel_2q"":4,""r"":20,""repump_cycles"":3,""seq_meas"":""True"",""seq_ops"":""True"",""swapLRC"":""False""}",
        32,         0,         0,   0.075,bposd,fc034e74c25f52c7dca5bec3ced3fbedd720fbeb24afc199749aab9c2019f874,"{""A"":""x2y0+x8y1"",""B"":""x0y1+x4y1+x14y1"",""b"":""X"",""d"":8,""excl_opp_detectors"":""True"",""k"":4,""l"":15,""leak_heralds"":""False"",""leak_repump"":""True"",""leakage"":""True"",""loss"":""True"",""m"":2,""n"":60,""noise"":""rl_helios"",""p"":0.001,""prllel_1q"":16,""prllel_2q"":4,""r"":20,""repump_cycles"":3,""seq_meas"":""True"",""seq_ops"":""True"",""swapLRC"":""False""}",
       128,         0,         0,    5.91,bposd,fc034e74c25f52c7dca5bec3ced3fbedd720fbeb24afc199749aab9c2019f874,"{""A"":""x2y0+x8y1"",""B"":""x0y1+x4y1+x14y1"",""b"":""X"",""d"":8,""excl_opp_detectors"":""True"",""k"":4,""l"":15,""leak_heralds"":""False"",""leak_repump"":""True"",""leakage"":""True"",""loss"":""True"",""m"":2,""n"":60,""noise"":""rl_helios"",""p"":0.001,""prllel_1q"":16,""prllel_2q"":4,""r"":20,""repump_cycles"":3,""seq_meas"":""True"",""seq_ops"":""True"",""swapLRC"":""False""}",
       242,         1,         0,    15.0,bposd,fc034e74c25f52c7dca5bec3ced3fbedd720fbeb24afc199749aab9c2019f874,"{""A"":""x2y0+x8y1"",""B"":""x0y1+x4y1+x14y1"",""b"":""X"",""d"":8,""excl_opp_detectors"":""True"",""k"":4,""l"":15,""leak_heralds"":""False"",""leak_repump"":""True"",""leakage"":""True"",""loss"":""True"",""m"":2,""n"":60,""noise"":""rl_helios"",""p"":0.001,""prllel_1q"":16,""prllel_2q"":4,""r"":20,""repump_cycles"":3,""seq_meas"":""True"",""seq_ops"":""True"",""swapLRC"":""False""}",
       128,         1,         0,    6.92,bposd,fc034e74c25f52c7dca5bec3ced3fbedd720fbeb24afc199749aab9c2019f874,"{""A"":""x2y0+x8y1"",""B"":""x0y1+x4y1+x14y1"",""b"":""X"",""d"":8,""excl_opp_detectors"":""True"",""k"":4,""l"":15,""leak_heralds"":""False"",""leak_repump"":""True"",""leakage"":""True"",""loss"":""True"",""m"":2,""n"":60,""noise"":""rl_helios"",""p"":0.001,""prllel_1q"":16,""prllel_2q"":4,""r"":20,""repump_cycles"":3,""seq_meas"":""True"",""seq_ops"":""True"",""swapLRC"":""False""}",
        64,         0,         0,    3.45,bposd,fc034e74c25f52c7dca5bec3ced3fbedd720fbeb24afc199749aab9c2019f874,"{""A"":""x2y0+x8y1"",""B"":""x0y1+x4y1+x14y1"",""b"":""X"",""d"":8,""excl_opp_detectors"":""True"",""k"":4,""l"":15,""leak_heralds"":""False"",""leak_repump"":""True"",""leakage"":""True"",""loss"":""True"",""m"":2,""n"":60,""noise"":""rl_helios"",""p"":0.001,""prllel_1q"":16,""prllel_2q"":4,""r"":20,""repump_cycles"":3,""seq_meas"":""True"",""seq_ops"":""True"",""swapLRC"":""False""}",
        64,         0,         0,    3.23,bposd,fc034e74c25f52c7dca5bec3ced3fbedd720fbeb24afc199749aab9c2019f874,"{""A"":""x2y0+x8y1"",""B"":""x0y1+x4y1+x14y1"",""b"":""X"",""d"":8,""excl_opp_detectors"":""True"",""k"":4,""l"":15,""leak_heralds"":""False"",""leak_repump"":""True"",""leakage"":""True"",""loss"":""True"",""m"":2,""n"":60,""noise"":""rl_helios"",""p"":0.001,""prllel_1q"":16,""prllel_2q"":4,""r"":20,""repump_cycles"":3,""seq_meas"":""True"",""seq_ops"":""True"",""swapLRC"":""False""}",
        64,         0,         0,    1.96,bposd,fc034e74c25f52c7dca5bec3ced3fbedd720fbeb24afc199749aab9c2019f874,"{""A"":""x2y0+x8y1"",""B"":""x0y1+x4y1+x14y1"",""b"":""X"",""d"":8,""excl_opp_detectors"":""True"",""k"":4,""l"":15,""leak_heralds"":""False"",""leak_repump"":""True"",""leakage"":""True"",""loss"":""True"",""m"":2,""n"":60,""noise"":""rl_helios"",""p"":0.001,""prllel_1q"":16,""prllel_2q"":4,""r"":20,""repump_cycles"":3,""seq_meas"":""True"",""seq_ops"":""True"",""swapLRC"":""False""}",
        64,         0,         0,    2.58,bposd,fc034e74c25f52c7dca5bec3ced3fbedd720fbeb24afc199749aab9c2019f874,"{""A"":""x2y0+x8y1"",""B"":""x0y1+x4y1+x14y1"",""b"":""X"",""d"":8,""excl_opp_detectors"":""True"",""k"":4,""l"":15,""leak_heralds"":""False"",""leak_repump"":""True"",""leakage"":""True"",""loss"":""True"",""m"":2,""n"":60,""noise"":""rl_helios"",""p"":0.001,""prllel_1q"":16,""prllel_2q"":4,""r"":20,""repump_cycles"":3,""seq_meas"":""True"",""seq_ops"":""True"",""swapLRC"":""False""}",
       136,         1,         0,    2.85,bposd,fc034e74c25f52c7dca5bec3ced3fbedd720fbeb24afc199749aab9c2019f874,"{""A"":""x2y0+x8y1"",""B"":""x0y1+x4y1+x14y1"",""b"":""X"",""d"":8,""excl_opp_detectors"":""True"",""k"":4,""l"":15,""leak_heralds"":""False"",""leak_repump"":""True"",""leakage"":""True"",""loss"":""True"",""m"":2,""n"":60,""noise"":""rl_helios"",""p"":0.001,""prllel_1q"":16,""prllel_2q"":4,""r"":20,""repump_cycles"":3,""seq_meas"":""True"",""seq_ops"":""True"",""swapLRC"":""False""}",
       128,         0,         0,    3.64,bposd,fc034e74c25f52c7dca5bec3ced3fbedd720fbeb24afc199749aab9c2019f874,"{""A"":""x2y0+x8y1"",""B"":""x0y1+x4y1+x14y1"",""b"":""X"",""d"":8,""excl_opp_detectors"":""True"",""k"":4,""l"":15,""leak_heralds"":""False"",""leak_repump"":""True"",""leakage"":""True"",""loss"":""True"",""m"":2,""n"":60,""noise"":""rl_helios"",""p"":0.001,""prllel_1q"":16,""prllel_2q"":4,""r"":20,""repump_cycles"":3,""seq_meas"":""True"",""seq_ops"":""True"",""swapLRC"":""False""}",
        76,         0,         0,    7.47,bposd,fc034e74c25f52c7dca5bec3ced3fbedd720fbeb24afc199749aab9c2019f874,"{""A"":""x2y0+x8y1"",""B"":""x0y1+x4y1+x14y1"",""b"":""X"",""d"":8,""excl_opp_detectors"":""True"",""k"":4,""l"":15,""leak_heralds"":""False"",""leak_repump"":""True"",""leakage"":""True"",""loss"":""True"",""m"":2,""n"":60,""noise"":""rl_helios"",""p"":0.001,""prllel_1q"":16,""prllel_2q"":4,""r"":20,""repump_cycles"":3,""seq_meas"":""True"",""seq_ops"":""True"",""swapLRC"":""False""}",
       440,         0,         0,    15.9,bposd,fc034e74c25f52c7dca5bec3ced3fbedd720fbeb24afc199749aab9c2019f874,"{""A"":""x2y0+x8y1"",""B"":""x0y1+x4y1+x14y1"",""b"":""X"",""d"":8,""excl_opp_detectors"":""True"",""k"":4,""l"":15,""leak_heralds"":""False"",""leak_repump"":""True"",""leakage"":""True"",""loss"":""True"",""m"":2,""n"":60,""noise"":""rl_helios"",""p"":0.001,""prllel_1q"":16,""prllel_2q"":4,""r"":20,""repump_cycles"":3,""seq_meas"":""True"",""seq_ops"":""True"",""swapLRC"":""False""}",
        32,         0,         0,    2.12,bposd,fc034e74c25f52c7dca5bec3ced3fbedd720fbeb24afc199749aab9c2019f874,"{""A"":""x2y0+x8y1"",""B"":""x0y1+x4y1+x14y1"",""b"":""X"",""d"":8,""excl_opp_detectors"":""True"",""k"":4,""l"":15,""leak_heralds"":""False"",""leak_repump"":""True"",""leakage"":""True"",""loss"":""True"",""m"":2,""n"":60,""noise"":""rl_helios"",""p"":0.001,""prllel_1q"":16,""prllel_2q"":4,""r"":20,""repump_cycles"":3,""seq_meas"":""True"",""seq_ops"":""True"",""swapLRC"":""False""}",
        32,         0,         0,    2.13,bposd,fc034e74c25f52c7dca5bec3ced3fbedd720fbeb24afc199749aab9c2019f874,"{""A"":""x2y0+x8y1"",""B"":""x0y1+x4y1+x14y1"",""b"":""X"",""d"":8,""excl_opp_detectors"":""True"",""k"":4,""l"":15,""leak_heralds"":""False"",""leak_repump"":""True"",""leakage"":""True"",""loss"":""True"",""m"":2,""n"":60,""noise"":""rl_helios"",""p"":0.001,""prllel_1q"":16,""prllel_2q"":4,""r"":20,""repump_cycles"":3,""seq_meas"":""True"",""seq_ops"":""True"",""swapLRC"":""False""}",
       883,         0,         0,    34.9,bposd,fc034e74c25f52c7dca5bec3ced3fbedd720fbeb24afc199749aab9c2019f874,"{""A"":""x2y0+x8y1"",""B"":""x0y1+x4y1+x14y1"",""b"":""X"",""d"":8,""excl_opp_detectors"":""True"",""k"":4,""l"":15,""leak_heralds"":""False"",""leak_repump"":""True"",""leakage"":""True"",""loss"":""True"",""m"":2,""n"":60,""noise"":""rl_helios"",""p"":0.001,""prllel_1q"":16,""prllel_2q"":4,""r"":20,""repump_cycles"":3,""seq_meas"":""True"",""seq_ops"":""True"",""swapLRC"":""False""}",
        32,         0,         0,    3.37,bposd,fc034e74c25f52c7dca5bec3ced3fbedd720fbeb24afc199749aab9c2019f874,"{""A"":""x2y0+x8y1"",""B"":""x0y1+x4y1+x14y1"",""b"":""X"",""d"":8,""excl_opp_detectors"":""True"",""k"":4,""l"":15,""leak_heralds"":""False"",""leak_repump"":""True"",""leakage"":""True"",""loss"":""True"",""m"":2,""n"":60,""noise"":""rl_helios"",""p"":0.001,""prllel_1q"":16,""prllel_2q"":4,""r"":20,""repump_cycles"":3,""seq_meas"":""True"",""seq_ops"":""True"",""swapLRC"":""False""}",
        80,         0,         0,    7.46,bposd,fc034e74c25f52c7dca5bec3ced3fbedd720fbeb24afc199749aab9c2019f874,"{""A"":""x2y0+x8y1"",""B"":""x0y1+x4y1+x14y1"",""b"":""X"",""d"":8,""excl_opp_detectors"":""True"",""k"":4,""l"":15,""leak_heralds"":""False"",""leak_repump"":""True"",""leakage"":""True"",""loss"":""True"",""m"":2,""n"":60,""noise"":""rl_helios"",""p"":0.001,""prllel_1q"":16,""prllel_2q"":4,""r"":20,""repump_cycles"":3,""seq_meas"":""True"",""seq_ops"":""True"",""swapLRC"":""False""}",
       824,         0,         0,    22.3,bposd,fc034e74c25f52c7dca5bec3ced3fbedd720fbeb24afc199749aab9c2019f874,"{""A"":""x2y0+x8y1"",""B"":""x0y1+x4y1+x14y1"",""b"":""X"",""d"":8,""excl_opp_detectors"":""True"",""k"":4,""l"":15,""leak_heralds"":""False"",""leak_repump"":""True"",""leakage"":""True"",""loss"":""True"",""m"":2,""n"":60,""noise"":""rl_helios"",""p"":0.001,""prllel_1q"":16,""prllel_2q"":4,""r"":20,""repump_cycles"":3,""seq_meas"":""True"",""seq_ops"":""True"",""swapLRC"":""False""}",
        64,         0,         0,    9.67,bposd,fc034e74c25f52c7dca5bec3ced3fbedd720fbeb24afc199749aab9c2019f874,"{""A"":""x2y0+x8y1"",""B"":""x0y1+x4y1+x14y1"",""b"":""X"",""d"":8,""excl_opp_detectors"":""True"",""k"":4,""l"":15,""leak_heralds"":""False"",""leak_repump"":""True"",""leakage"":""True"",""loss"":""True"",""m"":2,""n"":60,""noise"":""rl_helios"",""p"":0.001,""prllel_1q"":16,""prllel_2q"":4,""r"":20,""repump_cycles"":3,""seq_meas"":""True"",""seq_ops"":""True"",""swapLRC"":""False""}",
       480,         1,         0,    20.2,bposd,fc034e74c25f52c7dca5bec3ced3fbedd720fbeb24afc199749aab9c2019f874,"{""A"":""x2y0+x8y1"",""B"":""x0y1+x4y1+x14y1"",""b"":""X"",""d"":8,""excl_opp_detectors"":""True"",""k"":4,""l"":15,""leak_heralds"":""False"",""leak_repump"":""True"",""leakage"":""True"",""loss"":""True"",""m"":2,""n"":60,""noise"":""rl_helios"",""p"":0.001,""prllel_1q"":16,""prllel_2q"":4,""r"":20,""repump_cycles"":3,""seq_meas"":""True"",""seq_ops"":""True"",""swapLRC"":""False""}",
        16,         0,         0,    1.84,bposd,fc034e74c25f52c7dca5bec3ced3fbedd720fbeb24afc199749aab9c2019f874,"{""A"":""x2y0+x8y1"",""B"":""x0y1+x4y1+x14y1"",""b"":""X"",""d"":8,""excl_opp_detectors"":""True"",""k"":4,""l"":15,""leak_heralds"":""False"",""leak_repump"":""True"",""leakage"":""True"",""loss"":""True"",""m"":2,""n"":60,""noise"":""rl_helios"",""p"":0.001,""prllel_1q"":16,""prllel_2q"":4,""r"":20,""repump_cycles"":3,""seq_meas"":""True"",""seq_ops"":""True"",""swapLRC"":""False""}",
        64,         0,         0,    3.73,bposd,fc034e74c25f52c7dca5bec3ced3fbedd720fbeb24afc199749aab9c2019f874,"{""A"":""x2y0+x8y1"",""B"":""x0y1+x4y1+x14y1"",""b"":""X"",""d"":8,""excl_opp_detectors"":""True"",""k"":4,""l"":15,""leak_heralds"":""False"",""leak_repump"":""True"",""leakage"":""True"",""loss"":""True"",""m"":2,""n"":60,""noise"":""rl_helios"",""p"":0.001,""prllel_1q"":16,""prllel_2q"":4,""r"":20,""repump_cycles"":3,""seq_meas"":""True"",""seq_ops"":""True"",""swapLRC"":""False""}",
       250,         0,         0,    11.2,bposd,fc034e74c25f52c7dca5bec3ced3fbedd720fbeb24afc199749aab9c2019f874,"{""A"":""x2y0+x8y1"",""B"":""x0y1+x4y1+x14y1"",""b"":""X"",""d"":8,""excl_opp_detectors"":""True"",""k"":4,""l"":15,""leak_heralds"":""False"",""leak_repump"":""True"",""leakage"":""True"",""loss"":""True"",""m"":2,""n"":60,""noise"":""rl_helios"",""p"":0.001,""prllel_1q"":16,""prllel_2q"":4,""r"":20,""repump_cycles"":3,""seq_meas"":""True"",""seq_ops"":""True"",""swapLRC"":""False""}",
       643,         1,         0,    26.4,bposd,fc034e74c25f52c7dca5bec3ced3fbedd720fbeb24afc199749aab9c2019f874,"{""A"":""x2y0+x8y1"",""B"":""x0y1+x4y1+x14y1"",""b"":""X"",""d"":8,""excl_opp_detectors"":""True"",""k"":4,""l"":15,""leak_heralds"":""False"",""leak_repump"":""True"",""leakage"":""True"",""loss"":""True"",""m"":2,""n"":60,""noise"":""rl_helios"",""p"":0.001,""prllel_1q"":16,""prllel_2q"":4,""r"":20,""repump_cycles"":3,""seq_meas"":""True"",""seq_ops"":""True"",""swapLRC"":""False""}",
       576,         1,         0,    25.2,bposd,fc034e74c25f52c7dca5bec3ced3fbedd720fbeb24afc199749aab9c2019f874,"{""A"":""x2y0+x8y1"",""B"":""x0y1+x4y1+x14y1"",""b"":""X"",""d"":8,""excl_opp_detectors"":""True"",""k"":4,""l"":15,""leak_heralds"":""False"",""leak_repump"":""True"",""leakage"":""True"",""loss"":""True"",""m"":2,""n"":60,""noise"":""rl_helios"",""p"":0.001,""prllel_1q"":16,""prllel_2q"":4,""r"":20,""repump_cycles"":3,""seq_meas"":""True"",""seq_ops"":""True"",""swapLRC"":""False""}",
       306,         0,         0,    11.1,bposd,fc034e74c25f52c7dca5bec3ced3fbedd720fbeb24afc199749aab9c2019f874,"{""A"":""x2y0+x8y1"",""B"":""x0y1+x4y1+x14y1"",""b"":""X"",""d"":8,""excl_opp_detectors"":""True"",""k"":4,""l"":15,""leak_heralds"":""False"",""leak_repump"":""True"",""leakage"":""True"",""loss"":""True"",""m"":2,""n"":60,""noise"":""rl_helios"",""p"":0.001,""prllel_1q"":16,""prllel_2q"":4,""r"":20,""repump_cycles"":3,""seq_meas"":""True"",""seq_ops"":""True"",""swapLRC"":""False""}",
        41,         0,         0,    1.82,bposd,fc034e74c25f52c7dca5bec3ced3fbedd720fbeb24afc199749aab9c2019f874,"{""A"":""x2y0+x8y1"",""B"":""x0y1+x4y1+x14y1"",""b"":""X"",""d"":8,""excl_opp_detectors"":""True"",""k"":4,""l"":15,""leak_heralds"":""False"",""leak_repump"":""True"",""leakage"":""True"",""loss"":""True"",""m"":2,""n"":60,""noise"":""rl_helios"",""p"":0.001,""prllel_1q"":16,""prllel_2q"":4,""r"":20,""repump_cycles"":3,""seq_meas"":""True"",""seq_ops"":""True"",""swapLRC"":""False""}",
        17,         0,         0,    2.16,bposd,fc034e74c25f52c7dca5bec3ced3fbedd720fbeb24afc199749aab9c2019f874,"{""A"":""x2y0+x8y1"",""B"":""x0y1+x4y1+x14y1"",""b"":""X"",""d"":8,""excl_opp_detectors"":""True"",""k"":4,""l"":15,""leak_heralds"":""False"",""leak_repump"":""True"",""leakage"":""True"",""loss"":""True"",""m"":2,""n"":60,""noise"":""rl_helios"",""p"":0.001,""prllel_1q"":16,""prllel_2q"":4,""r"":20,""repump_cycles"":3,""seq_meas"":""True"",""seq_ops"":""True"",""swapLRC"":""False""}",
        18,         0,         0,    2.09,bposd,fc034e74c25f52c7dca5bec3ced3fbedd720fbeb24afc199749aab9c2019f874,"{""A"":""x2y0+x8y1"",""B"":""x0y1+x4y1+x14y1"",""b"":""X"",""d"":8,""excl_opp_detectors"":""True"",""k"":4,""l"":15,""leak_heralds"":""False"",""leak_repump"":""True"",""leakage"":""True"",""loss"":""True"",""m"":2,""n"":60,""noise"":""rl_helios"",""p"":0.001,""prllel_1q"":16,""prllel_2q"":4,""r"":20,""repump_cycles"":3,""seq_meas"":""True"",""seq_ops"":""True"",""swapLRC"":""False""}",
        64,         0,         0,    3.82,bposd,fc034e74c25f52c7dca5bec3ced3fbedd720fbeb24afc199749aab9c2019f874,"{""A"":""x2y0+x8y1"",""B"":""x0y1+x4y1+x14y1"",""b"":""X"",""d"":8,""excl_opp_detectors"":""True"",""k"":4,""l"":15,""leak_heralds"":""False"",""leak_repump"":""True"",""leakage"":""True"",""loss"":""True"",""m"":2,""n"":60,""noise"":""rl_helios"",""p"":0.001,""prllel_1q"":16,""prllel_2q"":4,""r"":20,""repump_cycles"":3,""seq_meas"":""True"",""seq_ops"":""True"",""swapLRC"":""False""}",
       473,         0,         0,    16.3,bposd,fc034e74c25f52c7dca5bec3ced3fbedd720fbeb24afc199749aab9c2019f874,"{""A"":""x2y0+x8y1"",""B"":""x0y1+x4y1+x14y1"",""b"":""X"",""d"":8,""excl_opp_detectors"":""True"",""k"":4,""l"":15,""leak_heralds"":""False"",""leak_repump"":""True"",""leakage"":""True"",""loss"":""True"",""m"":2,""n"":60,""noise"":""rl_helios"",""p"":0.001,""prllel_1q"":16,""prllel_2q"":4,""r"":20,""repump_cycles"":3,""seq_meas"":""True"",""seq_ops"":""True"",""swapLRC"":""False""}",
        47,         0,         0,   0.103,bposd,fc034e74c25f52c7dca5bec3ced3fbedd720fbeb24afc199749aab9c2019f874,"{""A"":""x2y0+x8y1"",""B"":""x0y1+x4y1+x14y1"",""b"":""X"",""d"":8,""excl_opp_detectors"":""True"",""k"":4,""l"":15,""leak_heralds"":""False"",""leak_repump"":""True"",""leakage"":""True"",""loss"":""True"",""m"":2,""n"":60,""noise"":""rl_helios"",""p"":0.001,""prllel_1q"":16,""prllel_2q"":4,""r"":20,""repump_cycles"":3,""seq_meas"":""True"",""seq_ops"":""True"",""swapLRC"":""False""}",
       272,         0,         0,    10.2,bposd,fc034e74c25f52c7dca5bec3ced3fbedd720fbeb24afc199749aab9c2019f874,"{""A"":""x2y0+x8y1"",""B"":""x0y1+x4y1+x14y1"",""b"":""X"",""d"":8,""excl_opp_detectors"":""True"",""k"":4,""l"":15,""leak_heralds"":""False"",""leak_repump"":""True"",""leakage"":""True"",""loss"":""True"",""m"":2,""n"":60,""noise"":""rl_helios"",""p"":0.001,""prllel_1q"":16,""prllel_2q"":4,""r"":20,""repump_cycles"":3,""seq_meas"":""True"",""seq_ops"":""True"",""swapLRC"":""False""}",
        64,         0,         0,    10.5,bposd,fc034e74c25f52c7dca5bec3ced3fbedd720fbeb24afc199749aab9c2019f874,"{""A"":""x2y0+x8y1"",""B"":""x0y1+x4y1+x14y1"",""b"":""X"",""d"":8,""excl_opp_detectors"":""True"",""k"":4,""l"":15,""leak_heralds"":""False"",""leak_repump"":""True"",""leakage"":""True"",""loss"":""True"",""m"":2,""n"":60,""noise"":""rl_helios"",""p"":0.001,""prllel_1q"":16,""prllel_2q"":4,""r"":20,""repump_cycles"":3,""seq_meas"":""True"",""seq_ops"":""True"",""swapLRC"":""False""}",
         8,         0,         0,   0.030,bposd,fc034e74c25f52c7dca5bec3ced3fbedd720fbeb24afc199749aab9c2019f874,"{""A"":""x2y0+x8y1"",""B"":""x0y1+x4y1+x14y1"",""b"":""X"",""d"":8,""excl_opp_detectors"":""True"",""k"":4,""l"":15,""leak_heralds"":""False"",""leak_repump"":""True"",""leakage"":""True"",""loss"":""True"",""m"":2,""n"":60,""noise"":""rl_helios"",""p"":0.001,""prllel_1q"":16,""prllel_2q"":4,""r"":20,""repump_cycles"":3,""seq_meas"":""True"",""seq_ops"":""True"",""swapLRC"":""False""}",
         8,         0,         0,   0.024,bposd,fc034e74c25f52c7dca5bec3ced3fbedd720fbeb24afc199749aab9c2019f874,"{""A"":""x2y0+x8y1"",""B"":""x0y1+x4y1+x14y1"",""b"":""X"",""d"":8,""excl_opp_detectors"":""True"",""k"":4,""l"":15,""leak_heralds"":""False"",""leak_repump"":""True"",""leakage"":""True"",""loss"":""True"",""m"":2,""n"":60,""noise"":""rl_helios"",""p"":0.001,""prllel_1q"":16,""prllel_2q"":4,""r"":20,""repump_cycles"":3,""seq_meas"":""True"",""seq_ops"":""True"",""swapLRC"":""False""}",
       136,         0,         0,    2.50,bposd,fc034e74c25f52c7dca5bec3ced3fbedd720fbeb24afc199749aab9c2019f874,"{""A"":""x2y0+x8y1"",""B"":""x0y1+x4y1+x14y1"",""b"":""X"",""d"":8,""excl_opp_detectors"":""True"",""k"":4,""l"":15,""leak_heralds"":""False"",""leak_repump"":""True"",""leakage"":""True"",""loss"":""True"",""m"":2,""n"":60,""noise"":""rl_helios"",""p"":0.001,""prllel_1q"":16,""prllel_2q"":4,""r"":20,""repump_cycles"":3,""seq_meas"":""True"",""seq_ops"":""True"",""swapLRC"":""False""}",
       245,         0,         0,    11.6,bposd,fc034e74c25f52c7dca5bec3ced3fbedd720fbeb24afc199749aab9c2019f874,"{""A"":""x2y0+x8y1"",""B"":""x0y1+x4y1+x14y1"",""b"":""X"",""d"":8,""excl_opp_detectors"":""True"",""k"":4,""l"":15,""leak_heralds"":""False"",""leak_repump"":""True"",""leakage"":""True"",""loss"":""True"",""m"":2,""n"":60,""noise"":""rl_helios"",""p"":0.001,""prllel_1q"":16,""prllel_2q"":4,""r"":20,""repump_cycles"":3,""seq_meas"":""True"",""seq_ops"":""True"",""swapLRC"":""False""}",
        19,         0,         0,   0.031,bposd,fc034e74c25f52c7dca5bec3ced3fbedd720fbeb24afc199749aab9c2019f874,"{""A"":""x2y0+x8y1"",""B"":""x0y1+x4y1+x14y1"",""b"":""X"",""d"":8,""excl_opp_detectors"":""True"",""k"":4,""l"":15,""leak_heralds"":""False"",""leak_repump"":""True"",""leakage"":""True"",""loss"":""True"",""m"":2,""n"":60,""noise"":""rl_helios"",""p"":0.001,""prllel_1q"":16,""prllel_2q"":4,""r"":20,""repump_cycles"":3,""seq_meas"":""True"",""seq_ops"":""True"",""swapLRC"":""False""}",
       544,         1,         0,    19.4,bposd,fc034e74c25f52c7dca5bec3ced3fbedd720fbeb24afc199749aab9c2019f874,"{""A"":""x2y0+x8y1"",""B"":""x0y1+x4y1+x14y1"",""b"":""X"",""d"":8,""excl_opp_detectors"":""True"",""k"":4,""l"":15,""leak_heralds"":""False"",""leak_repump"":""True"",""leakage"":""True"",""loss"":""True"",""m"":2,""n"":60,""noise"":""rl_helios"",""p"":0.001,""prllel_1q"":16,""prllel_2q"":4,""r"":20,""repump_cycles"":3,""seq_meas"":""True"",""seq_ops"":""True"",""swapLRC"":""False""}",
        67,         0,         0,    2.71,bposd,fc034e74c25f52c7dca5bec3ced3fbedd720fbeb24afc199749aab9c2019f874,"{""A"":""x2y0+x8y1"",""B"":""x0y1+x4y1+x14y1"",""b"":""X"",""d"":8,""excl_opp_detectors"":""True"",""k"":4,""l"":15,""leak_heralds"":""False"",""leak_repump"":""True"",""leakage"":""True"",""loss"":""True"",""m"":2,""n"":60,""noise"":""rl_helios"",""p"":0.001,""prllel_1q"":16,""prllel_2q"":4,""r"":20,""repump_cycles"":3,""seq_meas"":""True"",""seq_ops"":""True"",""swapLRC"":""False""}",
        64,         0,         0,    3.46,bposd,fc034e74c25f52c7dca5bec3ced3fbedd720fbeb24afc199749aab9c2019f874,"{""A"":""x2y0+x8y1"",""B"":""x0y1+x4y1+x14y1"",""b"":""X"",""d"":8,""excl_opp_detectors"":""True"",""k"":4,""l"":15,""leak_heralds"":""False"",""leak_repump"":""True"",""leakage"":""True"",""loss"":""True"",""m"":2,""n"":60,""noise"":""rl_helios"",""p"":0.001,""prllel_1q"":16,""prllel_2q"":4,""r"":20,""repump_cycles"":3,""seq_meas"":""True"",""seq_ops"":""True"",""swapLRC"":""False""}",
        64,         0,         0,    8.74,bposd,fc034e74c25f52c7dca5bec3ced3fbedd720fbeb24afc199749aab9c2019f874,"{""A"":""x2y0+x8y1"",""B"":""x0y1+x4y1+x14y1"",""b"":""X"",""d"":8,""excl_opp_detectors"":""True"",""k"":4,""l"":15,""leak_heralds"":""False"",""leak_repump"":""True"",""leakage"":""True"",""loss"":""True"",""m"":2,""n"":60,""noise"":""rl_helios"",""p"":0.001,""prllel_1q"":16,""prllel_2q"":4,""r"":20,""repump_cycles"":3,""seq_meas"":""True"",""seq_ops"":""True"",""swapLRC"":""False""}",
        27,         0,         0,    3.69,bposd,fc034e74c25f52c7dca5bec3ced3fbedd720fbeb24afc199749aab9c2019f874,"{""A"":""x2y0+x8y1"",""B"":""x0y1+x4y1+x14y1"",""b"":""X"",""d"":8,""excl_opp_detectors"":""True"",""k"":4,""l"":15,""leak_heralds"":""False"",""leak_repump"":""True"",""leakage"":""True"",""loss"":""True"",""m"":2,""n"":60,""noise"":""rl_helios"",""p"":0.001,""prllel_1q"":16,""prllel_2q"":4,""r"":20,""repump_cycles"":3,""seq_meas"":""True"",""seq_ops"":""True"",""swapLRC"":""False""}",
       272,         1,         0,    11.3,bposd,fc034e74c25f52c7dca5bec3ced3fbedd720fbeb24afc199749aab9c2019f874,"{""A"":""x2y0+x8y1"",""B"":""x0y1+x4y1+x14y1"",""b"":""X"",""d"":8,""excl_opp_detectors"":""True"",""k"":4,""l"":15,""leak_heralds"":""False"",""leak_repump"":""True"",""leakage"":""True"",""loss"":""True"",""m"":2,""n"":60,""noise"":""rl_helios"",""p"":0.001,""prllel_1q"":16,""prllel_2q"":4,""r"":20,""repump_cycles"":3,""seq_meas"":""True"",""seq_ops"":""True"",""swapLRC"":""False""}",
         6,         0,         0,   0.013,bposd,fc034e74c25f52c7dca5bec3ced3fbedd720fbeb24afc199749aab9c2019f874,"{""A"":""x2y0+x8y1"",""B"":""x0y1+x4y1+x14y1"",""b"":""X"",""d"":8,""excl_opp_detectors"":""True"",""k"":4,""l"":15,""leak_heralds"":""False"",""leak_repump"":""True"",""leakage"":""True"",""loss"":""True"",""m"":2,""n"":60,""noise"":""rl_helios"",""p"":0.001,""prllel_1q"":16,""prllel_2q"":4,""r"":20,""repump_cycles"":3,""seq_meas"":""True"",""seq_ops"":""True"",""swapLRC"":""False""}",
         7,         1,         0,   0.013,bposd,fc034e74c25f52c7dca5bec3ced3fbedd720fbeb24afc199749aab9c2019f874,"{""A"":""x2y0+x8y1"",""B"":""x0y1+x4y1+x14y1"",""b"":""X"",""d"":8,""excl_opp_detectors"":""True"",""k"":4,""l"":15,""leak_heralds"":""False"",""leak_repump"":""True"",""leakage"":""True"",""loss"":""True"",""m"":2,""n"":60,""noise"":""rl_helios"",""p"":0.001,""prllel_1q"":16,""prllel_2q"":4,""r"":20,""repump_cycles"":3,""seq_meas"":""True"",""seq_ops"":""True"",""swapLRC"":""False""}",
        42,         0,         0,   0.674,bposd,fc034e74c25f52c7dca5bec3ced3fbedd720fbeb24afc199749aab9c2019f874,"{""A"":""x2y0+x8y1"",""B"":""x0y1+x4y1+x14y1"",""b"":""X"",""d"":8,""excl_opp_detectors"":""True"",""k"":4,""l"":15,""leak_heralds"":""False"",""leak_repump"":""True"",""leakage"":""True"",""loss"":""True"",""m"":2,""n"":60,""noise"":""rl_helios"",""p"":0.001,""prllel_1q"":16,""prllel_2q"":4,""r"":20,""repump_cycles"":3,""seq_meas"":""True"",""seq_ops"":""True"",""swapLRC"":""False""}",
        47,         0,         0,   0.122,bposd,fc034e74c25f52c7dca5bec3ced3fbedd720fbeb24afc199749aab9c2019f874,"{""A"":""x2y0+x8y1"",""B"":""x0y1+x4y1+x14y1"",""b"":""X"",""d"":8,""excl_opp_detectors"":""True"",""k"":4,""l"":15,""leak_heralds"":""False"",""leak_repump"":""True"",""leakage"":""True"",""loss"":""True"",""m"":2,""n"":60,""noise"":""rl_helios"",""p"":0.001,""prllel_1q"":16,""prllel_2q"":4,""r"":20,""repump_cycles"":3,""seq_meas"":""True"",""seq_ops"":""True"",""swapLRC"":""False""}",
        64,         0,         0,    1.91,bposd,fc034e74c25f52c7dca5bec3ced3fbedd720fbeb24afc199749aab9c2019f874,"{""A"":""x2y0+x8y1"",""B"":""x0y1+x4y1+x14y1"",""b"":""X"",""d"":8,""excl_opp_detectors"":""True"",""k"":4,""l"":15,""leak_heralds"":""False"",""leak_repump"":""True"",""leakage"":""True"",""loss"":""True"",""m"":2,""n"":60,""noise"":""rl_helios"",""p"":0.001,""prllel_1q"":16,""prllel_2q"":4,""r"":20,""repump_cycles"":3,""seq_meas"":""True"",""seq_ops"":""True"",""swapLRC"":""False""}",
        42,         0,         0,    3.39,bposd,fc034e74c25f52c7dca5bec3ced3fbedd720fbeb24afc199749aab9c2019f874,"{""A"":""x2y0+x8y1"",""B"":""x0y1+x4y1+x14y1"",""b"":""X"",""d"":8,""excl_opp_detectors"":""True"",""k"":4,""l"":15,""leak_heralds"":""False"",""leak_repump"":""True"",""leakage"":""True"",""loss"":""True"",""m"":2,""n"":60,""noise"":""rl_helios"",""p"":0.001,""prllel_1q"":16,""prllel_2q"":4,""r"":20,""repump_cycles"":3,""seq_meas"":""True"",""seq_ops"":""True"",""swapLRC"":""False""}",
        42,         0,         0,    1.57,bposd,fc034e74c25f52c7dca5bec3ced3fbedd720fbeb24afc199749aab9c2019f874,"{""A"":""x2y0+x8y1"",""B"":""x0y1+x4y1+x14y1"",""b"":""X"",""d"":8,""excl_opp_detectors"":""True"",""k"":4,""l"":15,""leak_heralds"":""False"",""leak_repump"":""True"",""leakage"":""True"",""loss"":""True"",""m"":2,""n"":60,""noise"":""rl_helios"",""p"":0.001,""prllel_1q"":16,""prllel_2q"":4,""r"":20,""repump_cycles"":3,""seq_meas"":""True"",""seq_ops"":""True"",""swapLRC"":""False""}",
        99,         0,         0,    2.24,bposd,fc034e74c25f52c7dca5bec3ced3fbedd720fbeb24afc199749aab9c2019f874,"{""A"":""x2y0+x8y1"",""B"":""x0y1+x4y1+x14y1"",""b"":""X"",""d"":8,""excl_opp_detectors"":""True"",""k"":4,""l"":15,""leak_heralds"":""False"",""leak_repump"":""True"",""leakage"":""True"",""loss"":""True"",""m"":2,""n"":60,""noise"":""rl_helios"",""p"":0.001,""prllel_1q"":16,""prllel_2q"":4,""r"":20,""repump_cycles"":3,""seq_meas"":""True"",""seq_ops"":""True"",""swapLRC"":""False""}",
         6,         0,         0,    1.90,bposd,fc034e74c25f52c7dca5bec3ced3fbedd720fbeb24afc199749aab9c2019f874,"{""A"":""x2y0+x8y1"",""B"":""x0y1+x4y1+x14y1"",""b"":""X"",""d"":8,""excl_opp_detectors"":""True"",""k"":4,""l"":15,""leak_heralds"":""False"",""leak_repump"":""True"",""leakage"":""True"",""loss"":""True"",""m"":2,""n"":60,""noise"":""rl_helios"",""p"":0.001,""prllel_1q"":16,""prllel_2q"":4,""r"":20,""repump_cycles"":3,""seq_meas"":""True"",""seq_ops"":""True"",""swapLRC"":""False""}",
         9,         0,         0,   0.015,bposd,fc034e74c25f52c7dca5bec3ced3fbedd720fbeb24afc199749aab9c2019f874,"{""A"":""x2y0+x8y1"",""B"":""x0y1+x4y1+x14y1"",""b"":""X"",""d"":8,""excl_opp_detectors"":""True"",""k"":4,""l"":15,""leak_heralds"":""False"",""leak_repump"":""True"",""leakage"":""True"",""loss"":""True"",""m"":2,""n"":60,""noise"":""rl_helios"",""p"":0.001,""prllel_1q"":16,""prllel_2q"":4,""r"":20,""repump_cycles"":3,""seq_meas"":""True"",""seq_ops"":""True"",""swapLRC"":""False""}",
       136,         0,         0,    7.28,bposd,fc034e74c25f52c7dca5bec3ced3fbedd720fbeb24afc199749aab9c2019f874,"{""A"":""x2y0+x8y1"",""B"":""x0y1+x4y1+x14y1"",""b"":""X"",""d"":8,""excl_opp_detectors"":""True"",""k"":4,""l"":15,""leak_heralds"":""False"",""leak_repump"":""True"",""leakage"":""True"",""loss"":""True"",""m"":2,""n"":60,""noise"":""rl_helios"",""p"":0.001,""prllel_1q"":16,""prllel_2q"":4,""r"":20,""repump_cycles"":3,""seq_meas"":""True"",""seq_ops"":""True"",""swapLRC"":""False""}",
        32,         0,         0,    1.90,bposd,fc034e74c25f52c7dca5bec3ced3fbedd720fbeb24afc199749aab9c2019f874,"{""A"":""x2y0+x8y1"",""B"":""x0y1+x4y1+x14y1"",""b"":""X"",""d"":8,""excl_opp_detectors"":""True"",""k"":4,""l"":15,""leak_heralds"":""False"",""leak_repump"":""True"",""leakage"":""True"",""loss"":""True"",""m"":2,""n"":60,""noise"":""rl_helios"",""p"":0.001,""prllel_1q"":16,""prllel_2q"":4,""r"":20,""repump_cycles"":3,""seq_meas"":""True"",""seq_ops"":""True"",""swapLRC"":""False""}",
       459,         0,         0,    16.6,bposd,fc034e74c25f52c7dca5bec3ced3fbedd720fbeb24afc199749aab9c2019f874,"{""A"":""x2y0+x8y1"",""B"":""x0y1+x4y1+x14y1"",""b"":""X"",""d"":8,""excl_opp_detectors"":""True"",""k"":4,""l"":15,""leak_heralds"":""False"",""leak_repump"":""True"",""leakage"":""True"",""loss"":""True"",""m"":2,""n"":60,""noise"":""rl_helios"",""p"":0.001,""prllel_1q"":16,""prllel_2q"":4,""r"":20,""repump_cycles"":3,""seq_meas"":""True"",""seq_ops"":""True"",""swapLRC"":""False""}",
        95,         1,         0,    4.38,bposd,fc034e74c25f52c7dca5bec3ced3fbedd720fbeb24afc199749aab9c2019f874,"{""A"":""x2y0+x8y1"",""B"":""x0y1+x4y1+x14y1"",""b"":""X"",""d"":8,""excl_opp_detectors"":""True"",""k"":4,""l"":15,""leak_heralds"":""False"",""leak_repump"":""True"",""leakage"":""True"",""loss"":""True"",""m"":2,""n"":60,""noise"":""rl_helios"",""p"":0.001,""prllel_1q"":16,""prllel_2q"":4,""r"":20,""repump_cycles"":3,""seq_meas"":""True"",""seq_ops"":""True"",""swapLRC"":""False""}",
         2,         0,         0,   0.010,bposd,fc034e74c25f52c7dca5bec3ced3fbedd720fbeb24afc199749aab9c2019f874,"{""A"":""x2y0+x8y1"",""B"":""x0y1+x4y1+x14y1"",""b"":""X"",""d"":8,""excl_opp_detectors"":""True"",""k"":4,""l"":15,""leak_heralds"":""False"",""leak_repump"":""True"",""leakage"":""True"",""loss"":""True"",""m"":2,""n"":60,""noise"":""rl_helios"",""p"":0.001,""prllel_1q"":16,""prllel_2q"":4,""r"":20,""repump_cycles"":3,""seq_meas"":""True"",""seq_ops"":""True"",""swapLRC"":""False""}",
       101,         0,         0,    2.92,bposd,fc034e74c25f52c7dca5bec3ced3fbedd720fbeb24afc199749aab9c2019f874,"{""A"":""x2y0+x8y1"",""B"":""x0y1+x4y1+x14y1"",""b"":""X"",""d"":8,""excl_opp_detectors"":""True"",""k"":4,""l"":15,""leak_heralds"":""False"",""leak_repump"":""True"",""leakage"":""True"",""loss"":""True"",""m"":2,""n"":60,""noise"":""rl_helios"",""p"":0.001,""prllel_1q"":16,""prllel_2q"":4,""r"":20,""repump_cycles"":3,""seq_meas"":""True"",""seq_ops"":""True"",""swapLRC"":""False""}",
       144,         0,         0,    9.14,bposd,fc034e74c25f52c7dca5bec3ced3fbedd720fbeb24afc199749aab9c2019f874,"{""A"":""x2y0+x8y1"",""B"":""x0y1+x4y1+x14y1"",""b"":""X"",""d"":8,""excl_opp_detectors"":""True"",""k"":4,""l"":15,""leak_heralds"":""False"",""leak_repump"":""True"",""leakage"":""True"",""loss"":""True"",""m"":2,""n"":60,""noise"":""rl_helios"",""p"":0.001,""prllel_1q"":16,""prllel_2q"":4,""r"":20,""repump_cycles"":3,""seq_meas"":""True"",""seq_ops"":""True"",""swapLRC"":""False""}",
         5,         0,         0,   0.011,bposd,fc034e74c25f52c7dca5bec3ced3fbedd720fbeb24afc199749aab9c2019f874,"{""A"":""x2y0+x8y1"",""B"":""x0y1+x4y1+x14y1"",""b"":""X"",""d"":8,""excl_opp_detectors"":""True"",""k"":4,""l"":15,""leak_heralds"":""False"",""leak_repump"":""True"",""leakage"":""True"",""loss"":""True"",""m"":2,""n"":60,""noise"":""rl_helios"",""p"":0.001,""prllel_1q"":16,""prllel_2q"":4,""r"":20,""repump_cycles"":3,""seq_meas"":""True"",""seq_ops"":""True"",""swapLRC"":""False""}",
       144,         0,         0,    3.93,bposd,fc034e74c25f52c7dca5bec3ced3fbedd720fbeb24afc199749aab9c2019f874,"{""A"":""x2y0+x8y1"",""B"":""x0y1+x4y1+x14y1"",""b"":""X"",""d"":8,""excl_opp_detectors"":""True"",""k"":4,""l"":15,""leak_heralds"":""False"",""leak_repump"":""True"",""leakage"":""True"",""loss"":""True"",""m"":2,""n"":60,""noise"":""rl_helios"",""p"":0.001,""prllel_1q"":16,""prllel_2q"":4,""r"":20,""repump_cycles"":3,""seq_meas"":""True"",""seq_ops"":""True"",""swapLRC"":""False""}",
       512,         0,         0,    23.6,bposd,fc034e74c25f52c7dca5bec3ced3fbedd720fbeb24afc199749aab9c2019f874,"{""A"":""x2y0+x8y1"",""B"":""x0y1+x4y1+x14y1"",""b"":""X"",""d"":8,""excl_opp_detectors"":""True"",""k"":4,""l"":15,""leak_heralds"":""False"",""leak_repump"":""True"",""leakage"":""True"",""loss"":""True"",""m"":2,""n"":60,""noise"":""rl_helios"",""p"":0.001,""prllel_1q"":16,""prllel_2q"":4,""r"":20,""repump_cycles"":3,""seq_meas"":""True"",""seq_ops"":""True"",""swapLRC"":""False""}",
        59,         0,         0,    3.84,bposd,fc034e74c25f52c7dca5bec3ced3fbedd720fbeb24afc199749aab9c2019f874,"{""A"":""x2y0+x8y1"",""B"":""x0y1+x4y1+x14y1"",""b"":""X"",""d"":8,""excl_opp_detectors"":""True"",""k"":4,""l"":15,""leak_heralds"":""False"",""leak_repump"":""True"",""leakage"":""True"",""loss"":""True"",""m"":2,""n"":60,""noise"":""rl_helios"",""p"":0.001,""prllel_1q"":16,""prllel_2q"":4,""r"":20,""repump_cycles"":3,""seq_meas"":""True"",""seq_ops"":""True"",""swapLRC"":""False""}",
       850,         0,         0,    33.8,bposd,fc034e74c25f52c7dca5bec3ced3fbedd720fbeb24afc199749aab9c2019f874,"{""A"":""x2y0+x8y1"",""B"":""x0y1+x4y1+x14y1"",""b"":""X"",""d"":8,""excl_opp_detectors"":""True"",""k"":4,""l"":15,""leak_heralds"":""False"",""leak_repump"":""True"",""leakage"":""True"",""loss"":""True"",""m"":2,""n"":60,""noise"":""rl_helios"",""p"":0.001,""prllel_1q"":16,""prllel_2q"":4,""r"":20,""repump_cycles"":3,""seq_meas"":""True"",""seq_ops"":""True"",""swapLRC"":""False""}",
        67,         0,         0,   0.350,bposd,fc034e74c25f52c7dca5bec3ced3fbedd720fbeb24afc199749aab9c2019f874,"{""A"":""x2y0+x8y1"",""B"":""x0y1+x4y1+x14y1"",""b"":""X"",""d"":8,""excl_opp_detectors"":""True"",""k"":4,""l"":15,""leak_heralds"":""False"",""leak_repump"":""True"",""leakage"":""True"",""loss"":""True"",""m"":2,""n"":60,""noise"":""rl_helios"",""p"":0.001,""prllel_1q"":16,""prllel_2q"":4,""r"":20,""repump_cycles"":3,""seq_meas"":""True"",""seq_ops"":""True"",""swapLRC"":""False""}",
        43,         0,         0,    2.02,bposd,fc034e74c25f52c7dca5bec3ced3fbedd720fbeb24afc199749aab9c2019f874,"{""A"":""x2y0+x8y1"",""B"":""x0y1+x4y1+x14y1"",""b"":""X"",""d"":8,""excl_opp_detectors"":""True"",""k"":4,""l"":15,""leak_heralds"":""False"",""leak_repump"":""True"",""leakage"":""True"",""loss"":""True"",""m"":2,""n"":60,""noise"":""rl_helios"",""p"":0.001,""prllel_1q"":16,""prllel_2q"":4,""r"":20,""repump_cycles"":3,""seq_meas"":""True"",""seq_ops"":""True"",""swapLRC"":""False""}",
        49,         0,         0,    1.30,bposd,fc034e74c25f52c7dca5bec3ced3fbedd720fbeb24afc199749aab9c2019f874,"{""A"":""x2y0+x8y1"",""B"":""x0y1+x4y1+x14y1"",""b"":""X"",""d"":8,""excl_opp_detectors"":""True"",""k"":4,""l"":15,""leak_heralds"":""False"",""leak_repump"":""True"",""leakage"":""True"",""loss"":""True"",""m"":2,""n"":60,""noise"":""rl_helios"",""p"":0.001,""prllel_1q"":16,""prllel_2q"":4,""r"":20,""repump_cycles"":3,""seq_meas"":""True"",""seq_ops"":""True"",""swapLRC"":""False""}",
         3,         0,         0,   0.010,bposd,fc034e74c25f52c7dca5bec3ced3fbedd720fbeb24afc199749aab9c2019f874,"{""A"":""x2y0+x8y1"",""B"":""x0y1+x4y1+x14y1"",""b"":""X"",""d"":8,""excl_opp_detectors"":""True"",""k"":4,""l"":15,""leak_heralds"":""False"",""leak_repump"":""True"",""leakage"":""True"",""loss"":""True"",""m"":2,""n"":60,""noise"":""rl_helios"",""p"":0.001,""prllel_1q"":16,""prllel_2q"":4,""r"":20,""repump_cycles"":3,""seq_meas"":""True"",""seq_ops"":""True"",""swapLRC"":""False""}",
        40,         0,         0,   0.987,bposd,fc034e74c25f52c7dca5bec3ced3fbedd720fbeb24afc199749aab9c2019f874,"{""A"":""x2y0+x8y1"",""B"":""x0y1+x4y1+x14y1"",""b"":""X"",""d"":8,""excl_opp_detectors"":""True"",""k"":4,""l"":15,""leak_heralds"":""False"",""leak_repump"":""True"",""leakage"":""True"",""loss"":""True"",""m"":2,""n"":60,""noise"":""rl_helios"",""p"":0.001,""prllel_1q"":16,""prllel_2q"":4,""r"":20,""repump_cycles"":3,""seq_meas"":""True"",""seq_ops"":""True"",""swapLRC"":""False""}",
       167,         0,         0,    2.47,bposd,fc034e74c25f52c7dca5bec3ced3fbedd720fbeb24afc199749aab9c2019f874,"{""A"":""x2y0+x8y1"",""B"":""x0y1+x4y1+x14y1"",""b"":""X"",""d"":8,""excl_opp_detectors"":""True"",""k"":4,""l"":15,""leak_heralds"":""False"",""leak_repump"":""True"",""leakage"":""True"",""loss"":""True"",""m"":2,""n"":60,""noise"":""rl_helios"",""p"":0.001,""prllel_1q"":16,""prllel_2q"":4,""r"":20,""repump_cycles"":3,""seq_meas"":""True"",""seq_ops"":""True"",""swapLRC"":""False""}",
       382,         0,         0,    22.0,bposd,fc034e74c25f52c7dca5bec3ced3fbedd720fbeb24afc199749aab9c2019f874,"{""A"":""x2y0+x8y1"",""B"":""x0y1+x4y1+x14y1"",""b"":""X"",""d"":8,""excl_opp_detectors"":""True"",""k"":4,""l"":15,""leak_heralds"":""False"",""leak_repump"":""True"",""leakage"":""True"",""loss"":""True"",""m"":2,""n"":60,""noise"":""rl_helios"",""p"":0.001,""prllel_1q"":16,""prllel_2q"":4,""r"":20,""repump_cycles"":3,""seq_meas"":""True"",""seq_ops"":""True"",""swapLRC"":""False""}",
       128,         0,         0,    6.00,bposd,fc034e74c25f52c7dca5bec3ced3fbedd720fbeb24afc199749aab9c2019f874,"{""A"":""x2y0+x8y1"",""B"":""x0y1+x4y1+x14y1"",""b"":""X"",""d"":8,""excl_opp_detectors"":""True"",""k"":4,""l"":15,""leak_heralds"":""False"",""leak_repump"":""True"",""leakage"":""True"",""loss"":""True"",""m"":2,""n"":60,""noise"":""rl_helios"",""p"":0.001,""prllel_1q"":16,""prllel_2q"":4,""r"":20,""repump_cycles"":3,""seq_meas"":""True"",""seq_ops"":""True"",""swapLRC"":""False""}",
        59,         0,         0,   0.149,bposd,fc034e74c25f52c7dca5bec3ced3fbedd720fbeb24afc199749aab9c2019f874,"{""A"":""x2y0+x8y1"",""B"":""x0y1+x4y1+x14y1"",""b"":""X"",""d"":8,""excl_opp_detectors"":""True"",""k"":4,""l"":15,""leak_heralds"":""False"",""leak_repump"":""True"",""leakage"":""True"",""loss"":""True"",""m"":2,""n"":60,""noise"":""rl_helios"",""p"":0.001,""prllel_1q"":16,""prllel_2q"":4,""r"":20,""repump_cycles"":3,""seq_meas"":""True"",""seq_ops"":""True"",""swapLRC"":""False""}",
        16,         0,         0,   0.021,bposd,fc034e74c25f52c7dca5bec3ced3fbedd720fbeb24afc199749aab9c2019f874,"{""A"":""x2y0+x8y1"",""B"":""x0y1+x4y1+x14y1"",""b"":""X"",""d"":8,""excl_opp_detectors"":""True"",""k"":4,""l"":15,""leak_heralds"":""False"",""leak_repump"":""True"",""leakage"":""True"",""loss"":""True"",""m"":2,""n"":60,""noise"":""rl_helios"",""p"":0.001,""prllel_1q"":16,""prllel_2q"":4,""r"":20,""repump_cycles"":3,""seq_meas"":""True"",""seq_ops"":""True"",""swapLRC"":""False""}",
         2,         0,         0,   0.009,bposd,fc034e74c25f52c7dca5bec3ced3fbedd720fbeb24afc199749aab9c2019f874,"{""A"":""x2y0+x8y1"",""B"":""x0y1+x4y1+x14y1"",""b"":""X"",""d"":8,""excl_opp_detectors"":""True"",""k"":4,""l"":15,""leak_heralds"":""False"",""leak_repump"":""True"",""leakage"":""True"",""loss"":""True"",""m"":2,""n"":60,""noise"":""rl_helios"",""p"":0.001,""prllel_1q"":16,""prllel_2q"":4,""r"":20,""repump_cycles"":3,""seq_meas"":""True"",""seq_ops"":""True"",""swapLRC"":""False""}",
        32,         0,         0,   0.112,bposd,fc034e74c25f52c7dca5bec3ced3fbedd720fbeb24afc199749aab9c2019f874,"{""A"":""x2y0+x8y1"",""B"":""x0y1+x4y1+x14y1"",""b"":""X"",""d"":8,""excl_opp_detectors"":""True"",""k"":4,""l"":15,""leak_heralds"":""False"",""leak_repump"":""True"",""leakage"":""True"",""loss"":""True"",""m"":2,""n"":60,""noise"":""rl_helios"",""p"":0.001,""prllel_1q"":16,""prllel_2q"":4,""r"":20,""repump_cycles"":3,""seq_meas"":""True"",""seq_ops"":""True"",""swapLRC"":""False""}",
       256,         0,         0,    14.6,bposd,fc034e74c25f52c7dca5bec3ced3fbedd720fbeb24afc199749aab9c2019f874,"{""A"":""x2y0+x8y1"",""B"":""x0y1+x4y1+x14y1"",""b"":""X"",""d"":8,""excl_opp_detectors"":""True"",""k"":4,""l"":15,""leak_heralds"":""False"",""leak_repump"":""True"",""leakage"":""True"",""loss"":""True"",""m"":2,""n"":60,""noise"":""rl_helios"",""p"":0.001,""prllel_1q"":16,""prllel_2q"":4,""r"":20,""repump_cycles"":3,""seq_meas"":""True"",""seq_ops"":""True"",""swapLRC"":""False""}",
        84,         0,         0,    6.87,bposd,fc034e74c25f52c7dca5bec3ced3fbedd720fbeb24afc199749aab9c2019f874,"{""A"":""x2y0+x8y1"",""B"":""x0y1+x4y1+x14y1"",""b"":""X"",""d"":8,""excl_opp_detectors"":""True"",""k"":4,""l"":15,""leak_heralds"":""False"",""leak_repump"":""True"",""leakage"":""True"",""loss"":""True"",""m"":2,""n"":60,""noise"":""rl_helios"",""p"":0.001,""prllel_1q"":16,""prllel_2q"":4,""r"":20,""repump_cycles"":3,""seq_meas"":""True"",""seq_ops"":""True"",""swapLRC"":""False""}",
        26,         0,         0,    3.13,bposd,fc034e74c25f52c7dca5bec3ced3fbedd720fbeb24afc199749aab9c2019f874,"{""A"":""x2y0+x8y1"",""B"":""x0y1+x4y1+x14y1"",""b"":""X"",""d"":8,""excl_opp_detectors"":""True"",""k"":4,""l"":15,""leak_heralds"":""False"",""leak_repump"":""True"",""leakage"":""True"",""loss"":""True"",""m"":2,""n"":60,""noise"":""rl_helios"",""p"":0.001,""prllel_1q"":16,""prllel_2q"":4,""r"":20,""repump_cycles"":3,""seq_meas"":""True"",""seq_ops"":""True"",""swapLRC"":""False""}",
       240,         0,         0,    18.9,bposd,fc034e74c25f52c7dca5bec3ced3fbedd720fbeb24afc199749aab9c2019f874,"{""A"":""x2y0+x8y1"",""B"":""x0y1+x4y1+x14y1"",""b"":""X"",""d"":8,""excl_opp_detectors"":""True"",""k"":4,""l"":15,""leak_heralds"":""False"",""leak_repump"":""True"",""leakage"":""True"",""loss"":""True"",""m"":2,""n"":60,""noise"":""rl_helios"",""p"":0.001,""prllel_1q"":16,""prllel_2q"":4,""r"":20,""repump_cycles"":3,""seq_meas"":""True"",""seq_ops"":""True"",""swapLRC"":""False""}",
       184,         0,         0,    7.01,bposd,fc034e74c25f52c7dca5bec3ced3fbedd720fbeb24afc199749aab9c2019f874,"{""A"":""x2y0+x8y1"",""B"":""x0y1+x4y1+x14y1"",""b"":""X"",""d"":8,""excl_opp_detectors"":""True"",""k"":4,""l"":15,""leak_heralds"":""False"",""leak_repump"":""True"",""leakage"":""True"",""loss"":""True"",""m"":2,""n"":60,""noise"":""rl_helios"",""p"":0.001,""prllel_1q"":16,""prllel_2q"":4,""r"":20,""repump_cycles"":3,""seq_meas"":""True"",""seq_ops"":""True"",""swapLRC"":""False""}",
        23,         0,         0,   0.034,bposd,fc034e74c25f52c7dca5bec3ced3fbedd720fbeb24afc199749aab9c2019f874,"{""A"":""x2y0+x8y1"",""B"":""x0y1+x4y1+x14y1"",""b"":""X"",""d"":8,""excl_opp_detectors"":""True"",""k"":4,""l"":15,""leak_heralds"":""False"",""leak_repump"":""True"",""leakage"":""True"",""loss"":""True"",""m"":2,""n"":60,""noise"":""rl_helios"",""p"":0.001,""prllel_1q"":16,""prllel_2q"":4,""r"":20,""repump_cycles"":3,""seq_meas"":""True"",""seq_ops"":""True"",""swapLRC"":""False""}",
         1,         0,         0,   0.009,bposd,fc034e74c25f52c7dca5bec3ced3fbedd720fbeb24afc199749aab9c2019f874,"{""A"":""x2y0+x8y1"",""B"":""x0y1+x4y1+x14y1"",""b"":""X"",""d"":8,""excl_opp_detectors"":""True"",""k"":4,""l"":15,""leak_heralds"":""False"",""leak_repump"":""True"",""leakage"":""True"",""loss"":""True"",""m"":2,""n"":60,""noise"":""rl_helios"",""p"":0.001,""prllel_1q"":16,""prllel_2q"":4,""r"":20,""repump_cycles"":3,""seq_meas"":""True"",""seq_ops"":""True"",""swapLRC"":""False""}",
       221,         0,         0,    2.24,bposd,fc034e74c25f52c7dca5bec3ced3fbedd720fbeb24afc199749aab9c2019f874,"{""A"":""x2y0+x8y1"",""B"":""x0y1+x4y1+x14y1"",""b"":""X"",""d"":8,""excl_opp_detectors"":""True"",""k"":4,""l"":15,""leak_heralds"":""False"",""leak_repump"":""True"",""leakage"":""True"",""loss"":""True"",""m"":2,""n"":60,""noise"":""rl_helios"",""p"":0.001,""prllel_1q"":16,""prllel_2q"":4,""r"":20,""repump_cycles"":3,""seq_meas"":""True"",""seq_ops"":""True"",""swapLRC"":""False""}",
        67,         0,         0,   0.150,bposd,fc034e74c25f52c7dca5bec3ced3fbedd720fbeb24afc199749aab9c2019f874,"{""A"":""x2y0+x8y1"",""B"":""x0y1+x4y1+x14y1"",""b"":""X"",""d"":8,""excl_opp_detectors"":""True"",""k"":4,""l"":15,""leak_heralds"":""False"",""leak_repump"":""True"",""leakage"":""True"",""loss"":""True"",""m"":2,""n"":60,""noise"":""rl_helios"",""p"":0.001,""prllel_1q"":16,""prllel_2q"":4,""r"":20,""repump_cycles"":3,""seq_meas"":""True"",""seq_ops"":""True"",""swapLRC"":""False""}",
       232,         0,         0,    11.6,bposd,fc034e74c25f52c7dca5bec3ced3fbedd720fbeb24afc199749aab9c2019f874,"{""A"":""x2y0+x8y1"",""B"":""x0y1+x4y1+x14y1"",""b"":""X"",""d"":8,""excl_opp_detectors"":""True"",""k"":4,""l"":15,""leak_heralds"":""False"",""leak_repump"":""True"",""leakage"":""True"",""loss"":""True"",""m"":2,""n"":60,""noise"":""rl_helios"",""p"":0.001,""prllel_1q"":16,""prllel_2q"":4,""r"":20,""repump_cycles"":3,""seq_meas"":""True"",""seq_ops"":""True"",""swapLRC"":""False""}",
         7,         0,         0,   0.024,bposd,fc034e74c25f52c7dca5bec3ced3fbedd720fbeb24afc199749aab9c2019f874,"{""A"":""x2y0+x8y1"",""B"":""x0y1+x4y1+x14y1"",""b"":""X"",""d"":8,""excl_opp_detectors"":""True"",""k"":4,""l"":15,""leak_heralds"":""False"",""leak_repump"":""True"",""leakage"":""True"",""loss"":""True"",""m"":2,""n"":60,""noise"":""rl_helios"",""p"":0.001,""prllel_1q"":16,""prllel_2q"":4,""r"":20,""repump_cycles"":3,""seq_meas"":""True"",""seq_ops"":""True"",""swapLRC"":""False""}",
        26,         0,         0,   0.053,bposd,fc034e74c25f52c7dca5bec3ced3fbedd720fbeb24afc199749aab9c2019f874,"{""A"":""x2y0+x8y1"",""B"":""x0y1+x4y1+x14y1"",""b"":""X"",""d"":8,""excl_opp_detectors"":""True"",""k"":4,""l"":15,""leak_heralds"":""False"",""leak_repump"":""True"",""leakage"":""True"",""loss"":""True"",""m"":2,""n"":60,""noise"":""rl_helios"",""p"":0.001,""prllel_1q"":16,""prllel_2q"":4,""r"":20,""repump_cycles"":3,""seq_meas"":""True"",""seq_ops"":""True"",""swapLRC"":""False""}",
        39,         0,         0,    1.85,bposd,fc034e74c25f52c7dca5bec3ced3fbedd720fbeb24afc199749aab9c2019f874,"{""A"":""x2y0+x8y1"",""B"":""x0y1+x4y1+x14y1"",""b"":""X"",""d"":8,""excl_opp_detectors"":""True"",""k"":4,""l"":15,""leak_heralds"":""False"",""leak_repump"":""True"",""leakage"":""True"",""loss"":""True"",""m"":2,""n"":60,""noise"":""rl_helios"",""p"":0.001,""prllel_1q"":16,""prllel_2q"":4,""r"":20,""repump_cycles"":3,""seq_meas"":""True"",""seq_ops"":""True"",""swapLRC"":""False""}",
        47,         0,         0,    4.81,bposd,fc034e74c25f52c7dca5bec3ced3fbedd720fbeb24afc199749aab9c2019f874,"{""A"":""x2y0+x8y1"",""B"":""x0y1+x4y1+x14y1"",""b"":""X"",""d"":8,""excl_opp_detectors"":""True"",""k"":4,""l"":15,""leak_heralds"":""False"",""leak_repump"":""True"",""leakage"":""True"",""loss"":""True"",""m"":2,""n"":60,""noise"":""rl_helios"",""p"":0.001,""prllel_1q"":16,""prllel_2q"":4,""r"":20,""repump_cycles"":3,""seq_meas"":""True"",""seq_ops"":""True"",""swapLRC"":""False""}",
       276,         0,         0,    15.0,bposd,fc034e74c25f52c7dca5bec3ced3fbedd720fbeb24afc199749aab9c2019f874,"{""A"":""x2y0+x8y1"",""B"":""x0y1+x4y1+x14y1"",""b"":""X"",""d"":8,""excl_opp_detectors"":""True"",""k"":4,""l"":15,""leak_heralds"":""False"",""leak_repump"":""True"",""leakage"":""True"",""loss"":""True"",""m"":2,""n"":60,""noise"":""rl_helios"",""p"":0.001,""prllel_1q"":16,""prllel_2q"":4,""r"":20,""repump_cycles"":3,""seq_meas"":""True"",""seq_ops"":""True"",""swapLRC"":""False""}",
        34,         0,         0,    1.77,bposd,fc034e74c25f52c7dca5bec3ced3fbedd720fbeb24afc199749aab9c2019f874,"{""A"":""x2y0+x8y1"",""B"":""x0y1+x4y1+x14y1"",""b"":""X"",""d"":8,""excl_opp_detectors"":""True"",""k"":4,""l"":15,""leak_heralds"":""False"",""leak_repump"":""True"",""leakage"":""True"",""loss"":""True"",""m"":2,""n"":60,""noise"":""rl_helios"",""p"":0.001,""prllel_1q"":16,""prllel_2q"":4,""r"":20,""repump_cycles"":3,""seq_meas"":""True"",""seq_ops"":""True"",""swapLRC"":""False""}",
       160,         0,         0,    9.61,bposd,fc034e74c25f52c7dca5bec3ced3fbedd720fbeb24afc199749aab9c2019f874,"{""A"":""x2y0+x8y1"",""B"":""x0y1+x4y1+x14y1"",""b"":""X"",""d"":8,""excl_opp_detectors"":""True"",""k"":4,""l"":15,""leak_heralds"":""False"",""leak_repump"":""True"",""leakage"":""True"",""loss"":""True"",""m"":2,""n"":60,""noise"":""rl_helios"",""p"":0.001,""prllel_1q"":16,""prllel_2q"":4,""r"":20,""repump_cycles"":3,""seq_meas"":""True"",""seq_ops"":""True"",""swapLRC"":""False""}",
         9,         0,         0,   0.014,bposd,fc034e74c25f52c7dca5bec3ced3fbedd720fbeb24afc199749aab9c2019f874,"{""A"":""x2y0+x8y1"",""B"":""x0y1+x4y1+x14y1"",""b"":""X"",""d"":8,""excl_opp_detectors"":""True"",""k"":4,""l"":15,""leak_heralds"":""False"",""leak_repump"":""True"",""leakage"":""True"",""loss"":""True"",""m"":2,""n"":60,""noise"":""rl_helios"",""p"":0.001,""prllel_1q"":16,""prllel_2q"":4,""r"":20,""repump_cycles"":3,""seq_meas"":""True"",""seq_ops"":""True"",""swapLRC"":""False""}",
         1,         0,         0,   0.009,bposd,fc034e74c25f52c7dca5bec3ced3fbedd720fbeb24afc199749aab9c2019f874,"{""A"":""x2y0+x8y1"",""B"":""x0y1+x4y1+x14y1"",""b"":""X"",""d"":8,""excl_opp_detectors"":""True"",""k"":4,""l"":15,""leak_heralds"":""False"",""leak_repump"":""True"",""leakage"":""True"",""loss"":""True"",""m"":2,""n"":60,""noise"":""rl_helios"",""p"":0.001,""prllel_1q"":16,""prllel_2q"":4,""r"":20,""repump_cycles"":3,""seq_meas"":""True"",""seq_ops"":""True"",""swapLRC"":""False""}",
         4,         0,         0,    1.28,bposd,fc034e74c25f52c7dca5bec3ced3fbedd720fbeb24afc199749aab9c2019f874,"{""A"":""x2y0+x8y1"",""B"":""x0y1+x4y1+x14y1"",""b"":""X"",""d"":8,""excl_opp_detectors"":""True"",""k"":4,""l"":15,""leak_heralds"":""False"",""leak_repump"":""True"",""leakage"":""True"",""loss"":""True"",""m"":2,""n"":60,""noise"":""rl_helios"",""p"":0.001,""prllel_1q"":16,""prllel_2q"":4,""r"":20,""repump_cycles"":3,""seq_meas"":""True"",""seq_ops"":""True"",""swapLRC"":""False""}",
         2,         0,         0,   0.009,bposd,fc034e74c25f52c7dca5bec3ced3fbedd720fbeb24afc199749aab9c2019f874,"{""A"":""x2y0+x8y1"",""B"":""x0y1+x4y1+x14y1"",""b"":""X"",""d"":8,""excl_opp_detectors"":""True"",""k"":4,""l"":15,""leak_heralds"":""False"",""leak_repump"":""True"",""leakage"":""True"",""loss"":""True"",""m"":2,""n"":60,""noise"":""rl_helios"",""p"":0.001,""prllel_1q"":16,""prllel_2q"":4,""r"":20,""repump_cycles"":3,""seq_meas"":""True"",""seq_ops"":""True"",""swapLRC"":""False""}",
       133,         0,         0,    11.7,bposd,fc034e74c25f52c7dca5bec3ced3fbedd720fbeb24afc199749aab9c2019f874,"{""A"":""x2y0+x8y1"",""B"":""x0y1+x4y1+x14y1"",""b"":""X"",""d"":8,""excl_opp_detectors"":""True"",""k"":4,""l"":15,""leak_heralds"":""False"",""leak_repump"":""True"",""leakage"":""True"",""loss"":""True"",""m"":2,""n"":60,""noise"":""rl_helios"",""p"":0.001,""prllel_1q"":16,""prllel_2q"":4,""r"":20,""repump_cycles"":3,""seq_meas"":""True"",""seq_ops"":""True"",""swapLRC"":""False""}",
        47,         0,         0,    4.52,bposd,fc034e74c25f52c7dca5bec3ced3fbedd720fbeb24afc199749aab9c2019f874,"{""A"":""x2y0+x8y1"",""B"":""x0y1+x4y1+x14y1"",""b"":""X"",""d"":8,""excl_opp_detectors"":""True"",""k"":4,""l"":15,""leak_heralds"":""False"",""leak_repump"":""True"",""leakage"":""True"",""loss"":""True"",""m"":2,""n"":60,""noise"":""rl_helios"",""p"":0.001,""prllel_1q"":16,""prllel_2q"":4,""r"":20,""repump_cycles"":3,""seq_meas"":""True"",""seq_ops"":""True"",""swapLRC"":""False""}",
       186,         0,         0,    14.6,bposd,fc034e74c25f52c7dca5bec3ced3fbedd720fbeb24afc199749aab9c2019f874,"{""A"":""x2y0+x8y1"",""B"":""x0y1+x4y1+x14y1"",""b"":""X"",""d"":8,""excl_opp_detectors"":""True"",""k"":4,""l"":15,""leak_heralds"":""False"",""leak_repump"":""True"",""leakage"":""True"",""loss"":""True"",""m"":2,""n"":60,""noise"":""rl_helios"",""p"":0.001,""prllel_1q"":16,""prllel_2q"":4,""r"":20,""repump_cycles"":3,""seq_meas"":""True"",""seq_ops"":""True"",""swapLRC"":""False""}",
         1,         0,         0,   0.009,bposd,fc034e74c25f52c7dca5bec3ced3fbedd720fbeb24afc199749aab9c2019f874,"{""A"":""x2y0+x8y1"",""B"":""x0y1+x4y1+x14y1"",""b"":""X"",""d"":8,""excl_opp_detectors"":""True"",""k"":4,""l"":15,""leak_heralds"":""False"",""leak_repump"":""True"",""leakage"":""True"",""loss"":""True"",""m"":2,""n"":60,""noise"":""rl_helios"",""p"":0.001,""prllel_1q"":16,""prllel_2q"":4,""r"":20,""repump_cycles"":3,""seq_meas"":""True"",""seq_ops"":""True"",""swapLRC"":""False""}",
       176,         0,         0,    13.3,bposd,fc034e74c25f52c7dca5bec3ced3fbedd720fbeb24afc199749aab9c2019f874,"{""A"":""x2y0+x8y1"",""B"":""x0y1+x4y1+x14y1"",""b"":""X"",""d"":8,""excl_opp_detectors"":""True"",""k"":4,""l"":15,""leak_heralds"":""False"",""leak_repump"":""True"",""leakage"":""True"",""loss"":""True"",""m"":2,""n"":60,""noise"":""rl_helios"",""p"":0.001,""prllel_1q"":16,""prllel_2q"":4,""r"":20,""repump_cycles"":3,""seq_meas"":""True"",""seq_ops"":""True"",""swapLRC"":""False""}",
         1,         0,         0,   0.009,bposd,fc034e74c25f52c7dca5bec3ced3fbedd720fbeb24afc199749aab9c2019f874,"{""A"":""x2y0+x8y1"",""B"":""x0y1+x4y1+x14y1"",""b"":""X"",""d"":8,""excl_opp_detectors"":""True"",""k"":4,""l"":15,""leak_heralds"":""False"",""leak_repump"":""True"",""leakage"":""True"",""loss"":""True"",""m"":2,""n"":60,""noise"":""rl_helios"",""p"":0.001,""prllel_1q"":16,""prllel_2q"":4,""r"":20,""repump_cycles"":3,""seq_meas"":""True"",""seq_ops"":""True"",""swapLRC"":""False""}",
       111,         0,         0,    4.11,bposd,fc034e74c25f52c7dca5bec3ced3fbedd720fbeb24afc199749aab9c2019f874,"{""A"":""x2y0+x8y1"",""B"":""x0y1+x4y1+x14y1"",""b"":""X"",""d"":8,""excl_opp_detectors"":""True"",""k"":4,""l"":15,""leak_heralds"":""False"",""leak_repump"":""True"",""leakage"":""True"",""loss"":""True"",""m"":2,""n"":60,""noise"":""rl_helios"",""p"":0.001,""prllel_1q"":16,""prllel_2q"":4,""r"":20,""repump_cycles"":3,""seq_meas"":""True"",""seq_ops"":""True"",""swapLRC"":""False""}",
       131,         0,         0,    5.83,bposd,fc034e74c25f52c7dca5bec3ced3fbedd720fbeb24afc199749aab9c2019f874,"{""A"":""x2y0+x8y1"",""B"":""x0y1+x4y1+x14y1"",""b"":""X"",""d"":8,""excl_opp_detectors"":""True"",""k"":4,""l"":15,""leak_heralds"":""False"",""leak_repump"":""True"",""leakage"":""True"",""loss"":""True"",""m"":2,""n"":60,""noise"":""rl_helios"",""p"":0.001,""prllel_1q"":16,""prllel_2q"":4,""r"":20,""repump_cycles"":3,""seq_meas"":""True"",""seq_ops"":""True"",""swapLRC"":""False""}",
       100,         0,         0,    10.1,bposd,fc034e74c25f52c7dca5bec3ced3fbedd720fbeb24afc199749aab9c2019f874,"{""A"":""x2y0+x8y1"",""B"":""x0y1+x4y1+x14y1"",""b"":""X"",""d"":8,""excl_opp_detectors"":""True"",""k"":4,""l"":15,""leak_heralds"":""False"",""leak_repump"":""True"",""leakage"":""True"",""loss"":""True"",""m"":2,""n"":60,""noise"":""rl_helios"",""p"":0.001,""prllel_1q"":16,""prllel_2q"":4,""r"":20,""repump_cycles"":3,""seq_meas"":""True"",""seq_ops"":""True"",""swapLRC"":""False""}",
        69,         0,         0,    2.29,bposd,fc034e74c25f52c7dca5bec3ced3fbedd720fbeb24afc199749aab9c2019f874,"{""A"":""x2y0+x8y1"",""B"":""x0y1+x4y1+x14y1"",""b"":""X"",""d"":8,""excl_opp_detectors"":""True"",""k"":4,""l"":15,""leak_heralds"":""False"",""leak_repump"":""True"",""leakage"":""True"",""loss"":""True"",""m"":2,""n"":60,""noise"":""rl_helios"",""p"":0.001,""prllel_1q"":16,""prllel_2q"":4,""r"":20,""repump_cycles"":3,""seq_meas"":""True"",""seq_ops"":""True"",""swapLRC"":""False""}",
       316,         0,         0,    22.5,bposd,fc034e74c25f52c7dca5bec3ced3fbedd720fbeb24afc199749aab9c2019f874,"{""A"":""x2y0+x8y1"",""B"":""x0y1+x4y1+x14y1"",""b"":""X"",""d"":8,""excl_opp_detectors"":""True"",""k"":4,""l"":15,""leak_heralds"":""False"",""leak_repump"":""True"",""leakage"":""True"",""loss"":""True"",""m"":2,""n"":60,""noise"":""rl_helios"",""p"":0.001,""prllel_1q"":16,""prllel_2q"":4,""r"":20,""repump_cycles"":3,""seq_meas"":""True"",""seq_ops"":""True"",""swapLRC"":""False""}",
        64,         0,         0,    2.90,bposd,fc034e74c25f52c7dca5bec3ced3fbedd720fbeb24afc199749aab9c2019f874,"{""A"":""x2y0+x8y1"",""B"":""x0y1+x4y1+x14y1"",""b"":""X"",""d"":8,""excl_opp_detectors"":""True"",""k"":4,""l"":15,""leak_heralds"":""False"",""leak_repump"":""True"",""leakage"":""True"",""loss"":""True"",""m"":2,""n"":60,""noise"":""rl_helios"",""p"":0.001,""prllel_1q"":16,""prllel_2q"":4,""r"":20,""repump_cycles"":3,""seq_meas"":""True"",""seq_ops"":""True"",""swapLRC"":""False""}",
         1,         0,         0,   0.009,bposd,fc034e74c25f52c7dca5bec3ced3fbedd720fbeb24afc199749aab9c2019f874,"{""A"":""x2y0+x8y1"",""B"":""x0y1+x4y1+x14y1"",""b"":""X"",""d"":8,""excl_opp_detectors"":""True"",""k"":4,""l"":15,""leak_heralds"":""False"",""leak_repump"":""True"",""leakage"":""True"",""loss"":""True"",""m"":2,""n"":60,""noise"":""rl_helios"",""p"":0.001,""prllel_1q"":16,""prllel_2q"":4,""r"":20,""repump_cycles"":3,""seq_meas"":""True"",""seq_ops"":""True"",""swapLRC"":""False""}",
         5,         0,         0,    1.21,bposd,fc034e74c25f52c7dca5bec3ced3fbedd720fbeb24afc199749aab9c2019f874,"{""A"":""x2y0+x8y1"",""B"":""x0y1+x4y1+x14y1"",""b"":""X"",""d"":8,""excl_opp_detectors"":""True"",""k"":4,""l"":15,""leak_heralds"":""False"",""leak_repump"":""True"",""leakage"":""True"",""loss"":""True"",""m"":2,""n"":60,""noise"":""rl_helios"",""p"":0.001,""prllel_1q"":16,""prllel_2q"":4,""r"":20,""repump_cycles"":3,""seq_meas"":""True"",""seq_ops"":""True"",""swapLRC"":""False""}",
       272,         0,         0,    12.3,bposd,fc034e74c25f52c7dca5bec3ced3fbedd720fbeb24afc199749aab9c2019f874,"{""A"":""x2y0+x8y1"",""B"":""x0y1+x4y1+x14y1"",""b"":""X"",""d"":8,""excl_opp_detectors"":""True"",""k"":4,""l"":15,""leak_heralds"":""False"",""leak_repump"":""True"",""leakage"":""True"",""loss"":""True"",""m"":2,""n"":60,""noise"":""rl_helios"",""p"":0.001,""prllel_1q"":16,""prllel_2q"":4,""r"":20,""repump_cycles"":3,""seq_meas"":""True"",""seq_ops"":""True"",""swapLRC"":""False""}",
        39,         0,         0,    1.19,bposd,fc034e74c25f52c7dca5bec3ced3fbedd720fbeb24afc199749aab9c2019f874,"{""A"":""x2y0+x8y1"",""B"":""x0y1+x4y1+x14y1"",""b"":""X"",""d"":8,""excl_opp_detectors"":""True"",""k"":4,""l"":15,""leak_heralds"":""False"",""leak_repump"":""True"",""leakage"":""True"",""loss"":""True"",""m"":2,""n"":60,""noise"":""rl_helios"",""p"":0.001,""prllel_1q"":16,""prllel_2q"":4,""r"":20,""repump_cycles"":3,""seq_meas"":""True"",""seq_ops"":""True"",""swapLRC"":""False""}",
        39,         0,         0,    1.93,bposd,fc034e74c25f52c7dca5bec3ced3fbedd720fbeb24afc199749aab9c2019f874,"{""A"":""x2y0+x8y1"",""B"":""x0y1+x4y1+x14y1"",""b"":""X"",""d"":8,""excl_opp_detectors"":""True"",""k"":4,""l"":15,""leak_heralds"":""False"",""leak_repump"":""True"",""leakage"":""True"",""loss"":""True"",""m"":2,""n"":60,""noise"":""rl_helios"",""p"":0.001,""prllel_1q"":16,""prllel_2q"":4,""r"":20,""repump_cycles"":3,""seq_meas"":""True"",""seq_ops"":""True"",""swapLRC"":""False""}",
       873,         1,         0,    39.7,bposd,fc034e74c25f52c7dca5bec3ced3fbedd720fbeb24afc199749aab9c2019f874,"{""A"":""x2y0+x8y1"",""B"":""x0y1+x4y1+x14y1"",""b"":""X"",""d"":8,""excl_opp_detectors"":""True"",""k"":4,""l"":15,""leak_heralds"":""False"",""leak_repump"":""True"",""leakage"":""True"",""loss"":""True"",""m"":2,""n"":60,""noise"":""rl_helios"",""p"":0.001,""prllel_1q"":16,""prllel_2q"":4,""r"":20,""repump_cycles"":3,""seq_meas"":""True"",""seq_ops"":""True"",""swapLRC"":""False""}",
         1,         0,         0,   0.010,bposd,fc034e74c25f52c7dca5bec3ced3fbedd720fbeb24afc199749aab9c2019f874,"{""A"":""x2y0+x8y1"",""B"":""x0y1+x4y1+x14y1"",""b"":""X"",""d"":8,""excl_opp_detectors"":""True"",""k"":4,""l"":15,""leak_heralds"":""False"",""leak_repump"":""True"",""leakage"":""True"",""loss"":""True"",""m"":2,""n"":60,""noise"":""rl_helios"",""p"":0.001,""prllel_1q"":16,""prllel_2q"":4,""r"":20,""repump_cycles"":3,""seq_meas"":""True"",""seq_ops"":""True"",""swapLRC"":""False""}",
        16,         0,         0,   0.031,bposd,fc034e74c25f52c7dca5bec3ced3fbedd720fbeb24afc199749aab9c2019f874,"{""A"":""x2y0+x8y1"",""B"":""x0y1+x4y1+x14y1"",""b"":""X"",""d"":8,""excl_opp_detectors"":""True"",""k"":4,""l"":15,""leak_heralds"":""False"",""leak_repump"":""True"",""leakage"":""True"",""loss"":""True"",""m"":2,""n"":60,""noise"":""rl_helios"",""p"":0.001,""prllel_1q"":16,""prllel_2q"":4,""r"":20,""repump_cycles"":3,""seq_meas"":""True"",""seq_ops"":""True"",""swapLRC"":""False""}",
         1,         0,         0,   0.009,bposd,fc034e74c25f52c7dca5bec3ced3fbedd720fbeb24afc199749aab9c2019f874,"{""A"":""x2y0+x8y1"",""B"":""x0y1+x4y1+x14y1"",""b"":""X"",""d"":8,""excl_opp_detectors"":""True"",""k"":4,""l"":15,""leak_heralds"":""False"",""leak_repump"":""True"",""leakage"":""True"",""loss"":""True"",""m"":2,""n"":60,""noise"":""rl_helios"",""p"":0.001,""prllel_1q"":16,""prllel_2q"":4,""r"":20,""repump_cycles"":3,""seq_meas"":""True"",""seq_ops"":""True"",""swapLRC"":""False""}",
         1,         0,         0,   0.009,bposd,fc034e74c25f52c7dca5bec3ced3fbedd720fbeb24afc199749aab9c2019f874,"{""A"":""x2y0+x8y1"",""B"":""x0y1+x4y1+x14y1"",""b"":""X"",""d"":8,""excl_opp_detectors"":""True"",""k"":4,""l"":15,""leak_heralds"":""False"",""leak_repump"":""True"",""leakage"":""True"",""loss"":""True"",""m"":2,""n"":60,""noise"":""rl_helios"",""p"":0.001,""prllel_1q"":16,""prllel_2q"":4,""r"":20,""repump_cycles"":3,""seq_meas"":""True"",""seq_ops"":""True"",""swapLRC"":""False""}",
        16,         0,         0,   0.018,bposd,fc034e74c25f52c7dca5bec3ced3fbedd720fbeb24afc199749aab9c2019f874,"{""A"":""x2y0+x8y1"",""B"":""x0y1+x4y1+x14y1"",""b"":""X"",""d"":8,""excl_opp_detectors"":""True"",""k"":4,""l"":15,""leak_heralds"":""False"",""leak_repump"":""True"",""leakage"":""True"",""loss"":""True"",""m"":2,""n"":60,""noise"":""rl_helios"",""p"":0.001,""prllel_1q"":16,""prllel_2q"":4,""r"":20,""repump_cycles"":3,""seq_meas"":""True"",""seq_ops"":""True"",""swapLRC"":""False""}",
        17,         0,         0,   0.025,bposd,fc034e74c25f52c7dca5bec3ced3fbedd720fbeb24afc199749aab9c2019f874,"{""A"":""x2y0+x8y1"",""B"":""x0y1+x4y1+x14y1"",""b"":""X"",""d"":8,""excl_opp_detectors"":""True"",""k"":4,""l"":15,""leak_heralds"":""False"",""leak_repump"":""True"",""leakage"":""True"",""loss"":""True"",""m"":2,""n"":60,""noise"":""rl_helios"",""p"":0.001,""prllel_1q"":16,""prllel_2q"":4,""r"":20,""repump_cycles"":3,""seq_meas"":""True"",""seq_ops"":""True"",""swapLRC"":""False""}",
         1,         0,         0,   0.010,bposd,fc034e74c25f52c7dca5bec3ced3fbedd720fbeb24afc199749aab9c2019f874,"{""A"":""x2y0+x8y1"",""B"":""x0y1+x4y1+x14y1"",""b"":""X"",""d"":8,""excl_opp_detectors"":""True"",""k"":4,""l"":15,""leak_heralds"":""False"",""leak_repump"":""True"",""leakage"":""True"",""loss"":""True"",""m"":2,""n"":60,""noise"":""rl_helios"",""p"":0.001,""prllel_1q"":16,""prllel_2q"":4,""r"":20,""repump_cycles"":3,""seq_meas"":""True"",""seq_ops"":""True"",""swapLRC"":""False""}",
         1,         0,         0,   0.009,bposd,fc034e74c25f52c7dca5bec3ced3fbedd720fbeb24afc199749aab9c2019f874,"{""A"":""x2y0+x8y1"",""B"":""x0y1+x4y1+x14y1"",""b"":""X"",""d"":8,""excl_opp_detectors"":""True"",""k"":4,""l"":15,""leak_heralds"":""False"",""leak_repump"":""True"",""leakage"":""True"",""loss"":""True"",""m"":2,""n"":60,""noise"":""rl_helios"",""p"":0.001,""prllel_1q"":16,""prllel_2q"":4,""r"":20,""repump_cycles"":3,""seq_meas"":""True"",""seq_ops"":""True"",""swapLRC"":""False""}",
         1,         0,         0,   0.010,bposd,fc034e74c25f52c7dca5bec3ced3fbedd720fbeb24afc199749aab9c2019f874,"{""A"":""x2y0+x8y1"",""B"":""x0y1+x4y1+x14y1"",""b"":""X"",""d"":8,""excl_opp_detectors"":""True"",""k"":4,""l"":15,""leak_heralds"":""False"",""leak_repump"":""True"",""leakage"":""True"",""loss"":""True"",""m"":2,""n"":60,""noise"":""rl_helios"",""p"":0.001,""prllel_1q"":16,""prllel_2q"":4,""r"":20,""repump_cycles"":3,""seq_meas"":""True"",""seq_ops"":""True"",""swapLRC"":""False""}",
         1,         0,         0,   0.009,bposd,fc034e74c25f52c7dca5bec3ced3fbedd720fbeb24afc199749aab9c2019f874,"{""A"":""x2y0+x8y1"",""B"":""x0y1+x4y1+x14y1"",""b"":""X"",""d"":8,""excl_opp_detectors"":""True"",""k"":4,""l"":15,""leak_heralds"":""False"",""leak_repump"":""True"",""leakage"":""True"",""loss"":""True"",""m"":2,""n"":60,""noise"":""rl_helios"",""p"":0.001,""prllel_1q"":16,""prllel_2q"":4,""r"":20,""repump_cycles"":3,""seq_meas"":""True"",""seq_ops"":""True"",""swapLRC"":""False""}",
         1,         0,         0,   0.009,bposd,fc034e74c25f52c7dca5bec3ced3fbedd720fbeb24afc199749aab9c2019f874,"{""A"":""x2y0+x8y1"",""B"":""x0y1+x4y1+x14y1"",""b"":""X"",""d"":8,""excl_opp_detectors"":""True"",""k"":4,""l"":15,""leak_heralds"":""False"",""leak_repump"":""True"",""leakage"":""True"",""loss"":""True"",""m"":2,""n"":60,""noise"":""rl_helios"",""p"":0.001,""prllel_1q"":16,""prllel_2q"":4,""r"":20,""repump_cycles"":3,""seq_meas"":""True"",""seq_ops"":""True"",""swapLRC"":""False""}",
        16,         0,         0,   0.033,bposd,fc034e74c25f52c7dca5bec3ced3fbedd720fbeb24afc199749aab9c2019f874,"{""A"":""x2y0+x8y1"",""B"":""x0y1+x4y1+x14y1"",""b"":""X"",""d"":8,""excl_opp_detectors"":""True"",""k"":4,""l"":15,""leak_heralds"":""False"",""leak_repump"":""True"",""leakage"":""True"",""loss"":""True"",""m"":2,""n"":60,""noise"":""rl_helios"",""p"":0.001,""prllel_1q"":16,""prllel_2q"":4,""r"":20,""repump_cycles"":3,""seq_meas"":""True"",""seq_ops"":""True"",""swapLRC"":""False""}",
         1,         0,         0,   0.009,bposd,fc034e74c25f52c7dca5bec3ced3fbedd720fbeb24afc199749aab9c2019f874,"{""A"":""x2y0+x8y1"",""B"":""x0y1+x4y1+x14y1"",""b"":""X"",""d"":8,""excl_opp_detectors"":""True"",""k"":4,""l"":15,""leak_heralds"":""False"",""leak_repump"":""True"",""leakage"":""True"",""loss"":""True"",""m"":2,""n"":60,""noise"":""rl_helios"",""p"":0.001,""prllel_1q"":16,""prllel_2q"":4,""r"":20,""repump_cycles"":3,""seq_meas"":""True"",""seq_ops"":""True"",""swapLRC"":""False""}",
         1,         0,         0,   0.009,bposd,fc034e74c25f52c7dca5bec3ced3fbedd720fbeb24afc199749aab9c2019f874,"{""A"":""x2y0+x8y1"",""B"":""x0y1+x4y1+x14y1"",""b"":""X"",""d"":8,""excl_opp_detectors"":""True"",""k"":4,""l"":15,""leak_heralds"":""False"",""leak_repump"":""True"",""leakage"":""True"",""loss"":""True"",""m"":2,""n"":60,""noise"":""rl_helios"",""p"":0.001,""prllel_1q"":16,""prllel_2q"":4,""r"":20,""repump_cycles"":3,""seq_meas"":""True"",""seq_ops"":""True"",""swapLRC"":""False""}",
         1,         0,         0,   0.009,bposd,fc034e74c25f52c7dca5bec3ced3fbedd720fbeb24afc199749aab9c2019f874,"{""A"":""x2y0+x8y1"",""B"":""x0y1+x4y1+x14y1"",""b"":""X"",""d"":8,""excl_opp_detectors"":""True"",""k"":4,""l"":15,""leak_heralds"":""False"",""leak_repump"":""True"",""leakage"":""True"",""loss"":""True"",""m"":2,""n"":60,""noise"":""rl_helios"",""p"":0.001,""prllel_1q"":16,""prllel_2q"":4,""r"":20,""repump_cycles"":3,""seq_meas"":""True"",""seq_ops"":""True"",""swapLRC"":""False""}",
        16,         0,         0,   0.045,bposd,fc034e74c25f52c7dca5bec3ced3fbedd720fbeb24afc199749aab9c2019f874,"{""A"":""x2y0+x8y1"",""B"":""x0y1+x4y1+x14y1"",""b"":""X"",""d"":8,""excl_opp_detectors"":""True"",""k"":4,""l"":15,""leak_heralds"":""False"",""leak_repump"":""True"",""leakage"":""True"",""loss"":""True"",""m"":2,""n"":60,""noise"":""rl_helios"",""p"":0.001,""prllel_1q"":16,""prllel_2q"":4,""r"":20,""repump_cycles"":3,""seq_meas"":""True"",""seq_ops"":""True"",""swapLRC"":""False""}",
        16,         0,         0,   0.047,bposd,fc034e74c25f52c7dca5bec3ced3fbedd720fbeb24afc199749aab9c2019f874,"{""A"":""x2y0+x8y1"",""B"":""x0y1+x4y1+x14y1"",""b"":""X"",""d"":8,""excl_opp_detectors"":""True"",""k"":4,""l"":15,""leak_heralds"":""False"",""leak_repump"":""True"",""leakage"":""True"",""loss"":""True"",""m"":2,""n"":60,""noise"":""rl_helios"",""p"":0.001,""prllel_1q"":16,""prllel_2q"":4,""r"":20,""repump_cycles"":3,""seq_meas"":""True"",""seq_ops"":""True"",""swapLRC"":""False""}",
         1,         0,         0,   0.009,bposd,fc034e74c25f52c7dca5bec3ced3fbedd720fbeb24afc199749aab9c2019f874,"{""A"":""x2y0+x8y1"",""B"":""x0y1+x4y1+x14y1"",""b"":""X"",""d"":8,""excl_opp_detectors"":""True"",""k"":4,""l"":15,""leak_heralds"":""False"",""leak_repump"":""True"",""leakage"":""True"",""loss"":""True"",""m"":2,""n"":60,""noise"":""rl_helios"",""p"":0.001,""prllel_1q"":16,""prllel_2q"":4,""r"":20,""repump_cycles"":3,""seq_meas"":""True"",""seq_ops"":""True"",""swapLRC"":""False""}",
        16,         0,         0,   0.020,bposd,fc034e74c25f52c7dca5bec3ced3fbedd720fbeb24afc199749aab9c2019f874,"{""A"":""x2y0+x8y1"",""B"":""x0y1+x4y1+x14y1"",""b"":""X"",""d"":8,""excl_opp_detectors"":""True"",""k"":4,""l"":15,""leak_heralds"":""False"",""leak_repump"":""True"",""leakage"":""True"",""loss"":""True"",""m"":2,""n"":60,""noise"":""rl_helios"",""p"":0.001,""prllel_1q"":16,""prllel_2q"":4,""r"":20,""repump_cycles"":3,""seq_meas"":""True"",""seq_ops"":""True"",""swapLRC"":""False""}",
        17,         0,         0,   0.431,bposd,fc034e74c25f52c7dca5bec3ced3fbedd720fbeb24afc199749aab9c2019f874,"{""A"":""x2y0+x8y1"",""B"":""x0y1+x4y1+x14y1"",""b"":""X"",""d"":8,""excl_opp_detectors"":""True"",""k"":4,""l"":15,""leak_heralds"":""False"",""leak_repump"":""True"",""leakage"":""True"",""loss"":""True"",""m"":2,""n"":60,""noise"":""rl_helios"",""p"":0.001,""prllel_1q"":16,""prllel_2q"":4,""r"":20,""repump_cycles"":3,""seq_meas"":""True"",""seq_ops"":""True"",""swapLRC"":""False""}",
        17,         0,         0,   0.027,bposd,fc034e74c25f52c7dca5bec3ced3fbedd720fbeb24afc199749aab9c2019f874,"{""A"":""x2y0+x8y1"",""B"":""x0y1+x4y1+x14y1"",""b"":""X"",""d"":8,""excl_opp_detectors"":""True"",""k"":4,""l"":15,""leak_heralds"":""False"",""leak_repump"":""True"",""leakage"":""True"",""loss"":""True"",""m"":2,""n"":60,""noise"":""rl_helios"",""p"":0.001,""prllel_1q"":16,""prllel_2q"":4,""r"":20,""repump_cycles"":3,""seq_meas"":""True"",""seq_ops"":""True"",""swapLRC"":""False""}",
        17,         0,         0,   0.028,bposd,fc034e74c25f52c7dca5bec3ced3fbedd720fbeb24afc199749aab9c2019f874,"{""A"":""x2y0+x8y1"",""B"":""x0y1+x4y1+x14y1"",""b"":""X"",""d"":8,""excl_opp_detectors"":""True"",""k"":4,""l"":15,""leak_heralds"":""False"",""leak_repump"":""True"",""leakage"":""True"",""loss"":""True"",""m"":2,""n"":60,""noise"":""rl_helios"",""p"":0.001,""prllel_1q"":16,""prllel_2q"":4,""r"":20,""repump_cycles"":3,""seq_meas"":""True"",""seq_ops"":""True"",""swapLRC"":""False""}",
        16,         0,         0,   0.895,bposd,fc034e74c25f52c7dca5bec3ced3fbedd720fbeb24afc199749aab9c2019f874,"{""A"":""x2y0+x8y1"",""B"":""x0y1+x4y1+x14y1"",""b"":""X"",""d"":8,""excl_opp_detectors"":""True"",""k"":4,""l"":15,""leak_heralds"":""False"",""leak_repump"":""True"",""leakage"":""True"",""loss"":""True"",""m"":2,""n"":60,""noise"":""rl_helios"",""p"":0.001,""prllel_1q"":16,""prllel_2q"":4,""r"":20,""repump_cycles"":3,""seq_meas"":""True"",""seq_ops"":""True"",""swapLRC"":""False""}",
         1,         0,         0,   0.031,bposd,fc034e74c25f52c7dca5bec3ced3fbedd720fbeb24afc199749aab9c2019f874,"{""A"":""x2y0+x8y1"",""B"":""x0y1+x4y1+x14y1"",""b"":""X"",""d"":8,""excl_opp_detectors"":""True"",""k"":4,""l"":15,""leak_heralds"":""False"",""leak_repump"":""True"",""leakage"":""True"",""loss"":""True"",""m"":2,""n"":60,""noise"":""rl_helios"",""p"":0.001,""prllel_1q"":16,""prllel_2q"":4,""r"":20,""repump_cycles"":3,""seq_meas"":""True"",""seq_ops"":""True"",""swapLRC"":""False""}",
        16,         0,         0,   0.053,bposd,fc034e74c25f52c7dca5bec3ced3fbedd720fbeb24afc199749aab9c2019f874,"{""A"":""x2y0+x8y1"",""B"":""x0y1+x4y1+x14y1"",""b"":""X"",""d"":8,""excl_opp_detectors"":""True"",""k"":4,""l"":15,""leak_heralds"":""False"",""leak_repump"":""True"",""leakage"":""True"",""loss"":""True"",""m"":2,""n"":60,""noise"":""rl_helios"",""p"":0.001,""prllel_1q"":16,""prllel_2q"":4,""r"":20,""repump_cycles"":3,""seq_meas"":""True"",""seq_ops"":""True"",""swapLRC"":""False""}",
         1,         0,         0,   0.884,bposd,fc034e74c25f52c7dca5bec3ced3fbedd720fbeb24afc199749aab9c2019f874,"{""A"":""x2y0+x8y1"",""B"":""x0y1+x4y1+x14y1"",""b"":""X"",""d"":8,""excl_opp_detectors"":""True"",""k"":4,""l"":15,""leak_heralds"":""False"",""leak_repump"":""True"",""leakage"":""True"",""loss"":""True"",""m"":2,""n"":60,""noise"":""rl_helios"",""p"":0.001,""prllel_1q"":16,""prllel_2q"":4,""r"":20,""repump_cycles"":3,""seq_meas"":""True"",""seq_ops"":""True"",""swapLRC"":""False""}",
        16,         0,         0,   0.964,bposd,fc034e74c25f52c7dca5bec3ced3fbedd720fbeb24afc199749aab9c2019f874,"{""A"":""x2y0+x8y1"",""B"":""x0y1+x4y1+x14y1"",""b"":""X"",""d"":8,""excl_opp_detectors"":""True"",""k"":4,""l"":15,""leak_heralds"":""False"",""leak_repump"":""True"",""leakage"":""True"",""loss"":""True"",""m"":2,""n"":60,""noise"":""rl_helios"",""p"":0.001,""prllel_1q"":16,""prllel_2q"":4,""r"":20,""repump_cycles"":3,""seq_meas"":""True"",""seq_ops"":""True"",""swapLRC"":""False""}",
        16,         0,         0,   0.973,bposd,fc034e74c25f52c7dca5bec3ced3fbedd720fbeb24afc199749aab9c2019f874,"{""A"":""x2y0+x8y1"",""B"":""x0y1+x4y1+x14y1"",""b"":""X"",""d"":8,""excl_opp_detectors"":""True"",""k"":4,""l"":15,""leak_heralds"":""False"",""leak_repump"":""True"",""leakage"":""True"",""loss"":""True"",""m"":2,""n"":60,""noise"":""rl_helios"",""p"":0.001,""prllel_1q"":16,""prllel_2q"":4,""r"":20,""repump_cycles"":3,""seq_meas"":""True"",""seq_ops"":""True"",""swapLRC"":""False""}",
        16,         0,         0,    1.05,bposd,fc034e74c25f52c7dca5bec3ced3fbedd720fbeb24afc199749aab9c2019f874,"{""A"":""x2y0+x8y1"",""B"":""x0y1+x4y1+x14y1"",""b"":""X"",""d"":8,""excl_opp_detectors"":""True"",""k"":4,""l"":15,""leak_heralds"":""False"",""leak_repump"":""True"",""leakage"":""True"",""loss"":""True"",""m"":2,""n"":60,""noise"":""rl_helios"",""p"":0.001,""prllel_1q"":16,""prllel_2q"":4,""r"":20,""repump_cycles"":3,""seq_meas"":""True"",""seq_ops"":""True"",""swapLRC"":""False""}",
        16,         0,         0,    1.15,bposd,fc034e74c25f52c7dca5bec3ced3fbedd720fbeb24afc199749aab9c2019f874,"{""A"":""x2y0+x8y1"",""B"":""x0y1+x4y1+x14y1"",""b"":""X"",""d"":8,""excl_opp_detectors"":""True"",""k"":4,""l"":15,""leak_heralds"":""False"",""leak_repump"":""True"",""leakage"":""True"",""loss"":""True"",""m"":2,""n"":60,""noise"":""rl_helios"",""p"":0.001,""prllel_1q"":16,""prllel_2q"":4,""r"":20,""repump_cycles"":3,""seq_meas"":""True"",""seq_ops"":""True"",""swapLRC"":""False""}",
        16,         0,         0,   0.062,bposd,fc034e74c25f52c7dca5bec3ced3fbedd720fbeb24afc199749aab9c2019f874,"{""A"":""x2y0+x8y1"",""B"":""x0y1+x4y1+x14y1"",""b"":""X"",""d"":8,""excl_opp_detectors"":""True"",""k"":4,""l"":15,""leak_heralds"":""False"",""leak_repump"":""True"",""leakage"":""True"",""loss"":""True"",""m"":2,""n"":60,""noise"":""rl_helios"",""p"":0.001,""prllel_1q"":16,""prllel_2q"":4,""r"":20,""repump_cycles"":3,""seq_meas"":""True"",""seq_ops"":""True"",""swapLRC"":""False""}",
         1,         0,         0,   0.023,bposd,fc034e74c25f52c7dca5bec3ced3fbedd720fbeb24afc199749aab9c2019f874,"{""A"":""x2y0+x8y1"",""B"":""x0y1+x4y1+x14y1"",""b"":""X"",""d"":8,""excl_opp_detectors"":""True"",""k"":4,""l"":15,""leak_heralds"":""False"",""leak_repump"":""True"",""leakage"":""True"",""loss"":""True"",""m"":2,""n"":60,""noise"":""rl_helios"",""p"":0.001,""prllel_1q"":16,""prllel_2q"":4,""r"":20,""repump_cycles"":3,""seq_meas"":""True"",""seq_ops"":""True"",""swapLRC"":""False""}",
        16,         0,         0,    1.01,bposd,fc034e74c25f52c7dca5bec3ced3fbedd720fbeb24afc199749aab9c2019f874,"{""A"":""x2y0+x8y1"",""B"":""x0y1+x4y1+x14y1"",""b"":""X"",""d"":8,""excl_opp_detectors"":""True"",""k"":4,""l"":15,""leak_heralds"":""False"",""leak_repump"":""True"",""leakage"":""True"",""loss"":""True"",""m"":2,""n"":60,""noise"":""rl_helios"",""p"":0.001,""prllel_1q"":16,""prllel_2q"":4,""r"":20,""repump_cycles"":3,""seq_meas"":""True"",""seq_ops"":""True"",""swapLRC"":""False""}",
         1,         0,         0,   0.022,bposd,fc034e74c25f52c7dca5bec3ced3fbedd720fbeb24afc199749aab9c2019f874,"{""A"":""x2y0+x8y1"",""B"":""x0y1+x4y1+x14y1"",""b"":""X"",""d"":8,""excl_opp_detectors"":""True"",""k"":4,""l"":15,""leak_heralds"":""False"",""leak_repump"":""True"",""leakage"":""True"",""loss"":""True"",""m"":2,""n"":60,""noise"":""rl_helios"",""p"":0.001,""prllel_1q"":16,""prllel_2q"":4,""r"":20,""repump_cycles"":3,""seq_meas"":""True"",""seq_ops"":""True"",""swapLRC"":""False""}",
        16,         0,         0,   0.031,bposd,fc034e74c25f52c7dca5bec3ced3fbedd720fbeb24afc199749aab9c2019f874,"{""A"":""x2y0+x8y1"",""B"":""x0y1+x4y1+x14y1"",""b"":""X"",""d"":8,""excl_opp_detectors"":""True"",""k"":4,""l"":15,""leak_heralds"":""False"",""leak_repump"":""True"",""leakage"":""True"",""loss"":""True"",""m"":2,""n"":60,""noise"":""rl_helios"",""p"":0.001,""prllel_1q"":16,""prllel_2q"":4,""r"":20,""repump_cycles"":3,""seq_meas"":""True"",""seq_ops"":""True"",""swapLRC"":""False""}",
        17,         0,         0,   0.040,bposd,fc034e74c25f52c7dca5bec3ced3fbedd720fbeb24afc199749aab9c2019f874,"{""A"":""x2y0+x8y1"",""B"":""x0y1+x4y1+x14y1"",""b"":""X"",""d"":8,""excl_opp_detectors"":""True"",""k"":4,""l"":15,""leak_heralds"":""False"",""leak_repump"":""True"",""leakage"":""True"",""loss"":""True"",""m"":2,""n"":60,""noise"":""rl_helios"",""p"":0.001,""prllel_1q"":16,""prllel_2q"":4,""r"":20,""repump_cycles"":3,""seq_meas"":""True"",""seq_ops"":""True"",""swapLRC"":""False""}",
         1,         0,         0,   0.032,bposd,fc034e74c25f52c7dca5bec3ced3fbedd720fbeb24afc199749aab9c2019f874,"{""A"":""x2y0+x8y1"",""B"":""x0y1+x4y1+x14y1"",""b"":""X"",""d"":8,""excl_opp_detectors"":""True"",""k"":4,""l"":15,""leak_heralds"":""False"",""leak_repump"":""True"",""leakage"":""True"",""loss"":""True"",""m"":2,""n"":60,""noise"":""rl_helios"",""p"":0.001,""prllel_1q"":16,""prllel_2q"":4,""r"":20,""repump_cycles"":3,""seq_meas"":""True"",""seq_ops"":""True"",""swapLRC"":""False""}",
         1,         0,         0,   0.022,bposd,fc034e74c25f52c7dca5bec3ced3fbedd720fbeb24afc199749aab9c2019f874,"{""A"":""x2y0+x8y1"",""B"":""x0y1+x4y1+x14y1"",""b"":""X"",""d"":8,""excl_opp_detectors"":""True"",""k"":4,""l"":15,""leak_heralds"":""False"",""leak_repump"":""True"",""leakage"":""True"",""loss"":""True"",""m"":2,""n"":60,""noise"":""rl_helios"",""p"":0.001,""prllel_1q"":16,""prllel_2q"":4,""r"":20,""repump_cycles"":3,""seq_meas"":""True"",""seq_ops"":""True"",""swapLRC"":""False""}",
        16,         0,         0,    1.42,bposd,fc034e74c25f52c7dca5bec3ced3fbedd720fbeb24afc199749aab9c2019f874,"{""A"":""x2y0+x8y1"",""B"":""x0y1+x4y1+x14y1"",""b"":""X"",""d"":8,""excl_opp_detectors"":""True"",""k"":4,""l"":15,""leak_heralds"":""False"",""leak_repump"":""True"",""leakage"":""True"",""loss"":""True"",""m"":2,""n"":60,""noise"":""rl_helios"",""p"":0.001,""prllel_1q"":16,""prllel_2q"":4,""r"":20,""repump_cycles"":3,""seq_meas"":""True"",""seq_ops"":""True"",""swapLRC"":""False""}",
         8,         0,         0,   0.069,bposd,fc034e74c25f52c7dca5bec3ced3fbedd720fbeb24afc199749aab9c2019f874,"{""A"":""x2y0+x8y1"",""B"":""x0y1+x4y1+x14y1"",""b"":""X"",""d"":8,""excl_opp_detectors"":""True"",""k"":4,""l"":15,""leak_heralds"":""False"",""leak_repump"":""True"",""leakage"":""True"",""loss"":""True"",""m"":2,""n"":60,""noise"":""rl_helios"",""p"":0.001,""prllel_1q"":16,""prllel_2q"":4,""r"":20,""repump_cycles"":3,""seq_meas"":""True"",""seq_ops"":""True"",""swapLRC"":""False""}",
         1,         0,         0,   0.033,bposd,fc034e74c25f52c7dca5bec3ced3fbedd720fbeb24afc199749aab9c2019f874,"{""A"":""x2y0+x8y1"",""B"":""x0y1+x4y1+x14y1"",""b"":""X"",""d"":8,""excl_opp_detectors"":""True"",""k"":4,""l"":15,""leak_heralds"":""False"",""leak_repump"":""True"",""leakage"":""True"",""loss"":""True"",""m"":2,""n"":60,""noise"":""rl_helios"",""p"":0.001,""prllel_1q"":16,""prllel_2q"":4,""r"":20,""repump_cycles"":3,""seq_meas"":""True"",""seq_ops"":""True"",""swapLRC"":""False""}",
        16,         0,         0,   0.017,bposd,fc034e74c25f52c7dca5bec3ced3fbedd720fbeb24afc199749aab9c2019f874,"{""A"":""x2y0+x8y1"",""B"":""x0y1+x4y1+x14y1"",""b"":""X"",""d"":8,""excl_opp_detectors"":""True"",""k"":4,""l"":15,""leak_heralds"":""False"",""leak_repump"":""True"",""leakage"":""True"",""loss"":""True"",""m"":2,""n"":60,""noise"":""rl_helios"",""p"":0.001,""prllel_1q"":16,""prllel_2q"":4,""r"":20,""repump_cycles"":3,""seq_meas"":""True"",""seq_ops"":""True"",""swapLRC"":""False""}",
        17,         0,         0,   0.051,bposd,fc034e74c25f52c7dca5bec3ced3fbedd720fbeb24afc199749aab9c2019f874,"{""A"":""x2y0+x8y1"",""B"":""x0y1+x4y1+x14y1"",""b"":""X"",""d"":8,""excl_opp_detectors"":""True"",""k"":4,""l"":15,""leak_heralds"":""False"",""leak_repump"":""True"",""leakage"":""True"",""loss"":""True"",""m"":2,""n"":60,""noise"":""rl_helios"",""p"":0.001,""prllel_1q"":16,""prllel_2q"":4,""r"":20,""repump_cycles"":3,""seq_meas"":""True"",""seq_ops"":""True"",""swapLRC"":""False""}",
        16,         0,         0,   0.840,bposd,fc034e74c25f52c7dca5bec3ced3fbedd720fbeb24afc199749aab9c2019f874,"{""A"":""x2y0+x8y1"",""B"":""x0y1+x4y1+x14y1"",""b"":""X"",""d"":8,""excl_opp_detectors"":""True"",""k"":4,""l"":15,""leak_heralds"":""False"",""leak_repump"":""True"",""leakage"":""True"",""loss"":""True"",""m"":2,""n"":60,""noise"":""rl_helios"",""p"":0.001,""prllel_1q"":16,""prllel_2q"":4,""r"":20,""repump_cycles"":3,""seq_meas"":""True"",""seq_ops"":""True"",""swapLRC"":""False""}",
         1,         0,         0,   0.010,bposd,fc034e74c25f52c7dca5bec3ced3fbedd720fbeb24afc199749aab9c2019f874,"{""A"":""x2y0+x8y1"",""B"":""x0y1+x4y1+x14y1"",""b"":""X"",""d"":8,""excl_opp_detectors"":""True"",""k"":4,""l"":15,""leak_heralds"":""False"",""leak_repump"":""True"",""leakage"":""True"",""loss"":""True"",""m"":2,""n"":60,""noise"":""rl_helios"",""p"":0.001,""prllel_1q"":16,""prllel_2q"":4,""r"":20,""repump_cycles"":3,""seq_meas"":""True"",""seq_ops"":""True"",""swapLRC"":""False""}",
        16,         0,         0,   0.031,bposd,fc034e74c25f52c7dca5bec3ced3fbedd720fbeb24afc199749aab9c2019f874,"{""A"":""x2y0+x8y1"",""B"":""x0y1+x4y1+x14y1"",""b"":""X"",""d"":8,""excl_opp_detectors"":""True"",""k"":4,""l"":15,""leak_heralds"":""False"",""leak_repump"":""True"",""leakage"":""True"",""loss"":""True"",""m"":2,""n"":60,""noise"":""rl_helios"",""p"":0.001,""prllel_1q"":16,""prllel_2q"":4,""r"":20,""repump_cycles"":3,""seq_meas"":""True"",""seq_ops"":""True"",""swapLRC"":""False""}",
        17,         0,         0,   0.156,bposd,fc034e74c25f52c7dca5bec3ced3fbedd720fbeb24afc199749aab9c2019f874,"{""A"":""x2y0+x8y1"",""B"":""x0y1+x4y1+x14y1"",""b"":""X"",""d"":8,""excl_opp_detectors"":""True"",""k"":4,""l"":15,""leak_heralds"":""False"",""leak_repump"":""True"",""leakage"":""True"",""loss"":""True"",""m"":2,""n"":60,""noise"":""rl_helios"",""p"":0.001,""prllel_1q"":16,""prllel_2q"":4,""r"":20,""repump_cycles"":3,""seq_meas"":""True"",""seq_ops"":""True"",""swapLRC"":""False""}",
         1,         0,         0,   0.020,bposd,fc034e74c25f52c7dca5bec3ced3fbedd720fbeb24afc199749aab9c2019f874,"{""A"":""x2y0+x8y1"",""B"":""x0y1+x4y1+x14y1"",""b"":""X"",""d"":8,""excl_opp_detectors"":""True"",""k"":4,""l"":15,""leak_heralds"":""False"",""leak_repump"":""True"",""leakage"":""True"",""loss"":""True"",""m"":2,""n"":60,""noise"":""rl_helios"",""p"":0.001,""prllel_1q"":16,""prllel_2q"":4,""r"":20,""repump_cycles"":3,""seq_meas"":""True"",""seq_ops"":""True"",""swapLRC"":""False""}",
        17,         0,         0,   0.147,bposd,fc034e74c25f52c7dca5bec3ced3fbedd720fbeb24afc199749aab9c2019f874,"{""A"":""x2y0+x8y1"",""B"":""x0y1+x4y1+x14y1"",""b"":""X"",""d"":8,""excl_opp_detectors"":""True"",""k"":4,""l"":15,""leak_heralds"":""False"",""leak_repump"":""True"",""leakage"":""True"",""loss"":""True"",""m"":2,""n"":60,""noise"":""rl_helios"",""p"":0.001,""prllel_1q"":16,""prllel_2q"":4,""r"":20,""repump_cycles"":3,""seq_meas"":""True"",""seq_ops"":""True"",""swapLRC"":""False""}",
        17,         1,         0,    1.84,bposd,fc034e74c25f52c7dca5bec3ced3fbedd720fbeb24afc199749aab9c2019f874,"{""A"":""x2y0+x8y1"",""B"":""x0y1+x4y1+x14y1"",""b"":""X"",""d"":8,""excl_opp_detectors"":""True"",""k"":4,""l"":15,""leak_heralds"":""False"",""leak_repump"":""True"",""leakage"":""True"",""loss"":""True"",""m"":2,""n"":60,""noise"":""rl_helios"",""p"":0.001,""prllel_1q"":16,""prllel_2q"":4,""r"":20,""repump_cycles"":3,""seq_meas"":""True"",""seq_ops"":""True"",""swapLRC"":""False""}",
        16,         0,         0,    2.22,bposd,fc034e74c25f52c7dca5bec3ced3fbedd720fbeb24afc199749aab9c2019f874,"{""A"":""x2y0+x8y1"",""B"":""x0y1+x4y1+x14y1"",""b"":""X"",""d"":8,""excl_opp_detectors"":""True"",""k"":4,""l"":15,""leak_heralds"":""False"",""leak_repump"":""True"",""leakage"":""True"",""loss"":""True"",""m"":2,""n"":60,""noise"":""rl_helios"",""p"":0.001,""prllel_1q"":16,""prllel_2q"":4,""r"":20,""repump_cycles"":3,""seq_meas"":""True"",""seq_ops"":""True"",""swapLRC"":""False""}",
         1,         0,         0,   0.022,bposd,fc034e74c25f52c7dca5bec3ced3fbedd720fbeb24afc199749aab9c2019f874,"{""A"":""x2y0+x8y1"",""B"":""x0y1+x4y1+x14y1"",""b"":""X"",""d"":8,""excl_opp_detectors"":""True"",""k"":4,""l"":15,""leak_heralds"":""False"",""leak_repump"":""True"",""leakage"":""True"",""loss"":""True"",""m"":2,""n"":60,""noise"":""rl_helios"",""p"":0.001,""prllel_1q"":16,""prllel_2q"":4,""r"":20,""repump_cycles"":3,""seq_meas"":""True"",""seq_ops"":""True"",""swapLRC"":""False""}",
        16,         1,         0,    2.03,bposd,fc034e74c25f52c7dca5bec3ced3fbedd720fbeb24afc199749aab9c2019f874,"{""A"":""x2y0+x8y1"",""B"":""x0y1+x4y1+x14y1"",""b"":""X"",""d"":8,""excl_opp_detectors"":""True"",""k"":4,""l"":15,""leak_heralds"":""False"",""leak_repump"":""True"",""leakage"":""True"",""loss"":""True"",""m"":2,""n"":60,""noise"":""rl_helios"",""p"":0.001,""prllel_1q"":16,""prllel_2q"":4,""r"":20,""repump_cycles"":3,""seq_meas"":""True"",""seq_ops"":""True"",""swapLRC"":""False""}",
        16,         0,         0,   0.039,bposd,fc034e74c25f52c7dca5bec3ced3fbedd720fbeb24afc199749aab9c2019f874,"{""A"":""x2y0+x8y1"",""B"":""x0y1+x4y1+x14y1"",""b"":""X"",""d"":8,""excl_opp_detectors"":""True"",""k"":4,""l"":15,""leak_heralds"":""False"",""leak_repump"":""True"",""leakage"":""True"",""loss"":""True"",""m"":2,""n"":60,""noise"":""rl_helios"",""p"":0.001,""prllel_1q"":16,""prllel_2q"":4,""r"":20,""repump_cycles"":3,""seq_meas"":""True"",""seq_ops"":""True"",""swapLRC"":""False""}",
       136,         0,         0,   0.118,bposd,fc034e74c25f52c7dca5bec3ced3fbedd720fbeb24afc199749aab9c2019f874,"{""A"":""x2y0+x8y1"",""B"":""x0y1+x4y1+x14y1"",""b"":""X"",""d"":8,""excl_opp_detectors"":""True"",""k"":4,""l"":15,""leak_heralds"":""False"",""leak_repump"":""True"",""leakage"":""True"",""loss"":""True"",""m"":2,""n"":60,""noise"":""rl_helios"",""p"":0.001,""prllel_1q"":16,""prllel_2q"":4,""r"":20,""repump_cycles"":3,""seq_meas"":""True"",""seq_ops"":""True"",""swapLRC"":""False""}",
        17,         0,         0,    1.82,bposd,fc034e74c25f52c7dca5bec3ced3fbedd720fbeb24afc199749aab9c2019f874,"{""A"":""x2y0+x8y1"",""B"":""x0y1+x4y1+x14y1"",""b"":""X"",""d"":8,""excl_opp_detectors"":""True"",""k"":4,""l"":15,""leak_heralds"":""False"",""leak_repump"":""True"",""leakage"":""True"",""loss"":""True"",""m"":2,""n"":60,""noise"":""rl_helios"",""p"":0.001,""prllel_1q"":16,""prllel_2q"":4,""r"":20,""repump_cycles"":3,""seq_meas"":""True"",""seq_ops"":""True"",""swapLRC"":""False""}",
       128,         0,         0,    2.94,bposd,fc034e74c25f52c7dca5bec3ced3fbedd720fbeb24afc199749aab9c2019f874,"{""A"":""x2y0+x8y1"",""B"":""x0y1+x4y1+x14y1"",""b"":""X"",""d"":8,""excl_opp_detectors"":""True"",""k"":4,""l"":15,""leak_heralds"":""False"",""leak_repump"":""True"",""leakage"":""True"",""loss"":""True"",""m"":2,""n"":60,""noise"":""rl_helios"",""p"":0.001,""prllel_1q"":16,""prllel_2q"":4,""r"":20,""repump_cycles"":3,""seq_meas"":""True"",""seq_ops"":""True"",""swapLRC"":""False""}",
         8,         0,         0,   0.026,bposd,fc034e74c25f52c7dca5bec3ced3fbedd720fbeb24afc199749aab9c2019f874,"{""A"":""x2y0+x8y1"",""B"":""x0y1+x4y1+x14y1"",""b"":""X"",""d"":8,""excl_opp_detectors"":""True"",""k"":4,""l"":15,""leak_heralds"":""False"",""leak_repump"":""True"",""leakage"":""True"",""loss"":""True"",""m"":2,""n"":60,""noise"":""rl_helios"",""p"":0.001,""prllel_1q"":16,""prllel_2q"":4,""r"":20,""repump_cycles"":3,""seq_meas"":""True"",""seq_ops"":""True"",""swapLRC"":""False""}",
        16,         0,         0,    1.75,bposd,fc034e74c25f52c7dca5bec3ced3fbedd720fbeb24afc199749aab9c2019f874,"{""A"":""x2y0+x8y1"",""B"":""x0y1+x4y1+x14y1"",""b"":""X"",""d"":8,""excl_opp_detectors"":""True"",""k"":4,""l"":15,""leak_heralds"":""False"",""leak_repump"":""True"",""leakage"":""True"",""loss"":""True"",""m"":2,""n"":60,""noise"":""rl_helios"",""p"":0.001,""prllel_1q"":16,""prllel_2q"":4,""r"":20,""repump_cycles"":3,""seq_meas"":""True"",""seq_ops"":""True"",""swapLRC"":""False""}",
         8,         0,         0,   0.025,bposd,fc034e74c25f52c7dca5bec3ced3fbedd720fbeb24afc199749aab9c2019f874,"{""A"":""x2y0+x8y1"",""B"":""x0y1+x4y1+x14y1"",""b"":""X"",""d"":8,""excl_opp_detectors"":""True"",""k"":4,""l"":15,""leak_heralds"":""False"",""leak_repump"":""True"",""leakage"":""True"",""loss"":""True"",""m"":2,""n"":60,""noise"":""rl_helios"",""p"":0.001,""prllel_1q"":16,""prllel_2q"":4,""r"":20,""repump_cycles"":3,""seq_meas"":""True"",""seq_ops"":""True"",""swapLRC"":""False""}",
        16,         0,         0,    2.04,bposd,fc034e74c25f52c7dca5bec3ced3fbedd720fbeb24afc199749aab9c2019f874,"{""A"":""x2y0+x8y1"",""B"":""x0y1+x4y1+x14y1"",""b"":""X"",""d"":8,""excl_opp_detectors"":""True"",""k"":4,""l"":15,""leak_heralds"":""False"",""leak_repump"":""True"",""leakage"":""True"",""loss"":""True"",""m"":2,""n"":60,""noise"":""rl_helios"",""p"":0.001,""prllel_1q"":16,""prllel_2q"":4,""r"":20,""repump_cycles"":3,""seq_meas"":""True"",""seq_ops"":""True"",""swapLRC"":""False""}",
         8,         0,         0,   0.027,bposd,fc034e74c25f52c7dca5bec3ced3fbedd720fbeb24afc199749aab9c2019f874,"{""A"":""x2y0+x8y1"",""B"":""x0y1+x4y1+x14y1"",""b"":""X"",""d"":8,""excl_opp_detectors"":""True"",""k"":4,""l"":15,""leak_heralds"":""False"",""leak_repump"":""True"",""leakage"":""True"",""loss"":""True"",""m"":2,""n"":60,""noise"":""rl_helios"",""p"":0.001,""prllel_1q"":16,""prllel_2q"":4,""r"":20,""repump_cycles"":3,""seq_meas"":""True"",""seq_ops"":""True"",""swapLRC"":""False""}",
        64,         0,         0,   0.694,bposd,fc034e74c25f52c7dca5bec3ced3fbedd720fbeb24afc199749aab9c2019f874,"{""A"":""x2y0+x8y1"",""B"":""x0y1+x4y1+x14y1"",""b"":""X"",""d"":8,""excl_opp_detectors"":""True"",""k"":4,""l"":15,""leak_heralds"":""False"",""leak_repump"":""True"",""leakage"":""True"",""loss"":""True"",""m"":2,""n"":60,""noise"":""rl_helios"",""p"":0.001,""prllel_1q"":16,""prllel_2q"":4,""r"":20,""repump_cycles"":3,""seq_meas"":""True"",""seq_ops"":""True"",""swapLRC"":""False""}",
       128,         0,         0,    3.68,bposd,fc034e74c25f52c7dca5bec3ced3fbedd720fbeb24afc199749aab9c2019f874,"{""A"":""x2y0+x8y1"",""B"":""x0y1+x4y1+x14y1"",""b"":""X"",""d"":8,""excl_opp_detectors"":""True"",""k"":4,""l"":15,""leak_heralds"":""False"",""leak_repump"":""True"",""leakage"":""True"",""loss"":""True"",""m"":2,""n"":60,""noise"":""rl_helios"",""p"":0.001,""prllel_1q"":16,""prllel_2q"":4,""r"":20,""repump_cycles"":3,""seq_meas"":""True"",""seq_ops"":""True"",""swapLRC"":""False""}",
        16,         0,         0,    1.84,bposd,fc034e74c25f52c7dca5bec3ced3fbedd720fbeb24afc199749aab9c2019f874,"{""A"":""x2y0+x8y1"",""B"":""x0y1+x4y1+x14y1"",""b"":""X"",""d"":8,""excl_opp_detectors"":""True"",""k"":4,""l"":15,""leak_heralds"":""False"",""leak_repump"":""True"",""leakage"":""True"",""loss"":""True"",""m"":2,""n"":60,""noise"":""rl_helios"",""p"":0.001,""prllel_1q"":16,""prllel_2q"":4,""r"":20,""repump_cycles"":3,""seq_meas"":""True"",""seq_ops"":""True"",""swapLRC"":""False""}",
        16,         0,         0,    3.18,bposd,fc034e74c25f52c7dca5bec3ced3fbedd720fbeb24afc199749aab9c2019f874,"{""A"":""x2y0+x8y1"",""B"":""x0y1+x4y1+x14y1"",""b"":""X"",""d"":8,""excl_opp_detectors"":""True"",""k"":4,""l"":15,""leak_heralds"":""False"",""leak_repump"":""True"",""leakage"":""True"",""loss"":""True"",""m"":2,""n"":60,""noise"":""rl_helios"",""p"":0.001,""prllel_1q"":16,""prllel_2q"":4,""r"":20,""repump_cycles"":3,""seq_meas"":""True"",""seq_ops"":""True"",""swapLRC"":""False""}",
         8,         0,         0,   0.038,bposd,fc034e74c25f52c7dca5bec3ced3fbedd720fbeb24afc199749aab9c2019f874,"{""A"":""x2y0+x8y1"",""B"":""x0y1+x4y1+x14y1"",""b"":""X"",""d"":8,""excl_opp_detectors"":""True"",""k"":4,""l"":15,""leak_heralds"":""False"",""leak_repump"":""True"",""leakage"":""True"",""loss"":""True"",""m"":2,""n"":60,""noise"":""rl_helios"",""p"":0.001,""prllel_1q"":16,""prllel_2q"":4,""r"":20,""repump_cycles"":3,""seq_meas"":""True"",""seq_ops"":""True"",""swapLRC"":""False""}",
        16,         0,         0,    1.89,bposd,fc034e74c25f52c7dca5bec3ced3fbedd720fbeb24afc199749aab9c2019f874,"{""A"":""x2y0+x8y1"",""B"":""x0y1+x4y1+x14y1"",""b"":""X"",""d"":8,""excl_opp_detectors"":""True"",""k"":4,""l"":15,""leak_heralds"":""False"",""leak_repump"":""True"",""leakage"":""True"",""loss"":""True"",""m"":2,""n"":60,""noise"":""rl_helios"",""p"":0.001,""prllel_1q"":16,""prllel_2q"":4,""r"":20,""repump_cycles"":3,""seq_meas"":""True"",""seq_ops"":""True"",""swapLRC"":""False""}",
        17,         0,         0,    1.94,bposd,fc034e74c25f52c7dca5bec3ced3fbedd720fbeb24afc199749aab9c2019f874,"{""A"":""x2y0+x8y1"",""B"":""x0y1+x4y1+x14y1"",""b"":""X"",""d"":8,""excl_opp_detectors"":""True"",""k"":4,""l"":15,""leak_heralds"":""False"",""leak_repump"":""True"",""leakage"":""True"",""loss"":""True"",""m"":2,""n"":60,""noise"":""rl_helios"",""p"":0.001,""prllel_1q"":16,""prllel_2q"":4,""r"":20,""repump_cycles"":3,""seq_meas"":""True"",""seq_ops"":""True"",""swapLRC"":""False""}",
         8,         0,         0,   0.033,bposd,fc034e74c25f52c7dca5bec3ced3fbedd720fbeb24afc199749aab9c2019f874,"{""A"":""x2y0+x8y1"",""B"":""x0y1+x4y1+x14y1"",""b"":""X"",""d"":8,""excl_opp_detectors"":""True"",""k"":4,""l"":15,""leak_heralds"":""False"",""leak_repump"":""True"",""leakage"":""True"",""loss"":""True"",""m"":2,""n"":60,""noise"":""rl_helios"",""p"":0.001,""prllel_1q"":16,""prllel_2q"":4,""r"":20,""repump_cycles"":3,""seq_meas"":""True"",""seq_ops"":""True"",""swapLRC"":""False""}",
       256,         1,         0,    4.62,bposd,fc034e74c25f52c7dca5bec3ced3fbedd720fbeb24afc199749aab9c2019f874,"{""A"":""x2y0+x8y1"",""B"":""x0y1+x4y1+x14y1"",""b"":""X"",""d"":8,""excl_opp_detectors"":""True"",""k"":4,""l"":15,""leak_heralds"":""False"",""leak_repump"":""True"",""leakage"":""True"",""loss"":""True"",""m"":2,""n"":60,""noise"":""rl_helios"",""p"":0.001,""prllel_1q"":16,""prllel_2q"":4,""r"":20,""repump_cycles"":3,""seq_meas"":""True"",""seq_ops"":""True"",""swapLRC"":""False""}",
       128,         0,         0,    4.60,bposd,fc034e74c25f52c7dca5bec3ced3fbedd720fbeb24afc199749aab9c2019f874,"{""A"":""x2y0+x8y1"",""B"":""x0y1+x4y1+x14y1"",""b"":""X"",""d"":8,""excl_opp_detectors"":""True"",""k"":4,""l"":15,""leak_heralds"":""False"",""leak_repump"":""True"",""leakage"":""True"",""loss"":""True"",""m"":2,""n"":60,""noise"":""rl_helios"",""p"":0.001,""prllel_1q"":16,""prllel_2q"":4,""r"":20,""repump_cycles"":3,""seq_meas"":""True"",""seq_ops"":""True"",""swapLRC"":""False""}",
        64,         0,         0,    2.19,bposd,fc034e74c25f52c7dca5bec3ced3fbedd720fbeb24afc199749aab9c2019f874,"{""A"":""x2y0+x8y1"",""B"":""x0y1+x4y1+x14y1"",""b"":""X"",""d"":8,""excl_opp_detectors"":""True"",""k"":4,""l"":15,""leak_heralds"":""False"",""leak_repump"":""True"",""leakage"":""True"",""loss"":""True"",""m"":2,""n"":60,""noise"":""rl_helios"",""p"":0.001,""prllel_1q"":16,""prllel_2q"":4,""r"":20,""repump_cycles"":3,""seq_meas"":""True"",""seq_ops"":""True"",""swapLRC"":""False""}",
        64,         0,         0,    4.51,bposd,fc034e74c25f52c7dca5bec3ced3fbedd720fbeb24afc199749aab9c2019f874,"{""A"":""x2y0+x8y1"",""B"":""x0y1+x4y1+x14y1"",""b"":""X"",""d"":8,""excl_opp_detectors"":""True"",""k"":4,""l"":15,""leak_heralds"":""False"",""leak_repump"":""True"",""leakage"":""True"",""loss"":""True"",""m"":2,""n"":60,""noise"":""rl_helios"",""p"":0.001,""prllel_1q"":16,""prllel_2q"":4,""r"":20,""repump_cycles"":3,""seq_meas"":""True"",""seq_ops"":""True"",""swapLRC"":""False""}",
         8,         0,         0,    1.95,bposd,fc034e74c25f52c7dca5bec3ced3fbedd720fbeb24afc199749aab9c2019f874,"{""A"":""x2y0+x8y1"",""B"":""x0y1+x4y1+x14y1"",""b"":""X"",""d"":8,""excl_opp_detectors"":""True"",""k"":4,""l"":15,""leak_heralds"":""False"",""leak_repump"":""True"",""leakage"":""True"",""loss"":""True"",""m"":2,""n"":60,""noise"":""rl_helios"",""p"":0.001,""prllel_1q"":16,""prllel_2q"":4,""r"":20,""repump_cycles"":3,""seq_meas"":""True"",""seq_ops"":""True"",""swapLRC"":""False""}",
         4,         0,         0,   0.034,bposd,fc034e74c25f52c7dca5bec3ced3fbedd720fbeb24afc199749aab9c2019f874,"{""A"":""x2y0+x8y1"",""B"":""x0y1+x4y1+x14y1"",""b"":""X"",""d"":8,""excl_opp_detectors"":""True"",""k"":4,""l"":15,""leak_heralds"":""False"",""leak_repump"":""True"",""leakage"":""True"",""loss"":""True"",""m"":2,""n"":60,""noise"":""rl_helios"",""p"":0.001,""prllel_1q"":16,""prllel_2q"":4,""r"":20,""repump_cycles"":3,""seq_meas"":""True"",""seq_ops"":""True"",""swapLRC"":""False""}",
        64,         0,         0,    4.02,bposd,fc034e74c25f52c7dca5bec3ced3fbedd720fbeb24afc199749aab9c2019f874,"{""A"":""x2y0+x8y1"",""B"":""x0y1+x4y1+x14y1"",""b"":""X"",""d"":8,""excl_opp_detectors"":""True"",""k"":4,""l"":15,""leak_heralds"":""False"",""leak_repump"":""True"",""leakage"":""True"",""loss"":""True"",""m"":2,""n"":60,""noise"":""rl_helios"",""p"":0.001,""prllel_1q"":16,""prllel_2q"":4,""r"":20,""repump_cycles"":3,""seq_meas"":""True"",""seq_ops"":""True"",""swapLRC"":""False""}",
        64,         0,         0,    2.45,bposd,fc034e74c25f52c7dca5bec3ced3fbedd720fbeb24afc199749aab9c2019f874,"{""A"":""x2y0+x8y1"",""B"":""x0y1+x4y1+x14y1"",""b"":""X"",""d"":8,""excl_opp_detectors"":""True"",""k"":4,""l"":15,""leak_heralds"":""False"",""leak_repump"":""True"",""leakage"":""True"",""loss"":""True"",""m"":2,""n"":60,""noise"":""rl_helios"",""p"":0.001,""prllel_1q"":16,""prllel_2q"":4,""r"":20,""repump_cycles"":3,""seq_meas"":""True"",""seq_ops"":""True"",""swapLRC"":""False""}",
        32,         0,         0,   0.070,bposd,fc034e74c25f52c7dca5bec3ced3fbedd720fbeb24afc199749aab9c2019f874,"{""A"":""x2y0+x8y1"",""B"":""x0y1+x4y1+x14y1"",""b"":""X"",""d"":8,""excl_opp_detectors"":""True"",""k"":4,""l"":15,""leak_heralds"":""False"",""leak_repump"":""True"",""leakage"":""True"",""loss"":""True"",""m"":2,""n"":60,""noise"":""rl_helios"",""p"":0.001,""prllel_1q"":16,""prllel_2q"":4,""r"":20,""repump_cycles"":3,""seq_meas"":""True"",""seq_ops"":""True"",""swapLRC"":""False""}",
        64,         0,         0,    3.95,bposd,fc034e74c25f52c7dca5bec3ced3fbedd720fbeb24afc199749aab9c2019f874,"{""A"":""x2y0+x8y1"",""B"":""x0y1+x4y1+x14y1"",""b"":""X"",""d"":8,""excl_opp_detectors"":""True"",""k"":4,""l"":15,""leak_heralds"":""False"",""leak_repump"":""True"",""leakage"":""True"",""loss"":""True"",""m"":2,""n"":60,""noise"":""rl_helios"",""p"":0.001,""prllel_1q"":16,""prllel_2q"":4,""r"":20,""repump_cycles"":3,""seq_meas"":""True"",""seq_ops"":""True"",""swapLRC"":""False""}",
        32,         0,         0,   0.127,bposd,fc034e74c25f52c7dca5bec3ced3fbedd720fbeb24afc199749aab9c2019f874,"{""A"":""x2y0+x8y1"",""B"":""x0y1+x4y1+x14y1"",""b"":""X"",""d"":8,""excl_opp_detectors"":""True"",""k"":4,""l"":15,""leak_heralds"":""False"",""leak_repump"":""True"",""leakage"":""True"",""loss"":""True"",""m"":2,""n"":60,""noise"":""rl_helios"",""p"":0.001,""prllel_1q"":16,""prllel_2q"":4,""r"":20,""repump_cycles"":3,""seq_meas"":""True"",""seq_ops"":""True"",""swapLRC"":""False""}",
        32,         0,         0,   0.936,bposd,fc034e74c25f52c7dca5bec3ced3fbedd720fbeb24afc199749aab9c2019f874,"{""A"":""x2y0+x8y1"",""B"":""x0y1+x4y1+x14y1"",""b"":""X"",""d"":8,""excl_opp_detectors"":""True"",""k"":4,""l"":15,""leak_heralds"":""False"",""leak_repump"":""True"",""leakage"":""True"",""loss"":""True"",""m"":2,""n"":60,""noise"":""rl_helios"",""p"":0.001,""prllel_1q"":16,""prllel_2q"":4,""r"":20,""repump_cycles"":3,""seq_meas"":""True"",""seq_ops"":""True"",""swapLRC"":""False""}",
       128,         0,         0,    2.54,bposd,fc034e74c25f52c7dca5bec3ced3fbedd720fbeb24afc199749aab9c2019f874,"{""A"":""x2y0+x8y1"",""B"":""x0y1+x4y1+x14y1"",""b"":""X"",""d"":8,""excl_opp_detectors"":""True"",""k"":4,""l"":15,""leak_heralds"":""False"",""leak_repump"":""True"",""leakage"":""True"",""loss"":""True"",""m"":2,""n"":60,""noise"":""rl_helios"",""p"":0.001,""prllel_1q"":16,""prllel_2q"":4,""r"":20,""repump_cycles"":3,""seq_meas"":""True"",""seq_ops"":""True"",""swapLRC"":""False""}",
        64,         0,         0,   0.120,bposd,fc034e74c25f52c7dca5bec3ced3fbedd720fbeb24afc199749aab9c2019f874,"{""A"":""x2y0+x8y1"",""B"":""x0y1+x4y1+x14y1"",""b"":""X"",""d"":8,""excl_opp_detectors"":""True"",""k"":4,""l"":15,""leak_heralds"":""False"",""leak_repump"":""True"",""leakage"":""True"",""loss"":""True"",""m"":2,""n"":60,""noise"":""rl_helios"",""p"":0.001,""prllel_1q"":16,""prllel_2q"":4,""r"":20,""repump_cycles"":3,""seq_meas"":""True"",""seq_ops"":""True"",""swapLRC"":""False""}",
        64,         0,         0,    3.13,bposd,fc034e74c25f52c7dca5bec3ced3fbedd720fbeb24afc199749aab9c2019f874,"{""A"":""x2y0+x8y1"",""B"":""x0y1+x4y1+x14y1"",""b"":""X"",""d"":8,""excl_opp_detectors"":""True"",""k"":4,""l"":15,""leak_heralds"":""False"",""leak_repump"":""True"",""leakage"":""True"",""loss"":""True"",""m"":2,""n"":60,""noise"":""rl_helios"",""p"":0.001,""prllel_1q"":16,""prllel_2q"":4,""r"":20,""repump_cycles"":3,""seq_meas"":""True"",""seq_ops"":""True"",""swapLRC"":""False""}",
        32,         0,         0,    1.38,bposd,fc034e74c25f52c7dca5bec3ced3fbedd720fbeb24afc199749aab9c2019f874,"{""A"":""x2y0+x8y1"",""B"":""x0y1+x4y1+x14y1"",""b"":""X"",""d"":8,""excl_opp_detectors"":""True"",""k"":4,""l"":15,""leak_heralds"":""False"",""leak_repump"":""True"",""leakage"":""True"",""loss"":""True"",""m"":2,""n"":60,""noise"":""rl_helios"",""p"":0.001,""prllel_1q"":16,""prllel_2q"":4,""r"":20,""repump_cycles"":3,""seq_meas"":""True"",""seq_ops"":""True"",""swapLRC"":""False""}",
       136,         0,         0,    5.12,bposd,fc034e74c25f52c7dca5bec3ced3fbedd720fbeb24afc199749aab9c2019f874,"{""A"":""x2y0+x8y1"",""B"":""x0y1+x4y1+x14y1"",""b"":""X"",""d"":8,""excl_opp_detectors"":""True"",""k"":4,""l"":15,""leak_heralds"":""False"",""leak_repump"":""True"",""leakage"":""True"",""loss"":""True"",""m"":2,""n"":60,""noise"":""rl_helios"",""p"":0.001,""prllel_1q"":16,""prllel_2q"":4,""r"":20,""repump_cycles"":3,""seq_meas"":""True"",""seq_ops"":""True"",""swapLRC"":""False""}",
        64,         1,         0,    2.48,bposd,fc034e74c25f52c7dca5bec3ced3fbedd720fbeb24afc199749aab9c2019f874,"{""A"":""x2y0+x8y1"",""B"":""x0y1+x4y1+x14y1"",""b"":""X"",""d"":8,""excl_opp_detectors"":""True"",""k"":4,""l"":15,""leak_heralds"":""False"",""leak_repump"":""True"",""leakage"":""True"",""loss"":""True"",""m"":2,""n"":60,""noise"":""rl_helios"",""p"":0.001,""prllel_1q"":16,""prllel_2q"":4,""r"":20,""repump_cycles"":3,""seq_meas"":""True"",""seq_ops"":""True"",""swapLRC"":""False""}",
       136,         0,         0,    5.63,bposd,fc034e74c25f52c7dca5bec3ced3fbedd720fbeb24afc199749aab9c2019f874,"{""A"":""x2y0+x8y1"",""B"":""x0y1+x4y1+x14y1"",""b"":""X"",""d"":8,""excl_opp_detectors"":""True"",""k"":4,""l"":15,""leak_heralds"":""False"",""leak_repump"":""True"",""leakage"":""True"",""loss"":""True"",""m"":2,""n"":60,""noise"":""rl_helios"",""p"":0.001,""prllel_1q"":16,""prllel_2q"":4,""r"":20,""repump_cycles"":3,""seq_meas"":""True"",""seq_ops"":""True"",""swapLRC"":""False""}",
        64,         0,         0,    2.13,bposd,fc034e74c25f52c7dca5bec3ced3fbedd720fbeb24afc199749aab9c2019f874,"{""A"":""x2y0+x8y1"",""B"":""x0y1+x4y1+x14y1"",""b"":""X"",""d"":8,""excl_opp_detectors"":""True"",""k"":4,""l"":15,""leak_heralds"":""False"",""leak_repump"":""True"",""leakage"":""True"",""loss"":""True"",""m"":2,""n"":60,""noise"":""rl_helios"",""p"":0.001,""prllel_1q"":16,""prllel_2q"":4,""r"":20,""repump_cycles"":3,""seq_meas"":""True"",""seq_ops"":""True"",""swapLRC"":""False""}",
       128,         0,         0,    5.34,bposd,fc034e74c25f52c7dca5bec3ced3fbedd720fbeb24afc199749aab9c2019f874,"{""A"":""x2y0+x8y1"",""B"":""x0y1+x4y1+x14y1"",""b"":""X"",""d"":8,""excl_opp_detectors"":""True"",""k"":4,""l"":15,""leak_heralds"":""False"",""leak_repump"":""True"",""leakage"":""True"",""loss"":""True"",""m"":2,""n"":60,""noise"":""rl_helios"",""p"":0.001,""prllel_1q"":16,""prllel_2q"":4,""r"":20,""repump_cycles"":3,""seq_meas"":""True"",""seq_ops"":""True"",""swapLRC"":""False""}",
       128,         0,         0,    5.53,bposd,fc034e74c25f52c7dca5bec3ced3fbedd720fbeb24afc199749aab9c2019f874,"{""A"":""x2y0+x8y1"",""B"":""x0y1+x4y1+x14y1"",""b"":""X"",""d"":8,""excl_opp_detectors"":""True"",""k"":4,""l"":15,""leak_heralds"":""False"",""leak_repump"":""True"",""leakage"":""True"",""loss"":""True"",""m"":2,""n"":60,""noise"":""rl_helios"",""p"":0.001,""prllel_1q"":16,""prllel_2q"":4,""r"":20,""repump_cycles"":3,""seq_meas"":""True"",""seq_ops"":""True"",""swapLRC"":""False""}",
       128,         0,         0,    5.38,bposd,fc034e74c25f52c7dca5bec3ced3fbedd720fbeb24afc199749aab9c2019f874,"{""A"":""x2y0+x8y1"",""B"":""x0y1+x4y1+x14y1"",""b"":""X"",""d"":8,""excl_opp_detectors"":""True"",""k"":4,""l"":15,""leak_heralds"":""False"",""leak_repump"":""True"",""leakage"":""True"",""loss"":""True"",""m"":2,""n"":60,""noise"":""rl_helios"",""p"":0.001,""prllel_1q"":16,""prllel_2q"":4,""r"":20,""repump_cycles"":3,""seq_meas"":""True"",""seq_ops"":""True"",""swapLRC"":""False""}",
       128,         0,         0,    8.60,bposd,fc034e74c25f52c7dca5bec3ced3fbedd720fbeb24afc199749aab9c2019f874,"{""A"":""x2y0+x8y1"",""B"":""x0y1+x4y1+x14y1"",""b"":""X"",""d"":8,""excl_opp_detectors"":""True"",""k"":4,""l"":15,""leak_heralds"":""False"",""leak_repump"":""True"",""leakage"":""True"",""loss"":""True"",""m"":2,""n"":60,""noise"":""rl_helios"",""p"":0.001,""prllel_1q"":16,""prllel_2q"":4,""r"":20,""repump_cycles"":3,""seq_meas"":""True"",""seq_ops"":""True"",""swapLRC"":""False""}",
        64,         0,         0,    1.50,bposd,fc034e74c25f52c7dca5bec3ced3fbedd720fbeb24afc199749aab9c2019f874,"{""A"":""x2y0+x8y1"",""B"":""x0y1+x4y1+x14y1"",""b"":""X"",""d"":8,""excl_opp_detectors"":""True"",""k"":4,""l"":15,""leak_heralds"":""False"",""leak_repump"":""True"",""leakage"":""True"",""loss"":""True"",""m"":2,""n"":60,""noise"":""rl_helios"",""p"":0.001,""prllel_1q"":16,""prllel_2q"":4,""r"":20,""repump_cycles"":3,""seq_meas"":""True"",""seq_ops"":""True"",""swapLRC"":""False""}",
        32,         0,         0,    2.53,bposd,fc034e74c25f52c7dca5bec3ced3fbedd720fbeb24afc199749aab9c2019f874,"{""A"":""x2y0+x8y1"",""B"":""x0y1+x4y1+x14y1"",""b"":""X"",""d"":8,""excl_opp_detectors"":""True"",""k"":4,""l"":15,""leak_heralds"":""False"",""leak_repump"":""True"",""leakage"":""True"",""loss"":""True"",""m"":2,""n"":60,""noise"":""rl_helios"",""p"":0.001,""prllel_1q"":16,""prllel_2q"":4,""r"":20,""repump_cycles"":3,""seq_meas"":""True"",""seq_ops"":""True"",""swapLRC"":""False""}",
       256,         0,         0,    9.74,bposd,fc034e74c25f52c7dca5bec3ced3fbedd720fbeb24afc199749aab9c2019f874,"{""A"":""x2y0+x8y1"",""B"":""x0y1+x4y1+x14y1"",""b"":""X"",""d"":8,""excl_opp_detectors"":""True"",""k"":4,""l"":15,""leak_heralds"":""False"",""leak_repump"":""True"",""leakage"":""True"",""loss"":""True"",""m"":2,""n"":60,""noise"":""rl_helios"",""p"":0.001,""prllel_1q"":16,""prllel_2q"":4,""r"":20,""repump_cycles"":3,""seq_meas"":""True"",""seq_ops"":""True"",""swapLRC"":""False""}",
       128,         0,         0,    5.80,bposd,fc034e74c25f52c7dca5bec3ced3fbedd720fbeb24afc199749aab9c2019f874,"{""A"":""x2y0+x8y1"",""B"":""x0y1+x4y1+x14y1"",""b"":""X"",""d"":8,""excl_opp_detectors"":""True"",""k"":4,""l"":15,""leak_heralds"":""False"",""leak_repump"":""True"",""leakage"":""True"",""loss"":""True"",""m"":2,""n"":60,""noise"":""rl_helios"",""p"":0.001,""prllel_1q"":16,""prllel_2q"":4,""r"":20,""repump_cycles"":3,""seq_meas"":""True"",""seq_ops"":""True"",""swapLRC"":""False""}",
        64,         0,         0,    1.72,bposd,fc034e74c25f52c7dca5bec3ced3fbedd720fbeb24afc199749aab9c2019f874,"{""A"":""x2y0+x8y1"",""B"":""x0y1+x4y1+x14y1"",""b"":""X"",""d"":8,""excl_opp_detectors"":""True"",""k"":4,""l"":15,""leak_heralds"":""False"",""leak_repump"":""True"",""leakage"":""True"",""loss"":""True"",""m"":2,""n"":60,""noise"":""rl_helios"",""p"":0.001,""prllel_1q"":16,""prllel_2q"":4,""r"":20,""repump_cycles"":3,""seq_meas"":""True"",""seq_ops"":""True"",""swapLRC"":""False""}",
        32,         0,         0,    1.84,bposd,fc034e74c25f52c7dca5bec3ced3fbedd720fbeb24afc199749aab9c2019f874,"{""A"":""x2y0+x8y1"",""B"":""x0y1+x4y1+x14y1"",""b"":""X"",""d"":8,""excl_opp_detectors"":""True"",""k"":4,""l"":15,""leak_heralds"":""False"",""leak_repump"":""True"",""leakage"":""True"",""loss"":""True"",""m"":2,""n"":60,""noise"":""rl_helios"",""p"":0.001,""prllel_1q"":16,""prllel_2q"":4,""r"":20,""repump_cycles"":3,""seq_meas"":""True"",""seq_ops"":""True"",""swapLRC"":""False""}",
       256,         0,         0,    10.3,bposd,fc034e74c25f52c7dca5bec3ced3fbedd720fbeb24afc199749aab9c2019f874,"{""A"":""x2y0+x8y1"",""B"":""x0y1+x4y1+x14y1"",""b"":""X"",""d"":8,""excl_opp_detectors"":""True"",""k"":4,""l"":15,""leak_heralds"":""False"",""leak_repump"":""True"",""leakage"":""True"",""loss"":""True"",""m"":2,""n"":60,""noise"":""rl_helios"",""p"":0.001,""prllel_1q"":16,""prllel_2q"":4,""r"":20,""repump_cycles"":3,""seq_meas"":""True"",""seq_ops"":""True"",""swapLRC"":""False""}",
        32,         0,         0,   0.290,bposd,fc034e74c25f52c7dca5bec3ced3fbedd720fbeb24afc199749aab9c2019f874,"{""A"":""x2y0+x8y1"",""B"":""x0y1+x4y1+x14y1"",""b"":""X"",""d"":8,""excl_opp_detectors"":""True"",""k"":4,""l"":15,""leak_heralds"":""False"",""leak_repump"":""True"",""leakage"":""True"",""loss"":""True"",""m"":2,""n"":60,""noise"":""rl_helios"",""p"":0.001,""prllel_1q"":16,""prllel_2q"":4,""r"":20,""repump_cycles"":3,""seq_meas"":""True"",""seq_ops"":""True"",""swapLRC"":""False""}",
        32,         0,         0,    2.41,bposd,fc034e74c25f52c7dca5bec3ced3fbedd720fbeb24afc199749aab9c2019f874,"{""A"":""x2y0+x8y1"",""B"":""x0y1+x4y1+x14y1"",""b"":""X"",""d"":8,""excl_opp_detectors"":""True"",""k"":4,""l"":15,""leak_heralds"":""False"",""leak_repump"":""True"",""leakage"":""True"",""loss"":""True"",""m"":2,""n"":60,""noise"":""rl_helios"",""p"":0.001,""prllel_1q"":16,""prllel_2q"":4,""r"":20,""repump_cycles"":3,""seq_meas"":""True"",""seq_ops"":""True"",""swapLRC"":""False""}",
        32,         0,         0,    3.40,bposd,fc034e74c25f52c7dca5bec3ced3fbedd720fbeb24afc199749aab9c2019f874,"{""A"":""x2y0+x8y1"",""B"":""x0y1+x4y1+x14y1"",""b"":""X"",""d"":8,""excl_opp_detectors"":""True"",""k"":4,""l"":15,""leak_heralds"":""False"",""leak_repump"":""True"",""leakage"":""True"",""loss"":""True"",""m"":2,""n"":60,""noise"":""rl_helios"",""p"":0.001,""prllel_1q"":16,""prllel_2q"":4,""r"":20,""repump_cycles"":3,""seq_meas"":""True"",""seq_ops"":""True"",""swapLRC"":""False""}",
        32,         0,         0,    1.67,bposd,fc034e74c25f52c7dca5bec3ced3fbedd720fbeb24afc199749aab9c2019f874,"{""A"":""x2y0+x8y1"",""B"":""x0y1+x4y1+x14y1"",""b"":""X"",""d"":8,""excl_opp_detectors"":""True"",""k"":4,""l"":15,""leak_heralds"":""False"",""leak_repump"":""True"",""leakage"":""True"",""loss"":""True"",""m"":2,""n"":60,""noise"":""rl_helios"",""p"":0.001,""prllel_1q"":16,""prllel_2q"":4,""r"":20,""repump_cycles"":3,""seq_meas"":""True"",""seq_ops"":""True"",""swapLRC"":""False""}",
        16,         0,         0,   0.468,bposd,fc034e74c25f52c7dca5bec3ced3fbedd720fbeb24afc199749aab9c2019f874,"{""A"":""x2y0+x8y1"",""B"":""x0y1+x4y1+x14y1"",""b"":""X"",""d"":8,""excl_opp_detectors"":""True"",""k"":4,""l"":15,""leak_heralds"":""False"",""leak_repump"":""True"",""leakage"":""True"",""loss"":""True"",""m"":2,""n"":60,""noise"":""rl_helios"",""p"":0.001,""prllel_1q"":16,""prllel_2q"":4,""r"":20,""repump_cycles"":3,""seq_meas"":""True"",""seq_ops"":""True"",""swapLRC"":""False""}",
       128,         0,         0,    4.64,bposd,fc034e74c25f52c7dca5bec3ced3fbedd720fbeb24afc199749aab9c2019f874,"{""A"":""x2y0+x8y1"",""B"":""x0y1+x4y1+x14y1"",""b"":""X"",""d"":8,""excl_opp_detectors"":""True"",""k"":4,""l"":15,""leak_heralds"":""False"",""leak_repump"":""True"",""leakage"":""True"",""loss"":""True"",""m"":2,""n"":60,""noise"":""rl_helios"",""p"":0.001,""prllel_1q"":16,""prllel_2q"":4,""r"":20,""repump_cycles"":3,""seq_meas"":""True"",""seq_ops"":""True"",""swapLRC"":""False""}",
        64,         0,         0,    2.72,bposd,fc034e74c25f52c7dca5bec3ced3fbedd720fbeb24afc199749aab9c2019f874,"{""A"":""x2y0+x8y1"",""B"":""x0y1+x4y1+x14y1"",""b"":""X"",""d"":8,""excl_opp_detectors"":""True"",""k"":4,""l"":15,""leak_heralds"":""False"",""leak_repump"":""True"",""leakage"":""True"",""loss"":""True"",""m"":2,""n"":60,""noise"":""rl_helios"",""p"":0.001,""prllel_1q"":16,""prllel_2q"":4,""r"":20,""repump_cycles"":3,""seq_meas"":""True"",""seq_ops"":""True"",""swapLRC"":""False""}",
        32,         0,         0,   0.274,bposd,fc034e74c25f52c7dca5bec3ced3fbedd720fbeb24afc199749aab9c2019f874,"{""A"":""x2y0+x8y1"",""B"":""x0y1+x4y1+x14y1"",""b"":""X"",""d"":8,""excl_opp_detectors"":""True"",""k"":4,""l"":15,""leak_heralds"":""False"",""leak_repump"":""True"",""leakage"":""True"",""loss"":""True"",""m"":2,""n"":60,""noise"":""rl_helios"",""p"":0.001,""prllel_1q"":16,""prllel_2q"":4,""r"":20,""repump_cycles"":3,""seq_meas"":""True"",""seq_ops"":""True"",""swapLRC"":""False""}",
        64,         0,         0,    1.83,bposd,fc034e74c25f52c7dca5bec3ced3fbedd720fbeb24afc199749aab9c2019f874,"{""A"":""x2y0+x8y1"",""B"":""x0y1+x4y1+x14y1"",""b"":""X"",""d"":8,""excl_opp_detectors"":""True"",""k"":4,""l"":15,""leak_heralds"":""False"",""leak_repump"":""True"",""leakage"":""True"",""loss"":""True"",""m"":2,""n"":60,""noise"":""rl_helios"",""p"":0.001,""prllel_1q"":16,""prllel_2q"":4,""r"":20,""repump_cycles"":3,""seq_meas"":""True"",""seq_ops"":""True"",""swapLRC"":""False""}",
        32,         0,         0,   0.117,bposd,fc034e74c25f52c7dca5bec3ced3fbedd720fbeb24afc199749aab9c2019f874,"{""A"":""x2y0+x8y1"",""B"":""x0y1+x4y1+x14y1"",""b"":""X"",""d"":8,""excl_opp_detectors"":""True"",""k"":4,""l"":15,""leak_heralds"":""False"",""leak_repump"":""True"",""leakage"":""True"",""loss"":""True"",""m"":2,""n"":60,""noise"":""rl_helios"",""p"":0.001,""prllel_1q"":16,""prllel_2q"":4,""r"":20,""repump_cycles"":3,""seq_meas"":""True"",""seq_ops"":""True"",""swapLRC"":""False""}",
       136,         0,         0,    8.45,bposd,fc034e74c25f52c7dca5bec3ced3fbedd720fbeb24afc199749aab9c2019f874,"{""A"":""x2y0+x8y1"",""B"":""x0y1+x4y1+x14y1"",""b"":""X"",""d"":8,""excl_opp_detectors"":""True"",""k"":4,""l"":15,""leak_heralds"":""False"",""leak_repump"":""True"",""leakage"":""True"",""loss"":""True"",""m"":2,""n"":60,""noise"":""rl_helios"",""p"":0.001,""prllel_1q"":16,""prllel_2q"":4,""r"":20,""repump_cycles"":3,""seq_meas"":""True"",""seq_ops"":""True"",""swapLRC"":""False""}",
       256,         1,         0,    12.6,bposd,fc034e74c25f52c7dca5bec3ced3fbedd720fbeb24afc199749aab9c2019f874,"{""A"":""x2y0+x8y1"",""B"":""x0y1+x4y1+x14y1"",""b"":""X"",""d"":8,""excl_opp_detectors"":""True"",""k"":4,""l"":15,""leak_heralds"":""False"",""leak_repump"":""True"",""leakage"":""True"",""loss"":""True"",""m"":2,""n"":60,""noise"":""rl_helios"",""p"":0.001,""prllel_1q"":16,""prllel_2q"":4,""r"":20,""repump_cycles"":3,""seq_meas"":""True"",""seq_ops"":""True"",""swapLRC"":""False""}",
       272,         0,         0,    11.2,bposd,fc034e74c25f52c7dca5bec3ced3fbedd720fbeb24afc199749aab9c2019f874,"{""A"":""x2y0+x8y1"",""B"":""x0y1+x4y1+x14y1"",""b"":""X"",""d"":8,""excl_opp_detectors"":""True"",""k"":4,""l"":15,""leak_heralds"":""False"",""leak_repump"":""True"",""leakage"":""True"",""loss"":""True"",""m"":2,""n"":60,""noise"":""rl_helios"",""p"":0.001,""prllel_1q"":16,""prllel_2q"":4,""r"":20,""repump_cycles"":3,""seq_meas"":""True"",""seq_ops"":""True"",""swapLRC"":""False""}",
       128,         0,         0,    9.76,bposd,fc034e74c25f52c7dca5bec3ced3fbedd720fbeb24afc199749aab9c2019f874,"{""A"":""x2y0+x8y1"",""B"":""x0y1+x4y1+x14y1"",""b"":""X"",""d"":8,""excl_opp_detectors"":""True"",""k"":4,""l"":15,""leak_heralds"":""False"",""leak_repump"":""True"",""leakage"":""True"",""loss"":""True"",""m"":2,""n"":60,""noise"":""rl_helios"",""p"":0.001,""prllel_1q"":16,""prllel_2q"":4,""r"":20,""repump_cycles"":3,""seq_meas"":""True"",""seq_ops"":""True"",""swapLRC"":""False""}",
        16,         0,         0,    1.71,bposd,fc034e74c25f52c7dca5bec3ced3fbedd720fbeb24afc199749aab9c2019f874,"{""A"":""x2y0+x8y1"",""B"":""x0y1+x4y1+x14y1"",""b"":""X"",""d"":8,""excl_opp_detectors"":""True"",""k"":4,""l"":15,""leak_heralds"":""False"",""leak_repump"":""True"",""leakage"":""True"",""loss"":""True"",""m"":2,""n"":60,""noise"":""rl_helios"",""p"":0.001,""prllel_1q"":16,""prllel_2q"":4,""r"":20,""repump_cycles"":3,""seq_meas"":""True"",""seq_ops"":""True"",""swapLRC"":""False""}",
        64,         0,         0,    1.80,bposd,fc034e74c25f52c7dca5bec3ced3fbedd720fbeb24afc199749aab9c2019f874,"{""A"":""x2y0+x8y1"",""B"":""x0y1+x4y1+x14y1"",""b"":""X"",""d"":8,""excl_opp_detectors"":""True"",""k"":4,""l"":15,""leak_heralds"":""False"",""leak_repump"":""True"",""leakage"":""True"",""loss"":""True"",""m"":2,""n"":60,""noise"":""rl_helios"",""p"":0.001,""prllel_1q"":16,""prllel_2q"":4,""r"":20,""repump_cycles"":3,""seq_meas"":""True"",""seq_ops"":""True"",""swapLRC"":""False""}",
       128,         0,         0,    11.5,bposd,fc034e74c25f52c7dca5bec3ced3fbedd720fbeb24afc199749aab9c2019f874,"{""A"":""x2y0+x8y1"",""B"":""x0y1+x4y1+x14y1"",""b"":""X"",""d"":8,""excl_opp_detectors"":""True"",""k"":4,""l"":15,""leak_heralds"":""False"",""leak_repump"":""True"",""leakage"":""True"",""loss"":""True"",""m"":2,""n"":60,""noise"":""rl_helios"",""p"":0.001,""prllel_1q"":16,""prllel_2q"":4,""r"":20,""repump_cycles"":3,""seq_meas"":""True"",""seq_ops"":""True"",""swapLRC"":""False""}",
        64,         0,         0,    5.21,bposd,fc034e74c25f52c7dca5bec3ced3fbedd720fbeb24afc199749aab9c2019f874,"{""A"":""x2y0+x8y1"",""B"":""x0y1+x4y1+x14y1"",""b"":""X"",""d"":8,""excl_opp_detectors"":""True"",""k"":4,""l"":15,""leak_heralds"":""False"",""leak_repump"":""True"",""leakage"":""True"",""loss"":""True"",""m"":2,""n"":60,""noise"":""rl_helios"",""p"":0.001,""prllel_1q"":16,""prllel_2q"":4,""r"":20,""repump_cycles"":3,""seq_meas"":""True"",""seq_ops"":""True"",""swapLRC"":""False""}",
        32,         0,         0,   0.054,bposd,fc034e74c25f52c7dca5bec3ced3fbedd720fbeb24afc199749aab9c2019f874,"{""A"":""x2y0+x8y1"",""B"":""x0y1+x4y1+x14y1"",""b"":""X"",""d"":8,""excl_opp_detectors"":""True"",""k"":4,""l"":15,""leak_heralds"":""False"",""leak_repump"":""True"",""leakage"":""True"",""loss"":""True"",""m"":2,""n"":60,""noise"":""rl_helios"",""p"":0.001,""prllel_1q"":16,""prllel_2q"":4,""r"":20,""repump_cycles"":3,""seq_meas"":""True"",""seq_ops"":""True"",""swapLRC"":""False""}",
       272,         0,         0,    4.14,bposd,fc034e74c25f52c7dca5bec3ced3fbedd720fbeb24afc199749aab9c2019f874,"{""A"":""x2y0+x8y1"",""B"":""x0y1+x4y1+x14y1"",""b"":""X"",""d"":8,""excl_opp_detectors"":""True"",""k"":4,""l"":15,""leak_heralds"":""False"",""leak_repump"":""True"",""leakage"":""True"",""loss"":""True"",""m"":2,""n"":60,""noise"":""rl_helios"",""p"":0.001,""prllel_1q"":16,""prllel_2q"":4,""r"":20,""repump_cycles"":3,""seq_meas"":""True"",""seq_ops"":""True"",""swapLRC"":""False""}",
        16,         0,         0,    3.46,bposd,fc034e74c25f52c7dca5bec3ced3fbedd720fbeb24afc199749aab9c2019f874,"{""A"":""x2y0+x8y1"",""B"":""x0y1+x4y1+x14y1"",""b"":""X"",""d"":8,""excl_opp_detectors"":""True"",""k"":4,""l"":15,""leak_heralds"":""False"",""leak_repump"":""True"",""leakage"":""True"",""loss"":""True"",""m"":2,""n"":60,""noise"":""rl_helios"",""p"":0.001,""prllel_1q"":16,""prllel_2q"":4,""r"":20,""repump_cycles"":3,""seq_meas"":""True"",""seq_ops"":""True"",""swapLRC"":""False""}",
        64,         0,         0,    5.11,bposd,fc034e74c25f52c7dca5bec3ced3fbedd720fbeb24afc199749aab9c2019f874,"{""A"":""x2y0+x8y1"",""B"":""x0y1+x4y1+x14y1"",""b"":""X"",""d"":8,""excl_opp_detectors"":""True"",""k"":4,""l"":15,""leak_heralds"":""False"",""leak_repump"":""True"",""leakage"":""True"",""loss"":""True"",""m"":2,""n"":60,""noise"":""rl_helios"",""p"":0.001,""prllel_1q"":16,""prllel_2q"":4,""r"":20,""repump_cycles"":3,""seq_meas"":""True"",""seq_ops"":""True"",""swapLRC"":""False""}",
       144,         0,         0,    3.46,bposd,fc034e74c25f52c7dca5bec3ced3fbedd720fbeb24afc199749aab9c2019f874,"{""A"":""x2y0+x8y1"",""B"":""x0y1+x4y1+x14y1"",""b"":""X"",""d"":8,""excl_opp_detectors"":""True"",""k"":4,""l"":15,""leak_heralds"":""False"",""leak_repump"":""True"",""leakage"":""True"",""loss"":""True"",""m"":2,""n"":60,""noise"":""rl_helios"",""p"":0.001,""prllel_1q"":16,""prllel_2q"":4,""r"":20,""repump_cycles"":3,""seq_meas"":""True"",""seq_ops"":""True"",""swapLRC"":""False""}",
       256,         1,         0,    8.14,bposd,fc034e74c25f52c7dca5bec3ced3fbedd720fbeb24afc199749aab9c2019f874,"{""A"":""x2y0+x8y1"",""B"":""x0y1+x4y1+x14y1"",""b"":""X"",""d"":8,""excl_opp_detectors"":""True"",""k"":4,""l"":15,""leak_heralds"":""False"",""leak_repump"":""True"",""leakage"":""True"",""loss"":""True"",""m"":2,""n"":60,""noise"":""rl_helios"",""p"":0.001,""prllel_1q"":16,""prllel_2q"":4,""r"":20,""repump_cycles"":3,""seq_meas"":""True"",""seq_ops"":""True"",""swapLRC"":""False""}",
        32,         0,         0,   0.177,bposd,fc034e74c25f52c7dca5bec3ced3fbedd720fbeb24afc199749aab9c2019f874,"{""A"":""x2y0+x8y1"",""B"":""x0y1+x4y1+x14y1"",""b"":""X"",""d"":8,""excl_opp_detectors"":""True"",""k"":4,""l"":15,""leak_heralds"":""False"",""leak_repump"":""True"",""leakage"":""True"",""loss"":""True"",""m"":2,""n"":60,""noise"":""rl_helios"",""p"":0.001,""prllel_1q"":16,""prllel_2q"":4,""r"":20,""repump_cycles"":3,""seq_meas"":""True"",""seq_ops"":""True"",""swapLRC"":""False""}",
        64,         0,         0,   0.120,bposd,fc034e74c25f52c7dca5bec3ced3fbedd720fbeb24afc199749aab9c2019f874,"{""A"":""x2y0+x8y1"",""B"":""x0y1+x4y1+x14y1"",""b"":""X"",""d"":8,""excl_opp_detectors"":""True"",""k"":4,""l"":15,""leak_heralds"":""False"",""leak_repump"":""True"",""leakage"":""True"",""loss"":""True"",""m"":2,""n"":60,""noise"":""rl_helios"",""p"":0.001,""prllel_1q"":16,""prllel_2q"":4,""r"":20,""repump_cycles"":3,""seq_meas"":""True"",""seq_ops"":""True"",""swapLRC"":""False""}",
        64,         0,         0,    2.30,bposd,fc034e74c25f52c7dca5bec3ced3fbedd720fbeb24afc199749aab9c2019f874,"{""A"":""x2y0+x8y1"",""B"":""x0y1+x4y1+x14y1"",""b"":""X"",""d"":8,""excl_opp_detectors"":""True"",""k"":4,""l"":15,""leak_heralds"":""False"",""leak_repump"":""True"",""leakage"":""True"",""loss"":""True"",""m"":2,""n"":60,""noise"":""rl_helios"",""p"":0.001,""prllel_1q"":16,""prllel_2q"":4,""r"":20,""repump_cycles"":3,""seq_meas"":""True"",""seq_ops"":""True"",""swapLRC"":""False""}",
        32,         0,         0,   0.059,bposd,fc034e74c25f52c7dca5bec3ced3fbedd720fbeb24afc199749aab9c2019f874,"{""A"":""x2y0+x8y1"",""B"":""x0y1+x4y1+x14y1"",""b"":""X"",""d"":8,""excl_opp_detectors"":""True"",""k"":4,""l"":15,""leak_heralds"":""False"",""leak_repump"":""True"",""leakage"":""True"",""loss"":""True"",""m"":2,""n"":60,""noise"":""rl_helios"",""p"":0.001,""prllel_1q"":16,""prllel_2q"":4,""r"":20,""repump_cycles"":3,""seq_meas"":""True"",""seq_ops"":""True"",""swapLRC"":""False""}",
       272,         0,         0,    14.0,bposd,fc034e74c25f52c7dca5bec3ced3fbedd720fbeb24afc199749aab9c2019f874,"{""A"":""x2y0+x8y1"",""B"":""x0y1+x4y1+x14y1"",""b"":""X"",""d"":8,""excl_opp_detectors"":""True"",""k"":4,""l"":15,""leak_heralds"":""False"",""leak_repump"":""True"",""leakage"":""True"",""loss"":""True"",""m"":2,""n"":60,""noise"":""rl_helios"",""p"":0.001,""prllel_1q"":16,""prllel_2q"":4,""r"":20,""repump_cycles"":3,""seq_meas"":""True"",""seq_ops"":""True"",""swapLRC"":""False""}",
       256,         0,         0,    15.0,bposd,fc034e74c25f52c7dca5bec3ced3fbedd720fbeb24afc199749aab9c2019f874,"{""A"":""x2y0+x8y1"",""B"":""x0y1+x4y1+x14y1"",""b"":""X"",""d"":8,""excl_opp_detectors"":""True"",""k"":4,""l"":15,""leak_heralds"":""False"",""leak_repump"":""True"",""leakage"":""True"",""loss"":""True"",""m"":2,""n"":60,""noise"":""rl_helios"",""p"":0.001,""prllel_1q"":16,""prllel_2q"":4,""r"":20,""repump_cycles"":3,""seq_meas"":""True"",""seq_ops"":""True"",""swapLRC"":""False""}",
       256,         0,         0,    8.77,bposd,fc034e74c25f52c7dca5bec3ced3fbedd720fbeb24afc199749aab9c2019f874,"{""A"":""x2y0+x8y1"",""B"":""x0y1+x4y1+x14y1"",""b"":""X"",""d"":8,""excl_opp_detectors"":""True"",""k"":4,""l"":15,""leak_heralds"":""False"",""leak_repump"":""True"",""leakage"":""True"",""loss"":""True"",""m"":2,""n"":60,""noise"":""rl_helios"",""p"":0.001,""prllel_1q"":16,""prllel_2q"":4,""r"":20,""repump_cycles"":3,""seq_meas"":""True"",""seq_ops"":""True"",""swapLRC"":""False""}",
        32,         0,         0,    2.84,bposd,fc034e74c25f52c7dca5bec3ced3fbedd720fbeb24afc199749aab9c2019f874,"{""A"":""x2y0+x8y1"",""B"":""x0y1+x4y1+x14y1"",""b"":""X"",""d"":8,""excl_opp_detectors"":""True"",""k"":4,""l"":15,""leak_heralds"":""False"",""leak_repump"":""True"",""leakage"":""True"",""loss"":""True"",""m"":2,""n"":60,""noise"":""rl_helios"",""p"":0.001,""prllel_1q"":16,""prllel_2q"":4,""r"":20,""repump_cycles"":3,""seq_meas"":""True"",""seq_ops"":""True"",""swapLRC"":""False""}",
       256,         0,         0,    15.5,bposd,fc034e74c25f52c7dca5bec3ced3fbedd720fbeb24afc199749aab9c2019f874,"{""A"":""x2y0+x8y1"",""B"":""x0y1+x4y1+x14y1"",""b"":""X"",""d"":8,""excl_opp_detectors"":""True"",""k"":4,""l"":15,""leak_heralds"":""False"",""leak_repump"":""True"",""leakage"":""True"",""loss"":""True"",""m"":2,""n"":60,""noise"":""rl_helios"",""p"":0.001,""prllel_1q"":16,""prllel_2q"":4,""r"":20,""repump_cycles"":3,""seq_meas"":""True"",""seq_ops"":""True"",""swapLRC"":""False""}",
       128,         0,         0,    3.04,bposd,fc034e74c25f52c7dca5bec3ced3fbedd720fbeb24afc199749aab9c2019f874,"{""A"":""x2y0+x8y1"",""B"":""x0y1+x4y1+x14y1"",""b"":""X"",""d"":8,""excl_opp_detectors"":""True"",""k"":4,""l"":15,""leak_heralds"":""False"",""leak_repump"":""True"",""leakage"":""True"",""loss"":""True"",""m"":2,""n"":60,""noise"":""rl_helios"",""p"":0.001,""prllel_1q"":16,""prllel_2q"":4,""r"":20,""repump_cycles"":3,""seq_meas"":""True"",""seq_ops"":""True"",""swapLRC"":""False""}",
       128,         0,         0,    6.86,bposd,fc034e74c25f52c7dca5bec3ced3fbedd720fbeb24afc199749aab9c2019f874,"{""A"":""x2y0+x8y1"",""B"":""x0y1+x4y1+x14y1"",""b"":""X"",""d"":8,""excl_opp_detectors"":""True"",""k"":4,""l"":15,""leak_heralds"":""False"",""leak_repump"":""True"",""leakage"":""True"",""loss"":""True"",""m"":2,""n"":60,""noise"":""rl_helios"",""p"":0.001,""prllel_1q"":16,""prllel_2q"":4,""r"":20,""repump_cycles"":3,""seq_meas"":""True"",""seq_ops"":""True"",""swapLRC"":""False""}",
        64,         0,         0,    5.21,bposd,fc034e74c25f52c7dca5bec3ced3fbedd720fbeb24afc199749aab9c2019f874,"{""A"":""x2y0+x8y1"",""B"":""x0y1+x4y1+x14y1"",""b"":""X"",""d"":8,""excl_opp_detectors"":""True"",""k"":4,""l"":15,""leak_heralds"":""False"",""leak_repump"":""True"",""leakage"":""True"",""loss"":""True"",""m"":2,""n"":60,""noise"":""rl_helios"",""p"":0.001,""prllel_1q"":16,""prllel_2q"":4,""r"":20,""repump_cycles"":3,""seq_meas"":""True"",""seq_ops"":""True"",""swapLRC"":""False""}",
        64,         0,         0,    6.86,bposd,fc034e74c25f52c7dca5bec3ced3fbedd720fbeb24afc199749aab9c2019f874,"{""A"":""x2y0+x8y1"",""B"":""x0y1+x4y1+x14y1"",""b"":""X"",""d"":8,""excl_opp_detectors"":""True"",""k"":4,""l"":15,""leak_heralds"":""False"",""leak_repump"":""True"",""leakage"":""True"",""loss"":""True"",""m"":2,""n"":60,""noise"":""rl_helios"",""p"":0.001,""prllel_1q"":16,""prllel_2q"":4,""r"":20,""repump_cycles"":3,""seq_meas"":""True"",""seq_ops"":""True"",""swapLRC"":""False""}",
        64,         0,         0,    8.66,bposd,fc034e74c25f52c7dca5bec3ced3fbedd720fbeb24afc199749aab9c2019f874,"{""A"":""x2y0+x8y1"",""B"":""x0y1+x4y1+x14y1"",""b"":""X"",""d"":8,""excl_opp_detectors"":""True"",""k"":4,""l"":15,""leak_heralds"":""False"",""leak_repump"":""True"",""leakage"":""True"",""loss"":""True"",""m"":2,""n"":60,""noise"":""rl_helios"",""p"":0.001,""prllel_1q"":16,""prllel_2q"":4,""r"":20,""repump_cycles"":3,""seq_meas"":""True"",""seq_ops"":""True"",""swapLRC"":""False""}",
        64,         0,         0,    3.49,bposd,fc034e74c25f52c7dca5bec3ced3fbedd720fbeb24afc199749aab9c2019f874,"{""A"":""x2y0+x8y1"",""B"":""x0y1+x4y1+x14y1"",""b"":""X"",""d"":8,""excl_opp_detectors"":""True"",""k"":4,""l"":15,""leak_heralds"":""False"",""leak_repump"":""True"",""leakage"":""True"",""loss"":""True"",""m"":2,""n"":60,""noise"":""rl_helios"",""p"":0.001,""prllel_1q"":16,""prllel_2q"":4,""r"":20,""repump_cycles"":3,""seq_meas"":""True"",""seq_ops"":""True"",""swapLRC"":""False""}",
       128,         0,         0,    8.14,bposd,fc034e74c25f52c7dca5bec3ced3fbedd720fbeb24afc199749aab9c2019f874,"{""A"":""x2y0+x8y1"",""B"":""x0y1+x4y1+x14y1"",""b"":""X"",""d"":8,""excl_opp_detectors"":""True"",""k"":4,""l"":15,""leak_heralds"":""False"",""leak_repump"":""True"",""leakage"":""True"",""loss"":""True"",""m"":2,""n"":60,""noise"":""rl_helios"",""p"":0.001,""prllel_1q"":16,""prllel_2q"":4,""r"":20,""repump_cycles"":3,""seq_meas"":""True"",""seq_ops"":""True"",""swapLRC"":""False""}",
        64,         0,         0,    5.60,bposd,fc034e74c25f52c7dca5bec3ced3fbedd720fbeb24afc199749aab9c2019f874,"{""A"":""x2y0+x8y1"",""B"":""x0y1+x4y1+x14y1"",""b"":""X"",""d"":8,""excl_opp_detectors"":""True"",""k"":4,""l"":15,""leak_heralds"":""False"",""leak_repump"":""True"",""leakage"":""True"",""loss"":""True"",""m"":2,""n"":60,""noise"":""rl_helios"",""p"":0.001,""prllel_1q"":16,""prllel_2q"":4,""r"":20,""repump_cycles"":3,""seq_meas"":""True"",""seq_ops"":""True"",""swapLRC"":""False""}",
        32,         0,         0,    1.84,bposd,fc034e74c25f52c7dca5bec3ced3fbedd720fbeb24afc199749aab9c2019f874,"{""A"":""x2y0+x8y1"",""B"":""x0y1+x4y1+x14y1"",""b"":""X"",""d"":8,""excl_opp_detectors"":""True"",""k"":4,""l"":15,""leak_heralds"":""False"",""leak_repump"":""True"",""leakage"":""True"",""loss"":""True"",""m"":2,""n"":60,""noise"":""rl_helios"",""p"":0.001,""prllel_1q"":16,""prllel_2q"":4,""r"":20,""repump_cycles"":3,""seq_meas"":""True"",""seq_ops"":""True"",""swapLRC"":""False""}",
       128,         0,         0,    4.33,bposd,fc034e74c25f52c7dca5bec3ced3fbedd720fbeb24afc199749aab9c2019f874,"{""A"":""x2y0+x8y1"",""B"":""x0y1+x4y1+x14y1"",""b"":""X"",""d"":8,""excl_opp_detectors"":""True"",""k"":4,""l"":15,""leak_heralds"":""False"",""leak_repump"":""True"",""leakage"":""True"",""loss"":""True"",""m"":2,""n"":60,""noise"":""rl_helios"",""p"":0.001,""prllel_1q"":16,""prllel_2q"":4,""r"":20,""repump_cycles"":3,""seq_meas"":""True"",""seq_ops"":""True"",""swapLRC"":""False""}",
        32,         0,         0,    1.65,bposd,fc034e74c25f52c7dca5bec3ced3fbedd720fbeb24afc199749aab9c2019f874,"{""A"":""x2y0+x8y1"",""B"":""x0y1+x4y1+x14y1"",""b"":""X"",""d"":8,""excl_opp_detectors"":""True"",""k"":4,""l"":15,""leak_heralds"":""False"",""leak_repump"":""True"",""leakage"":""True"",""loss"":""True"",""m"":2,""n"":60,""noise"":""rl_helios"",""p"":0.001,""prllel_1q"":16,""prllel_2q"":4,""r"":20,""repump_cycles"":3,""seq_meas"":""True"",""seq_ops"":""True"",""swapLRC"":""False""}",
        64,         0,         0,    2.63,bposd,fc034e74c25f52c7dca5bec3ced3fbedd720fbeb24afc199749aab9c2019f874,"{""A"":""x2y0+x8y1"",""B"":""x0y1+x4y1+x14y1"",""b"":""X"",""d"":8,""excl_opp_detectors"":""True"",""k"":4,""l"":15,""leak_heralds"":""False"",""leak_repump"":""True"",""leakage"":""True"",""loss"":""True"",""m"":2,""n"":60,""noise"":""rl_helios"",""p"":0.001,""prllel_1q"":16,""prllel_2q"":4,""r"":20,""repump_cycles"":3,""seq_meas"":""True"",""seq_ops"":""True"",""swapLRC"":""False""}",
       128,         0,         0,    7.28,bposd,fc034e74c25f52c7dca5bec3ced3fbedd720fbeb24afc199749aab9c2019f874,"{""A"":""x2y0+x8y1"",""B"":""x0y1+x4y1+x14y1"",""b"":""X"",""d"":8,""excl_opp_detectors"":""True"",""k"":4,""l"":15,""leak_heralds"":""False"",""leak_repump"":""True"",""leakage"":""True"",""loss"":""True"",""m"":2,""n"":60,""noise"":""rl_helios"",""p"":0.001,""prllel_1q"":16,""prllel_2q"":4,""r"":20,""repump_cycles"":3,""seq_meas"":""True"",""seq_ops"":""True"",""swapLRC"":""False""}",
       128,         0,         0,    3.47,bposd,fc034e74c25f52c7dca5bec3ced3fbedd720fbeb24afc199749aab9c2019f874,"{""A"":""x2y0+x8y1"",""B"":""x0y1+x4y1+x14y1"",""b"":""X"",""d"":8,""excl_opp_detectors"":""True"",""k"":4,""l"":15,""leak_heralds"":""False"",""leak_repump"":""True"",""leakage"":""True"",""loss"":""True"",""m"":2,""n"":60,""noise"":""rl_helios"",""p"":0.001,""prllel_1q"":16,""prllel_2q"":4,""r"":20,""repump_cycles"":3,""seq_meas"":""True"",""seq_ops"":""True"",""swapLRC"":""False""}",
        64,         1,         0,    3.01,bposd,fc034e74c25f52c7dca5bec3ced3fbedd720fbeb24afc199749aab9c2019f874,"{""A"":""x2y0+x8y1"",""B"":""x0y1+x4y1+x14y1"",""b"":""X"",""d"":8,""excl_opp_detectors"":""True"",""k"":4,""l"":15,""leak_heralds"":""False"",""leak_repump"":""True"",""leakage"":""True"",""loss"":""True"",""m"":2,""n"":60,""noise"":""rl_helios"",""p"":0.001,""prllel_1q"":16,""prllel_2q"":4,""r"":20,""repump_cycles"":3,""seq_meas"":""True"",""seq_ops"":""True"",""swapLRC"":""False""}",
        32,         0,         0,   0.056,bposd,fc034e74c25f52c7dca5bec3ced3fbedd720fbeb24afc199749aab9c2019f874,"{""A"":""x2y0+x8y1"",""B"":""x0y1+x4y1+x14y1"",""b"":""X"",""d"":8,""excl_opp_detectors"":""True"",""k"":4,""l"":15,""leak_heralds"":""False"",""leak_repump"":""True"",""leakage"":""True"",""loss"":""True"",""m"":2,""n"":60,""noise"":""rl_helios"",""p"":0.001,""prllel_1q"":16,""prllel_2q"":4,""r"":20,""repump_cycles"":3,""seq_meas"":""True"",""seq_ops"":""True"",""swapLRC"":""False""}",
       136,         0,         0,    5.89,bposd,fc034e74c25f52c7dca5bec3ced3fbedd720fbeb24afc199749aab9c2019f874,"{""A"":""x2y0+x8y1"",""B"":""x0y1+x4y1+x14y1"",""b"":""X"",""d"":8,""excl_opp_detectors"":""True"",""k"":4,""l"":15,""leak_heralds"":""False"",""leak_repump"":""True"",""leakage"":""True"",""loss"":""True"",""m"":2,""n"":60,""noise"":""rl_helios"",""p"":0.001,""prllel_1q"":16,""prllel_2q"":4,""r"":20,""repump_cycles"":3,""seq_meas"":""True"",""seq_ops"":""True"",""swapLRC"":""False""}",
       256,         0,         0,    18.3,bposd,fc034e74c25f52c7dca5bec3ced3fbedd720fbeb24afc199749aab9c2019f874,"{""A"":""x2y0+x8y1"",""B"":""x0y1+x4y1+x14y1"",""b"":""X"",""d"":8,""excl_opp_detectors"":""True"",""k"":4,""l"":15,""leak_heralds"":""False"",""leak_repump"":""True"",""leakage"":""True"",""loss"":""True"",""m"":2,""n"":60,""noise"":""rl_helios"",""p"":0.001,""prllel_1q"":16,""prllel_2q"":4,""r"":20,""repump_cycles"":3,""seq_meas"":""True"",""seq_ops"":""True"",""swapLRC"":""False""}",
       128,         0,         0,    5.64,bposd,fc034e74c25f52c7dca5bec3ced3fbedd720fbeb24afc199749aab9c2019f874,"{""A"":""x2y0+x8y1"",""B"":""x0y1+x4y1+x14y1"",""b"":""X"",""d"":8,""excl_opp_detectors"":""True"",""k"":4,""l"":15,""leak_heralds"":""False"",""leak_repump"":""True"",""leakage"":""True"",""loss"":""True"",""m"":2,""n"":60,""noise"":""rl_helios"",""p"":0.001,""prllel_1q"":16,""prllel_2q"":4,""r"":20,""repump_cycles"":3,""seq_meas"":""True"",""seq_ops"":""True"",""swapLRC"":""False""}",
       128,         0,         0,    8.04,bposd,fc034e74c25f52c7dca5bec3ced3fbedd720fbeb24afc199749aab9c2019f874,"{""A"":""x2y0+x8y1"",""B"":""x0y1+x4y1+x14y1"",""b"":""X"",""d"":8,""excl_opp_detectors"":""True"",""k"":4,""l"":15,""leak_heralds"":""False"",""leak_repump"":""True"",""leakage"":""True"",""loss"":""True"",""m"":2,""n"":60,""noise"":""rl_helios"",""p"":0.001,""prllel_1q"":16,""prllel_2q"":4,""r"":20,""repump_cycles"":3,""seq_meas"":""True"",""seq_ops"":""True"",""swapLRC"":""False""}",
        16,         0,         0,    1.50,bposd,fc034e74c25f52c7dca5bec3ced3fbedd720fbeb24afc199749aab9c2019f874,"{""A"":""x2y0+x8y1"",""B"":""x0y1+x4y1+x14y1"",""b"":""X"",""d"":8,""excl_opp_detectors"":""True"",""k"":4,""l"":15,""leak_heralds"":""False"",""leak_repump"":""True"",""leakage"":""True"",""loss"":""True"",""m"":2,""n"":60,""noise"":""rl_helios"",""p"":0.001,""prllel_1q"":16,""prllel_2q"":4,""r"":20,""repump_cycles"":3,""seq_meas"":""True"",""seq_ops"":""True"",""swapLRC"":""False""}",
        64,         0,         0,    1.45,bposd,fc034e74c25f52c7dca5bec3ced3fbedd720fbeb24afc199749aab9c2019f874,"{""A"":""x2y0+x8y1"",""B"":""x0y1+x4y1+x14y1"",""b"":""X"",""d"":8,""excl_opp_detectors"":""True"",""k"":4,""l"":15,""leak_heralds"":""False"",""leak_repump"":""True"",""leakage"":""True"",""loss"":""True"",""m"":2,""n"":60,""noise"":""rl_helios"",""p"":0.001,""prllel_1q"":16,""prllel_2q"":4,""r"":20,""repump_cycles"":3,""seq_meas"":""True"",""seq_ops"":""True"",""swapLRC"":""False""}",
        32,         0,         0,    1.75,bposd,fc034e74c25f52c7dca5bec3ced3fbedd720fbeb24afc199749aab9c2019f874,"{""A"":""x2y0+x8y1"",""B"":""x0y1+x4y1+x14y1"",""b"":""X"",""d"":8,""excl_opp_detectors"":""True"",""k"":4,""l"":15,""leak_heralds"":""False"",""leak_repump"":""True"",""leakage"":""True"",""loss"":""True"",""m"":2,""n"":60,""noise"":""rl_helios"",""p"":0.001,""prllel_1q"":16,""prllel_2q"":4,""r"":20,""repump_cycles"":3,""seq_meas"":""True"",""seq_ops"":""True"",""swapLRC"":""False""}",
        16,         0,         0,   0.032,bposd,fc034e74c25f52c7dca5bec3ced3fbedd720fbeb24afc199749aab9c2019f874,"{""A"":""x2y0+x8y1"",""B"":""x0y1+x4y1+x14y1"",""b"":""X"",""d"":8,""excl_opp_detectors"":""True"",""k"":4,""l"":15,""leak_heralds"":""False"",""leak_repump"":""True"",""leakage"":""True"",""loss"":""True"",""m"":2,""n"":60,""noise"":""rl_helios"",""p"":0.001,""prllel_1q"":16,""prllel_2q"":4,""r"":20,""repump_cycles"":3,""seq_meas"":""True"",""seq_ops"":""True"",""swapLRC"":""False""}",
       128,         0,         0,    5.56,bposd,fc034e74c25f52c7dca5bec3ced3fbedd720fbeb24afc199749aab9c2019f874,"{""A"":""x2y0+x8y1"",""B"":""x0y1+x4y1+x14y1"",""b"":""X"",""d"":8,""excl_opp_detectors"":""True"",""k"":4,""l"":15,""leak_heralds"":""False"",""leak_repump"":""True"",""leakage"":""True"",""loss"":""True"",""m"":2,""n"":60,""noise"":""rl_helios"",""p"":0.001,""prllel_1q"":16,""prllel_2q"":4,""r"":20,""repump_cycles"":3,""seq_meas"":""True"",""seq_ops"":""True"",""swapLRC"":""False""}",
       256,         1,         0,    19.5,bposd,fc034e74c25f52c7dca5bec3ced3fbedd720fbeb24afc199749aab9c2019f874,"{""A"":""x2y0+x8y1"",""B"":""x0y1+x4y1+x14y1"",""b"":""X"",""d"":8,""excl_opp_detectors"":""True"",""k"":4,""l"":15,""leak_heralds"":""False"",""leak_repump"":""True"",""leakage"":""True"",""loss"":""True"",""m"":2,""n"":60,""noise"":""rl_helios"",""p"":0.001,""prllel_1q"":16,""prllel_2q"":4,""r"":20,""repump_cycles"":3,""seq_meas"":""True"",""seq_ops"":""True"",""swapLRC"":""False""}",
        16,         0,         0,    1.70,bposd,fc034e74c25f52c7dca5bec3ced3fbedd720fbeb24afc199749aab9c2019f874,"{""A"":""x2y0+x8y1"",""B"":""x0y1+x4y1+x14y1"",""b"":""X"",""d"":8,""excl_opp_detectors"":""True"",""k"":4,""l"":15,""leak_heralds"":""False"",""leak_repump"":""True"",""leakage"":""True"",""loss"":""True"",""m"":2,""n"":60,""noise"":""rl_helios"",""p"":0.001,""prllel_1q"":16,""prllel_2q"":4,""r"":20,""repump_cycles"":3,""seq_meas"":""True"",""seq_ops"":""True"",""swapLRC"":""False""}",
       128,         0,         0,    5.19,bposd,fc034e74c25f52c7dca5bec3ced3fbedd720fbeb24afc199749aab9c2019f874,"{""A"":""x2y0+x8y1"",""B"":""x0y1+x4y1+x14y1"",""b"":""X"",""d"":8,""excl_opp_detectors"":""True"",""k"":4,""l"":15,""leak_heralds"":""False"",""leak_repump"":""True"",""leakage"":""True"",""loss"":""True"",""m"":2,""n"":60,""noise"":""rl_helios"",""p"":0.001,""prllel_1q"":16,""prllel_2q"":4,""r"":20,""repump_cycles"":3,""seq_meas"":""True"",""seq_ops"":""True"",""swapLRC"":""False""}",
        64,         0,         0,    1.77,bposd,fc034e74c25f52c7dca5bec3ced3fbedd720fbeb24afc199749aab9c2019f874,"{""A"":""x2y0+x8y1"",""B"":""x0y1+x4y1+x14y1"",""b"":""X"",""d"":8,""excl_opp_detectors"":""True"",""k"":4,""l"":15,""leak_heralds"":""False"",""leak_repump"":""True"",""leakage"":""True"",""loss"":""True"",""m"":2,""n"":60,""noise"":""rl_helios"",""p"":0.001,""prllel_1q"":16,""prllel_2q"":4,""r"":20,""repump_cycles"":3,""seq_meas"":""True"",""seq_ops"":""True"",""swapLRC"":""False""}",
       256,         1,         0,    18.9,bposd,fc034e74c25f52c7dca5bec3ced3fbedd720fbeb24afc199749aab9c2019f874,"{""A"":""x2y0+x8y1"",""B"":""x0y1+x4y1+x14y1"",""b"":""X"",""d"":8,""excl_opp_detectors"":""True"",""k"":4,""l"":15,""leak_heralds"":""False"",""leak_repump"":""True"",""leakage"":""True"",""loss"":""True"",""m"":2,""n"":60,""noise"":""rl_helios"",""p"":0.001,""prllel_1q"":16,""prllel_2q"":4,""r"":20,""repump_cycles"":3,""seq_meas"":""True"",""seq_ops"":""True"",""swapLRC"":""False""}",
        64,         0,         0,    8.74,bposd,fc034e74c25f52c7dca5bec3ced3fbedd720fbeb24afc199749aab9c2019f874,"{""A"":""x2y0+x8y1"",""B"":""x0y1+x4y1+x14y1"",""b"":""X"",""d"":8,""excl_opp_detectors"":""True"",""k"":4,""l"":15,""leak_heralds"":""False"",""leak_repump"":""True"",""leakage"":""True"",""loss"":""True"",""m"":2,""n"":60,""noise"":""rl_helios"",""p"":0.001,""prllel_1q"":16,""prllel_2q"":4,""r"":20,""repump_cycles"":3,""seq_meas"":""True"",""seq_ops"":""True"",""swapLRC"":""False""}",
        64,         0,         0,    1.69,bposd,fc034e74c25f52c7dca5bec3ced3fbedd720fbeb24afc199749aab9c2019f874,"{""A"":""x2y0+x8y1"",""B"":""x0y1+x4y1+x14y1"",""b"":""X"",""d"":8,""excl_opp_detectors"":""True"",""k"":4,""l"":15,""leak_heralds"":""False"",""leak_repump"":""True"",""leakage"":""True"",""loss"":""True"",""m"":2,""n"":60,""noise"":""rl_helios"",""p"":0.001,""prllel_1q"":16,""prllel_2q"":4,""r"":20,""repump_cycles"":3,""seq_meas"":""True"",""seq_ops"":""True"",""swapLRC"":""False""}",
       256,         1,         0,    22.3,bposd,fc034e74c25f52c7dca5bec3ced3fbedd720fbeb24afc199749aab9c2019f874,"{""A"":""x2y0+x8y1"",""B"":""x0y1+x4y1+x14y1"",""b"":""X"",""d"":8,""excl_opp_detectors"":""True"",""k"":4,""l"":15,""leak_heralds"":""False"",""leak_repump"":""True"",""leakage"":""True"",""loss"":""True"",""m"":2,""n"":60,""noise"":""rl_helios"",""p"":0.001,""prllel_1q"":16,""prllel_2q"":4,""r"":20,""repump_cycles"":3,""seq_meas"":""True"",""seq_ops"":""True"",""swapLRC"":""False""}",
        32,         0,         0,    2.76,bposd,fc034e74c25f52c7dca5bec3ced3fbedd720fbeb24afc199749aab9c2019f874,"{""A"":""x2y0+x8y1"",""B"":""x0y1+x4y1+x14y1"",""b"":""X"",""d"":8,""excl_opp_detectors"":""True"",""k"":4,""l"":15,""leak_heralds"":""False"",""leak_repump"":""True"",""leakage"":""True"",""loss"":""True"",""m"":2,""n"":60,""noise"":""rl_helios"",""p"":0.001,""prllel_1q"":16,""prllel_2q"":4,""r"":20,""repump_cycles"":3,""seq_meas"":""True"",""seq_ops"":""True"",""swapLRC"":""False""}",
       128,         0,         0,    9.88,bposd,fc034e74c25f52c7dca5bec3ced3fbedd720fbeb24afc199749aab9c2019f874,"{""A"":""x2y0+x8y1"",""B"":""x0y1+x4y1+x14y1"",""b"":""X"",""d"":8,""excl_opp_detectors"":""True"",""k"":4,""l"":15,""leak_heralds"":""False"",""leak_repump"":""True"",""leakage"":""True"",""loss"":""True"",""m"":2,""n"":60,""noise"":""rl_helios"",""p"":0.001,""prllel_1q"":16,""prllel_2q"":4,""r"":20,""repump_cycles"":3,""seq_meas"":""True"",""seq_ops"":""True"",""swapLRC"":""False""}",
        64,         0,         0,    3.28,bposd,fc034e74c25f52c7dca5bec3ced3fbedd720fbeb24afc199749aab9c2019f874,"{""A"":""x2y0+x8y1"",""B"":""x0y1+x4y1+x14y1"",""b"":""X"",""d"":8,""excl_opp_detectors"":""True"",""k"":4,""l"":15,""leak_heralds"":""False"",""leak_repump"":""True"",""leakage"":""True"",""loss"":""True"",""m"":2,""n"":60,""noise"":""rl_helios"",""p"":0.001,""prllel_1q"":16,""prllel_2q"":4,""r"":20,""repump_cycles"":3,""seq_meas"":""True"",""seq_ops"":""True"",""swapLRC"":""False""}",
       136,         0,         0,    1.89,bposd,fc034e74c25f52c7dca5bec3ced3fbedd720fbeb24afc199749aab9c2019f874,"{""A"":""x2y0+x8y1"",""B"":""x0y1+x4y1+x14y1"",""b"":""X"",""d"":8,""excl_opp_detectors"":""True"",""k"":4,""l"":15,""leak_heralds"":""False"",""leak_repump"":""True"",""leakage"":""True"",""loss"":""True"",""m"":2,""n"":60,""noise"":""rl_helios"",""p"":0.001,""prllel_1q"":16,""prllel_2q"":4,""r"":20,""repump_cycles"":3,""seq_meas"":""True"",""seq_ops"":""True"",""swapLRC"":""False""}",
        64,         0,         0,    1.75,bposd,fc034e74c25f52c7dca5bec3ced3fbedd720fbeb24afc199749aab9c2019f874,"{""A"":""x2y0+x8y1"",""B"":""x0y1+x4y1+x14y1"",""b"":""X"",""d"":8,""excl_opp_detectors"":""True"",""k"":4,""l"":15,""leak_heralds"":""False"",""leak_repump"":""True"",""leakage"":""True"",""loss"":""True"",""m"":2,""n"":60,""noise"":""rl_helios"",""p"":0.001,""prllel_1q"":16,""prllel_2q"":4,""r"":20,""repump_cycles"":3,""seq_meas"":""True"",""seq_ops"":""True"",""swapLRC"":""False""}",
        32,         0,         0,    1.67,bposd,fc034e74c25f52c7dca5bec3ced3fbedd720fbeb24afc199749aab9c2019f874,"{""A"":""x2y0+x8y1"",""B"":""x0y1+x4y1+x14y1"",""b"":""X"",""d"":8,""excl_opp_detectors"":""True"",""k"":4,""l"":15,""leak_heralds"":""False"",""leak_repump"":""True"",""leakage"":""True"",""loss"":""True"",""m"":2,""n"":60,""noise"":""rl_helios"",""p"":0.001,""prllel_1q"":16,""prllel_2q"":4,""r"":20,""repump_cycles"":3,""seq_meas"":""True"",""seq_ops"":""True"",""swapLRC"":""False""}",
       272,         0,         0,    12.7,bposd,fc034e74c25f52c7dca5bec3ced3fbedd720fbeb24afc199749aab9c2019f874,"{""A"":""x2y0+x8y1"",""B"":""x0y1+x4y1+x14y1"",""b"":""X"",""d"":8,""excl_opp_detectors"":""True"",""k"":4,""l"":15,""leak_heralds"":""False"",""leak_repump"":""True"",""leakage"":""True"",""loss"":""True"",""m"":2,""n"":60,""noise"":""rl_helios"",""p"":0.001,""prllel_1q"":16,""prllel_2q"":4,""r"":20,""repump_cycles"":3,""seq_meas"":""True"",""seq_ops"":""True"",""swapLRC"":""False""}",
        64,         0,         0,    2.82,bposd,fc034e74c25f52c7dca5bec3ced3fbedd720fbeb24afc199749aab9c2019f874,"{""A"":""x2y0+x8y1"",""B"":""x0y1+x4y1+x14y1"",""b"":""X"",""d"":8,""excl_opp_detectors"":""True"",""k"":4,""l"":15,""leak_heralds"":""False"",""leak_repump"":""True"",""leakage"":""True"",""loss"":""True"",""m"":2,""n"":60,""noise"":""rl_helios"",""p"":0.001,""prllel_1q"":16,""prllel_2q"":4,""r"":20,""repump_cycles"":3,""seq_meas"":""True"",""seq_ops"":""True"",""swapLRC"":""False""}",
       136,         1,         0,    10.1,bposd,fc034e74c25f52c7dca5bec3ced3fbedd720fbeb24afc199749aab9c2019f874,"{""A"":""x2y0+x8y1"",""B"":""x0y1+x4y1+x14y1"",""b"":""X"",""d"":8,""excl_opp_detectors"":""True"",""k"":4,""l"":15,""leak_heralds"":""False"",""leak_repump"":""True"",""leakage"":""True"",""loss"":""True"",""m"":2,""n"":60,""noise"":""rl_helios"",""p"":0.001,""prllel_1q"":16,""prllel_2q"":4,""r"":20,""repump_cycles"":3,""seq_meas"":""True"",""seq_ops"":""True"",""swapLRC"":""False""}",
       256,         0,         0,    21.7,bposd,fc034e74c25f52c7dca5bec3ced3fbedd720fbeb24afc199749aab9c2019f874,"{""A"":""x2y0+x8y1"",""B"":""x0y1+x4y1+x14y1"",""b"":""X"",""d"":8,""excl_opp_detectors"":""True"",""k"":4,""l"":15,""leak_heralds"":""False"",""leak_repump"":""True"",""leakage"":""True"",""loss"":""True"",""m"":2,""n"":60,""noise"":""rl_helios"",""p"":0.001,""prllel_1q"":16,""prllel_2q"":4,""r"":20,""repump_cycles"":3,""seq_meas"":""True"",""seq_ops"":""True"",""swapLRC"":""False""}",
       128,         0,         0,    3.19,bposd,fc034e74c25f52c7dca5bec3ced3fbedd720fbeb24afc199749aab9c2019f874,"{""A"":""x2y0+x8y1"",""B"":""x0y1+x4y1+x14y1"",""b"":""X"",""d"":8,""excl_opp_detectors"":""True"",""k"":4,""l"":15,""leak_heralds"":""False"",""leak_repump"":""True"",""leakage"":""True"",""loss"":""True"",""m"":2,""n"":60,""noise"":""rl_helios"",""p"":0.001,""prllel_1q"":16,""prllel_2q"":4,""r"":20,""repump_cycles"":3,""seq_meas"":""True"",""seq_ops"":""True"",""swapLRC"":""False""}",
        32,         0,         0,    3.11,bposd,fc034e74c25f52c7dca5bec3ced3fbedd720fbeb24afc199749aab9c2019f874,"{""A"":""x2y0+x8y1"",""B"":""x0y1+x4y1+x14y1"",""b"":""X"",""d"":8,""excl_opp_detectors"":""True"",""k"":4,""l"":15,""leak_heralds"":""False"",""leak_repump"":""True"",""leakage"":""True"",""loss"":""True"",""m"":2,""n"":60,""noise"":""rl_helios"",""p"":0.001,""prllel_1q"":16,""prllel_2q"":4,""r"":20,""repump_cycles"":3,""seq_meas"":""True"",""seq_ops"":""True"",""swapLRC"":""False""}",
        64,         0,         0,    5.73,bposd,fc034e74c25f52c7dca5bec3ced3fbedd720fbeb24afc199749aab9c2019f874,"{""A"":""x2y0+x8y1"",""B"":""x0y1+x4y1+x14y1"",""b"":""X"",""d"":8,""excl_opp_detectors"":""True"",""k"":4,""l"":15,""leak_heralds"":""False"",""leak_repump"":""True"",""leakage"":""True"",""loss"":""True"",""m"":2,""n"":60,""noise"":""rl_helios"",""p"":0.001,""prllel_1q"":16,""prllel_2q"":4,""r"":20,""repump_cycles"":3,""seq_meas"":""True"",""seq_ops"":""True"",""swapLRC"":""False""}",
        64,         0,         0,    3.18,bposd,fc034e74c25f52c7dca5bec3ced3fbedd720fbeb24afc199749aab9c2019f874,"{""A"":""x2y0+x8y1"",""B"":""x0y1+x4y1+x14y1"",""b"":""X"",""d"":8,""excl_opp_detectors"":""True"",""k"":4,""l"":15,""leak_heralds"":""False"",""leak_repump"":""True"",""leakage"":""True"",""loss"":""True"",""m"":2,""n"":60,""noise"":""rl_helios"",""p"":0.001,""prllel_1q"":16,""prllel_2q"":4,""r"":20,""repump_cycles"":3,""seq_meas"":""True"",""seq_ops"":""True"",""swapLRC"":""False""}",
       272,         1,         0,    17.3,bposd,fc034e74c25f52c7dca5bec3ced3fbedd720fbeb24afc199749aab9c2019f874,"{""A"":""x2y0+x8y1"",""B"":""x0y1+x4y1+x14y1"",""b"":""X"",""d"":8,""excl_opp_detectors"":""True"",""k"":4,""l"":15,""leak_heralds"":""False"",""leak_repump"":""True"",""leakage"":""True"",""loss"":""True"",""m"":2,""n"":60,""noise"":""rl_helios"",""p"":0.001,""prllel_1q"":16,""prllel_2q"":4,""r"":20,""repump_cycles"":3,""seq_meas"":""True"",""seq_ops"":""True"",""swapLRC"":""False""}",
       272,         0,         0,    9.56,bposd,fc034e74c25f52c7dca5bec3ced3fbedd720fbeb24afc199749aab9c2019f874,"{""A"":""x2y0+x8y1"",""B"":""x0y1+x4y1+x14y1"",""b"":""X"",""d"":8,""excl_opp_detectors"":""True"",""k"":4,""l"":15,""leak_heralds"":""False"",""leak_repump"":""True"",""leakage"":""True"",""loss"":""True"",""m"":2,""n"":60,""noise"":""rl_helios"",""p"":0.001,""prllel_1q"":16,""prllel_2q"":4,""r"":20,""repump_cycles"":3,""seq_meas"":""True"",""seq_ops"":""True"",""swapLRC"":""False""}",
        64,         0,         0,    5.23,bposd,fc034e74c25f52c7dca5bec3ced3fbedd720fbeb24afc199749aab9c2019f874,"{""A"":""x2y0+x8y1"",""B"":""x0y1+x4y1+x14y1"",""b"":""X"",""d"":8,""excl_opp_detectors"":""True"",""k"":4,""l"":15,""leak_heralds"":""False"",""leak_repump"":""True"",""leakage"":""True"",""loss"":""True"",""m"":2,""n"":60,""noise"":""rl_helios"",""p"":0.001,""prllel_1q"":16,""prllel_2q"":4,""r"":20,""repump_cycles"":3,""seq_meas"":""True"",""seq_ops"":""True"",""swapLRC"":""False""}",
       128,         1,         0,    5.67,bposd,fc034e74c25f52c7dca5bec3ced3fbedd720fbeb24afc199749aab9c2019f874,"{""A"":""x2y0+x8y1"",""B"":""x0y1+x4y1+x14y1"",""b"":""X"",""d"":8,""excl_opp_detectors"":""True"",""k"":4,""l"":15,""leak_heralds"":""False"",""leak_repump"":""True"",""leakage"":""True"",""loss"":""True"",""m"":2,""n"":60,""noise"":""rl_helios"",""p"":0.001,""prllel_1q"":16,""prllel_2q"":4,""r"":20,""repump_cycles"":3,""seq_meas"":""True"",""seq_ops"":""True"",""swapLRC"":""False""}",
       136,         0,         0,    6.11,bposd,fc034e74c25f52c7dca5bec3ced3fbedd720fbeb24afc199749aab9c2019f874,"{""A"":""x2y0+x8y1"",""B"":""x0y1+x4y1+x14y1"",""b"":""X"",""d"":8,""excl_opp_detectors"":""True"",""k"":4,""l"":15,""leak_heralds"":""False"",""leak_repump"":""True"",""leakage"":""True"",""loss"":""True"",""m"":2,""n"":60,""noise"":""rl_helios"",""p"":0.001,""prllel_1q"":16,""prllel_2q"":4,""r"":20,""repump_cycles"":3,""seq_meas"":""True"",""seq_ops"":""True"",""swapLRC"":""False""}",
       256,         0,         0,    14.3,bposd,fc034e74c25f52c7dca5bec3ced3fbedd720fbeb24afc199749aab9c2019f874,"{""A"":""x2y0+x8y1"",""B"":""x0y1+x4y1+x14y1"",""b"":""X"",""d"":8,""excl_opp_detectors"":""True"",""k"":4,""l"":15,""leak_heralds"":""False"",""leak_repump"":""True"",""leakage"":""True"",""loss"":""True"",""m"":2,""n"":60,""noise"":""rl_helios"",""p"":0.001,""prllel_1q"":16,""prllel_2q"":4,""r"":20,""repump_cycles"":3,""seq_meas"":""True"",""seq_ops"":""True"",""swapLRC"":""False""}",
       256,         1,         0,    14.6,bposd,fc034e74c25f52c7dca5bec3ced3fbedd720fbeb24afc199749aab9c2019f874,"{""A"":""x2y0+x8y1"",""B"":""x0y1+x4y1+x14y1"",""b"":""X"",""d"":8,""excl_opp_detectors"":""True"",""k"":4,""l"":15,""leak_heralds"":""False"",""leak_repump"":""True"",""leakage"":""True"",""loss"":""True"",""m"":2,""n"":60,""noise"":""rl_helios"",""p"":0.001,""prllel_1q"":16,""prllel_2q"":4,""r"":20,""repump_cycles"":3,""seq_meas"":""True"",""seq_ops"":""True"",""swapLRC"":""False""}",
       256,         1,         0,    16.0,bposd,fc034e74c25f52c7dca5bec3ced3fbedd720fbeb24afc199749aab9c2019f874,"{""A"":""x2y0+x8y1"",""B"":""x0y1+x4y1+x14y1"",""b"":""X"",""d"":8,""excl_opp_detectors"":""True"",""k"":4,""l"":15,""leak_heralds"":""False"",""leak_repump"":""True"",""leakage"":""True"",""loss"":""True"",""m"":2,""n"":60,""noise"":""rl_helios"",""p"":0.001,""prllel_1q"":16,""prllel_2q"":4,""r"":20,""repump_cycles"":3,""seq_meas"":""True"",""seq_ops"":""True"",""swapLRC"":""False""}",
       256,         0,         0,    10.0,bposd,fc034e74c25f52c7dca5bec3ced3fbedd720fbeb24afc199749aab9c2019f874,"{""A"":""x2y0+x8y1"",""B"":""x0y1+x4y1+x14y1"",""b"":""X"",""d"":8,""excl_opp_detectors"":""True"",""k"":4,""l"":15,""leak_heralds"":""False"",""leak_repump"":""True"",""leakage"":""True"",""loss"":""True"",""m"":2,""n"":60,""noise"":""rl_helios"",""p"":0.001,""prllel_1q"":16,""prllel_2q"":4,""r"":20,""repump_cycles"":3,""seq_meas"":""True"",""seq_ops"":""True"",""swapLRC"":""False""}",
       128,         0,         0,    9.29,bposd,fc034e74c25f52c7dca5bec3ced3fbedd720fbeb24afc199749aab9c2019f874,"{""A"":""x2y0+x8y1"",""B"":""x0y1+x4y1+x14y1"",""b"":""X"",""d"":8,""excl_opp_detectors"":""True"",""k"":4,""l"":15,""leak_heralds"":""False"",""leak_repump"":""True"",""leakage"":""True"",""loss"":""True"",""m"":2,""n"":60,""noise"":""rl_helios"",""p"":0.001,""prllel_1q"":16,""prllel_2q"":4,""r"":20,""repump_cycles"":3,""seq_meas"":""True"",""seq_ops"":""True"",""swapLRC"":""False""}",
       288,         0,         0,    12.7,bposd,fc034e74c25f52c7dca5bec3ced3fbedd720fbeb24afc199749aab9c2019f874,"{""A"":""x2y0+x8y1"",""B"":""x0y1+x4y1+x14y1"",""b"":""X"",""d"":8,""excl_opp_detectors"":""True"",""k"":4,""l"":15,""leak_heralds"":""False"",""leak_repump"":""True"",""leakage"":""True"",""loss"":""True"",""m"":2,""n"":60,""noise"":""rl_helios"",""p"":0.001,""prllel_1q"":16,""prllel_2q"":4,""r"":20,""repump_cycles"":3,""seq_meas"":""True"",""seq_ops"":""True"",""swapLRC"":""False""}",
       544,         1,         0,    24.9,bposd,fc034e74c25f52c7dca5bec3ced3fbedd720fbeb24afc199749aab9c2019f874,"{""A"":""x2y0+x8y1"",""B"":""x0y1+x4y1+x14y1"",""b"":""X"",""d"":8,""excl_opp_detectors"":""True"",""k"":4,""l"":15,""leak_heralds"":""False"",""leak_repump"":""True"",""leakage"":""True"",""loss"":""True"",""m"":2,""n"":60,""noise"":""rl_helios"",""p"":0.001,""prllel_1q"":16,""prllel_2q"":4,""r"":20,""repump_cycles"":3,""seq_meas"":""True"",""seq_ops"":""True"",""swapLRC"":""False""}",
       512,         0,         0,    28.6,bposd,fc034e74c25f52c7dca5bec3ced3fbedd720fbeb24afc199749aab9c2019f874,"{""A"":""x2y0+x8y1"",""B"":""x0y1+x4y1+x14y1"",""b"":""X"",""d"":8,""excl_opp_detectors"":""True"",""k"":4,""l"":15,""leak_heralds"":""False"",""leak_repump"":""True"",""leakage"":""True"",""loss"":""True"",""m"":2,""n"":60,""noise"":""rl_helios"",""p"":0.001,""prllel_1q"":16,""prllel_2q"":4,""r"":20,""repump_cycles"":3,""seq_meas"":""True"",""seq_ops"":""True"",""swapLRC"":""False""}",
       256,         0,         0,    12.1,bposd,fc034e74c25f52c7dca5bec3ced3fbedd720fbeb24afc199749aab9c2019f874,"{""A"":""x2y0+x8y1"",""B"":""x0y1+x4y1+x14y1"",""b"":""X"",""d"":8,""excl_opp_detectors"":""True"",""k"":4,""l"":15,""leak_heralds"":""False"",""leak_repump"":""True"",""leakage"":""True"",""loss"":""True"",""m"":2,""n"":60,""noise"":""rl_helios"",""p"":0.001,""prllel_1q"":16,""prllel_2q"":4,""r"":20,""repump_cycles"":3,""seq_meas"":""True"",""seq_ops"":""True"",""swapLRC"":""False""}",
       544,         0,         0,    18.2,bposd,fc034e74c25f52c7dca5bec3ced3fbedd720fbeb24afc199749aab9c2019f874,"{""A"":""x2y0+x8y1"",""B"":""x0y1+x4y1+x14y1"",""b"":""X"",""d"":8,""excl_opp_detectors"":""True"",""k"":4,""l"":15,""leak_heralds"":""False"",""leak_repump"":""True"",""leakage"":""True"",""loss"":""True"",""m"":2,""n"":60,""noise"":""rl_helios"",""p"":0.001,""prllel_1q"":16,""prllel_2q"":4,""r"":20,""repump_cycles"":3,""seq_meas"":""True"",""seq_ops"":""True"",""swapLRC"":""False""}",
