     shots,    errors,  discards, seconds,decoder,strong_id,json_metadata,custom_counts
         1,         0,         0,   0.067,bposd,5504117086a3317092df3aefd3d9dcaeddcedef971a26de69ae47837b09651a2,"{""A"":""x0y3+x10y0+x17y0"",""B"":""x5y0+x0y3+x0y19"",""b"":""X"",""d"":18,""excl_opp_detectors"":""True"",""k"":16,""l"":9,""leak_heralds"":""False"",""leak_repump"":""True"",""leakage"":""True"",""loss"":""True"",""m"":21,""n"":378,""p"":0.001,""prllel_1q"":336,""prllel_2q"":126,""r"":20,""repump_cycles"":3,""seq_meas"":""True"",""seq_ops"":""True"",""swapLRC"":""False""}",
         1,         0,         0,   0.064,bposd,5504117086a3317092df3aefd3d9dcaeddcedef971a26de69ae47837b09651a2,"{""A"":""x0y3+x10y0+x17y0"",""B"":""x5y0+x0y3+x0y19"",""b"":""X"",""d"":18,""excl_opp_detectors"":""True"",""k"":16,""l"":9,""leak_heralds"":""False"",""leak_repump"":""True"",""leakage"":""True"",""loss"":""True"",""m"":21,""n"":378,""p"":0.001,""prllel_1q"":336,""prllel_2q"":126,""r"":20,""repump_cycles"":3,""seq_meas"":""True"",""seq_ops"":""True"",""swapLRC"":""False""}",
         1,         0,         0,   0.069,bposd,5504117086a3317092df3aefd3d9dcaeddcedef971a26de69ae47837b09651a2,"{""A"":""x0y3+x10y0+x17y0"",""B"":""x5y0+x0y3+x0y19"",""b"":""X"",""d"":18,""excl_opp_detectors"":""True"",""k"":16,""l"":9,""leak_heralds"":""False"",""leak_repump"":""True"",""leakage"":""True"",""loss"":""True"",""m"":21,""n"":378,""p"":0.001,""prllel_1q"":336,""prllel_2q"":126,""r"":20,""repump_cycles"":3,""seq_meas"":""True"",""seq_ops"":""True"",""swapLRC"":""False""}",
         1,         0,         0,   0.065,bposd,5504117086a3317092df3aefd3d9dcaeddcedef971a26de69ae47837b09651a2,"{""A"":""x0y3+x10y0+x17y0"",""B"":""x5y0+x0y3+x0y19"",""b"":""X"",""d"":18,""excl_opp_detectors"":""True"",""k"":16,""l"":9,""leak_heralds"":""False"",""leak_repump"":""True"",""leakage"":""True"",""loss"":""True"",""m"":21,""n"":378,""p"":0.001,""prllel_1q"":336,""prllel_2q"":126,""r"":20,""repump_cycles"":3,""seq_meas"":""True"",""seq_ops"":""True"",""swapLRC"":""False""}",
         8,         0,         0,   0.156,bposd,5504117086a3317092df3aefd3d9dcaeddcedef971a26de69ae47837b09651a2,"{""A"":""x0y3+x10y0+x17y0"",""B"":""x5y0+x0y3+x0y19"",""b"":""X"",""d"":18,""excl_opp_detectors"":""True"",""k"":16,""l"":9,""leak_heralds"":""False"",""leak_repump"":""True"",""leakage"":""True"",""loss"":""True"",""m"":21,""n"":378,""p"":0.001,""prllel_1q"":336,""prllel_2q"":126,""r"":20,""repump_cycles"":3,""seq_meas"":""True"",""seq_ops"":""True"",""swapLRC"":""False""}",
         1,         0,         0,   0.065,bposd,5504117086a3317092df3aefd3d9dcaeddcedef971a26de69ae47837b09651a2,"{""A"":""x0y3+x10y0+x17y0"",""B"":""x5y0+x0y3+x0y19"",""b"":""X"",""d"":18,""excl_opp_detectors"":""True"",""k"":16,""l"":9,""leak_heralds"":""False"",""leak_repump"":""True"",""leakage"":""True"",""loss"":""True"",""m"":21,""n"":378,""p"":0.001,""prllel_1q"":336,""prllel_2q"":126,""r"":20,""repump_cycles"":3,""seq_meas"":""True"",""seq_ops"":""True"",""swapLRC"":""False""}",
         1,         0,         0,   0.067,bposd,5504117086a3317092df3aefd3d9dcaeddcedef971a26de69ae47837b09651a2,"{""A"":""x0y3+x10y0+x17y0"",""B"":""x5y0+x0y3+x0y19"",""b"":""X"",""d"":18,""excl_opp_detectors"":""True"",""k"":16,""l"":9,""leak_heralds"":""False"",""leak_repump"":""True"",""leakage"":""True"",""loss"":""True"",""m"":21,""n"":378,""p"":0.001,""prllel_1q"":336,""prllel_2q"":126,""r"":20,""repump_cycles"":3,""seq_meas"":""True"",""seq_ops"":""True"",""swapLRC"":""False""}",
         1,         0,         0,   0.072,bposd,5504117086a3317092df3aefd3d9dcaeddcedef971a26de69ae47837b09651a2,"{""A"":""x0y3+x10y0+x17y0"",""B"":""x5y0+x0y3+x0y19"",""b"":""X"",""d"":18,""excl_opp_detectors"":""True"",""k"":16,""l"":9,""leak_heralds"":""False"",""leak_repump"":""True"",""leakage"":""True"",""loss"":""True"",""m"":21,""n"":378,""p"":0.001,""prllel_1q"":336,""prllel_2q"":126,""r"":20,""repump_cycles"":3,""seq_meas"":""True"",""seq_ops"":""True"",""swapLRC"":""False""}",
         1,         0,         0,   0.071,bposd,5504117086a3317092df3aefd3d9dcaeddcedef971a26de69ae47837b09651a2,"{""A"":""x0y3+x10y0+x17y0"",""B"":""x5y0+x0y3+x0y19"",""b"":""X"",""d"":18,""excl_opp_detectors"":""True"",""k"":16,""l"":9,""leak_heralds"":""False"",""leak_repump"":""True"",""leakage"":""True"",""loss"":""True"",""m"":21,""n"":378,""p"":0.001,""prllel_1q"":336,""prllel_2q"":126,""r"":20,""repump_cycles"":3,""seq_meas"":""True"",""seq_ops"":""True"",""swapLRC"":""False""}",
         1,         0,         0,   0.077,bposd,5504117086a3317092df3aefd3d9dcaeddcedef971a26de69ae47837b09651a2,"{""A"":""x0y3+x10y0+x17y0"",""B"":""x5y0+x0y3+x0y19"",""b"":""X"",""d"":18,""excl_opp_detectors"":""True"",""k"":16,""l"":9,""leak_heralds"":""False"",""leak_repump"":""True"",""leakage"":""True"",""loss"":""True"",""m"":21,""n"":378,""p"":0.001,""prllel_1q"":336,""prllel_2q"":126,""r"":20,""repump_cycles"":3,""seq_meas"":""True"",""seq_ops"":""True"",""swapLRC"":""False""}",
         8,         0,         0,   0.198,bposd,5504117086a3317092df3aefd3d9dcaeddcedef971a26de69ae47837b09651a2,"{""A"":""x0y3+x10y0+x17y0"",""B"":""x5y0+x0y3+x0y19"",""b"":""X"",""d"":18,""excl_opp_detectors"":""True"",""k"":16,""l"":9,""leak_heralds"":""False"",""leak_repump"":""True"",""leakage"":""True"",""loss"":""True"",""m"":21,""n"":378,""p"":0.001,""prllel_1q"":336,""prllel_2q"":126,""r"":20,""repump_cycles"":3,""seq_meas"":""True"",""seq_ops"":""True"",""swapLRC"":""False""}",
         8,         0,         0,   0.186,bposd,5504117086a3317092df3aefd3d9dcaeddcedef971a26de69ae47837b09651a2,"{""A"":""x0y3+x10y0+x17y0"",""B"":""x5y0+x0y3+x0y19"",""b"":""X"",""d"":18,""excl_opp_detectors"":""True"",""k"":16,""l"":9,""leak_heralds"":""False"",""leak_repump"":""True"",""leakage"":""True"",""loss"":""True"",""m"":21,""n"":378,""p"":0.001,""prllel_1q"":336,""prllel_2q"":126,""r"":20,""repump_cycles"":3,""seq_meas"":""True"",""seq_ops"":""True"",""swapLRC"":""False""}",
         1,         0,         0,   0.076,bposd,5504117086a3317092df3aefd3d9dcaeddcedef971a26de69ae47837b09651a2,"{""A"":""x0y3+x10y0+x17y0"",""B"":""x5y0+x0y3+x0y19"",""b"":""X"",""d"":18,""excl_opp_detectors"":""True"",""k"":16,""l"":9,""leak_heralds"":""False"",""leak_repump"":""True"",""leakage"":""True"",""loss"":""True"",""m"":21,""n"":378,""p"":0.001,""prllel_1q"":336,""prllel_2q"":126,""r"":20,""repump_cycles"":3,""seq_meas"":""True"",""seq_ops"":""True"",""swapLRC"":""False""}",
         1,         0,         0,   0.066,bposd,5504117086a3317092df3aefd3d9dcaeddcedef971a26de69ae47837b09651a2,"{""A"":""x0y3+x10y0+x17y0"",""B"":""x5y0+x0y3+x0y19"",""b"":""X"",""d"":18,""excl_opp_detectors"":""True"",""k"":16,""l"":9,""leak_heralds"":""False"",""leak_repump"":""True"",""leakage"":""True"",""loss"":""True"",""m"":21,""n"":378,""p"":0.001,""prllel_1q"":336,""prllel_2q"":126,""r"":20,""repump_cycles"":3,""seq_meas"":""True"",""seq_ops"":""True"",""swapLRC"":""False""}",
         8,         0,         0,   0.143,bposd,5504117086a3317092df3aefd3d9dcaeddcedef971a26de69ae47837b09651a2,"{""A"":""x0y3+x10y0+x17y0"",""B"":""x5y0+x0y3+x0y19"",""b"":""X"",""d"":18,""excl_opp_detectors"":""True"",""k"":16,""l"":9,""leak_heralds"":""False"",""leak_repump"":""True"",""leakage"":""True"",""loss"":""True"",""m"":21,""n"":378,""p"":0.001,""prllel_1q"":336,""prllel_2q"":126,""r"":20,""repump_cycles"":3,""seq_meas"":""True"",""seq_ops"":""True"",""swapLRC"":""False""}",
         8,         0,         0,   0.204,bposd,5504117086a3317092df3aefd3d9dcaeddcedef971a26de69ae47837b09651a2,"{""A"":""x0y3+x10y0+x17y0"",""B"":""x5y0+x0y3+x0y19"",""b"":""X"",""d"":18,""excl_opp_detectors"":""True"",""k"":16,""l"":9,""leak_heralds"":""False"",""leak_repump"":""True"",""leakage"":""True"",""loss"":""True"",""m"":21,""n"":378,""p"":0.001,""prllel_1q"":336,""prllel_2q"":126,""r"":20,""repump_cycles"":3,""seq_meas"":""True"",""seq_ops"":""True"",""swapLRC"":""False""}",
         1,         0,         0,   0.065,bposd,5504117086a3317092df3aefd3d9dcaeddcedef971a26de69ae47837b09651a2,"{""A"":""x0y3+x10y0+x17y0"",""B"":""x5y0+x0y3+x0y19"",""b"":""X"",""d"":18,""excl_opp_detectors"":""True"",""k"":16,""l"":9,""leak_heralds"":""False"",""leak_repump"":""True"",""leakage"":""True"",""loss"":""True"",""m"":21,""n"":378,""p"":0.001,""prllel_1q"":336,""prllel_2q"":126,""r"":20,""repump_cycles"":3,""seq_meas"":""True"",""seq_ops"":""True"",""swapLRC"":""False""}",
         1,         0,         0,   0.066,bposd,5504117086a3317092df3aefd3d9dcaeddcedef971a26de69ae47837b09651a2,"{""A"":""x0y3+x10y0+x17y0"",""B"":""x5y0+x0y3+x0y19"",""b"":""X"",""d"":18,""excl_opp_detectors"":""True"",""k"":16,""l"":9,""leak_heralds"":""False"",""leak_repump"":""True"",""leakage"":""True"",""loss"":""True"",""m"":21,""n"":378,""p"":0.001,""prllel_1q"":336,""prllel_2q"":126,""r"":20,""repump_cycles"":3,""seq_meas"":""True"",""seq_ops"":""True"",""swapLRC"":""False""}",
         8,         0,         0,   0.151,bposd,5504117086a3317092df3aefd3d9dcaeddcedef971a26de69ae47837b09651a2,"{""A"":""x0y3+x10y0+x17y0"",""B"":""x5y0+x0y3+x0y19"",""b"":""X"",""d"":18,""excl_opp_detectors"":""True"",""k"":16,""l"":9,""leak_heralds"":""False"",""leak_repump"":""True"",""leakage"":""True"",""loss"":""True"",""m"":21,""n"":378,""p"":0.001,""prllel_1q"":336,""prllel_2q"":126,""r"":20,""repump_cycles"":3,""seq_meas"":""True"",""seq_ops"":""True"",""swapLRC"":""False""}",
         8,         0,         0,   0.136,bposd,5504117086a3317092df3aefd3d9dcaeddcedef971a26de69ae47837b09651a2,"{""A"":""x0y3+x10y0+x17y0"",""B"":""x5y0+x0y3+x0y19"",""b"":""X"",""d"":18,""excl_opp_detectors"":""True"",""k"":16,""l"":9,""leak_heralds"":""False"",""leak_repump"":""True"",""leakage"":""True"",""loss"":""True"",""m"":21,""n"":378,""p"":0.001,""prllel_1q"":336,""prllel_2q"":126,""r"":20,""repump_cycles"":3,""seq_meas"":""True"",""seq_ops"":""True"",""swapLRC"":""False""}",
         1,         0,         0,   0.086,bposd,5504117086a3317092df3aefd3d9dcaeddcedef971a26de69ae47837b09651a2,"{""A"":""x0y3+x10y0+x17y0"",""B"":""x5y0+x0y3+x0y19"",""b"":""X"",""d"":18,""excl_opp_detectors"":""True"",""k"":16,""l"":9,""leak_heralds"":""False"",""leak_repump"":""True"",""leakage"":""True"",""loss"":""True"",""m"":21,""n"":378,""p"":0.001,""prllel_1q"":336,""prllel_2q"":126,""r"":20,""repump_cycles"":3,""seq_meas"":""True"",""seq_ops"":""True"",""swapLRC"":""False""}",
         1,         0,         0,   0.064,bposd,5504117086a3317092df3aefd3d9dcaeddcedef971a26de69ae47837b09651a2,"{""A"":""x0y3+x10y0+x17y0"",""B"":""x5y0+x0y3+x0y19"",""b"":""X"",""d"":18,""excl_opp_detectors"":""True"",""k"":16,""l"":9,""leak_heralds"":""False"",""leak_repump"":""True"",""leakage"":""True"",""loss"":""True"",""m"":21,""n"":378,""p"":0.001,""prllel_1q"":336,""prllel_2q"":126,""r"":20,""repump_cycles"":3,""seq_meas"":""True"",""seq_ops"":""True"",""swapLRC"":""False""}",
         1,         0,         0,   0.066,bposd,5504117086a3317092df3aefd3d9dcaeddcedef971a26de69ae47837b09651a2,"{""A"":""x0y3+x10y0+x17y0"",""B"":""x5y0+x0y3+x0y19"",""b"":""X"",""d"":18,""excl_opp_detectors"":""True"",""k"":16,""l"":9,""leak_heralds"":""False"",""leak_repump"":""True"",""leakage"":""True"",""loss"":""True"",""m"":21,""n"":378,""p"":0.001,""prllel_1q"":336,""prllel_2q"":126,""r"":20,""repump_cycles"":3,""seq_meas"":""True"",""seq_ops"":""True"",""swapLRC"":""False""}",
         1,         0,         0,   0.063,bposd,5504117086a3317092df3aefd3d9dcaeddcedef971a26de69ae47837b09651a2,"{""A"":""x0y3+x10y0+x17y0"",""B"":""x5y0+x0y3+x0y19"",""b"":""X"",""d"":18,""excl_opp_detectors"":""True"",""k"":16,""l"":9,""leak_heralds"":""False"",""leak_repump"":""True"",""leakage"":""True"",""loss"":""True"",""m"":21,""n"":378,""p"":0.001,""prllel_1q"":336,""prllel_2q"":126,""r"":20,""repump_cycles"":3,""seq_meas"":""True"",""seq_ops"":""True"",""swapLRC"":""False""}",
        16,         0,         0,   0.324,bposd,5504117086a3317092df3aefd3d9dcaeddcedef971a26de69ae47837b09651a2,"{""A"":""x0y3+x10y0+x17y0"",""B"":""x5y0+x0y3+x0y19"",""b"":""X"",""d"":18,""excl_opp_detectors"":""True"",""k"":16,""l"":9,""leak_heralds"":""False"",""leak_repump"":""True"",""leakage"":""True"",""loss"":""True"",""m"":21,""n"":378,""p"":0.001,""prllel_1q"":336,""prllel_2q"":126,""r"":20,""repump_cycles"":3,""seq_meas"":""True"",""seq_ops"":""True"",""swapLRC"":""False""}",
         4,         0,         0,   0.178,bposd,5504117086a3317092df3aefd3d9dcaeddcedef971a26de69ae47837b09651a2,"{""A"":""x0y3+x10y0+x17y0"",""B"":""x5y0+x0y3+x0y19"",""b"":""X"",""d"":18,""excl_opp_detectors"":""True"",""k"":16,""l"":9,""leak_heralds"":""False"",""leak_repump"":""True"",""leakage"":""True"",""loss"":""True"",""m"":21,""n"":378,""p"":0.001,""prllel_1q"":336,""prllel_2q"":126,""r"":20,""repump_cycles"":3,""seq_meas"":""True"",""seq_ops"":""True"",""swapLRC"":""False""}",
         4,         0,         0,   0.199,bposd,5504117086a3317092df3aefd3d9dcaeddcedef971a26de69ae47837b09651a2,"{""A"":""x0y3+x10y0+x17y0"",""B"":""x5y0+x0y3+x0y19"",""b"":""X"",""d"":18,""excl_opp_detectors"":""True"",""k"":16,""l"":9,""leak_heralds"":""False"",""leak_repump"":""True"",""leakage"":""True"",""loss"":""True"",""m"":21,""n"":378,""p"":0.001,""prllel_1q"":336,""prllel_2q"":126,""r"":20,""repump_cycles"":3,""seq_meas"":""True"",""seq_ops"":""True"",""swapLRC"":""False""}",
         1,         0,         0,   0.066,bposd,5504117086a3317092df3aefd3d9dcaeddcedef971a26de69ae47837b09651a2,"{""A"":""x0y3+x10y0+x17y0"",""B"":""x5y0+x0y3+x0y19"",""b"":""X"",""d"":18,""excl_opp_detectors"":""True"",""k"":16,""l"":9,""leak_heralds"":""False"",""leak_repump"":""True"",""leakage"":""True"",""loss"":""True"",""m"":21,""n"":378,""p"":0.001,""prllel_1q"":336,""prllel_2q"":126,""r"":20,""repump_cycles"":3,""seq_meas"":""True"",""seq_ops"":""True"",""swapLRC"":""False""}",
         8,         0,         0,   0.168,bposd,5504117086a3317092df3aefd3d9dcaeddcedef971a26de69ae47837b09651a2,"{""A"":""x0y3+x10y0+x17y0"",""B"":""x5y0+x0y3+x0y19"",""b"":""X"",""d"":18,""excl_opp_detectors"":""True"",""k"":16,""l"":9,""leak_heralds"":""False"",""leak_repump"":""True"",""leakage"":""True"",""loss"":""True"",""m"":21,""n"":378,""p"":0.001,""prllel_1q"":336,""prllel_2q"":126,""r"":20,""repump_cycles"":3,""seq_meas"":""True"",""seq_ops"":""True"",""swapLRC"":""False""}",
         8,         0,         0,   0.273,bposd,5504117086a3317092df3aefd3d9dcaeddcedef971a26de69ae47837b09651a2,"{""A"":""x0y3+x10y0+x17y0"",""B"":""x5y0+x0y3+x0y19"",""b"":""X"",""d"":18,""excl_opp_detectors"":""True"",""k"":16,""l"":9,""leak_heralds"":""False"",""leak_repump"":""True"",""leakage"":""True"",""loss"":""True"",""m"":21,""n"":378,""p"":0.001,""prllel_1q"":336,""prllel_2q"":126,""r"":20,""repump_cycles"":3,""seq_meas"":""True"",""seq_ops"":""True"",""swapLRC"":""False""}",
         8,         0,         0,   0.148,bposd,5504117086a3317092df3aefd3d9dcaeddcedef971a26de69ae47837b09651a2,"{""A"":""x0y3+x10y0+x17y0"",""B"":""x5y0+x0y3+x0y19"",""b"":""X"",""d"":18,""excl_opp_detectors"":""True"",""k"":16,""l"":9,""leak_heralds"":""False"",""leak_repump"":""True"",""leakage"":""True"",""loss"":""True"",""m"":21,""n"":378,""p"":0.001,""prllel_1q"":336,""prllel_2q"":126,""r"":20,""repump_cycles"":3,""seq_meas"":""True"",""seq_ops"":""True"",""swapLRC"":""False""}",
         1,         0,         0,   0.065,bposd,5504117086a3317092df3aefd3d9dcaeddcedef971a26de69ae47837b09651a2,"{""A"":""x0y3+x10y0+x17y0"",""B"":""x5y0+x0y3+x0y19"",""b"":""X"",""d"":18,""excl_opp_detectors"":""True"",""k"":16,""l"":9,""leak_heralds"":""False"",""leak_repump"":""True"",""leakage"":""True"",""loss"":""True"",""m"":21,""n"":378,""p"":0.001,""prllel_1q"":336,""prllel_2q"":126,""r"":20,""repump_cycles"":3,""seq_meas"":""True"",""seq_ops"":""True"",""swapLRC"":""False""}",
         4,         0,         0,   0.137,bposd,5504117086a3317092df3aefd3d9dcaeddcedef971a26de69ae47837b09651a2,"{""A"":""x0y3+x10y0+x17y0"",""B"":""x5y0+x0y3+x0y19"",""b"":""X"",""d"":18,""excl_opp_detectors"":""True"",""k"":16,""l"":9,""leak_heralds"":""False"",""leak_repump"":""True"",""leakage"":""True"",""loss"":""True"",""m"":21,""n"":378,""p"":0.001,""prllel_1q"":336,""prllel_2q"":126,""r"":20,""repump_cycles"":3,""seq_meas"":""True"",""seq_ops"":""True"",""swapLRC"":""False""}",
         8,         0,         0,   0.142,bposd,5504117086a3317092df3aefd3d9dcaeddcedef971a26de69ae47837b09651a2,"{""A"":""x0y3+x10y0+x17y0"",""B"":""x5y0+x0y3+x0y19"",""b"":""X"",""d"":18,""excl_opp_detectors"":""True"",""k"":16,""l"":9,""leak_heralds"":""False"",""leak_repump"":""True"",""leakage"":""True"",""loss"":""True"",""m"":21,""n"":378,""p"":0.001,""prllel_1q"":336,""prllel_2q"":126,""r"":20,""repump_cycles"":3,""seq_meas"":""True"",""seq_ops"":""True"",""swapLRC"":""False""}",
         8,         0,         0,   0.218,bposd,5504117086a3317092df3aefd3d9dcaeddcedef971a26de69ae47837b09651a2,"{""A"":""x0y3+x10y0+x17y0"",""B"":""x5y0+x0y3+x0y19"",""b"":""X"",""d"":18,""excl_opp_detectors"":""True"",""k"":16,""l"":9,""leak_heralds"":""False"",""leak_repump"":""True"",""leakage"":""True"",""loss"":""True"",""m"":21,""n"":378,""p"":0.001,""prllel_1q"":336,""prllel_2q"":126,""r"":20,""repump_cycles"":3,""seq_meas"":""True"",""seq_ops"":""True"",""swapLRC"":""False""}",
         1,         0,         0,   0.064,bposd,5504117086a3317092df3aefd3d9dcaeddcedef971a26de69ae47837b09651a2,"{""A"":""x0y3+x10y0+x17y0"",""B"":""x5y0+x0y3+x0y19"",""b"":""X"",""d"":18,""excl_opp_detectors"":""True"",""k"":16,""l"":9,""leak_heralds"":""False"",""leak_repump"":""True"",""leakage"":""True"",""loss"":""True"",""m"":21,""n"":378,""p"":0.001,""prllel_1q"":336,""prllel_2q"":126,""r"":20,""repump_cycles"":3,""seq_meas"":""True"",""seq_ops"":""True"",""swapLRC"":""False""}",
         1,         0,         0,   0.061,bposd,5504117086a3317092df3aefd3d9dcaeddcedef971a26de69ae47837b09651a2,"{""A"":""x0y3+x10y0+x17y0"",""B"":""x5y0+x0y3+x0y19"",""b"":""X"",""d"":18,""excl_opp_detectors"":""True"",""k"":16,""l"":9,""leak_heralds"":""False"",""leak_repump"":""True"",""leakage"":""True"",""loss"":""True"",""m"":21,""n"":378,""p"":0.001,""prllel_1q"":336,""prllel_2q"":126,""r"":20,""repump_cycles"":3,""seq_meas"":""True"",""seq_ops"":""True"",""swapLRC"":""False""}",
         8,         0,         0,   0.174,bposd,5504117086a3317092df3aefd3d9dcaeddcedef971a26de69ae47837b09651a2,"{""A"":""x0y3+x10y0+x17y0"",""B"":""x5y0+x0y3+x0y19"",""b"":""X"",""d"":18,""excl_opp_detectors"":""True"",""k"":16,""l"":9,""leak_heralds"":""False"",""leak_repump"":""True"",""leakage"":""True"",""loss"":""True"",""m"":21,""n"":378,""p"":0.001,""prllel_1q"":336,""prllel_2q"":126,""r"":20,""repump_cycles"":3,""seq_meas"":""True"",""seq_ops"":""True"",""swapLRC"":""False""}",
         1,         0,         0,   0.062,bposd,5504117086a3317092df3aefd3d9dcaeddcedef971a26de69ae47837b09651a2,"{""A"":""x0y3+x10y0+x17y0"",""B"":""x5y0+x0y3+x0y19"",""b"":""X"",""d"":18,""excl_opp_detectors"":""True"",""k"":16,""l"":9,""leak_heralds"":""False"",""leak_repump"":""True"",""leakage"":""True"",""loss"":""True"",""m"":21,""n"":378,""p"":0.001,""prllel_1q"":336,""prllel_2q"":126,""r"":20,""repump_cycles"":3,""seq_meas"":""True"",""seq_ops"":""True"",""swapLRC"":""False""}",
         8,         0,         0,   0.158,bposd,5504117086a3317092df3aefd3d9dcaeddcedef971a26de69ae47837b09651a2,"{""A"":""x0y3+x10y0+x17y0"",""B"":""x5y0+x0y3+x0y19"",""b"":""X"",""d"":18,""excl_opp_detectors"":""True"",""k"":16,""l"":9,""leak_heralds"":""False"",""leak_repump"":""True"",""leakage"":""True"",""loss"":""True"",""m"":21,""n"":378,""p"":0.001,""prllel_1q"":336,""prllel_2q"":126,""r"":20,""repump_cycles"":3,""seq_meas"":""True"",""seq_ops"":""True"",""swapLRC"":""False""}",
         8,         0,         0,   0.202,bposd,5504117086a3317092df3aefd3d9dcaeddcedef971a26de69ae47837b09651a2,"{""A"":""x0y3+x10y0+x17y0"",""B"":""x5y0+x0y3+x0y19"",""b"":""X"",""d"":18,""excl_opp_detectors"":""True"",""k"":16,""l"":9,""leak_heralds"":""False"",""leak_repump"":""True"",""leakage"":""True"",""loss"":""True"",""m"":21,""n"":378,""p"":0.001,""prllel_1q"":336,""prllel_2q"":126,""r"":20,""repump_cycles"":3,""seq_meas"":""True"",""seq_ops"":""True"",""swapLRC"":""False""}",
         8,         0,         0,   0.191,bposd,5504117086a3317092df3aefd3d9dcaeddcedef971a26de69ae47837b09651a2,"{""A"":""x0y3+x10y0+x17y0"",""B"":""x5y0+x0y3+x0y19"",""b"":""X"",""d"":18,""excl_opp_detectors"":""True"",""k"":16,""l"":9,""leak_heralds"":""False"",""leak_repump"":""True"",""leakage"":""True"",""loss"":""True"",""m"":21,""n"":378,""p"":0.001,""prllel_1q"":336,""prllel_2q"":126,""r"":20,""repump_cycles"":3,""seq_meas"":""True"",""seq_ops"":""True"",""swapLRC"":""False""}",
         1,         0,         0,   0.078,bposd,5504117086a3317092df3aefd3d9dcaeddcedef971a26de69ae47837b09651a2,"{""A"":""x0y3+x10y0+x17y0"",""B"":""x5y0+x0y3+x0y19"",""b"":""X"",""d"":18,""excl_opp_detectors"":""True"",""k"":16,""l"":9,""leak_heralds"":""False"",""leak_repump"":""True"",""leakage"":""True"",""loss"":""True"",""m"":21,""n"":378,""p"":0.001,""prllel_1q"":336,""prllel_2q"":126,""r"":20,""repump_cycles"":3,""seq_meas"":""True"",""seq_ops"":""True"",""swapLRC"":""False""}",
        16,         0,         0,   0.424,bposd,5504117086a3317092df3aefd3d9dcaeddcedef971a26de69ae47837b09651a2,"{""A"":""x0y3+x10y0+x17y0"",""B"":""x5y0+x0y3+x0y19"",""b"":""X"",""d"":18,""excl_opp_detectors"":""True"",""k"":16,""l"":9,""leak_heralds"":""False"",""leak_repump"":""True"",""leakage"":""True"",""loss"":""True"",""m"":21,""n"":378,""p"":0.001,""prllel_1q"":336,""prllel_2q"":126,""r"":20,""repump_cycles"":3,""seq_meas"":""True"",""seq_ops"":""True"",""swapLRC"":""False""}",
         1,         0,         0,   0.062,bposd,5504117086a3317092df3aefd3d9dcaeddcedef971a26de69ae47837b09651a2,"{""A"":""x0y3+x10y0+x17y0"",""B"":""x5y0+x0y3+x0y19"",""b"":""X"",""d"":18,""excl_opp_detectors"":""True"",""k"":16,""l"":9,""leak_heralds"":""False"",""leak_repump"":""True"",""leakage"":""True"",""loss"":""True"",""m"":21,""n"":378,""p"":0.001,""prllel_1q"":336,""prllel_2q"":126,""r"":20,""repump_cycles"":3,""seq_meas"":""True"",""seq_ops"":""True"",""swapLRC"":""False""}",
         1,         0,         0,   0.090,bposd,5504117086a3317092df3aefd3d9dcaeddcedef971a26de69ae47837b09651a2,"{""A"":""x0y3+x10y0+x17y0"",""B"":""x5y0+x0y3+x0y19"",""b"":""X"",""d"":18,""excl_opp_detectors"":""True"",""k"":16,""l"":9,""leak_heralds"":""False"",""leak_repump"":""True"",""leakage"":""True"",""loss"":""True"",""m"":21,""n"":378,""p"":0.001,""prllel_1q"":336,""prllel_2q"":126,""r"":20,""repump_cycles"":3,""seq_meas"":""True"",""seq_ops"":""True"",""swapLRC"":""False""}",
         1,         0,         0,   0.077,bposd,5504117086a3317092df3aefd3d9dcaeddcedef971a26de69ae47837b09651a2,"{""A"":""x0y3+x10y0+x17y0"",""B"":""x5y0+x0y3+x0y19"",""b"":""X"",""d"":18,""excl_opp_detectors"":""True"",""k"":16,""l"":9,""leak_heralds"":""False"",""leak_repump"":""True"",""leakage"":""True"",""loss"":""True"",""m"":21,""n"":378,""p"":0.001,""prllel_1q"":336,""prllel_2q"":126,""r"":20,""repump_cycles"":3,""seq_meas"":""True"",""seq_ops"":""True"",""swapLRC"":""False""}",
         8,         0,         0,   0.178,bposd,5504117086a3317092df3aefd3d9dcaeddcedef971a26de69ae47837b09651a2,"{""A"":""x0y3+x10y0+x17y0"",""B"":""x5y0+x0y3+x0y19"",""b"":""X"",""d"":18,""excl_opp_detectors"":""True"",""k"":16,""l"":9,""leak_heralds"":""False"",""leak_repump"":""True"",""leakage"":""True"",""loss"":""True"",""m"":21,""n"":378,""p"":0.001,""prllel_1q"":336,""prllel_2q"":126,""r"":20,""repump_cycles"":3,""seq_meas"":""True"",""seq_ops"":""True"",""swapLRC"":""False""}",
         8,         0,         0,   0.197,bposd,5504117086a3317092df3aefd3d9dcaeddcedef971a26de69ae47837b09651a2,"{""A"":""x0y3+x10y0+x17y0"",""B"":""x5y0+x0y3+x0y19"",""b"":""X"",""d"":18,""excl_opp_detectors"":""True"",""k"":16,""l"":9,""leak_heralds"":""False"",""leak_repump"":""True"",""leakage"":""True"",""loss"":""True"",""m"":21,""n"":378,""p"":0.001,""prllel_1q"":336,""prllel_2q"":126,""r"":20,""repump_cycles"":3,""seq_meas"":""True"",""seq_ops"":""True"",""swapLRC"":""False""}",
         1,         0,         0,   0.062,bposd,5504117086a3317092df3aefd3d9dcaeddcedef971a26de69ae47837b09651a2,"{""A"":""x0y3+x10y0+x17y0"",""B"":""x5y0+x0y3+x0y19"",""b"":""X"",""d"":18,""excl_opp_detectors"":""True"",""k"":16,""l"":9,""leak_heralds"":""False"",""leak_repump"":""True"",""leakage"":""True"",""loss"":""True"",""m"":21,""n"":378,""p"":0.001,""prllel_1q"":336,""prllel_2q"":126,""r"":20,""repump_cycles"":3,""seq_meas"":""True"",""seq_ops"":""True"",""swapLRC"":""False""}",
         8,         0,         0,   0.151,bposd,5504117086a3317092df3aefd3d9dcaeddcedef971a26de69ae47837b09651a2,"{""A"":""x0y3+x10y0+x17y0"",""B"":""x5y0+x0y3+x0y19"",""b"":""X"",""d"":18,""excl_opp_detectors"":""True"",""k"":16,""l"":9,""leak_heralds"":""False"",""leak_repump"":""True"",""leakage"":""True"",""loss"":""True"",""m"":21,""n"":378,""p"":0.001,""prllel_1q"":336,""prllel_2q"":126,""r"":20,""repump_cycles"":3,""seq_meas"":""True"",""seq_ops"":""True"",""swapLRC"":""False""}",
        16,         0,         0,   0.287,bposd,5504117086a3317092df3aefd3d9dcaeddcedef971a26de69ae47837b09651a2,"{""A"":""x0y3+x10y0+x17y0"",""B"":""x5y0+x0y3+x0y19"",""b"":""X"",""d"":18,""excl_opp_detectors"":""True"",""k"":16,""l"":9,""leak_heralds"":""False"",""leak_repump"":""True"",""leakage"":""True"",""loss"":""True"",""m"":21,""n"":378,""p"":0.001,""prllel_1q"":336,""prllel_2q"":126,""r"":20,""repump_cycles"":3,""seq_meas"":""True"",""seq_ops"":""True"",""swapLRC"":""False""}",
         1,         0,         0,   0.060,bposd,5504117086a3317092df3aefd3d9dcaeddcedef971a26de69ae47837b09651a2,"{""A"":""x0y3+x10y0+x17y0"",""B"":""x5y0+x0y3+x0y19"",""b"":""X"",""d"":18,""excl_opp_detectors"":""True"",""k"":16,""l"":9,""leak_heralds"":""False"",""leak_repump"":""True"",""leakage"":""True"",""loss"":""True"",""m"":21,""n"":378,""p"":0.001,""prllel_1q"":336,""prllel_2q"":126,""r"":20,""repump_cycles"":3,""seq_meas"":""True"",""seq_ops"":""True"",""swapLRC"":""False""}",
         1,         0,         0,   0.061,bposd,5504117086a3317092df3aefd3d9dcaeddcedef971a26de69ae47837b09651a2,"{""A"":""x0y3+x10y0+x17y0"",""B"":""x5y0+x0y3+x0y19"",""b"":""X"",""d"":18,""excl_opp_detectors"":""True"",""k"":16,""l"":9,""leak_heralds"":""False"",""leak_repump"":""True"",""leakage"":""True"",""loss"":""True"",""m"":21,""n"":378,""p"":0.001,""prllel_1q"":336,""prllel_2q"":126,""r"":20,""repump_cycles"":3,""seq_meas"":""True"",""seq_ops"":""True"",""swapLRC"":""False""}",
         1,         0,         0,   0.070,bposd,5504117086a3317092df3aefd3d9dcaeddcedef971a26de69ae47837b09651a2,"{""A"":""x0y3+x10y0+x17y0"",""B"":""x5y0+x0y3+x0y19"",""b"":""X"",""d"":18,""excl_opp_detectors"":""True"",""k"":16,""l"":9,""leak_heralds"":""False"",""leak_repump"":""True"",""leakage"":""True"",""loss"":""True"",""m"":21,""n"":378,""p"":0.001,""prllel_1q"":336,""prllel_2q"":126,""r"":20,""repump_cycles"":3,""seq_meas"":""True"",""seq_ops"":""True"",""swapLRC"":""False""}",
        32,         0,         0,   0.560,bposd,5504117086a3317092df3aefd3d9dcaeddcedef971a26de69ae47837b09651a2,"{""A"":""x0y3+x10y0+x17y0"",""B"":""x5y0+x0y3+x0y19"",""b"":""X"",""d"":18,""excl_opp_detectors"":""True"",""k"":16,""l"":9,""leak_heralds"":""False"",""leak_repump"":""True"",""leakage"":""True"",""loss"":""True"",""m"":21,""n"":378,""p"":0.001,""prllel_1q"":336,""prllel_2q"":126,""r"":20,""repump_cycles"":3,""seq_meas"":""True"",""seq_ops"":""True"",""swapLRC"":""False""}",
         1,         0,         0,   0.070,bposd,5504117086a3317092df3aefd3d9dcaeddcedef971a26de69ae47837b09651a2,"{""A"":""x0y3+x10y0+x17y0"",""B"":""x5y0+x0y3+x0y19"",""b"":""X"",""d"":18,""excl_opp_detectors"":""True"",""k"":16,""l"":9,""leak_heralds"":""False"",""leak_repump"":""True"",""leakage"":""True"",""loss"":""True"",""m"":21,""n"":378,""p"":0.001,""prllel_1q"":336,""prllel_2q"":126,""r"":20,""repump_cycles"":3,""seq_meas"":""True"",""seq_ops"":""True"",""swapLRC"":""False""}",
         1,         0,         0,    1.01,bposd,5504117086a3317092df3aefd3d9dcaeddcedef971a26de69ae47837b09651a2,"{""A"":""x0y3+x10y0+x17y0"",""B"":""x5y0+x0y3+x0y19"",""b"":""X"",""d"":18,""excl_opp_detectors"":""True"",""k"":16,""l"":9,""leak_heralds"":""False"",""leak_repump"":""True"",""leakage"":""True"",""loss"":""True"",""m"":21,""n"":378,""p"":0.001,""prllel_1q"":336,""prllel_2q"":126,""r"":20,""repump_cycles"":3,""seq_meas"":""True"",""seq_ops"":""True"",""swapLRC"":""False""}",
         8,         0,         0,   0.172,bposd,5504117086a3317092df3aefd3d9dcaeddcedef971a26de69ae47837b09651a2,"{""A"":""x0y3+x10y0+x17y0"",""B"":""x5y0+x0y3+x0y19"",""b"":""X"",""d"":18,""excl_opp_detectors"":""True"",""k"":16,""l"":9,""leak_heralds"":""False"",""leak_repump"":""True"",""leakage"":""True"",""loss"":""True"",""m"":21,""n"":378,""p"":0.001,""prllel_1q"":336,""prllel_2q"":126,""r"":20,""repump_cycles"":3,""seq_meas"":""True"",""seq_ops"":""True"",""swapLRC"":""False""}",
        16,         0,         0,   0.620,bposd,5504117086a3317092df3aefd3d9dcaeddcedef971a26de69ae47837b09651a2,"{""A"":""x0y3+x10y0+x17y0"",""B"":""x5y0+x0y3+x0y19"",""b"":""X"",""d"":18,""excl_opp_detectors"":""True"",""k"":16,""l"":9,""leak_heralds"":""False"",""leak_repump"":""True"",""leakage"":""True"",""loss"":""True"",""m"":21,""n"":378,""p"":0.001,""prllel_1q"":336,""prllel_2q"":126,""r"":20,""repump_cycles"":3,""seq_meas"":""True"",""seq_ops"":""True"",""swapLRC"":""False""}",
        16,         0,         0,   0.422,bposd,5504117086a3317092df3aefd3d9dcaeddcedef971a26de69ae47837b09651a2,"{""A"":""x0y3+x10y0+x17y0"",""B"":""x5y0+x0y3+x0y19"",""b"":""X"",""d"":18,""excl_opp_detectors"":""True"",""k"":16,""l"":9,""leak_heralds"":""False"",""leak_repump"":""True"",""leakage"":""True"",""loss"":""True"",""m"":21,""n"":378,""p"":0.001,""prllel_1q"":336,""prllel_2q"":126,""r"":20,""repump_cycles"":3,""seq_meas"":""True"",""seq_ops"":""True"",""swapLRC"":""False""}",
         4,         0,         0,   0.150,bposd,5504117086a3317092df3aefd3d9dcaeddcedef971a26de69ae47837b09651a2,"{""A"":""x0y3+x10y0+x17y0"",""B"":""x5y0+x0y3+x0y19"",""b"":""X"",""d"":18,""excl_opp_detectors"":""True"",""k"":16,""l"":9,""leak_heralds"":""False"",""leak_repump"":""True"",""leakage"":""True"",""loss"":""True"",""m"":21,""n"":378,""p"":0.001,""prllel_1q"":336,""prllel_2q"":126,""r"":20,""repump_cycles"":3,""seq_meas"":""True"",""seq_ops"":""True"",""swapLRC"":""False""}",
        16,         0,         0,   0.354,bposd,5504117086a3317092df3aefd3d9dcaeddcedef971a26de69ae47837b09651a2,"{""A"":""x0y3+x10y0+x17y0"",""B"":""x5y0+x0y3+x0y19"",""b"":""X"",""d"":18,""excl_opp_detectors"":""True"",""k"":16,""l"":9,""leak_heralds"":""False"",""leak_repump"":""True"",""leakage"":""True"",""loss"":""True"",""m"":21,""n"":378,""p"":0.001,""prllel_1q"":336,""prllel_2q"":126,""r"":20,""repump_cycles"":3,""seq_meas"":""True"",""seq_ops"":""True"",""swapLRC"":""False""}",
         4,         0,         0,   0.207,bposd,5504117086a3317092df3aefd3d9dcaeddcedef971a26de69ae47837b09651a2,"{""A"":""x0y3+x10y0+x17y0"",""B"":""x5y0+x0y3+x0y19"",""b"":""X"",""d"":18,""excl_opp_detectors"":""True"",""k"":16,""l"":9,""leak_heralds"":""False"",""leak_repump"":""True"",""leakage"":""True"",""loss"":""True"",""m"":21,""n"":378,""p"":0.001,""prllel_1q"":336,""prllel_2q"":126,""r"":20,""repump_cycles"":3,""seq_meas"":""True"",""seq_ops"":""True"",""swapLRC"":""False""}",
        16,         0,         0,   0.388,bposd,5504117086a3317092df3aefd3d9dcaeddcedef971a26de69ae47837b09651a2,"{""A"":""x0y3+x10y0+x17y0"",""B"":""x5y0+x0y3+x0y19"",""b"":""X"",""d"":18,""excl_opp_detectors"":""True"",""k"":16,""l"":9,""leak_heralds"":""False"",""leak_repump"":""True"",""leakage"":""True"",""loss"":""True"",""m"":21,""n"":378,""p"":0.001,""prllel_1q"":336,""prllel_2q"":126,""r"":20,""repump_cycles"":3,""seq_meas"":""True"",""seq_ops"":""True"",""swapLRC"":""False""}",
         4,         0,         0,   0.243,bposd,5504117086a3317092df3aefd3d9dcaeddcedef971a26de69ae47837b09651a2,"{""A"":""x0y3+x10y0+x17y0"",""B"":""x5y0+x0y3+x0y19"",""b"":""X"",""d"":18,""excl_opp_detectors"":""True"",""k"":16,""l"":9,""leak_heralds"":""False"",""leak_repump"":""True"",""leakage"":""True"",""loss"":""True"",""m"":21,""n"":378,""p"":0.001,""prllel_1q"":336,""prllel_2q"":126,""r"":20,""repump_cycles"":3,""seq_meas"":""True"",""seq_ops"":""True"",""swapLRC"":""False""}",
         8,         0,         0,   0.133,bposd,5504117086a3317092df3aefd3d9dcaeddcedef971a26de69ae47837b09651a2,"{""A"":""x0y3+x10y0+x17y0"",""B"":""x5y0+x0y3+x0y19"",""b"":""X"",""d"":18,""excl_opp_detectors"":""True"",""k"":16,""l"":9,""leak_heralds"":""False"",""leak_repump"":""True"",""leakage"":""True"",""loss"":""True"",""m"":21,""n"":378,""p"":0.001,""prllel_1q"":336,""prllel_2q"":126,""r"":20,""repump_cycles"":3,""seq_meas"":""True"",""seq_ops"":""True"",""swapLRC"":""False""}",
        16,         0,         0,   0.483,bposd,5504117086a3317092df3aefd3d9dcaeddcedef971a26de69ae47837b09651a2,"{""A"":""x0y3+x10y0+x17y0"",""B"":""x5y0+x0y3+x0y19"",""b"":""X"",""d"":18,""excl_opp_detectors"":""True"",""k"":16,""l"":9,""leak_heralds"":""False"",""leak_repump"":""True"",""leakage"":""True"",""loss"":""True"",""m"":21,""n"":378,""p"":0.001,""prllel_1q"":336,""prllel_2q"":126,""r"":20,""repump_cycles"":3,""seq_meas"":""True"",""seq_ops"":""True"",""swapLRC"":""False""}",
         1,         0,         0,   0.064,bposd,5504117086a3317092df3aefd3d9dcaeddcedef971a26de69ae47837b09651a2,"{""A"":""x0y3+x10y0+x17y0"",""B"":""x5y0+x0y3+x0y19"",""b"":""X"",""d"":18,""excl_opp_detectors"":""True"",""k"":16,""l"":9,""leak_heralds"":""False"",""leak_repump"":""True"",""leakage"":""True"",""loss"":""True"",""m"":21,""n"":378,""p"":0.001,""prllel_1q"":336,""prllel_2q"":126,""r"":20,""repump_cycles"":3,""seq_meas"":""True"",""seq_ops"":""True"",""swapLRC"":""False""}",
        16,         0,         0,   0.333,bposd,5504117086a3317092df3aefd3d9dcaeddcedef971a26de69ae47837b09651a2,"{""A"":""x0y3+x10y0+x17y0"",""B"":""x5y0+x0y3+x0y19"",""b"":""X"",""d"":18,""excl_opp_detectors"":""True"",""k"":16,""l"":9,""leak_heralds"":""False"",""leak_repump"":""True"",""leakage"":""True"",""loss"":""True"",""m"":21,""n"":378,""p"":0.001,""prllel_1q"":336,""prllel_2q"":126,""r"":20,""repump_cycles"":3,""seq_meas"":""True"",""seq_ops"":""True"",""swapLRC"":""False""}",
         8,         0,         0,   0.178,bposd,5504117086a3317092df3aefd3d9dcaeddcedef971a26de69ae47837b09651a2,"{""A"":""x0y3+x10y0+x17y0"",""B"":""x5y0+x0y3+x0y19"",""b"":""X"",""d"":18,""excl_opp_detectors"":""True"",""k"":16,""l"":9,""leak_heralds"":""False"",""leak_repump"":""True"",""leakage"":""True"",""loss"":""True"",""m"":21,""n"":378,""p"":0.001,""prllel_1q"":336,""prllel_2q"":126,""r"":20,""repump_cycles"":3,""seq_meas"":""True"",""seq_ops"":""True"",""swapLRC"":""False""}",
         8,         0,         0,   0.528,bposd,5504117086a3317092df3aefd3d9dcaeddcedef971a26de69ae47837b09651a2,"{""A"":""x0y3+x10y0+x17y0"",""B"":""x5y0+x0y3+x0y19"",""b"":""X"",""d"":18,""excl_opp_detectors"":""True"",""k"":16,""l"":9,""leak_heralds"":""False"",""leak_repump"":""True"",""leakage"":""True"",""loss"":""True"",""m"":21,""n"":378,""p"":0.001,""prllel_1q"":336,""prllel_2q"":126,""r"":20,""repump_cycles"":3,""seq_meas"":""True"",""seq_ops"":""True"",""swapLRC"":""False""}",
        16,         0,         0,   0.349,bposd,5504117086a3317092df3aefd3d9dcaeddcedef971a26de69ae47837b09651a2,"{""A"":""x0y3+x10y0+x17y0"",""B"":""x5y0+x0y3+x0y19"",""b"":""X"",""d"":18,""excl_opp_detectors"":""True"",""k"":16,""l"":9,""leak_heralds"":""False"",""leak_repump"":""True"",""leakage"":""True"",""loss"":""True"",""m"":21,""n"":378,""p"":0.001,""prllel_1q"":336,""prllel_2q"":126,""r"":20,""repump_cycles"":3,""seq_meas"":""True"",""seq_ops"":""True"",""swapLRC"":""False""}",
         8,         0,         0,   0.269,bposd,5504117086a3317092df3aefd3d9dcaeddcedef971a26de69ae47837b09651a2,"{""A"":""x0y3+x10y0+x17y0"",""B"":""x5y0+x0y3+x0y19"",""b"":""X"",""d"":18,""excl_opp_detectors"":""True"",""k"":16,""l"":9,""leak_heralds"":""False"",""leak_repump"":""True"",""leakage"":""True"",""loss"":""True"",""m"":21,""n"":378,""p"":0.001,""prllel_1q"":336,""prllel_2q"":126,""r"":20,""repump_cycles"":3,""seq_meas"":""True"",""seq_ops"":""True"",""swapLRC"":""False""}",
        16,         0,         0,   0.427,bposd,5504117086a3317092df3aefd3d9dcaeddcedef971a26de69ae47837b09651a2,"{""A"":""x0y3+x10y0+x17y0"",""B"":""x5y0+x0y3+x0y19"",""b"":""X"",""d"":18,""excl_opp_detectors"":""True"",""k"":16,""l"":9,""leak_heralds"":""False"",""leak_repump"":""True"",""leakage"":""True"",""loss"":""True"",""m"":21,""n"":378,""p"":0.001,""prllel_1q"":336,""prllel_2q"":126,""r"":20,""repump_cycles"":3,""seq_meas"":""True"",""seq_ops"":""True"",""swapLRC"":""False""}",
        16,         0,         0,   0.358,bposd,5504117086a3317092df3aefd3d9dcaeddcedef971a26de69ae47837b09651a2,"{""A"":""x0y3+x10y0+x17y0"",""B"":""x5y0+x0y3+x0y19"",""b"":""X"",""d"":18,""excl_opp_detectors"":""True"",""k"":16,""l"":9,""leak_heralds"":""False"",""leak_repump"":""True"",""leakage"":""True"",""loss"":""True"",""m"":21,""n"":378,""p"":0.001,""prllel_1q"":336,""prllel_2q"":126,""r"":20,""repump_cycles"":3,""seq_meas"":""True"",""seq_ops"":""True"",""swapLRC"":""False""}",
         8,         0,         0,   0.189,bposd,5504117086a3317092df3aefd3d9dcaeddcedef971a26de69ae47837b09651a2,"{""A"":""x0y3+x10y0+x17y0"",""B"":""x5y0+x0y3+x0y19"",""b"":""X"",""d"":18,""excl_opp_detectors"":""True"",""k"":16,""l"":9,""leak_heralds"":""False"",""leak_repump"":""True"",""leakage"":""True"",""loss"":""True"",""m"":21,""n"":378,""p"":0.001,""prllel_1q"":336,""prllel_2q"":126,""r"":20,""repump_cycles"":3,""seq_meas"":""True"",""seq_ops"":""True"",""swapLRC"":""False""}",
        16,         0,         0,   0.444,bposd,5504117086a3317092df3aefd3d9dcaeddcedef971a26de69ae47837b09651a2,"{""A"":""x0y3+x10y0+x17y0"",""B"":""x5y0+x0y3+x0y19"",""b"":""X"",""d"":18,""excl_opp_detectors"":""True"",""k"":16,""l"":9,""leak_heralds"":""False"",""leak_repump"":""True"",""leakage"":""True"",""loss"":""True"",""m"":21,""n"":378,""p"":0.001,""prllel_1q"":336,""prllel_2q"":126,""r"":20,""repump_cycles"":3,""seq_meas"":""True"",""seq_ops"":""True"",""swapLRC"":""False""}",
        16,         0,         0,   0.758,bposd,5504117086a3317092df3aefd3d9dcaeddcedef971a26de69ae47837b09651a2,"{""A"":""x0y3+x10y0+x17y0"",""B"":""x5y0+x0y3+x0y19"",""b"":""X"",""d"":18,""excl_opp_detectors"":""True"",""k"":16,""l"":9,""leak_heralds"":""False"",""leak_repump"":""True"",""leakage"":""True"",""loss"":""True"",""m"":21,""n"":378,""p"":0.001,""prllel_1q"":336,""prllel_2q"":126,""r"":20,""repump_cycles"":3,""seq_meas"":""True"",""seq_ops"":""True"",""swapLRC"":""False""}",
        32,         0,         0,   0.599,bposd,5504117086a3317092df3aefd3d9dcaeddcedef971a26de69ae47837b09651a2,"{""A"":""x0y3+x10y0+x17y0"",""B"":""x5y0+x0y3+x0y19"",""b"":""X"",""d"":18,""excl_opp_detectors"":""True"",""k"":16,""l"":9,""leak_heralds"":""False"",""leak_repump"":""True"",""leakage"":""True"",""loss"":""True"",""m"":21,""n"":378,""p"":0.001,""prllel_1q"":336,""prllel_2q"":126,""r"":20,""repump_cycles"":3,""seq_meas"":""True"",""seq_ops"":""True"",""swapLRC"":""False""}",
         8,         0,         0,   0.221,bposd,5504117086a3317092df3aefd3d9dcaeddcedef971a26de69ae47837b09651a2,"{""A"":""x0y3+x10y0+x17y0"",""B"":""x5y0+x0y3+x0y19"",""b"":""X"",""d"":18,""excl_opp_detectors"":""True"",""k"":16,""l"":9,""leak_heralds"":""False"",""leak_repump"":""True"",""leakage"":""True"",""loss"":""True"",""m"":21,""n"":378,""p"":0.001,""prllel_1q"":336,""prllel_2q"":126,""r"":20,""repump_cycles"":3,""seq_meas"":""True"",""seq_ops"":""True"",""swapLRC"":""False""}",
         8,         0,         0,   0.297,bposd,5504117086a3317092df3aefd3d9dcaeddcedef971a26de69ae47837b09651a2,"{""A"":""x0y3+x10y0+x17y0"",""B"":""x5y0+x0y3+x0y19"",""b"":""X"",""d"":18,""excl_opp_detectors"":""True"",""k"":16,""l"":9,""leak_heralds"":""False"",""leak_repump"":""True"",""leakage"":""True"",""loss"":""True"",""m"":21,""n"":378,""p"":0.001,""prllel_1q"":336,""prllel_2q"":126,""r"":20,""repump_cycles"":3,""seq_meas"":""True"",""seq_ops"":""True"",""swapLRC"":""False""}",
         8,         0,         0,   0.215,bposd,5504117086a3317092df3aefd3d9dcaeddcedef971a26de69ae47837b09651a2,"{""A"":""x0y3+x10y0+x17y0"",""B"":""x5y0+x0y3+x0y19"",""b"":""X"",""d"":18,""excl_opp_detectors"":""True"",""k"":16,""l"":9,""leak_heralds"":""False"",""leak_repump"":""True"",""leakage"":""True"",""loss"":""True"",""m"":21,""n"":378,""p"":0.001,""prllel_1q"":336,""prllel_2q"":126,""r"":20,""repump_cycles"":3,""seq_meas"":""True"",""seq_ops"":""True"",""swapLRC"":""False""}",
         8,         0,         0,   0.217,bposd,5504117086a3317092df3aefd3d9dcaeddcedef971a26de69ae47837b09651a2,"{""A"":""x0y3+x10y0+x17y0"",""B"":""x5y0+x0y3+x0y19"",""b"":""X"",""d"":18,""excl_opp_detectors"":""True"",""k"":16,""l"":9,""leak_heralds"":""False"",""leak_repump"":""True"",""leakage"":""True"",""loss"":""True"",""m"":21,""n"":378,""p"":0.001,""prllel_1q"":336,""prllel_2q"":126,""r"":20,""repump_cycles"":3,""seq_meas"":""True"",""seq_ops"":""True"",""swapLRC"":""False""}",
        16,         0,         0,   0.387,bposd,5504117086a3317092df3aefd3d9dcaeddcedef971a26de69ae47837b09651a2,"{""A"":""x0y3+x10y0+x17y0"",""B"":""x5y0+x0y3+x0y19"",""b"":""X"",""d"":18,""excl_opp_detectors"":""True"",""k"":16,""l"":9,""leak_heralds"":""False"",""leak_repump"":""True"",""leakage"":""True"",""loss"":""True"",""m"":21,""n"":378,""p"":0.001,""prllel_1q"":336,""prllel_2q"":126,""r"":20,""repump_cycles"":3,""seq_meas"":""True"",""seq_ops"":""True"",""swapLRC"":""False""}",
         8,         0,         0,   0.651,bposd,5504117086a3317092df3aefd3d9dcaeddcedef971a26de69ae47837b09651a2,"{""A"":""x0y3+x10y0+x17y0"",""B"":""x5y0+x0y3+x0y19"",""b"":""X"",""d"":18,""excl_opp_detectors"":""True"",""k"":16,""l"":9,""leak_heralds"":""False"",""leak_repump"":""True"",""leakage"":""True"",""loss"":""True"",""m"":21,""n"":378,""p"":0.001,""prllel_1q"":336,""prllel_2q"":126,""r"":20,""repump_cycles"":3,""seq_meas"":""True"",""seq_ops"":""True"",""swapLRC"":""False""}",
        16,         0,         0,   0.284,bposd,5504117086a3317092df3aefd3d9dcaeddcedef971a26de69ae47837b09651a2,"{""A"":""x0y3+x10y0+x17y0"",""B"":""x5y0+x0y3+x0y19"",""b"":""X"",""d"":18,""excl_opp_detectors"":""True"",""k"":16,""l"":9,""leak_heralds"":""False"",""leak_repump"":""True"",""leakage"":""True"",""loss"":""True"",""m"":21,""n"":378,""p"":0.001,""prllel_1q"":336,""prllel_2q"":126,""r"":20,""repump_cycles"":3,""seq_meas"":""True"",""seq_ops"":""True"",""swapLRC"":""False""}",
        16,         0,         0,   0.422,bposd,5504117086a3317092df3aefd3d9dcaeddcedef971a26de69ae47837b09651a2,"{""A"":""x0y3+x10y0+x17y0"",""B"":""x5y0+x0y3+x0y19"",""b"":""X"",""d"":18,""excl_opp_detectors"":""True"",""k"":16,""l"":9,""leak_heralds"":""False"",""leak_repump"":""True"",""leakage"":""True"",""loss"":""True"",""m"":21,""n"":378,""p"":0.001,""prllel_1q"":336,""prllel_2q"":126,""r"":20,""repump_cycles"":3,""seq_meas"":""True"",""seq_ops"":""True"",""swapLRC"":""False""}",
        32,         0,         0,   0.644,bposd,5504117086a3317092df3aefd3d9dcaeddcedef971a26de69ae47837b09651a2,"{""A"":""x0y3+x10y0+x17y0"",""B"":""x5y0+x0y3+x0y19"",""b"":""X"",""d"":18,""excl_opp_detectors"":""True"",""k"":16,""l"":9,""leak_heralds"":""False"",""leak_repump"":""True"",""leakage"":""True"",""loss"":""True"",""m"":21,""n"":378,""p"":0.001,""prllel_1q"":336,""prllel_2q"":126,""r"":20,""repump_cycles"":3,""seq_meas"":""True"",""seq_ops"":""True"",""swapLRC"":""False""}",
         8,         0,         0,   0.265,bposd,5504117086a3317092df3aefd3d9dcaeddcedef971a26de69ae47837b09651a2,"{""A"":""x0y3+x10y0+x17y0"",""B"":""x5y0+x0y3+x0y19"",""b"":""X"",""d"":18,""excl_opp_detectors"":""True"",""k"":16,""l"":9,""leak_heralds"":""False"",""leak_repump"":""True"",""leakage"":""True"",""loss"":""True"",""m"":21,""n"":378,""p"":0.001,""prllel_1q"":336,""prllel_2q"":126,""r"":20,""repump_cycles"":3,""seq_meas"":""True"",""seq_ops"":""True"",""swapLRC"":""False""}",
        16,         0,         0,   0.282,bposd,5504117086a3317092df3aefd3d9dcaeddcedef971a26de69ae47837b09651a2,"{""A"":""x0y3+x10y0+x17y0"",""B"":""x5y0+x0y3+x0y19"",""b"":""X"",""d"":18,""excl_opp_detectors"":""True"",""k"":16,""l"":9,""leak_heralds"":""False"",""leak_repump"":""True"",""leakage"":""True"",""loss"":""True"",""m"":21,""n"":378,""p"":0.001,""prllel_1q"":336,""prllel_2q"":126,""r"":20,""repump_cycles"":3,""seq_meas"":""True"",""seq_ops"":""True"",""swapLRC"":""False""}",
        16,         0,         0,   0.348,bposd,5504117086a3317092df3aefd3d9dcaeddcedef971a26de69ae47837b09651a2,"{""A"":""x0y3+x10y0+x17y0"",""B"":""x5y0+x0y3+x0y19"",""b"":""X"",""d"":18,""excl_opp_detectors"":""True"",""k"":16,""l"":9,""leak_heralds"":""False"",""leak_repump"":""True"",""leakage"":""True"",""loss"":""True"",""m"":21,""n"":378,""p"":0.001,""prllel_1q"":336,""prllel_2q"":126,""r"":20,""repump_cycles"":3,""seq_meas"":""True"",""seq_ops"":""True"",""swapLRC"":""False""}",
         8,         0,         0,   0.294,bposd,5504117086a3317092df3aefd3d9dcaeddcedef971a26de69ae47837b09651a2,"{""A"":""x0y3+x10y0+x17y0"",""B"":""x5y0+x0y3+x0y19"",""b"":""X"",""d"":18,""excl_opp_detectors"":""True"",""k"":16,""l"":9,""leak_heralds"":""False"",""leak_repump"":""True"",""leakage"":""True"",""loss"":""True"",""m"":21,""n"":378,""p"":0.001,""prllel_1q"":336,""prllel_2q"":126,""r"":20,""repump_cycles"":3,""seq_meas"":""True"",""seq_ops"":""True"",""swapLRC"":""False""}",
        16,         0,         0,   0.275,bposd,5504117086a3317092df3aefd3d9dcaeddcedef971a26de69ae47837b09651a2,"{""A"":""x0y3+x10y0+x17y0"",""B"":""x5y0+x0y3+x0y19"",""b"":""X"",""d"":18,""excl_opp_detectors"":""True"",""k"":16,""l"":9,""leak_heralds"":""False"",""leak_repump"":""True"",""leakage"":""True"",""loss"":""True"",""m"":21,""n"":378,""p"":0.001,""prllel_1q"":336,""prllel_2q"":126,""r"":20,""repump_cycles"":3,""seq_meas"":""True"",""seq_ops"":""True"",""swapLRC"":""False""}",
        16,         0,         0,   0.386,bposd,5504117086a3317092df3aefd3d9dcaeddcedef971a26de69ae47837b09651a2,"{""A"":""x0y3+x10y0+x17y0"",""B"":""x5y0+x0y3+x0y19"",""b"":""X"",""d"":18,""excl_opp_detectors"":""True"",""k"":16,""l"":9,""leak_heralds"":""False"",""leak_repump"":""True"",""leakage"":""True"",""loss"":""True"",""m"":21,""n"":378,""p"":0.001,""prllel_1q"":336,""prllel_2q"":126,""r"":20,""repump_cycles"":3,""seq_meas"":""True"",""seq_ops"":""True"",""swapLRC"":""False""}",
        16,         0,         0,   0.443,bposd,5504117086a3317092df3aefd3d9dcaeddcedef971a26de69ae47837b09651a2,"{""A"":""x0y3+x10y0+x17y0"",""B"":""x5y0+x0y3+x0y19"",""b"":""X"",""d"":18,""excl_opp_detectors"":""True"",""k"":16,""l"":9,""leak_heralds"":""False"",""leak_repump"":""True"",""leakage"":""True"",""loss"":""True"",""m"":21,""n"":378,""p"":0.001,""prllel_1q"":336,""prllel_2q"":126,""r"":20,""repump_cycles"":3,""seq_meas"":""True"",""seq_ops"":""True"",""swapLRC"":""False""}",
         8,         0,         0,   0.222,bposd,5504117086a3317092df3aefd3d9dcaeddcedef971a26de69ae47837b09651a2,"{""A"":""x0y3+x10y0+x17y0"",""B"":""x5y0+x0y3+x0y19"",""b"":""X"",""d"":18,""excl_opp_detectors"":""True"",""k"":16,""l"":9,""leak_heralds"":""False"",""leak_repump"":""True"",""leakage"":""True"",""loss"":""True"",""m"":21,""n"":378,""p"":0.001,""prllel_1q"":336,""prllel_2q"":126,""r"":20,""repump_cycles"":3,""seq_meas"":""True"",""seq_ops"":""True"",""swapLRC"":""False""}",
        16,         0,         0,   0.643,bposd,5504117086a3317092df3aefd3d9dcaeddcedef971a26de69ae47837b09651a2,"{""A"":""x0y3+x10y0+x17y0"",""B"":""x5y0+x0y3+x0y19"",""b"":""X"",""d"":18,""excl_opp_detectors"":""True"",""k"":16,""l"":9,""leak_heralds"":""False"",""leak_repump"":""True"",""leakage"":""True"",""loss"":""True"",""m"":21,""n"":378,""p"":0.001,""prllel_1q"":336,""prllel_2q"":126,""r"":20,""repump_cycles"":3,""seq_meas"":""True"",""seq_ops"":""True"",""swapLRC"":""False""}",
        16,         0,         0,   0.338,bposd,5504117086a3317092df3aefd3d9dcaeddcedef971a26de69ae47837b09651a2,"{""A"":""x0y3+x10y0+x17y0"",""B"":""x5y0+x0y3+x0y19"",""b"":""X"",""d"":18,""excl_opp_detectors"":""True"",""k"":16,""l"":9,""leak_heralds"":""False"",""leak_repump"":""True"",""leakage"":""True"",""loss"":""True"",""m"":21,""n"":378,""p"":0.001,""prllel_1q"":336,""prllel_2q"":126,""r"":20,""repump_cycles"":3,""seq_meas"":""True"",""seq_ops"":""True"",""swapLRC"":""False""}",
        16,         0,         0,   0.274,bposd,5504117086a3317092df3aefd3d9dcaeddcedef971a26de69ae47837b09651a2,"{""A"":""x0y3+x10y0+x17y0"",""B"":""x5y0+x0y3+x0y19"",""b"":""X"",""d"":18,""excl_opp_detectors"":""True"",""k"":16,""l"":9,""leak_heralds"":""False"",""leak_repump"":""True"",""leakage"":""True"",""loss"":""True"",""m"":21,""n"":378,""p"":0.001,""prllel_1q"":336,""prllel_2q"":126,""r"":20,""repump_cycles"":3,""seq_meas"":""True"",""seq_ops"":""True"",""swapLRC"":""False""}",
        16,         0,         0,   0.302,bposd,5504117086a3317092df3aefd3d9dcaeddcedef971a26de69ae47837b09651a2,"{""A"":""x0y3+x10y0+x17y0"",""B"":""x5y0+x0y3+x0y19"",""b"":""X"",""d"":18,""excl_opp_detectors"":""True"",""k"":16,""l"":9,""leak_heralds"":""False"",""leak_repump"":""True"",""leakage"":""True"",""loss"":""True"",""m"":21,""n"":378,""p"":0.001,""prllel_1q"":336,""prllel_2q"":126,""r"":20,""repump_cycles"":3,""seq_meas"":""True"",""seq_ops"":""True"",""swapLRC"":""False""}",
        16,         0,         0,   0.416,bposd,5504117086a3317092df3aefd3d9dcaeddcedef971a26de69ae47837b09651a2,"{""A"":""x0y3+x10y0+x17y0"",""B"":""x5y0+x0y3+x0y19"",""b"":""X"",""d"":18,""excl_opp_detectors"":""True"",""k"":16,""l"":9,""leak_heralds"":""False"",""leak_repump"":""True"",""leakage"":""True"",""loss"":""True"",""m"":21,""n"":378,""p"":0.001,""prllel_1q"":336,""prllel_2q"":126,""r"":20,""repump_cycles"":3,""seq_meas"":""True"",""seq_ops"":""True"",""swapLRC"":""False""}",
        16,         0,         0,   0.468,bposd,5504117086a3317092df3aefd3d9dcaeddcedef971a26de69ae47837b09651a2,"{""A"":""x0y3+x10y0+x17y0"",""B"":""x5y0+x0y3+x0y19"",""b"":""X"",""d"":18,""excl_opp_detectors"":""True"",""k"":16,""l"":9,""leak_heralds"":""False"",""leak_repump"":""True"",""leakage"":""True"",""loss"":""True"",""m"":21,""n"":378,""p"":0.001,""prllel_1q"":336,""prllel_2q"":126,""r"":20,""repump_cycles"":3,""seq_meas"":""True"",""seq_ops"":""True"",""swapLRC"":""False""}",
        16,         0,         0,   0.396,bposd,5504117086a3317092df3aefd3d9dcaeddcedef971a26de69ae47837b09651a2,"{""A"":""x0y3+x10y0+x17y0"",""B"":""x5y0+x0y3+x0y19"",""b"":""X"",""d"":18,""excl_opp_detectors"":""True"",""k"":16,""l"":9,""leak_heralds"":""False"",""leak_repump"":""True"",""leakage"":""True"",""loss"":""True"",""m"":21,""n"":378,""p"":0.001,""prllel_1q"":336,""prllel_2q"":126,""r"":20,""repump_cycles"":3,""seq_meas"":""True"",""seq_ops"":""True"",""swapLRC"":""False""}",
        16,         0,         0,   0.353,bposd,5504117086a3317092df3aefd3d9dcaeddcedef971a26de69ae47837b09651a2,"{""A"":""x0y3+x10y0+x17y0"",""B"":""x5y0+x0y3+x0y19"",""b"":""X"",""d"":18,""excl_opp_detectors"":""True"",""k"":16,""l"":9,""leak_heralds"":""False"",""leak_repump"":""True"",""leakage"":""True"",""loss"":""True"",""m"":21,""n"":378,""p"":0.001,""prllel_1q"":336,""prllel_2q"":126,""r"":20,""repump_cycles"":3,""seq_meas"":""True"",""seq_ops"":""True"",""swapLRC"":""False""}",
        16,         0,         0,   0.499,bposd,5504117086a3317092df3aefd3d9dcaeddcedef971a26de69ae47837b09651a2,"{""A"":""x0y3+x10y0+x17y0"",""B"":""x5y0+x0y3+x0y19"",""b"":""X"",""d"":18,""excl_opp_detectors"":""True"",""k"":16,""l"":9,""leak_heralds"":""False"",""leak_repump"":""True"",""leakage"":""True"",""loss"":""True"",""m"":21,""n"":378,""p"":0.001,""prllel_1q"":336,""prllel_2q"":126,""r"":20,""repump_cycles"":3,""seq_meas"":""True"",""seq_ops"":""True"",""swapLRC"":""False""}",
        16,         0,         0,   0.550,bposd,5504117086a3317092df3aefd3d9dcaeddcedef971a26de69ae47837b09651a2,"{""A"":""x0y3+x10y0+x17y0"",""B"":""x5y0+x0y3+x0y19"",""b"":""X"",""d"":18,""excl_opp_detectors"":""True"",""k"":16,""l"":9,""leak_heralds"":""False"",""leak_repump"":""True"",""leakage"":""True"",""loss"":""True"",""m"":21,""n"":378,""p"":0.001,""prllel_1q"":336,""prllel_2q"":126,""r"":20,""repump_cycles"":3,""seq_meas"":""True"",""seq_ops"":""True"",""swapLRC"":""False""}",
        16,         0,         0,   0.348,bposd,5504117086a3317092df3aefd3d9dcaeddcedef971a26de69ae47837b09651a2,"{""A"":""x0y3+x10y0+x17y0"",""B"":""x5y0+x0y3+x0y19"",""b"":""X"",""d"":18,""excl_opp_detectors"":""True"",""k"":16,""l"":9,""leak_heralds"":""False"",""leak_repump"":""True"",""leakage"":""True"",""loss"":""True"",""m"":21,""n"":378,""p"":0.001,""prllel_1q"":336,""prllel_2q"":126,""r"":20,""repump_cycles"":3,""seq_meas"":""True"",""seq_ops"":""True"",""swapLRC"":""False""}",
        16,         0,         0,   0.265,bposd,5504117086a3317092df3aefd3d9dcaeddcedef971a26de69ae47837b09651a2,"{""A"":""x0y3+x10y0+x17y0"",""B"":""x5y0+x0y3+x0y19"",""b"":""X"",""d"":18,""excl_opp_detectors"":""True"",""k"":16,""l"":9,""leak_heralds"":""False"",""leak_repump"":""True"",""leakage"":""True"",""loss"":""True"",""m"":21,""n"":378,""p"":0.001,""prllel_1q"":336,""prllel_2q"":126,""r"":20,""repump_cycles"":3,""seq_meas"":""True"",""seq_ops"":""True"",""swapLRC"":""False""}",
        16,         0,         0,   0.333,bposd,5504117086a3317092df3aefd3d9dcaeddcedef971a26de69ae47837b09651a2,"{""A"":""x0y3+x10y0+x17y0"",""B"":""x5y0+x0y3+x0y19"",""b"":""X"",""d"":18,""excl_opp_detectors"":""True"",""k"":16,""l"":9,""leak_heralds"":""False"",""leak_repump"":""True"",""leakage"":""True"",""loss"":""True"",""m"":21,""n"":378,""p"":0.001,""prllel_1q"":336,""prllel_2q"":126,""r"":20,""repump_cycles"":3,""seq_meas"":""True"",""seq_ops"":""True"",""swapLRC"":""False""}",
        16,         0,         0,   0.265,bposd,5504117086a3317092df3aefd3d9dcaeddcedef971a26de69ae47837b09651a2,"{""A"":""x0y3+x10y0+x17y0"",""B"":""x5y0+x0y3+x0y19"",""b"":""X"",""d"":18,""excl_opp_detectors"":""True"",""k"":16,""l"":9,""leak_heralds"":""False"",""leak_repump"":""True"",""leakage"":""True"",""loss"":""True"",""m"":21,""n"":378,""p"":0.001,""prllel_1q"":336,""prllel_2q"":126,""r"":20,""repump_cycles"":3,""seq_meas"":""True"",""seq_ops"":""True"",""swapLRC"":""False""}",
        32,         0,         0,   0.860,bposd,5504117086a3317092df3aefd3d9dcaeddcedef971a26de69ae47837b09651a2,"{""A"":""x0y3+x10y0+x17y0"",""B"":""x5y0+x0y3+x0y19"",""b"":""X"",""d"":18,""excl_opp_detectors"":""True"",""k"":16,""l"":9,""leak_heralds"":""False"",""leak_repump"":""True"",""leakage"":""True"",""loss"":""True"",""m"":21,""n"":378,""p"":0.001,""prllel_1q"":336,""prllel_2q"":126,""r"":20,""repump_cycles"":3,""seq_meas"":""True"",""seq_ops"":""True"",""swapLRC"":""False""}",
        16,         0,         0,   0.562,bposd,5504117086a3317092df3aefd3d9dcaeddcedef971a26de69ae47837b09651a2,"{""A"":""x0y3+x10y0+x17y0"",""B"":""x5y0+x0y3+x0y19"",""b"":""X"",""d"":18,""excl_opp_detectors"":""True"",""k"":16,""l"":9,""leak_heralds"":""False"",""leak_repump"":""True"",""leakage"":""True"",""loss"":""True"",""m"":21,""n"":378,""p"":0.001,""prllel_1q"":336,""prllel_2q"":126,""r"":20,""repump_cycles"":3,""seq_meas"":""True"",""seq_ops"":""True"",""swapLRC"":""False""}",
        32,         0,         0,   0.997,bposd,5504117086a3317092df3aefd3d9dcaeddcedef971a26de69ae47837b09651a2,"{""A"":""x0y3+x10y0+x17y0"",""B"":""x5y0+x0y3+x0y19"",""b"":""X"",""d"":18,""excl_opp_detectors"":""True"",""k"":16,""l"":9,""leak_heralds"":""False"",""leak_repump"":""True"",""leakage"":""True"",""loss"":""True"",""m"":21,""n"":378,""p"":0.001,""prllel_1q"":336,""prllel_2q"":126,""r"":20,""repump_cycles"":3,""seq_meas"":""True"",""seq_ops"":""True"",""swapLRC"":""False""}",
        16,         0,         0,   0.356,bposd,5504117086a3317092df3aefd3d9dcaeddcedef971a26de69ae47837b09651a2,"{""A"":""x0y3+x10y0+x17y0"",""B"":""x5y0+x0y3+x0y19"",""b"":""X"",""d"":18,""excl_opp_detectors"":""True"",""k"":16,""l"":9,""leak_heralds"":""False"",""leak_repump"":""True"",""leakage"":""True"",""loss"":""True"",""m"":21,""n"":378,""p"":0.001,""prllel_1q"":336,""prllel_2q"":126,""r"":20,""repump_cycles"":3,""seq_meas"":""True"",""seq_ops"":""True"",""swapLRC"":""False""}",
        16,         0,         0,   0.439,bposd,5504117086a3317092df3aefd3d9dcaeddcedef971a26de69ae47837b09651a2,"{""A"":""x0y3+x10y0+x17y0"",""B"":""x5y0+x0y3+x0y19"",""b"":""X"",""d"":18,""excl_opp_detectors"":""True"",""k"":16,""l"":9,""leak_heralds"":""False"",""leak_repump"":""True"",""leakage"":""True"",""loss"":""True"",""m"":21,""n"":378,""p"":0.001,""prllel_1q"":336,""prllel_2q"":126,""r"":20,""repump_cycles"":3,""seq_meas"":""True"",""seq_ops"":""True"",""swapLRC"":""False""}",
        16,         0,         0,   0.999,bposd,5504117086a3317092df3aefd3d9dcaeddcedef971a26de69ae47837b09651a2,"{""A"":""x0y3+x10y0+x17y0"",""B"":""x5y0+x0y3+x0y19"",""b"":""X"",""d"":18,""excl_opp_detectors"":""True"",""k"":16,""l"":9,""leak_heralds"":""False"",""leak_repump"":""True"",""leakage"":""True"",""loss"":""True"",""m"":21,""n"":378,""p"":0.001,""prllel_1q"":336,""prllel_2q"":126,""r"":20,""repump_cycles"":3,""seq_meas"":""True"",""seq_ops"":""True"",""swapLRC"":""False""}",
        32,         0,         0,   0.807,bposd,5504117086a3317092df3aefd3d9dcaeddcedef971a26de69ae47837b09651a2,"{""A"":""x0y3+x10y0+x17y0"",""B"":""x5y0+x0y3+x0y19"",""b"":""X"",""d"":18,""excl_opp_detectors"":""True"",""k"":16,""l"":9,""leak_heralds"":""False"",""leak_repump"":""True"",""leakage"":""True"",""loss"":""True"",""m"":21,""n"":378,""p"":0.001,""prllel_1q"":336,""prllel_2q"":126,""r"":20,""repump_cycles"":3,""seq_meas"":""True"",""seq_ops"":""True"",""swapLRC"":""False""}",
        16,         0,         0,   0.505,bposd,5504117086a3317092df3aefd3d9dcaeddcedef971a26de69ae47837b09651a2,"{""A"":""x0y3+x10y0+x17y0"",""B"":""x5y0+x0y3+x0y19"",""b"":""X"",""d"":18,""excl_opp_detectors"":""True"",""k"":16,""l"":9,""leak_heralds"":""False"",""leak_repump"":""True"",""leakage"":""True"",""loss"":""True"",""m"":21,""n"":378,""p"":0.001,""prllel_1q"":336,""prllel_2q"":126,""r"":20,""repump_cycles"":3,""seq_meas"":""True"",""seq_ops"":""True"",""swapLRC"":""False""}",
        16,         0,         0,    1.00,bposd,5504117086a3317092df3aefd3d9dcaeddcedef971a26de69ae47837b09651a2,"{""A"":""x0y3+x10y0+x17y0"",""B"":""x5y0+x0y3+x0y19"",""b"":""X"",""d"":18,""excl_opp_detectors"":""True"",""k"":16,""l"":9,""leak_heralds"":""False"",""leak_repump"":""True"",""leakage"":""True"",""loss"":""True"",""m"":21,""n"":378,""p"":0.001,""prllel_1q"":336,""prllel_2q"":126,""r"":20,""repump_cycles"":3,""seq_meas"":""True"",""seq_ops"":""True"",""swapLRC"":""False""}",
        16,         0,         0,   0.334,bposd,5504117086a3317092df3aefd3d9dcaeddcedef971a26de69ae47837b09651a2,"{""A"":""x0y3+x10y0+x17y0"",""B"":""x5y0+x0y3+x0y19"",""b"":""X"",""d"":18,""excl_opp_detectors"":""True"",""k"":16,""l"":9,""leak_heralds"":""False"",""leak_repump"":""True"",""leakage"":""True"",""loss"":""True"",""m"":21,""n"":378,""p"":0.001,""prllel_1q"":336,""prllel_2q"":126,""r"":20,""repump_cycles"":3,""seq_meas"":""True"",""seq_ops"":""True"",""swapLRC"":""False""}",
        16,         0,         0,   0.504,bposd,5504117086a3317092df3aefd3d9dcaeddcedef971a26de69ae47837b09651a2,"{""A"":""x0y3+x10y0+x17y0"",""B"":""x5y0+x0y3+x0y19"",""b"":""X"",""d"":18,""excl_opp_detectors"":""True"",""k"":16,""l"":9,""leak_heralds"":""False"",""leak_repump"":""True"",""leakage"":""True"",""loss"":""True"",""m"":21,""n"":378,""p"":0.001,""prllel_1q"":336,""prllel_2q"":126,""r"":20,""repump_cycles"":3,""seq_meas"":""True"",""seq_ops"":""True"",""swapLRC"":""False""}",
        16,         0,         0,   0.489,bposd,5504117086a3317092df3aefd3d9dcaeddcedef971a26de69ae47837b09651a2,"{""A"":""x0y3+x10y0+x17y0"",""B"":""x5y0+x0y3+x0y19"",""b"":""X"",""d"":18,""excl_opp_detectors"":""True"",""k"":16,""l"":9,""leak_heralds"":""False"",""leak_repump"":""True"",""leakage"":""True"",""loss"":""True"",""m"":21,""n"":378,""p"":0.001,""prllel_1q"":336,""prllel_2q"":126,""r"":20,""repump_cycles"":3,""seq_meas"":""True"",""seq_ops"":""True"",""swapLRC"":""False""}",
        16,         0,         0,   0.300,bposd,5504117086a3317092df3aefd3d9dcaeddcedef971a26de69ae47837b09651a2,"{""A"":""x0y3+x10y0+x17y0"",""B"":""x5y0+x0y3+x0y19"",""b"":""X"",""d"":18,""excl_opp_detectors"":""True"",""k"":16,""l"":9,""leak_heralds"":""False"",""leak_repump"":""True"",""leakage"":""True"",""loss"":""True"",""m"":21,""n"":378,""p"":0.001,""prllel_1q"":336,""prllel_2q"":126,""r"":20,""repump_cycles"":3,""seq_meas"":""True"",""seq_ops"":""True"",""swapLRC"":""False""}",
        16,         0,         0,   0.620,bposd,5504117086a3317092df3aefd3d9dcaeddcedef971a26de69ae47837b09651a2,"{""A"":""x0y3+x10y0+x17y0"",""B"":""x5y0+x0y3+x0y19"",""b"":""X"",""d"":18,""excl_opp_detectors"":""True"",""k"":16,""l"":9,""leak_heralds"":""False"",""leak_repump"":""True"",""leakage"":""True"",""loss"":""True"",""m"":21,""n"":378,""p"":0.001,""prllel_1q"":336,""prllel_2q"":126,""r"":20,""repump_cycles"":3,""seq_meas"":""True"",""seq_ops"":""True"",""swapLRC"":""False""}",
        16,         0,         0,   0.466,bposd,5504117086a3317092df3aefd3d9dcaeddcedef971a26de69ae47837b09651a2,"{""A"":""x0y3+x10y0+x17y0"",""B"":""x5y0+x0y3+x0y19"",""b"":""X"",""d"":18,""excl_opp_detectors"":""True"",""k"":16,""l"":9,""leak_heralds"":""False"",""leak_repump"":""True"",""leakage"":""True"",""loss"":""True"",""m"":21,""n"":378,""p"":0.001,""prllel_1q"":336,""prllel_2q"":126,""r"":20,""repump_cycles"":3,""seq_meas"":""True"",""seq_ops"":""True"",""swapLRC"":""False""}",
        16,         0,         0,   0.419,bposd,5504117086a3317092df3aefd3d9dcaeddcedef971a26de69ae47837b09651a2,"{""A"":""x0y3+x10y0+x17y0"",""B"":""x5y0+x0y3+x0y19"",""b"":""X"",""d"":18,""excl_opp_detectors"":""True"",""k"":16,""l"":9,""leak_heralds"":""False"",""leak_repump"":""True"",""leakage"":""True"",""loss"":""True"",""m"":21,""n"":378,""p"":0.001,""prllel_1q"":336,""prllel_2q"":126,""r"":20,""repump_cycles"":3,""seq_meas"":""True"",""seq_ops"":""True"",""swapLRC"":""False""}",
        16,         0,         0,   0.836,bposd,5504117086a3317092df3aefd3d9dcaeddcedef971a26de69ae47837b09651a2,"{""A"":""x0y3+x10y0+x17y0"",""B"":""x5y0+x0y3+x0y19"",""b"":""X"",""d"":18,""excl_opp_detectors"":""True"",""k"":16,""l"":9,""leak_heralds"":""False"",""leak_repump"":""True"",""leakage"":""True"",""loss"":""True"",""m"":21,""n"":378,""p"":0.001,""prllel_1q"":336,""prllel_2q"":126,""r"":20,""repump_cycles"":3,""seq_meas"":""True"",""seq_ops"":""True"",""swapLRC"":""False""}",
        32,         0,         0,   0.784,bposd,5504117086a3317092df3aefd3d9dcaeddcedef971a26de69ae47837b09651a2,"{""A"":""x0y3+x10y0+x17y0"",""B"":""x5y0+x0y3+x0y19"",""b"":""X"",""d"":18,""excl_opp_detectors"":""True"",""k"":16,""l"":9,""leak_heralds"":""False"",""leak_repump"":""True"",""leakage"":""True"",""loss"":""True"",""m"":21,""n"":378,""p"":0.001,""prllel_1q"":336,""prllel_2q"":126,""r"":20,""repump_cycles"":3,""seq_meas"":""True"",""seq_ops"":""True"",""swapLRC"":""False""}",
        32,         0,         0,   0.919,bposd,5504117086a3317092df3aefd3d9dcaeddcedef971a26de69ae47837b09651a2,"{""A"":""x0y3+x10y0+x17y0"",""B"":""x5y0+x0y3+x0y19"",""b"":""X"",""d"":18,""excl_opp_detectors"":""True"",""k"":16,""l"":9,""leak_heralds"":""False"",""leak_repump"":""True"",""leakage"":""True"",""loss"":""True"",""m"":21,""n"":378,""p"":0.001,""prllel_1q"":336,""prllel_2q"":126,""r"":20,""repump_cycles"":3,""seq_meas"":""True"",""seq_ops"":""True"",""swapLRC"":""False""}",
        16,         0,         0,   0.459,bposd,5504117086a3317092df3aefd3d9dcaeddcedef971a26de69ae47837b09651a2,"{""A"":""x0y3+x10y0+x17y0"",""B"":""x5y0+x0y3+x0y19"",""b"":""X"",""d"":18,""excl_opp_detectors"":""True"",""k"":16,""l"":9,""leak_heralds"":""False"",""leak_repump"":""True"",""leakage"":""True"",""loss"":""True"",""m"":21,""n"":378,""p"":0.001,""prllel_1q"":336,""prllel_2q"":126,""r"":20,""repump_cycles"":3,""seq_meas"":""True"",""seq_ops"":""True"",""swapLRC"":""False""}",
        16,         0,         0,   0.319,bposd,5504117086a3317092df3aefd3d9dcaeddcedef971a26de69ae47837b09651a2,"{""A"":""x0y3+x10y0+x17y0"",""B"":""x5y0+x0y3+x0y19"",""b"":""X"",""d"":18,""excl_opp_detectors"":""True"",""k"":16,""l"":9,""leak_heralds"":""False"",""leak_repump"":""True"",""leakage"":""True"",""loss"":""True"",""m"":21,""n"":378,""p"":0.001,""prllel_1q"":336,""prllel_2q"":126,""r"":20,""repump_cycles"":3,""seq_meas"":""True"",""seq_ops"":""True"",""swapLRC"":""False""}",
        16,         0,         0,   0.391,bposd,5504117086a3317092df3aefd3d9dcaeddcedef971a26de69ae47837b09651a2,"{""A"":""x0y3+x10y0+x17y0"",""B"":""x5y0+x0y3+x0y19"",""b"":""X"",""d"":18,""excl_opp_detectors"":""True"",""k"":16,""l"":9,""leak_heralds"":""False"",""leak_repump"":""True"",""leakage"":""True"",""loss"":""True"",""m"":21,""n"":378,""p"":0.001,""prllel_1q"":336,""prllel_2q"":126,""r"":20,""repump_cycles"":3,""seq_meas"":""True"",""seq_ops"":""True"",""swapLRC"":""False""}",
        16,         0,         0,    1.03,bposd,5504117086a3317092df3aefd3d9dcaeddcedef971a26de69ae47837b09651a2,"{""A"":""x0y3+x10y0+x17y0"",""B"":""x5y0+x0y3+x0y19"",""b"":""X"",""d"":18,""excl_opp_detectors"":""True"",""k"":16,""l"":9,""leak_heralds"":""False"",""leak_repump"":""True"",""leakage"":""True"",""loss"":""True"",""m"":21,""n"":378,""p"":0.001,""prllel_1q"":336,""prllel_2q"":126,""r"":20,""repump_cycles"":3,""seq_meas"":""True"",""seq_ops"":""True"",""swapLRC"":""False""}",
        32,         0,         0,    1.03,bposd,5504117086a3317092df3aefd3d9dcaeddcedef971a26de69ae47837b09651a2,"{""A"":""x0y3+x10y0+x17y0"",""B"":""x5y0+x0y3+x0y19"",""b"":""X"",""d"":18,""excl_opp_detectors"":""True"",""k"":16,""l"":9,""leak_heralds"":""False"",""leak_repump"":""True"",""leakage"":""True"",""loss"":""True"",""m"":21,""n"":378,""p"":0.001,""prllel_1q"":336,""prllel_2q"":126,""r"":20,""repump_cycles"":3,""seq_meas"":""True"",""seq_ops"":""True"",""swapLRC"":""False""}",
        16,         0,         0,    1.07,bposd,5504117086a3317092df3aefd3d9dcaeddcedef971a26de69ae47837b09651a2,"{""A"":""x0y3+x10y0+x17y0"",""B"":""x5y0+x0y3+x0y19"",""b"":""X"",""d"":18,""excl_opp_detectors"":""True"",""k"":16,""l"":9,""leak_heralds"":""False"",""leak_repump"":""True"",""leakage"":""True"",""loss"":""True"",""m"":21,""n"":378,""p"":0.001,""prllel_1q"":336,""prllel_2q"":126,""r"":20,""repump_cycles"":3,""seq_meas"":""True"",""seq_ops"":""True"",""swapLRC"":""False""}",
        32,         0,         0,   0.992,bposd,5504117086a3317092df3aefd3d9dcaeddcedef971a26de69ae47837b09651a2,"{""A"":""x0y3+x10y0+x17y0"",""B"":""x5y0+x0y3+x0y19"",""b"":""X"",""d"":18,""excl_opp_detectors"":""True"",""k"":16,""l"":9,""leak_heralds"":""False"",""leak_repump"":""True"",""leakage"":""True"",""loss"":""True"",""m"":21,""n"":378,""p"":0.001,""prllel_1q"":336,""prllel_2q"":126,""r"":20,""repump_cycles"":3,""seq_meas"":""True"",""seq_ops"":""True"",""swapLRC"":""False""}",
        16,         0,         0,   0.326,bposd,5504117086a3317092df3aefd3d9dcaeddcedef971a26de69ae47837b09651a2,"{""A"":""x0y3+x10y0+x17y0"",""B"":""x5y0+x0y3+x0y19"",""b"":""X"",""d"":18,""excl_opp_detectors"":""True"",""k"":16,""l"":9,""leak_heralds"":""False"",""leak_repump"":""True"",""leakage"":""True"",""loss"":""True"",""m"":21,""n"":378,""p"":0.001,""prllel_1q"":336,""prllel_2q"":126,""r"":20,""repump_cycles"":3,""seq_meas"":""True"",""seq_ops"":""True"",""swapLRC"":""False""}",
        16,         0,         0,   0.344,bposd,5504117086a3317092df3aefd3d9dcaeddcedef971a26de69ae47837b09651a2,"{""A"":""x0y3+x10y0+x17y0"",""B"":""x5y0+x0y3+x0y19"",""b"":""X"",""d"":18,""excl_opp_detectors"":""True"",""k"":16,""l"":9,""leak_heralds"":""False"",""leak_repump"":""True"",""leakage"":""True"",""loss"":""True"",""m"":21,""n"":378,""p"":0.001,""prllel_1q"":336,""prllel_2q"":126,""r"":20,""repump_cycles"":3,""seq_meas"":""True"",""seq_ops"":""True"",""swapLRC"":""False""}",
        16,         0,         0,   0.317,bposd,5504117086a3317092df3aefd3d9dcaeddcedef971a26de69ae47837b09651a2,"{""A"":""x0y3+x10y0+x17y0"",""B"":""x5y0+x0y3+x0y19"",""b"":""X"",""d"":18,""excl_opp_detectors"":""True"",""k"":16,""l"":9,""leak_heralds"":""False"",""leak_repump"":""True"",""leakage"":""True"",""loss"":""True"",""m"":21,""n"":378,""p"":0.001,""prllel_1q"":336,""prllel_2q"":126,""r"":20,""repump_cycles"":3,""seq_meas"":""True"",""seq_ops"":""True"",""swapLRC"":""False""}",
        16,         0,         0,   0.386,bposd,5504117086a3317092df3aefd3d9dcaeddcedef971a26de69ae47837b09651a2,"{""A"":""x0y3+x10y0+x17y0"",""B"":""x5y0+x0y3+x0y19"",""b"":""X"",""d"":18,""excl_opp_detectors"":""True"",""k"":16,""l"":9,""leak_heralds"":""False"",""leak_repump"":""True"",""leakage"":""True"",""loss"":""True"",""m"":21,""n"":378,""p"":0.001,""prllel_1q"":336,""prllel_2q"":126,""r"":20,""repump_cycles"":3,""seq_meas"":""True"",""seq_ops"":""True"",""swapLRC"":""False""}",
        16,         0,         0,   0.396,bposd,5504117086a3317092df3aefd3d9dcaeddcedef971a26de69ae47837b09651a2,"{""A"":""x0y3+x10y0+x17y0"",""B"":""x5y0+x0y3+x0y19"",""b"":""X"",""d"":18,""excl_opp_detectors"":""True"",""k"":16,""l"":9,""leak_heralds"":""False"",""leak_repump"":""True"",""leakage"":""True"",""loss"":""True"",""m"":21,""n"":378,""p"":0.001,""prllel_1q"":336,""prllel_2q"":126,""r"":20,""repump_cycles"":3,""seq_meas"":""True"",""seq_ops"":""True"",""swapLRC"":""False""}",
        16,         0,         0,   0.311,bposd,5504117086a3317092df3aefd3d9dcaeddcedef971a26de69ae47837b09651a2,"{""A"":""x0y3+x10y0+x17y0"",""B"":""x5y0+x0y3+x0y19"",""b"":""X"",""d"":18,""excl_opp_detectors"":""True"",""k"":16,""l"":9,""leak_heralds"":""False"",""leak_repump"":""True"",""leakage"":""True"",""loss"":""True"",""m"":21,""n"":378,""p"":0.001,""prllel_1q"":336,""prllel_2q"":126,""r"":20,""repump_cycles"":3,""seq_meas"":""True"",""seq_ops"":""True"",""swapLRC"":""False""}",
        16,         0,         0,   0.384,bposd,5504117086a3317092df3aefd3d9dcaeddcedef971a26de69ae47837b09651a2,"{""A"":""x0y3+x10y0+x17y0"",""B"":""x5y0+x0y3+x0y19"",""b"":""X"",""d"":18,""excl_opp_detectors"":""True"",""k"":16,""l"":9,""leak_heralds"":""False"",""leak_repump"":""True"",""leakage"":""True"",""loss"":""True"",""m"":21,""n"":378,""p"":0.001,""prllel_1q"":336,""prllel_2q"":126,""r"":20,""repump_cycles"":3,""seq_meas"":""True"",""seq_ops"":""True"",""swapLRC"":""False""}",
        16,         0,         0,   0.454,bposd,5504117086a3317092df3aefd3d9dcaeddcedef971a26de69ae47837b09651a2,"{""A"":""x0y3+x10y0+x17y0"",""B"":""x5y0+x0y3+x0y19"",""b"":""X"",""d"":18,""excl_opp_detectors"":""True"",""k"":16,""l"":9,""leak_heralds"":""False"",""leak_repump"":""True"",""leakage"":""True"",""loss"":""True"",""m"":21,""n"":378,""p"":0.001,""prllel_1q"":336,""prllel_2q"":126,""r"":20,""repump_cycles"":3,""seq_meas"":""True"",""seq_ops"":""True"",""swapLRC"":""False""}",
        32,         0,         0,   0.692,bposd,5504117086a3317092df3aefd3d9dcaeddcedef971a26de69ae47837b09651a2,"{""A"":""x0y3+x10y0+x17y0"",""B"":""x5y0+x0y3+x0y19"",""b"":""X"",""d"":18,""excl_opp_detectors"":""True"",""k"":16,""l"":9,""leak_heralds"":""False"",""leak_repump"":""True"",""leakage"":""True"",""loss"":""True"",""m"":21,""n"":378,""p"":0.001,""prllel_1q"":336,""prllel_2q"":126,""r"":20,""repump_cycles"":3,""seq_meas"":""True"",""seq_ops"":""True"",""swapLRC"":""False""}",
        16,         0,         0,   0.600,bposd,5504117086a3317092df3aefd3d9dcaeddcedef971a26de69ae47837b09651a2,"{""A"":""x0y3+x10y0+x17y0"",""B"":""x5y0+x0y3+x0y19"",""b"":""X"",""d"":18,""excl_opp_detectors"":""True"",""k"":16,""l"":9,""leak_heralds"":""False"",""leak_repump"":""True"",""leakage"":""True"",""loss"":""True"",""m"":21,""n"":378,""p"":0.001,""prllel_1q"":336,""prllel_2q"":126,""r"":20,""repump_cycles"":3,""seq_meas"":""True"",""seq_ops"":""True"",""swapLRC"":""False""}",
        32,         0,         0,   0.717,bposd,5504117086a3317092df3aefd3d9dcaeddcedef971a26de69ae47837b09651a2,"{""A"":""x0y3+x10y0+x17y0"",""B"":""x5y0+x0y3+x0y19"",""b"":""X"",""d"":18,""excl_opp_detectors"":""True"",""k"":16,""l"":9,""leak_heralds"":""False"",""leak_repump"":""True"",""leakage"":""True"",""loss"":""True"",""m"":21,""n"":378,""p"":0.001,""prllel_1q"":336,""prllel_2q"":126,""r"":20,""repump_cycles"":3,""seq_meas"":""True"",""seq_ops"":""True"",""swapLRC"":""False""}",
        16,         0,         0,   0.334,bposd,5504117086a3317092df3aefd3d9dcaeddcedef971a26de69ae47837b09651a2,"{""A"":""x0y3+x10y0+x17y0"",""B"":""x5y0+x0y3+x0y19"",""b"":""X"",""d"":18,""excl_opp_detectors"":""True"",""k"":16,""l"":9,""leak_heralds"":""False"",""leak_repump"":""True"",""leakage"":""True"",""loss"":""True"",""m"":21,""n"":378,""p"":0.001,""prllel_1q"":336,""prllel_2q"":126,""r"":20,""repump_cycles"":3,""seq_meas"":""True"",""seq_ops"":""True"",""swapLRC"":""False""}",
        16,         0,         0,   0.492,bposd,5504117086a3317092df3aefd3d9dcaeddcedef971a26de69ae47837b09651a2,"{""A"":""x0y3+x10y0+x17y0"",""B"":""x5y0+x0y3+x0y19"",""b"":""X"",""d"":18,""excl_opp_detectors"":""True"",""k"":16,""l"":9,""leak_heralds"":""False"",""leak_repump"":""True"",""leakage"":""True"",""loss"":""True"",""m"":21,""n"":378,""p"":0.001,""prllel_1q"":336,""prllel_2q"":126,""r"":20,""repump_cycles"":3,""seq_meas"":""True"",""seq_ops"":""True"",""swapLRC"":""False""}",
        16,         0,         0,   0.294,bposd,5504117086a3317092df3aefd3d9dcaeddcedef971a26de69ae47837b09651a2,"{""A"":""x0y3+x10y0+x17y0"",""B"":""x5y0+x0y3+x0y19"",""b"":""X"",""d"":18,""excl_opp_detectors"":""True"",""k"":16,""l"":9,""leak_heralds"":""False"",""leak_repump"":""True"",""leakage"":""True"",""loss"":""True"",""m"":21,""n"":378,""p"":0.001,""prllel_1q"":336,""prllel_2q"":126,""r"":20,""repump_cycles"":3,""seq_meas"":""True"",""seq_ops"":""True"",""swapLRC"":""False""}",
        16,         0,         0,   0.347,bposd,5504117086a3317092df3aefd3d9dcaeddcedef971a26de69ae47837b09651a2,"{""A"":""x0y3+x10y0+x17y0"",""B"":""x5y0+x0y3+x0y19"",""b"":""X"",""d"":18,""excl_opp_detectors"":""True"",""k"":16,""l"":9,""leak_heralds"":""False"",""leak_repump"":""True"",""leakage"":""True"",""loss"":""True"",""m"":21,""n"":378,""p"":0.001,""prllel_1q"":336,""prllel_2q"":126,""r"":20,""repump_cycles"":3,""seq_meas"":""True"",""seq_ops"":""True"",""swapLRC"":""False""}",
        32,         0,         0,   0.766,bposd,5504117086a3317092df3aefd3d9dcaeddcedef971a26de69ae47837b09651a2,"{""A"":""x0y3+x10y0+x17y0"",""B"":""x5y0+x0y3+x0y19"",""b"":""X"",""d"":18,""excl_opp_detectors"":""True"",""k"":16,""l"":9,""leak_heralds"":""False"",""leak_repump"":""True"",""leakage"":""True"",""loss"":""True"",""m"":21,""n"":378,""p"":0.001,""prllel_1q"":336,""prllel_2q"":126,""r"":20,""repump_cycles"":3,""seq_meas"":""True"",""seq_ops"":""True"",""swapLRC"":""False""}",
        16,         0,         0,   0.447,bposd,5504117086a3317092df3aefd3d9dcaeddcedef971a26de69ae47837b09651a2,"{""A"":""x0y3+x10y0+x17y0"",""B"":""x5y0+x0y3+x0y19"",""b"":""X"",""d"":18,""excl_opp_detectors"":""True"",""k"":16,""l"":9,""leak_heralds"":""False"",""leak_repump"":""True"",""leakage"":""True"",""loss"":""True"",""m"":21,""n"":378,""p"":0.001,""prllel_1q"":336,""prllel_2q"":126,""r"":20,""repump_cycles"":3,""seq_meas"":""True"",""seq_ops"":""True"",""swapLRC"":""False""}",
        16,         0,         0,   0.292,bposd,5504117086a3317092df3aefd3d9dcaeddcedef971a26de69ae47837b09651a2,"{""A"":""x0y3+x10y0+x17y0"",""B"":""x5y0+x0y3+x0y19"",""b"":""X"",""d"":18,""excl_opp_detectors"":""True"",""k"":16,""l"":9,""leak_heralds"":""False"",""leak_repump"":""True"",""leakage"":""True"",""loss"":""True"",""m"":21,""n"":378,""p"":0.001,""prllel_1q"":336,""prllel_2q"":126,""r"":20,""repump_cycles"":3,""seq_meas"":""True"",""seq_ops"":""True"",""swapLRC"":""False""}",
        16,         0,         0,   0.388,bposd,5504117086a3317092df3aefd3d9dcaeddcedef971a26de69ae47837b09651a2,"{""A"":""x0y3+x10y0+x17y0"",""B"":""x5y0+x0y3+x0y19"",""b"":""X"",""d"":18,""excl_opp_detectors"":""True"",""k"":16,""l"":9,""leak_heralds"":""False"",""leak_repump"":""True"",""leakage"":""True"",""loss"":""True"",""m"":21,""n"":378,""p"":0.001,""prllel_1q"":336,""prllel_2q"":126,""r"":20,""repump_cycles"":3,""seq_meas"":""True"",""seq_ops"":""True"",""swapLRC"":""False""}",
        16,         0,         0,   0.416,bposd,5504117086a3317092df3aefd3d9dcaeddcedef971a26de69ae47837b09651a2,"{""A"":""x0y3+x10y0+x17y0"",""B"":""x5y0+x0y3+x0y19"",""b"":""X"",""d"":18,""excl_opp_detectors"":""True"",""k"":16,""l"":9,""leak_heralds"":""False"",""leak_repump"":""True"",""leakage"":""True"",""loss"":""True"",""m"":21,""n"":378,""p"":0.001,""prllel_1q"":336,""prllel_2q"":126,""r"":20,""repump_cycles"":3,""seq_meas"":""True"",""seq_ops"":""True"",""swapLRC"":""False""}",
        32,         0,         0,   0.749,bposd,5504117086a3317092df3aefd3d9dcaeddcedef971a26de69ae47837b09651a2,"{""A"":""x0y3+x10y0+x17y0"",""B"":""x5y0+x0y3+x0y19"",""b"":""X"",""d"":18,""excl_opp_detectors"":""True"",""k"":16,""l"":9,""leak_heralds"":""False"",""leak_repump"":""True"",""leakage"":""True"",""loss"":""True"",""m"":21,""n"":378,""p"":0.001,""prllel_1q"":336,""prllel_2q"":126,""r"":20,""repump_cycles"":3,""seq_meas"":""True"",""seq_ops"":""True"",""swapLRC"":""False""}",
        16,         0,         0,   0.427,bposd,5504117086a3317092df3aefd3d9dcaeddcedef971a26de69ae47837b09651a2,"{""A"":""x0y3+x10y0+x17y0"",""B"":""x5y0+x0y3+x0y19"",""b"":""X"",""d"":18,""excl_opp_detectors"":""True"",""k"":16,""l"":9,""leak_heralds"":""False"",""leak_repump"":""True"",""leakage"":""True"",""loss"":""True"",""m"":21,""n"":378,""p"":0.001,""prllel_1q"":336,""prllel_2q"":126,""r"":20,""repump_cycles"":3,""seq_meas"":""True"",""seq_ops"":""True"",""swapLRC"":""False""}",
        16,         0,         0,   0.295,bposd,5504117086a3317092df3aefd3d9dcaeddcedef971a26de69ae47837b09651a2,"{""A"":""x0y3+x10y0+x17y0"",""B"":""x5y0+x0y3+x0y19"",""b"":""X"",""d"":18,""excl_opp_detectors"":""True"",""k"":16,""l"":9,""leak_heralds"":""False"",""leak_repump"":""True"",""leakage"":""True"",""loss"":""True"",""m"":21,""n"":378,""p"":0.001,""prllel_1q"":336,""prllel_2q"":126,""r"":20,""repump_cycles"":3,""seq_meas"":""True"",""seq_ops"":""True"",""swapLRC"":""False""}",
        16,         0,         0,   0.521,bposd,5504117086a3317092df3aefd3d9dcaeddcedef971a26de69ae47837b09651a2,"{""A"":""x0y3+x10y0+x17y0"",""B"":""x5y0+x0y3+x0y19"",""b"":""X"",""d"":18,""excl_opp_detectors"":""True"",""k"":16,""l"":9,""leak_heralds"":""False"",""leak_repump"":""True"",""leakage"":""True"",""loss"":""True"",""m"":21,""n"":378,""p"":0.001,""prllel_1q"":336,""prllel_2q"":126,""r"":20,""repump_cycles"":3,""seq_meas"":""True"",""seq_ops"":""True"",""swapLRC"":""False""}",
        16,         0,         0,   0.475,bposd,5504117086a3317092df3aefd3d9dcaeddcedef971a26de69ae47837b09651a2,"{""A"":""x0y3+x10y0+x17y0"",""B"":""x5y0+x0y3+x0y19"",""b"":""X"",""d"":18,""excl_opp_detectors"":""True"",""k"":16,""l"":9,""leak_heralds"":""False"",""leak_repump"":""True"",""leakage"":""True"",""loss"":""True"",""m"":21,""n"":378,""p"":0.001,""prllel_1q"":336,""prllel_2q"":126,""r"":20,""repump_cycles"":3,""seq_meas"":""True"",""seq_ops"":""True"",""swapLRC"":""False""}",
        16,         0,         0,   0.280,bposd,5504117086a3317092df3aefd3d9dcaeddcedef971a26de69ae47837b09651a2,"{""A"":""x0y3+x10y0+x17y0"",""B"":""x5y0+x0y3+x0y19"",""b"":""X"",""d"":18,""excl_opp_detectors"":""True"",""k"":16,""l"":9,""leak_heralds"":""False"",""leak_repump"":""True"",""leakage"":""True"",""loss"":""True"",""m"":21,""n"":378,""p"":0.001,""prllel_1q"":336,""prllel_2q"":126,""r"":20,""repump_cycles"":3,""seq_meas"":""True"",""seq_ops"":""True"",""swapLRC"":""False""}",
        32,         0,         0,   0.669,bposd,5504117086a3317092df3aefd3d9dcaeddcedef971a26de69ae47837b09651a2,"{""A"":""x0y3+x10y0+x17y0"",""B"":""x5y0+x0y3+x0y19"",""b"":""X"",""d"":18,""excl_opp_detectors"":""True"",""k"":16,""l"":9,""leak_heralds"":""False"",""leak_repump"":""True"",""leakage"":""True"",""loss"":""True"",""m"":21,""n"":378,""p"":0.001,""prllel_1q"":336,""prllel_2q"":126,""r"":20,""repump_cycles"":3,""seq_meas"":""True"",""seq_ops"":""True"",""swapLRC"":""False""}",
        16,         0,         0,    1.52,bposd,5504117086a3317092df3aefd3d9dcaeddcedef971a26de69ae47837b09651a2,"{""A"":""x0y3+x10y0+x17y0"",""B"":""x5y0+x0y3+x0y19"",""b"":""X"",""d"":18,""excl_opp_detectors"":""True"",""k"":16,""l"":9,""leak_heralds"":""False"",""leak_repump"":""True"",""leakage"":""True"",""loss"":""True"",""m"":21,""n"":378,""p"":0.001,""prllel_1q"":336,""prllel_2q"":126,""r"":20,""repump_cycles"":3,""seq_meas"":""True"",""seq_ops"":""True"",""swapLRC"":""False""}",
        32,         0,         0,    2.44,bposd,5504117086a3317092df3aefd3d9dcaeddcedef971a26de69ae47837b09651a2,"{""A"":""x0y3+x10y0+x17y0"",""B"":""x5y0+x0y3+x0y19"",""b"":""X"",""d"":18,""excl_opp_detectors"":""True"",""k"":16,""l"":9,""leak_heralds"":""False"",""leak_repump"":""True"",""leakage"":""True"",""loss"":""True"",""m"":21,""n"":378,""p"":0.001,""prllel_1q"":336,""prllel_2q"":126,""r"":20,""repump_cycles"":3,""seq_meas"":""True"",""seq_ops"":""True"",""swapLRC"":""False""}",
        16,         0,         0,   0.439,bposd,5504117086a3317092df3aefd3d9dcaeddcedef971a26de69ae47837b09651a2,"{""A"":""x0y3+x10y0+x17y0"",""B"":""x5y0+x0y3+x0y19"",""b"":""X"",""d"":18,""excl_opp_detectors"":""True"",""k"":16,""l"":9,""leak_heralds"":""False"",""leak_repump"":""True"",""leakage"":""True"",""loss"":""True"",""m"":21,""n"":378,""p"":0.001,""prllel_1q"":336,""prllel_2q"":126,""r"":20,""repump_cycles"":3,""seq_meas"":""True"",""seq_ops"":""True"",""swapLRC"":""False""}",
        32,         0,         0,   0.730,bposd,5504117086a3317092df3aefd3d9dcaeddcedef971a26de69ae47837b09651a2,"{""A"":""x0y3+x10y0+x17y0"",""B"":""x5y0+x0y3+x0y19"",""b"":""X"",""d"":18,""excl_opp_detectors"":""True"",""k"":16,""l"":9,""leak_heralds"":""False"",""leak_repump"":""True"",""leakage"":""True"",""loss"":""True"",""m"":21,""n"":378,""p"":0.001,""prllel_1q"":336,""prllel_2q"":126,""r"":20,""repump_cycles"":3,""seq_meas"":""True"",""seq_ops"":""True"",""swapLRC"":""False""}",
        16,         0,         0,   0.383,bposd,5504117086a3317092df3aefd3d9dcaeddcedef971a26de69ae47837b09651a2,"{""A"":""x0y3+x10y0+x17y0"",""B"":""x5y0+x0y3+x0y19"",""b"":""X"",""d"":18,""excl_opp_detectors"":""True"",""k"":16,""l"":9,""leak_heralds"":""False"",""leak_repump"":""True"",""leakage"":""True"",""loss"":""True"",""m"":21,""n"":378,""p"":0.001,""prllel_1q"":336,""prllel_2q"":126,""r"":20,""repump_cycles"":3,""seq_meas"":""True"",""seq_ops"":""True"",""swapLRC"":""False""}",
        16,         0,         0,   0.554,bposd,5504117086a3317092df3aefd3d9dcaeddcedef971a26de69ae47837b09651a2,"{""A"":""x0y3+x10y0+x17y0"",""B"":""x5y0+x0y3+x0y19"",""b"":""X"",""d"":18,""excl_opp_detectors"":""True"",""k"":16,""l"":9,""leak_heralds"":""False"",""leak_repump"":""True"",""leakage"":""True"",""loss"":""True"",""m"":21,""n"":378,""p"":0.001,""prllel_1q"":336,""prllel_2q"":126,""r"":20,""repump_cycles"":3,""seq_meas"":""True"",""seq_ops"":""True"",""swapLRC"":""False""}",
        16,         0,         0,   0.461,bposd,5504117086a3317092df3aefd3d9dcaeddcedef971a26de69ae47837b09651a2,"{""A"":""x0y3+x10y0+x17y0"",""B"":""x5y0+x0y3+x0y19"",""b"":""X"",""d"":18,""excl_opp_detectors"":""True"",""k"":16,""l"":9,""leak_heralds"":""False"",""leak_repump"":""True"",""leakage"":""True"",""loss"":""True"",""m"":21,""n"":378,""p"":0.001,""prllel_1q"":336,""prllel_2q"":126,""r"":20,""repump_cycles"":3,""seq_meas"":""True"",""seq_ops"":""True"",""swapLRC"":""False""}",
        16,         0,         0,   0.292,bposd,5504117086a3317092df3aefd3d9dcaeddcedef971a26de69ae47837b09651a2,"{""A"":""x0y3+x10y0+x17y0"",""B"":""x5y0+x0y3+x0y19"",""b"":""X"",""d"":18,""excl_opp_detectors"":""True"",""k"":16,""l"":9,""leak_heralds"":""False"",""leak_repump"":""True"",""leakage"":""True"",""loss"":""True"",""m"":21,""n"":378,""p"":0.001,""prllel_1q"":336,""prllel_2q"":126,""r"":20,""repump_cycles"":3,""seq_meas"":""True"",""seq_ops"":""True"",""swapLRC"":""False""}",
        16,         0,         0,   0.374,bposd,5504117086a3317092df3aefd3d9dcaeddcedef971a26de69ae47837b09651a2,"{""A"":""x0y3+x10y0+x17y0"",""B"":""x5y0+x0y3+x0y19"",""b"":""X"",""d"":18,""excl_opp_detectors"":""True"",""k"":16,""l"":9,""leak_heralds"":""False"",""leak_repump"":""True"",""leakage"":""True"",""loss"":""True"",""m"":21,""n"":378,""p"":0.001,""prllel_1q"":336,""prllel_2q"":126,""r"":20,""repump_cycles"":3,""seq_meas"":""True"",""seq_ops"":""True"",""swapLRC"":""False""}",
        32,         0,         0,    1.08,bposd,5504117086a3317092df3aefd3d9dcaeddcedef971a26de69ae47837b09651a2,"{""A"":""x0y3+x10y0+x17y0"",""B"":""x5y0+x0y3+x0y19"",""b"":""X"",""d"":18,""excl_opp_detectors"":""True"",""k"":16,""l"":9,""leak_heralds"":""False"",""leak_repump"":""True"",""leakage"":""True"",""loss"":""True"",""m"":21,""n"":378,""p"":0.001,""prllel_1q"":336,""prllel_2q"":126,""r"":20,""repump_cycles"":3,""seq_meas"":""True"",""seq_ops"":""True"",""swapLRC"":""False""}",
        32,         0,         0,   0.862,bposd,5504117086a3317092df3aefd3d9dcaeddcedef971a26de69ae47837b09651a2,"{""A"":""x0y3+x10y0+x17y0"",""B"":""x5y0+x0y3+x0y19"",""b"":""X"",""d"":18,""excl_opp_detectors"":""True"",""k"":16,""l"":9,""leak_heralds"":""False"",""leak_repump"":""True"",""leakage"":""True"",""loss"":""True"",""m"":21,""n"":378,""p"":0.001,""prllel_1q"":336,""prllel_2q"":126,""r"":20,""repump_cycles"":3,""seq_meas"":""True"",""seq_ops"":""True"",""swapLRC"":""False""}",
         8,         0,         0,   0.276,bposd,5504117086a3317092df3aefd3d9dcaeddcedef971a26de69ae47837b09651a2,"{""A"":""x0y3+x10y0+x17y0"",""B"":""x5y0+x0y3+x0y19"",""b"":""X"",""d"":18,""excl_opp_detectors"":""True"",""k"":16,""l"":9,""leak_heralds"":""False"",""leak_repump"":""True"",""leakage"":""True"",""loss"":""True"",""m"":21,""n"":378,""p"":0.001,""prllel_1q"":336,""prllel_2q"":126,""r"":20,""repump_cycles"":3,""seq_meas"":""True"",""seq_ops"":""True"",""swapLRC"":""False""}",
        16,         0,         0,   0.377,bposd,5504117086a3317092df3aefd3d9dcaeddcedef971a26de69ae47837b09651a2,"{""A"":""x0y3+x10y0+x17y0"",""B"":""x5y0+x0y3+x0y19"",""b"":""X"",""d"":18,""excl_opp_detectors"":""True"",""k"":16,""l"":9,""leak_heralds"":""False"",""leak_repump"":""True"",""leakage"":""True"",""loss"":""True"",""m"":21,""n"":378,""p"":0.001,""prllel_1q"":336,""prllel_2q"":126,""r"":20,""repump_cycles"":3,""seq_meas"":""True"",""seq_ops"":""True"",""swapLRC"":""False""}",
        32,         0,         0,   0.641,bposd,5504117086a3317092df3aefd3d9dcaeddcedef971a26de69ae47837b09651a2,"{""A"":""x0y3+x10y0+x17y0"",""B"":""x5y0+x0y3+x0y19"",""b"":""X"",""d"":18,""excl_opp_detectors"":""True"",""k"":16,""l"":9,""leak_heralds"":""False"",""leak_repump"":""True"",""leakage"":""True"",""loss"":""True"",""m"":21,""n"":378,""p"":0.001,""prllel_1q"":336,""prllel_2q"":126,""r"":20,""repump_cycles"":3,""seq_meas"":""True"",""seq_ops"":""True"",""swapLRC"":""False""}",
        32,         0,         0,    1.45,bposd,5504117086a3317092df3aefd3d9dcaeddcedef971a26de69ae47837b09651a2,"{""A"":""x0y3+x10y0+x17y0"",""B"":""x5y0+x0y3+x0y19"",""b"":""X"",""d"":18,""excl_opp_detectors"":""True"",""k"":16,""l"":9,""leak_heralds"":""False"",""leak_repump"":""True"",""leakage"":""True"",""loss"":""True"",""m"":21,""n"":378,""p"":0.001,""prllel_1q"":336,""prllel_2q"":126,""r"":20,""repump_cycles"":3,""seq_meas"":""True"",""seq_ops"":""True"",""swapLRC"":""False""}",
        32,         0,         0,   0.743,bposd,5504117086a3317092df3aefd3d9dcaeddcedef971a26de69ae47837b09651a2,"{""A"":""x0y3+x10y0+x17y0"",""B"":""x5y0+x0y3+x0y19"",""b"":""X"",""d"":18,""excl_opp_detectors"":""True"",""k"":16,""l"":9,""leak_heralds"":""False"",""leak_repump"":""True"",""leakage"":""True"",""loss"":""True"",""m"":21,""n"":378,""p"":0.001,""prllel_1q"":336,""prllel_2q"":126,""r"":20,""repump_cycles"":3,""seq_meas"":""True"",""seq_ops"":""True"",""swapLRC"":""False""}",
        16,         0,         0,   0.409,bposd,5504117086a3317092df3aefd3d9dcaeddcedef971a26de69ae47837b09651a2,"{""A"":""x0y3+x10y0+x17y0"",""B"":""x5y0+x0y3+x0y19"",""b"":""X"",""d"":18,""excl_opp_detectors"":""True"",""k"":16,""l"":9,""leak_heralds"":""False"",""leak_repump"":""True"",""leakage"":""True"",""loss"":""True"",""m"":21,""n"":378,""p"":0.001,""prllel_1q"":336,""prllel_2q"":126,""r"":20,""repump_cycles"":3,""seq_meas"":""True"",""seq_ops"":""True"",""swapLRC"":""False""}",
        16,         0,         0,   0.337,bposd,5504117086a3317092df3aefd3d9dcaeddcedef971a26de69ae47837b09651a2,"{""A"":""x0y3+x10y0+x17y0"",""B"":""x5y0+x0y3+x0y19"",""b"":""X"",""d"":18,""excl_opp_detectors"":""True"",""k"":16,""l"":9,""leak_heralds"":""False"",""leak_repump"":""True"",""leakage"":""True"",""loss"":""True"",""m"":21,""n"":378,""p"":0.001,""prllel_1q"":336,""prllel_2q"":126,""r"":20,""repump_cycles"":3,""seq_meas"":""True"",""seq_ops"":""True"",""swapLRC"":""False""}",
        16,         0,         0,   0.456,bposd,5504117086a3317092df3aefd3d9dcaeddcedef971a26de69ae47837b09651a2,"{""A"":""x0y3+x10y0+x17y0"",""B"":""x5y0+x0y3+x0y19"",""b"":""X"",""d"":18,""excl_opp_detectors"":""True"",""k"":16,""l"":9,""leak_heralds"":""False"",""leak_repump"":""True"",""leakage"":""True"",""loss"":""True"",""m"":21,""n"":378,""p"":0.001,""prllel_1q"":336,""prllel_2q"":126,""r"":20,""repump_cycles"":3,""seq_meas"":""True"",""seq_ops"":""True"",""swapLRC"":""False""}",
        32,         0,         0,   0.716,bposd,5504117086a3317092df3aefd3d9dcaeddcedef971a26de69ae47837b09651a2,"{""A"":""x0y3+x10y0+x17y0"",""B"":""x5y0+x0y3+x0y19"",""b"":""X"",""d"":18,""excl_opp_detectors"":""True"",""k"":16,""l"":9,""leak_heralds"":""False"",""leak_repump"":""True"",""leakage"":""True"",""loss"":""True"",""m"":21,""n"":378,""p"":0.001,""prllel_1q"":336,""prllel_2q"":126,""r"":20,""repump_cycles"":3,""seq_meas"":""True"",""seq_ops"":""True"",""swapLRC"":""False""}",
        32,         0,         0,   0.704,bposd,5504117086a3317092df3aefd3d9dcaeddcedef971a26de69ae47837b09651a2,"{""A"":""x0y3+x10y0+x17y0"",""B"":""x5y0+x0y3+x0y19"",""b"":""X"",""d"":18,""excl_opp_detectors"":""True"",""k"":16,""l"":9,""leak_heralds"":""False"",""leak_repump"":""True"",""leakage"":""True"",""loss"":""True"",""m"":21,""n"":378,""p"":0.001,""prllel_1q"":336,""prllel_2q"":126,""r"":20,""repump_cycles"":3,""seq_meas"":""True"",""seq_ops"":""True"",""swapLRC"":""False""}",
        32,         0,         0,    1.09,bposd,5504117086a3317092df3aefd3d9dcaeddcedef971a26de69ae47837b09651a2,"{""A"":""x0y3+x10y0+x17y0"",""B"":""x5y0+x0y3+x0y19"",""b"":""X"",""d"":18,""excl_opp_detectors"":""True"",""k"":16,""l"":9,""leak_heralds"":""False"",""leak_repump"":""True"",""leakage"":""True"",""loss"":""True"",""m"":21,""n"":378,""p"":0.001,""prllel_1q"":336,""prllel_2q"":126,""r"":20,""repump_cycles"":3,""seq_meas"":""True"",""seq_ops"":""True"",""swapLRC"":""False""}",
        16,         0,         0,   0.363,bposd,5504117086a3317092df3aefd3d9dcaeddcedef971a26de69ae47837b09651a2,"{""A"":""x0y3+x10y0+x17y0"",""B"":""x5y0+x0y3+x0y19"",""b"":""X"",""d"":18,""excl_opp_detectors"":""True"",""k"":16,""l"":9,""leak_heralds"":""False"",""leak_repump"":""True"",""leakage"":""True"",""loss"":""True"",""m"":21,""n"":378,""p"":0.001,""prllel_1q"":336,""prllel_2q"":126,""r"":20,""repump_cycles"":3,""seq_meas"":""True"",""seq_ops"":""True"",""swapLRC"":""False""}",
        32,         0,         0,   0.894,bposd,5504117086a3317092df3aefd3d9dcaeddcedef971a26de69ae47837b09651a2,"{""A"":""x0y3+x10y0+x17y0"",""B"":""x5y0+x0y3+x0y19"",""b"":""X"",""d"":18,""excl_opp_detectors"":""True"",""k"":16,""l"":9,""leak_heralds"":""False"",""leak_repump"":""True"",""leakage"":""True"",""loss"":""True"",""m"":21,""n"":378,""p"":0.001,""prllel_1q"":336,""prllel_2q"":126,""r"":20,""repump_cycles"":3,""seq_meas"":""True"",""seq_ops"":""True"",""swapLRC"":""False""}",
        16,         0,         0,   0.318,bposd,5504117086a3317092df3aefd3d9dcaeddcedef971a26de69ae47837b09651a2,"{""A"":""x0y3+x10y0+x17y0"",""B"":""x5y0+x0y3+x0y19"",""b"":""X"",""d"":18,""excl_opp_detectors"":""True"",""k"":16,""l"":9,""leak_heralds"":""False"",""leak_repump"":""True"",""leakage"":""True"",""loss"":""True"",""m"":21,""n"":378,""p"":0.001,""prllel_1q"":336,""prllel_2q"":126,""r"":20,""repump_cycles"":3,""seq_meas"":""True"",""seq_ops"":""True"",""swapLRC"":""False""}",
        16,         0,         0,   0.704,bposd,5504117086a3317092df3aefd3d9dcaeddcedef971a26de69ae47837b09651a2,"{""A"":""x0y3+x10y0+x17y0"",""B"":""x5y0+x0y3+x0y19"",""b"":""X"",""d"":18,""excl_opp_detectors"":""True"",""k"":16,""l"":9,""leak_heralds"":""False"",""leak_repump"":""True"",""leakage"":""True"",""loss"":""True"",""m"":21,""n"":378,""p"":0.001,""prllel_1q"":336,""prllel_2q"":126,""r"":20,""repump_cycles"":3,""seq_meas"":""True"",""seq_ops"":""True"",""swapLRC"":""False""}",
        32,         0,         0,   0.687,bposd,5504117086a3317092df3aefd3d9dcaeddcedef971a26de69ae47837b09651a2,"{""A"":""x0y3+x10y0+x17y0"",""B"":""x5y0+x0y3+x0y19"",""b"":""X"",""d"":18,""excl_opp_detectors"":""True"",""k"":16,""l"":9,""leak_heralds"":""False"",""leak_repump"":""True"",""leakage"":""True"",""loss"":""True"",""m"":21,""n"":378,""p"":0.001,""prllel_1q"":336,""prllel_2q"":126,""r"":20,""repump_cycles"":3,""seq_meas"":""True"",""seq_ops"":""True"",""swapLRC"":""False""}",
        32,         0,         0,   0.696,bposd,5504117086a3317092df3aefd3d9dcaeddcedef971a26de69ae47837b09651a2,"{""A"":""x0y3+x10y0+x17y0"",""B"":""x5y0+x0y3+x0y19"",""b"":""X"",""d"":18,""excl_opp_detectors"":""True"",""k"":16,""l"":9,""leak_heralds"":""False"",""leak_repump"":""True"",""leakage"":""True"",""loss"":""True"",""m"":21,""n"":378,""p"":0.001,""prllel_1q"":336,""prllel_2q"":126,""r"":20,""repump_cycles"":3,""seq_meas"":""True"",""seq_ops"":""True"",""swapLRC"":""False""}",
        16,         0,         0,   0.484,bposd,5504117086a3317092df3aefd3d9dcaeddcedef971a26de69ae47837b09651a2,"{""A"":""x0y3+x10y0+x17y0"",""B"":""x5y0+x0y3+x0y19"",""b"":""X"",""d"":18,""excl_opp_detectors"":""True"",""k"":16,""l"":9,""leak_heralds"":""False"",""leak_repump"":""True"",""leakage"":""True"",""loss"":""True"",""m"":21,""n"":378,""p"":0.001,""prllel_1q"":336,""prllel_2q"":126,""r"":20,""repump_cycles"":3,""seq_meas"":""True"",""seq_ops"":""True"",""swapLRC"":""False""}",
        16,         0,         0,   0.575,bposd,5504117086a3317092df3aefd3d9dcaeddcedef971a26de69ae47837b09651a2,"{""A"":""x0y3+x10y0+x17y0"",""B"":""x5y0+x0y3+x0y19"",""b"":""X"",""d"":18,""excl_opp_detectors"":""True"",""k"":16,""l"":9,""leak_heralds"":""False"",""leak_repump"":""True"",""leakage"":""True"",""loss"":""True"",""m"":21,""n"":378,""p"":0.001,""prllel_1q"":336,""prllel_2q"":126,""r"":20,""repump_cycles"":3,""seq_meas"":""True"",""seq_ops"":""True"",""swapLRC"":""False""}",
        16,         0,         0,   0.413,bposd,5504117086a3317092df3aefd3d9dcaeddcedef971a26de69ae47837b09651a2,"{""A"":""x0y3+x10y0+x17y0"",""B"":""x5y0+x0y3+x0y19"",""b"":""X"",""d"":18,""excl_opp_detectors"":""True"",""k"":16,""l"":9,""leak_heralds"":""False"",""leak_repump"":""True"",""leakage"":""True"",""loss"":""True"",""m"":21,""n"":378,""p"":0.001,""prllel_1q"":336,""prllel_2q"":126,""r"":20,""repump_cycles"":3,""seq_meas"":""True"",""seq_ops"":""True"",""swapLRC"":""False""}",
        16,         0,         0,   0.331,bposd,5504117086a3317092df3aefd3d9dcaeddcedef971a26de69ae47837b09651a2,"{""A"":""x0y3+x10y0+x17y0"",""B"":""x5y0+x0y3+x0y19"",""b"":""X"",""d"":18,""excl_opp_detectors"":""True"",""k"":16,""l"":9,""leak_heralds"":""False"",""leak_repump"":""True"",""leakage"":""True"",""loss"":""True"",""m"":21,""n"":378,""p"":0.001,""prllel_1q"":336,""prllel_2q"":126,""r"":20,""repump_cycles"":3,""seq_meas"":""True"",""seq_ops"":""True"",""swapLRC"":""False""}",
        32,         0,         0,   0.787,bposd,5504117086a3317092df3aefd3d9dcaeddcedef971a26de69ae47837b09651a2,"{""A"":""x0y3+x10y0+x17y0"",""B"":""x5y0+x0y3+x0y19"",""b"":""X"",""d"":18,""excl_opp_detectors"":""True"",""k"":16,""l"":9,""leak_heralds"":""False"",""leak_repump"":""True"",""leakage"":""True"",""loss"":""True"",""m"":21,""n"":378,""p"":0.001,""prllel_1q"":336,""prllel_2q"":126,""r"":20,""repump_cycles"":3,""seq_meas"":""True"",""seq_ops"":""True"",""swapLRC"":""False""}",
        32,         0,         0,   0.591,bposd,5504117086a3317092df3aefd3d9dcaeddcedef971a26de69ae47837b09651a2,"{""A"":""x0y3+x10y0+x17y0"",""B"":""x5y0+x0y3+x0y19"",""b"":""X"",""d"":18,""excl_opp_detectors"":""True"",""k"":16,""l"":9,""leak_heralds"":""False"",""leak_repump"":""True"",""leakage"":""True"",""loss"":""True"",""m"":21,""n"":378,""p"":0.001,""prllel_1q"":336,""prllel_2q"":126,""r"":20,""repump_cycles"":3,""seq_meas"":""True"",""seq_ops"":""True"",""swapLRC"":""False""}",
        32,         0,         0,   0.774,bposd,5504117086a3317092df3aefd3d9dcaeddcedef971a26de69ae47837b09651a2,"{""A"":""x0y3+x10y0+x17y0"",""B"":""x5y0+x0y3+x0y19"",""b"":""X"",""d"":18,""excl_opp_detectors"":""True"",""k"":16,""l"":9,""leak_heralds"":""False"",""leak_repump"":""True"",""leakage"":""True"",""loss"":""True"",""m"":21,""n"":378,""p"":0.001,""prllel_1q"":336,""prllel_2q"":126,""r"":20,""repump_cycles"":3,""seq_meas"":""True"",""seq_ops"":""True"",""swapLRC"":""False""}",
        16,         0,         0,   0.972,bposd,5504117086a3317092df3aefd3d9dcaeddcedef971a26de69ae47837b09651a2,"{""A"":""x0y3+x10y0+x17y0"",""B"":""x5y0+x0y3+x0y19"",""b"":""X"",""d"":18,""excl_opp_detectors"":""True"",""k"":16,""l"":9,""leak_heralds"":""False"",""leak_repump"":""True"",""leakage"":""True"",""loss"":""True"",""m"":21,""n"":378,""p"":0.001,""prllel_1q"":336,""prllel_2q"":126,""r"":20,""repump_cycles"":3,""seq_meas"":""True"",""seq_ops"":""True"",""swapLRC"":""False""}",
        16,         0,         0,   0.398,bposd,5504117086a3317092df3aefd3d9dcaeddcedef971a26de69ae47837b09651a2,"{""A"":""x0y3+x10y0+x17y0"",""B"":""x5y0+x0y3+x0y19"",""b"":""X"",""d"":18,""excl_opp_detectors"":""True"",""k"":16,""l"":9,""leak_heralds"":""False"",""leak_repump"":""True"",""leakage"":""True"",""loss"":""True"",""m"":21,""n"":378,""p"":0.001,""prllel_1q"":336,""prllel_2q"":126,""r"":20,""repump_cycles"":3,""seq_meas"":""True"",""seq_ops"":""True"",""swapLRC"":""False""}",
        32,         0,         0,   0.701,bposd,5504117086a3317092df3aefd3d9dcaeddcedef971a26de69ae47837b09651a2,"{""A"":""x0y3+x10y0+x17y0"",""B"":""x5y0+x0y3+x0y19"",""b"":""X"",""d"":18,""excl_opp_detectors"":""True"",""k"":16,""l"":9,""leak_heralds"":""False"",""leak_repump"":""True"",""leakage"":""True"",""loss"":""True"",""m"":21,""n"":378,""p"":0.001,""prllel_1q"":336,""prllel_2q"":126,""r"":20,""repump_cycles"":3,""seq_meas"":""True"",""seq_ops"":""True"",""swapLRC"":""False""}",
        16,         0,         0,   0.632,bposd,5504117086a3317092df3aefd3d9dcaeddcedef971a26de69ae47837b09651a2,"{""A"":""x0y3+x10y0+x17y0"",""B"":""x5y0+x0y3+x0y19"",""b"":""X"",""d"":18,""excl_opp_detectors"":""True"",""k"":16,""l"":9,""leak_heralds"":""False"",""leak_repump"":""True"",""leakage"":""True"",""loss"":""True"",""m"":21,""n"":378,""p"":0.001,""prllel_1q"":336,""prllel_2q"":126,""r"":20,""repump_cycles"":3,""seq_meas"":""True"",""seq_ops"":""True"",""swapLRC"":""False""}",
        16,         0,         0,   0.570,bposd,5504117086a3317092df3aefd3d9dcaeddcedef971a26de69ae47837b09651a2,"{""A"":""x0y3+x10y0+x17y0"",""B"":""x5y0+x0y3+x0y19"",""b"":""X"",""d"":18,""excl_opp_detectors"":""True"",""k"":16,""l"":9,""leak_heralds"":""False"",""leak_repump"":""True"",""leakage"":""True"",""loss"":""True"",""m"":21,""n"":378,""p"":0.001,""prllel_1q"":336,""prllel_2q"":126,""r"":20,""repump_cycles"":3,""seq_meas"":""True"",""seq_ops"":""True"",""swapLRC"":""False""}",
        16,         0,         0,   0.338,bposd,5504117086a3317092df3aefd3d9dcaeddcedef971a26de69ae47837b09651a2,"{""A"":""x0y3+x10y0+x17y0"",""B"":""x5y0+x0y3+x0y19"",""b"":""X"",""d"":18,""excl_opp_detectors"":""True"",""k"":16,""l"":9,""leak_heralds"":""False"",""leak_repump"":""True"",""leakage"":""True"",""loss"":""True"",""m"":21,""n"":378,""p"":0.001,""prllel_1q"":336,""prllel_2q"":126,""r"":20,""repump_cycles"":3,""seq_meas"":""True"",""seq_ops"":""True"",""swapLRC"":""False""}",
        32,         0,         0,    2.35,bposd,5504117086a3317092df3aefd3d9dcaeddcedef971a26de69ae47837b09651a2,"{""A"":""x0y3+x10y0+x17y0"",""B"":""x5y0+x0y3+x0y19"",""b"":""X"",""d"":18,""excl_opp_detectors"":""True"",""k"":16,""l"":9,""leak_heralds"":""False"",""leak_repump"":""True"",""leakage"":""True"",""loss"":""True"",""m"":21,""n"":378,""p"":0.001,""prllel_1q"":336,""prllel_2q"":126,""r"":20,""repump_cycles"":3,""seq_meas"":""True"",""seq_ops"":""True"",""swapLRC"":""False""}",
        16,         0,         0,   0.420,bposd,5504117086a3317092df3aefd3d9dcaeddcedef971a26de69ae47837b09651a2,"{""A"":""x0y3+x10y0+x17y0"",""B"":""x5y0+x0y3+x0y19"",""b"":""X"",""d"":18,""excl_opp_detectors"":""True"",""k"":16,""l"":9,""leak_heralds"":""False"",""leak_repump"":""True"",""leakage"":""True"",""loss"":""True"",""m"":21,""n"":378,""p"":0.001,""prllel_1q"":336,""prllel_2q"":126,""r"":20,""repump_cycles"":3,""seq_meas"":""True"",""seq_ops"":""True"",""swapLRC"":""False""}",
        16,         0,         0,   0.306,bposd,5504117086a3317092df3aefd3d9dcaeddcedef971a26de69ae47837b09651a2,"{""A"":""x0y3+x10y0+x17y0"",""B"":""x5y0+x0y3+x0y19"",""b"":""X"",""d"":18,""excl_opp_detectors"":""True"",""k"":16,""l"":9,""leak_heralds"":""False"",""leak_repump"":""True"",""leakage"":""True"",""loss"":""True"",""m"":21,""n"":378,""p"":0.001,""prllel_1q"":336,""prllel_2q"":126,""r"":20,""repump_cycles"":3,""seq_meas"":""True"",""seq_ops"":""True"",""swapLRC"":""False""}",
        16,         0,         0,   0.379,bposd,5504117086a3317092df3aefd3d9dcaeddcedef971a26de69ae47837b09651a2,"{""A"":""x0y3+x10y0+x17y0"",""B"":""x5y0+x0y3+x0y19"",""b"":""X"",""d"":18,""excl_opp_detectors"":""True"",""k"":16,""l"":9,""leak_heralds"":""False"",""leak_repump"":""True"",""leakage"":""True"",""loss"":""True"",""m"":21,""n"":378,""p"":0.001,""prllel_1q"":336,""prllel_2q"":126,""r"":20,""repump_cycles"":3,""seq_meas"":""True"",""seq_ops"":""True"",""swapLRC"":""False""}",
        16,         0,         0,   0.428,bposd,5504117086a3317092df3aefd3d9dcaeddcedef971a26de69ae47837b09651a2,"{""A"":""x0y3+x10y0+x17y0"",""B"":""x5y0+x0y3+x0y19"",""b"":""X"",""d"":18,""excl_opp_detectors"":""True"",""k"":16,""l"":9,""leak_heralds"":""False"",""leak_repump"":""True"",""leakage"":""True"",""loss"":""True"",""m"":21,""n"":378,""p"":0.001,""prllel_1q"":336,""prllel_2q"":126,""r"":20,""repump_cycles"":3,""seq_meas"":""True"",""seq_ops"":""True"",""swapLRC"":""False""}",
        32,         0,         0,   0.812,bposd,5504117086a3317092df3aefd3d9dcaeddcedef971a26de69ae47837b09651a2,"{""A"":""x0y3+x10y0+x17y0"",""B"":""x5y0+x0y3+x0y19"",""b"":""X"",""d"":18,""excl_opp_detectors"":""True"",""k"":16,""l"":9,""leak_heralds"":""False"",""leak_repump"":""True"",""leakage"":""True"",""loss"":""True"",""m"":21,""n"":378,""p"":0.001,""prllel_1q"":336,""prllel_2q"":126,""r"":20,""repump_cycles"":3,""seq_meas"":""True"",""seq_ops"":""True"",""swapLRC"":""False""}",
        32,         0,         0,    1.19,bposd,5504117086a3317092df3aefd3d9dcaeddcedef971a26de69ae47837b09651a2,"{""A"":""x0y3+x10y0+x17y0"",""B"":""x5y0+x0y3+x0y19"",""b"":""X"",""d"":18,""excl_opp_detectors"":""True"",""k"":16,""l"":9,""leak_heralds"":""False"",""leak_repump"":""True"",""leakage"":""True"",""loss"":""True"",""m"":21,""n"":378,""p"":0.001,""prllel_1q"":336,""prllel_2q"":126,""r"":20,""repump_cycles"":3,""seq_meas"":""True"",""seq_ops"":""True"",""swapLRC"":""False""}",
        16,         0,         0,   0.426,bposd,5504117086a3317092df3aefd3d9dcaeddcedef971a26de69ae47837b09651a2,"{""A"":""x0y3+x10y0+x17y0"",""B"":""x5y0+x0y3+x0y19"",""b"":""X"",""d"":18,""excl_opp_detectors"":""True"",""k"":16,""l"":9,""leak_heralds"":""False"",""leak_repump"":""True"",""leakage"":""True"",""loss"":""True"",""m"":21,""n"":378,""p"":0.001,""prllel_1q"":336,""prllel_2q"":126,""r"":20,""repump_cycles"":3,""seq_meas"":""True"",""seq_ops"":""True"",""swapLRC"":""False""}",
        32,         0,         0,   0.815,bposd,5504117086a3317092df3aefd3d9dcaeddcedef971a26de69ae47837b09651a2,"{""A"":""x0y3+x10y0+x17y0"",""B"":""x5y0+x0y3+x0y19"",""b"":""X"",""d"":18,""excl_opp_detectors"":""True"",""k"":16,""l"":9,""leak_heralds"":""False"",""leak_repump"":""True"",""leakage"":""True"",""loss"":""True"",""m"":21,""n"":378,""p"":0.001,""prllel_1q"":336,""prllel_2q"":126,""r"":20,""repump_cycles"":3,""seq_meas"":""True"",""seq_ops"":""True"",""swapLRC"":""False""}",
        16,         0,         0,   0.518,bposd,5504117086a3317092df3aefd3d9dcaeddcedef971a26de69ae47837b09651a2,"{""A"":""x0y3+x10y0+x17y0"",""B"":""x5y0+x0y3+x0y19"",""b"":""X"",""d"":18,""excl_opp_detectors"":""True"",""k"":16,""l"":9,""leak_heralds"":""False"",""leak_repump"":""True"",""leakage"":""True"",""loss"":""True"",""m"":21,""n"":378,""p"":0.001,""prllel_1q"":336,""prllel_2q"":126,""r"":20,""repump_cycles"":3,""seq_meas"":""True"",""seq_ops"":""True"",""swapLRC"":""False""}",
        16,         0,         0,   0.390,bposd,5504117086a3317092df3aefd3d9dcaeddcedef971a26de69ae47837b09651a2,"{""A"":""x0y3+x10y0+x17y0"",""B"":""x5y0+x0y3+x0y19"",""b"":""X"",""d"":18,""excl_opp_detectors"":""True"",""k"":16,""l"":9,""leak_heralds"":""False"",""leak_repump"":""True"",""leakage"":""True"",""loss"":""True"",""m"":21,""n"":378,""p"":0.001,""prllel_1q"":336,""prllel_2q"":126,""r"":20,""repump_cycles"":3,""seq_meas"":""True"",""seq_ops"":""True"",""swapLRC"":""False""}",
        16,         0,         0,   0.331,bposd,5504117086a3317092df3aefd3d9dcaeddcedef971a26de69ae47837b09651a2,"{""A"":""x0y3+x10y0+x17y0"",""B"":""x5y0+x0y3+x0y19"",""b"":""X"",""d"":18,""excl_opp_detectors"":""True"",""k"":16,""l"":9,""leak_heralds"":""False"",""leak_repump"":""True"",""leakage"":""True"",""loss"":""True"",""m"":21,""n"":378,""p"":0.001,""prllel_1q"":336,""prllel_2q"":126,""r"":20,""repump_cycles"":3,""seq_meas"":""True"",""seq_ops"":""True"",""swapLRC"":""False""}",
        16,         0,         0,   0.416,bposd,5504117086a3317092df3aefd3d9dcaeddcedef971a26de69ae47837b09651a2,"{""A"":""x0y3+x10y0+x17y0"",""B"":""x5y0+x0y3+x0y19"",""b"":""X"",""d"":18,""excl_opp_detectors"":""True"",""k"":16,""l"":9,""leak_heralds"":""False"",""leak_repump"":""True"",""leakage"":""True"",""loss"":""True"",""m"":21,""n"":378,""p"":0.001,""prllel_1q"":336,""prllel_2q"":126,""r"":20,""repump_cycles"":3,""seq_meas"":""True"",""seq_ops"":""True"",""swapLRC"":""False""}",
        16,         0,         0,   0.336,bposd,5504117086a3317092df3aefd3d9dcaeddcedef971a26de69ae47837b09651a2,"{""A"":""x0y3+x10y0+x17y0"",""B"":""x5y0+x0y3+x0y19"",""b"":""X"",""d"":18,""excl_opp_detectors"":""True"",""k"":16,""l"":9,""leak_heralds"":""False"",""leak_repump"":""True"",""leakage"":""True"",""loss"":""True"",""m"":21,""n"":378,""p"":0.001,""prllel_1q"":336,""prllel_2q"":126,""r"":20,""repump_cycles"":3,""seq_meas"":""True"",""seq_ops"":""True"",""swapLRC"":""False""}",
        16,         0,         0,   0.413,bposd,5504117086a3317092df3aefd3d9dcaeddcedef971a26de69ae47837b09651a2,"{""A"":""x0y3+x10y0+x17y0"",""B"":""x5y0+x0y3+x0y19"",""b"":""X"",""d"":18,""excl_opp_detectors"":""True"",""k"":16,""l"":9,""leak_heralds"":""False"",""leak_repump"":""True"",""leakage"":""True"",""loss"":""True"",""m"":21,""n"":378,""p"":0.001,""prllel_1q"":336,""prllel_2q"":126,""r"":20,""repump_cycles"":3,""seq_meas"":""True"",""seq_ops"":""True"",""swapLRC"":""False""}",
        16,         0,         0,   0.388,bposd,5504117086a3317092df3aefd3d9dcaeddcedef971a26de69ae47837b09651a2,"{""A"":""x0y3+x10y0+x17y0"",""B"":""x5y0+x0y3+x0y19"",""b"":""X"",""d"":18,""excl_opp_detectors"":""True"",""k"":16,""l"":9,""leak_heralds"":""False"",""leak_repump"":""True"",""leakage"":""True"",""loss"":""True"",""m"":21,""n"":378,""p"":0.001,""prllel_1q"":336,""prllel_2q"":126,""r"":20,""repump_cycles"":3,""seq_meas"":""True"",""seq_ops"":""True"",""swapLRC"":""False""}",
        16,         0,         0,   0.419,bposd,5504117086a3317092df3aefd3d9dcaeddcedef971a26de69ae47837b09651a2,"{""A"":""x0y3+x10y0+x17y0"",""B"":""x5y0+x0y3+x0y19"",""b"":""X"",""d"":18,""excl_opp_detectors"":""True"",""k"":16,""l"":9,""leak_heralds"":""False"",""leak_repump"":""True"",""leakage"":""True"",""loss"":""True"",""m"":21,""n"":378,""p"":0.001,""prllel_1q"":336,""prllel_2q"":126,""r"":20,""repump_cycles"":3,""seq_meas"":""True"",""seq_ops"":""True"",""swapLRC"":""False""}",
        32,         0,         0,   0.827,bposd,5504117086a3317092df3aefd3d9dcaeddcedef971a26de69ae47837b09651a2,"{""A"":""x0y3+x10y0+x17y0"",""B"":""x5y0+x0y3+x0y19"",""b"":""X"",""d"":18,""excl_opp_detectors"":""True"",""k"":16,""l"":9,""leak_heralds"":""False"",""leak_repump"":""True"",""leakage"":""True"",""loss"":""True"",""m"":21,""n"":378,""p"":0.001,""prllel_1q"":336,""prllel_2q"":126,""r"":20,""repump_cycles"":3,""seq_meas"":""True"",""seq_ops"":""True"",""swapLRC"":""False""}",
        16,         0,         0,   0.364,bposd,5504117086a3317092df3aefd3d9dcaeddcedef971a26de69ae47837b09651a2,"{""A"":""x0y3+x10y0+x17y0"",""B"":""x5y0+x0y3+x0y19"",""b"":""X"",""d"":18,""excl_opp_detectors"":""True"",""k"":16,""l"":9,""leak_heralds"":""False"",""leak_repump"":""True"",""leakage"":""True"",""loss"":""True"",""m"":21,""n"":378,""p"":0.001,""prllel_1q"":336,""prllel_2q"":126,""r"":20,""repump_cycles"":3,""seq_meas"":""True"",""seq_ops"":""True"",""swapLRC"":""False""}",
        16,         0,         0,   0.444,bposd,5504117086a3317092df3aefd3d9dcaeddcedef971a26de69ae47837b09651a2,"{""A"":""x0y3+x10y0+x17y0"",""B"":""x5y0+x0y3+x0y19"",""b"":""X"",""d"":18,""excl_opp_detectors"":""True"",""k"":16,""l"":9,""leak_heralds"":""False"",""leak_repump"":""True"",""leakage"":""True"",""loss"":""True"",""m"":21,""n"":378,""p"":0.001,""prllel_1q"":336,""prllel_2q"":126,""r"":20,""repump_cycles"":3,""seq_meas"":""True"",""seq_ops"":""True"",""swapLRC"":""False""}",
        32,         0,         0,   0.864,bposd,5504117086a3317092df3aefd3d9dcaeddcedef971a26de69ae47837b09651a2,"{""A"":""x0y3+x10y0+x17y0"",""B"":""x5y0+x0y3+x0y19"",""b"":""X"",""d"":18,""excl_opp_detectors"":""True"",""k"":16,""l"":9,""leak_heralds"":""False"",""leak_repump"":""True"",""leakage"":""True"",""loss"":""True"",""m"":21,""n"":378,""p"":0.001,""prllel_1q"":336,""prllel_2q"":126,""r"":20,""repump_cycles"":3,""seq_meas"":""True"",""seq_ops"":""True"",""swapLRC"":""False""}",
        16,         0,         0,    1.92,bposd,5504117086a3317092df3aefd3d9dcaeddcedef971a26de69ae47837b09651a2,"{""A"":""x0y3+x10y0+x17y0"",""B"":""x5y0+x0y3+x0y19"",""b"":""X"",""d"":18,""excl_opp_detectors"":""True"",""k"":16,""l"":9,""leak_heralds"":""False"",""leak_repump"":""True"",""leakage"":""True"",""loss"":""True"",""m"":21,""n"":378,""p"":0.001,""prllel_1q"":336,""prllel_2q"":126,""r"":20,""repump_cycles"":3,""seq_meas"":""True"",""seq_ops"":""True"",""swapLRC"":""False""}",
        32,         0,         0,   0.776,bposd,5504117086a3317092df3aefd3d9dcaeddcedef971a26de69ae47837b09651a2,"{""A"":""x0y3+x10y0+x17y0"",""B"":""x5y0+x0y3+x0y19"",""b"":""X"",""d"":18,""excl_opp_detectors"":""True"",""k"":16,""l"":9,""leak_heralds"":""False"",""leak_repump"":""True"",""leakage"":""True"",""loss"":""True"",""m"":21,""n"":378,""p"":0.001,""prllel_1q"":336,""prllel_2q"":126,""r"":20,""repump_cycles"":3,""seq_meas"":""True"",""seq_ops"":""True"",""swapLRC"":""False""}",
        16,         0,         0,   0.341,bposd,5504117086a3317092df3aefd3d9dcaeddcedef971a26de69ae47837b09651a2,"{""A"":""x0y3+x10y0+x17y0"",""B"":""x5y0+x0y3+x0y19"",""b"":""X"",""d"":18,""excl_opp_detectors"":""True"",""k"":16,""l"":9,""leak_heralds"":""False"",""leak_repump"":""True"",""leakage"":""True"",""loss"":""True"",""m"":21,""n"":378,""p"":0.001,""prllel_1q"":336,""prllel_2q"":126,""r"":20,""repump_cycles"":3,""seq_meas"":""True"",""seq_ops"":""True"",""swapLRC"":""False""}",
        32,         0,         0,    1.16,bposd,5504117086a3317092df3aefd3d9dcaeddcedef971a26de69ae47837b09651a2,"{""A"":""x0y3+x10y0+x17y0"",""B"":""x5y0+x0y3+x0y19"",""b"":""X"",""d"":18,""excl_opp_detectors"":""True"",""k"":16,""l"":9,""leak_heralds"":""False"",""leak_repump"":""True"",""leakage"":""True"",""loss"":""True"",""m"":21,""n"":378,""p"":0.001,""prllel_1q"":336,""prllel_2q"":126,""r"":20,""repump_cycles"":3,""seq_meas"":""True"",""seq_ops"":""True"",""swapLRC"":""False""}",
        16,         0,         0,   0.413,bposd,5504117086a3317092df3aefd3d9dcaeddcedef971a26de69ae47837b09651a2,"{""A"":""x0y3+x10y0+x17y0"",""B"":""x5y0+x0y3+x0y19"",""b"":""X"",""d"":18,""excl_opp_detectors"":""True"",""k"":16,""l"":9,""leak_heralds"":""False"",""leak_repump"":""True"",""leakage"":""True"",""loss"":""True"",""m"":21,""n"":378,""p"":0.001,""prllel_1q"":336,""prllel_2q"":126,""r"":20,""repump_cycles"":3,""seq_meas"":""True"",""seq_ops"":""True"",""swapLRC"":""False""}",
        32,         0,         0,    1.08,bposd,5504117086a3317092df3aefd3d9dcaeddcedef971a26de69ae47837b09651a2,"{""A"":""x0y3+x10y0+x17y0"",""B"":""x5y0+x0y3+x0y19"",""b"":""X"",""d"":18,""excl_opp_detectors"":""True"",""k"":16,""l"":9,""leak_heralds"":""False"",""leak_repump"":""True"",""leakage"":""True"",""loss"":""True"",""m"":21,""n"":378,""p"":0.001,""prllel_1q"":336,""prllel_2q"":126,""r"":20,""repump_cycles"":3,""seq_meas"":""True"",""seq_ops"":""True"",""swapLRC"":""False""}",
        32,         0,         0,   0.732,bposd,5504117086a3317092df3aefd3d9dcaeddcedef971a26de69ae47837b09651a2,"{""A"":""x0y3+x10y0+x17y0"",""B"":""x5y0+x0y3+x0y19"",""b"":""X"",""d"":18,""excl_opp_detectors"":""True"",""k"":16,""l"":9,""leak_heralds"":""False"",""leak_repump"":""True"",""leakage"":""True"",""loss"":""True"",""m"":21,""n"":378,""p"":0.001,""prllel_1q"":336,""prllel_2q"":126,""r"":20,""repump_cycles"":3,""seq_meas"":""True"",""seq_ops"":""True"",""swapLRC"":""False""}",
        16,         0,         0,   0.388,bposd,5504117086a3317092df3aefd3d9dcaeddcedef971a26de69ae47837b09651a2,"{""A"":""x0y3+x10y0+x17y0"",""B"":""x5y0+x0y3+x0y19"",""b"":""X"",""d"":18,""excl_opp_detectors"":""True"",""k"":16,""l"":9,""leak_heralds"":""False"",""leak_repump"":""True"",""leakage"":""True"",""loss"":""True"",""m"":21,""n"":378,""p"":0.001,""prllel_1q"":336,""prllel_2q"":126,""r"":20,""repump_cycles"":3,""seq_meas"":""True"",""seq_ops"":""True"",""swapLRC"":""False""}",
        16,         0,         0,   0.384,bposd,5504117086a3317092df3aefd3d9dcaeddcedef971a26de69ae47837b09651a2,"{""A"":""x0y3+x10y0+x17y0"",""B"":""x5y0+x0y3+x0y19"",""b"":""X"",""d"":18,""excl_opp_detectors"":""True"",""k"":16,""l"":9,""leak_heralds"":""False"",""leak_repump"":""True"",""leakage"":""True"",""loss"":""True"",""m"":21,""n"":378,""p"":0.001,""prllel_1q"":336,""prllel_2q"":126,""r"":20,""repump_cycles"":3,""seq_meas"":""True"",""seq_ops"":""True"",""swapLRC"":""False""}",
         8,         0,         0,   0.214,bposd,5504117086a3317092df3aefd3d9dcaeddcedef971a26de69ae47837b09651a2,"{""A"":""x0y3+x10y0+x17y0"",""B"":""x5y0+x0y3+x0y19"",""b"":""X"",""d"":18,""excl_opp_detectors"":""True"",""k"":16,""l"":9,""leak_heralds"":""False"",""leak_repump"":""True"",""leakage"":""True"",""loss"":""True"",""m"":21,""n"":378,""p"":0.001,""prllel_1q"":336,""prllel_2q"":126,""r"":20,""repump_cycles"":3,""seq_meas"":""True"",""seq_ops"":""True"",""swapLRC"":""False""}",
        16,         0,         0,   0.376,bposd,5504117086a3317092df3aefd3d9dcaeddcedef971a26de69ae47837b09651a2,"{""A"":""x0y3+x10y0+x17y0"",""B"":""x5y0+x0y3+x0y19"",""b"":""X"",""d"":18,""excl_opp_detectors"":""True"",""k"":16,""l"":9,""leak_heralds"":""False"",""leak_repump"":""True"",""leakage"":""True"",""loss"":""True"",""m"":21,""n"":378,""p"":0.001,""prllel_1q"":336,""prllel_2q"":126,""r"":20,""repump_cycles"":3,""seq_meas"":""True"",""seq_ops"":""True"",""swapLRC"":""False""}",
        32,         0,         0,   0.988,bposd,5504117086a3317092df3aefd3d9dcaeddcedef971a26de69ae47837b09651a2,"{""A"":""x0y3+x10y0+x17y0"",""B"":""x5y0+x0y3+x0y19"",""b"":""X"",""d"":18,""excl_opp_detectors"":""True"",""k"":16,""l"":9,""leak_heralds"":""False"",""leak_repump"":""True"",""leakage"":""True"",""loss"":""True"",""m"":21,""n"":378,""p"":0.001,""prllel_1q"":336,""prllel_2q"":126,""r"":20,""repump_cycles"":3,""seq_meas"":""True"",""seq_ops"":""True"",""swapLRC"":""False""}",
        16,         0,         0,   0.504,bposd,5504117086a3317092df3aefd3d9dcaeddcedef971a26de69ae47837b09651a2,"{""A"":""x0y3+x10y0+x17y0"",""B"":""x5y0+x0y3+x0y19"",""b"":""X"",""d"":18,""excl_opp_detectors"":""True"",""k"":16,""l"":9,""leak_heralds"":""False"",""leak_repump"":""True"",""leakage"":""True"",""loss"":""True"",""m"":21,""n"":378,""p"":0.001,""prllel_1q"":336,""prllel_2q"":126,""r"":20,""repump_cycles"":3,""seq_meas"":""True"",""seq_ops"":""True"",""swapLRC"":""False""}",
        16,         0,         0,   0.305,bposd,5504117086a3317092df3aefd3d9dcaeddcedef971a26de69ae47837b09651a2,"{""A"":""x0y3+x10y0+x17y0"",""B"":""x5y0+x0y3+x0y19"",""b"":""X"",""d"":18,""excl_opp_detectors"":""True"",""k"":16,""l"":9,""leak_heralds"":""False"",""leak_repump"":""True"",""leakage"":""True"",""loss"":""True"",""m"":21,""n"":378,""p"":0.001,""prllel_1q"":336,""prllel_2q"":126,""r"":20,""repump_cycles"":3,""seq_meas"":""True"",""seq_ops"":""True"",""swapLRC"":""False""}",
        16,         0,         0,   0.369,bposd,5504117086a3317092df3aefd3d9dcaeddcedef971a26de69ae47837b09651a2,"{""A"":""x0y3+x10y0+x17y0"",""B"":""x5y0+x0y3+x0y19"",""b"":""X"",""d"":18,""excl_opp_detectors"":""True"",""k"":16,""l"":9,""leak_heralds"":""False"",""leak_repump"":""True"",""leakage"":""True"",""loss"":""True"",""m"":21,""n"":378,""p"":0.001,""prllel_1q"":336,""prllel_2q"":126,""r"":20,""repump_cycles"":3,""seq_meas"":""True"",""seq_ops"":""True"",""swapLRC"":""False""}",
        16,         0,         0,   0.451,bposd,5504117086a3317092df3aefd3d9dcaeddcedef971a26de69ae47837b09651a2,"{""A"":""x0y3+x10y0+x17y0"",""B"":""x5y0+x0y3+x0y19"",""b"":""X"",""d"":18,""excl_opp_detectors"":""True"",""k"":16,""l"":9,""leak_heralds"":""False"",""leak_repump"":""True"",""leakage"":""True"",""loss"":""True"",""m"":21,""n"":378,""p"":0.001,""prllel_1q"":336,""prllel_2q"":126,""r"":20,""repump_cycles"":3,""seq_meas"":""True"",""seq_ops"":""True"",""swapLRC"":""False""}",
        16,         0,         0,   0.395,bposd,5504117086a3317092df3aefd3d9dcaeddcedef971a26de69ae47837b09651a2,"{""A"":""x0y3+x10y0+x17y0"",""B"":""x5y0+x0y3+x0y19"",""b"":""X"",""d"":18,""excl_opp_detectors"":""True"",""k"":16,""l"":9,""leak_heralds"":""False"",""leak_repump"":""True"",""leakage"":""True"",""loss"":""True"",""m"":21,""n"":378,""p"":0.001,""prllel_1q"":336,""prllel_2q"":126,""r"":20,""repump_cycles"":3,""seq_meas"":""True"",""seq_ops"":""True"",""swapLRC"":""False""}",
        32,         0,         0,    1.26,bposd,5504117086a3317092df3aefd3d9dcaeddcedef971a26de69ae47837b09651a2,"{""A"":""x0y3+x10y0+x17y0"",""B"":""x5y0+x0y3+x0y19"",""b"":""X"",""d"":18,""excl_opp_detectors"":""True"",""k"":16,""l"":9,""leak_heralds"":""False"",""leak_repump"":""True"",""leakage"":""True"",""loss"":""True"",""m"":21,""n"":378,""p"":0.001,""prllel_1q"":336,""prllel_2q"":126,""r"":20,""repump_cycles"":3,""seq_meas"":""True"",""seq_ops"":""True"",""swapLRC"":""False""}",
        32,         0,         0,    1.16,bposd,5504117086a3317092df3aefd3d9dcaeddcedef971a26de69ae47837b09651a2,"{""A"":""x0y3+x10y0+x17y0"",""B"":""x5y0+x0y3+x0y19"",""b"":""X"",""d"":18,""excl_opp_detectors"":""True"",""k"":16,""l"":9,""leak_heralds"":""False"",""leak_repump"":""True"",""leakage"":""True"",""loss"":""True"",""m"":21,""n"":378,""p"":0.001,""prllel_1q"":336,""prllel_2q"":126,""r"":20,""repump_cycles"":3,""seq_meas"":""True"",""seq_ops"":""True"",""swapLRC"":""False""}",
        32,         0,         0,   0.728,bposd,5504117086a3317092df3aefd3d9dcaeddcedef971a26de69ae47837b09651a2,"{""A"":""x0y3+x10y0+x17y0"",""B"":""x5y0+x0y3+x0y19"",""b"":""X"",""d"":18,""excl_opp_detectors"":""True"",""k"":16,""l"":9,""leak_heralds"":""False"",""leak_repump"":""True"",""leakage"":""True"",""loss"":""True"",""m"":21,""n"":378,""p"":0.001,""prllel_1q"":336,""prllel_2q"":126,""r"":20,""repump_cycles"":3,""seq_meas"":""True"",""seq_ops"":""True"",""swapLRC"":""False""}",
        16,         0,         0,   0.337,bposd,5504117086a3317092df3aefd3d9dcaeddcedef971a26de69ae47837b09651a2,"{""A"":""x0y3+x10y0+x17y0"",""B"":""x5y0+x0y3+x0y19"",""b"":""X"",""d"":18,""excl_opp_detectors"":""True"",""k"":16,""l"":9,""leak_heralds"":""False"",""leak_repump"":""True"",""leakage"":""True"",""loss"":""True"",""m"":21,""n"":378,""p"":0.001,""prllel_1q"":336,""prllel_2q"":126,""r"":20,""repump_cycles"":3,""seq_meas"":""True"",""seq_ops"":""True"",""swapLRC"":""False""}",
        16,         0,         0,   0.427,bposd,5504117086a3317092df3aefd3d9dcaeddcedef971a26de69ae47837b09651a2,"{""A"":""x0y3+x10y0+x17y0"",""B"":""x5y0+x0y3+x0y19"",""b"":""X"",""d"":18,""excl_opp_detectors"":""True"",""k"":16,""l"":9,""leak_heralds"":""False"",""leak_repump"":""True"",""leakage"":""True"",""loss"":""True"",""m"":21,""n"":378,""p"":0.001,""prllel_1q"":336,""prllel_2q"":126,""r"":20,""repump_cycles"":3,""seq_meas"":""True"",""seq_ops"":""True"",""swapLRC"":""False""}",
        32,         0,         0,   0.983,bposd,5504117086a3317092df3aefd3d9dcaeddcedef971a26de69ae47837b09651a2,"{""A"":""x0y3+x10y0+x17y0"",""B"":""x5y0+x0y3+x0y19"",""b"":""X"",""d"":18,""excl_opp_detectors"":""True"",""k"":16,""l"":9,""leak_heralds"":""False"",""leak_repump"":""True"",""leakage"":""True"",""loss"":""True"",""m"":21,""n"":378,""p"":0.001,""prllel_1q"":336,""prllel_2q"":126,""r"":20,""repump_cycles"":3,""seq_meas"":""True"",""seq_ops"":""True"",""swapLRC"":""False""}",
        16,         0,         0,   0.481,bposd,5504117086a3317092df3aefd3d9dcaeddcedef971a26de69ae47837b09651a2,"{""A"":""x0y3+x10y0+x17y0"",""B"":""x5y0+x0y3+x0y19"",""b"":""X"",""d"":18,""excl_opp_detectors"":""True"",""k"":16,""l"":9,""leak_heralds"":""False"",""leak_repump"":""True"",""leakage"":""True"",""loss"":""True"",""m"":21,""n"":378,""p"":0.001,""prllel_1q"":336,""prllel_2q"":126,""r"":20,""repump_cycles"":3,""seq_meas"":""True"",""seq_ops"":""True"",""swapLRC"":""False""}",
        16,         0,         0,   0.312,bposd,5504117086a3317092df3aefd3d9dcaeddcedef971a26de69ae47837b09651a2,"{""A"":""x0y3+x10y0+x17y0"",""B"":""x5y0+x0y3+x0y19"",""b"":""X"",""d"":18,""excl_opp_detectors"":""True"",""k"":16,""l"":9,""leak_heralds"":""False"",""leak_repump"":""True"",""leakage"":""True"",""loss"":""True"",""m"":21,""n"":378,""p"":0.001,""prllel_1q"":336,""prllel_2q"":126,""r"":20,""repump_cycles"":3,""seq_meas"":""True"",""seq_ops"":""True"",""swapLRC"":""False""}",
        32,         0,         0,   0.927,bposd,5504117086a3317092df3aefd3d9dcaeddcedef971a26de69ae47837b09651a2,"{""A"":""x0y3+x10y0+x17y0"",""B"":""x5y0+x0y3+x0y19"",""b"":""X"",""d"":18,""excl_opp_detectors"":""True"",""k"":16,""l"":9,""leak_heralds"":""False"",""leak_repump"":""True"",""leakage"":""True"",""loss"":""True"",""m"":21,""n"":378,""p"":0.001,""prllel_1q"":336,""prllel_2q"":126,""r"":20,""repump_cycles"":3,""seq_meas"":""True"",""seq_ops"":""True"",""swapLRC"":""False""}",
        16,         0,         0,   0.745,bposd,5504117086a3317092df3aefd3d9dcaeddcedef971a26de69ae47837b09651a2,"{""A"":""x0y3+x10y0+x17y0"",""B"":""x5y0+x0y3+x0y19"",""b"":""X"",""d"":18,""excl_opp_detectors"":""True"",""k"":16,""l"":9,""leak_heralds"":""False"",""leak_repump"":""True"",""leakage"":""True"",""loss"":""True"",""m"":21,""n"":378,""p"":0.001,""prllel_1q"":336,""prllel_2q"":126,""r"":20,""repump_cycles"":3,""seq_meas"":""True"",""seq_ops"":""True"",""swapLRC"":""False""}",
        32,         0,         0,   0.648,bposd,5504117086a3317092df3aefd3d9dcaeddcedef971a26de69ae47837b09651a2,"{""A"":""x0y3+x10y0+x17y0"",""B"":""x5y0+x0y3+x0y19"",""b"":""X"",""d"":18,""excl_opp_detectors"":""True"",""k"":16,""l"":9,""leak_heralds"":""False"",""leak_repump"":""True"",""leakage"":""True"",""loss"":""True"",""m"":21,""n"":378,""p"":0.001,""prllel_1q"":336,""prllel_2q"":126,""r"":20,""repump_cycles"":3,""seq_meas"":""True"",""seq_ops"":""True"",""swapLRC"":""False""}",
        32,         0,         0,    1.26,bposd,5504117086a3317092df3aefd3d9dcaeddcedef971a26de69ae47837b09651a2,"{""A"":""x0y3+x10y0+x17y0"",""B"":""x5y0+x0y3+x0y19"",""b"":""X"",""d"":18,""excl_opp_detectors"":""True"",""k"":16,""l"":9,""leak_heralds"":""False"",""leak_repump"":""True"",""leakage"":""True"",""loss"":""True"",""m"":21,""n"":378,""p"":0.001,""prllel_1q"":336,""prllel_2q"":126,""r"":20,""repump_cycles"":3,""seq_meas"":""True"",""seq_ops"":""True"",""swapLRC"":""False""}",
        16,         0,         0,   0.356,bposd,5504117086a3317092df3aefd3d9dcaeddcedef971a26de69ae47837b09651a2,"{""A"":""x0y3+x10y0+x17y0"",""B"":""x5y0+x0y3+x0y19"",""b"":""X"",""d"":18,""excl_opp_detectors"":""True"",""k"":16,""l"":9,""leak_heralds"":""False"",""leak_repump"":""True"",""leakage"":""True"",""loss"":""True"",""m"":21,""n"":378,""p"":0.001,""prllel_1q"":336,""prllel_2q"":126,""r"":20,""repump_cycles"":3,""seq_meas"":""True"",""seq_ops"":""True"",""swapLRC"":""False""}",
        16,         0,         0,   0.423,bposd,5504117086a3317092df3aefd3d9dcaeddcedef971a26de69ae47837b09651a2,"{""A"":""x0y3+x10y0+x17y0"",""B"":""x5y0+x0y3+x0y19"",""b"":""X"",""d"":18,""excl_opp_detectors"":""True"",""k"":16,""l"":9,""leak_heralds"":""False"",""leak_repump"":""True"",""leakage"":""True"",""loss"":""True"",""m"":21,""n"":378,""p"":0.001,""prllel_1q"":336,""prllel_2q"":126,""r"":20,""repump_cycles"":3,""seq_meas"":""True"",""seq_ops"":""True"",""swapLRC"":""False""}",
        32,         0,         0,   0.690,bposd,5504117086a3317092df3aefd3d9dcaeddcedef971a26de69ae47837b09651a2,"{""A"":""x0y3+x10y0+x17y0"",""B"":""x5y0+x0y3+x0y19"",""b"":""X"",""d"":18,""excl_opp_detectors"":""True"",""k"":16,""l"":9,""leak_heralds"":""False"",""leak_repump"":""True"",""leakage"":""True"",""loss"":""True"",""m"":21,""n"":378,""p"":0.001,""prllel_1q"":336,""prllel_2q"":126,""r"":20,""repump_cycles"":3,""seq_meas"":""True"",""seq_ops"":""True"",""swapLRC"":""False""}",
        16,         0,         0,   0.443,bposd,5504117086a3317092df3aefd3d9dcaeddcedef971a26de69ae47837b09651a2,"{""A"":""x0y3+x10y0+x17y0"",""B"":""x5y0+x0y3+x0y19"",""b"":""X"",""d"":18,""excl_opp_detectors"":""True"",""k"":16,""l"":9,""leak_heralds"":""False"",""leak_repump"":""True"",""leakage"":""True"",""loss"":""True"",""m"":21,""n"":378,""p"":0.001,""prllel_1q"":336,""prllel_2q"":126,""r"":20,""repump_cycles"":3,""seq_meas"":""True"",""seq_ops"":""True"",""swapLRC"":""False""}",
        16,         0,         0,   0.291,bposd,5504117086a3317092df3aefd3d9dcaeddcedef971a26de69ae47837b09651a2,"{""A"":""x0y3+x10y0+x17y0"",""B"":""x5y0+x0y3+x0y19"",""b"":""X"",""d"":18,""excl_opp_detectors"":""True"",""k"":16,""l"":9,""leak_heralds"":""False"",""leak_repump"":""True"",""leakage"":""True"",""loss"":""True"",""m"":21,""n"":378,""p"":0.001,""prllel_1q"":336,""prllel_2q"":126,""r"":20,""repump_cycles"":3,""seq_meas"":""True"",""seq_ops"":""True"",""swapLRC"":""False""}",
        16,         0,         0,   0.535,bposd,5504117086a3317092df3aefd3d9dcaeddcedef971a26de69ae47837b09651a2,"{""A"":""x0y3+x10y0+x17y0"",""B"":""x5y0+x0y3+x0y19"",""b"":""X"",""d"":18,""excl_opp_detectors"":""True"",""k"":16,""l"":9,""leak_heralds"":""False"",""leak_repump"":""True"",""leakage"":""True"",""loss"":""True"",""m"":21,""n"":378,""p"":0.001,""prllel_1q"":336,""prllel_2q"":126,""r"":20,""repump_cycles"":3,""seq_meas"":""True"",""seq_ops"":""True"",""swapLRC"":""False""}",
        16,         0,         0,   0.375,bposd,5504117086a3317092df3aefd3d9dcaeddcedef971a26de69ae47837b09651a2,"{""A"":""x0y3+x10y0+x17y0"",""B"":""x5y0+x0y3+x0y19"",""b"":""X"",""d"":18,""excl_opp_detectors"":""True"",""k"":16,""l"":9,""leak_heralds"":""False"",""leak_repump"":""True"",""leakage"":""True"",""loss"":""True"",""m"":21,""n"":378,""p"":0.001,""prllel_1q"":336,""prllel_2q"":126,""r"":20,""repump_cycles"":3,""seq_meas"":""True"",""seq_ops"":""True"",""swapLRC"":""False""}",
        32,         0,         0,    1.04,bposd,5504117086a3317092df3aefd3d9dcaeddcedef971a26de69ae47837b09651a2,"{""A"":""x0y3+x10y0+x17y0"",""B"":""x5y0+x0y3+x0y19"",""b"":""X"",""d"":18,""excl_opp_detectors"":""True"",""k"":16,""l"":9,""leak_heralds"":""False"",""leak_repump"":""True"",""leakage"":""True"",""loss"":""True"",""m"":21,""n"":378,""p"":0.001,""prllel_1q"":336,""prllel_2q"":126,""r"":20,""repump_cycles"":3,""seq_meas"":""True"",""seq_ops"":""True"",""swapLRC"":""False""}",
        32,         0,         0,   0.820,bposd,5504117086a3317092df3aefd3d9dcaeddcedef971a26de69ae47837b09651a2,"{""A"":""x0y3+x10y0+x17y0"",""B"":""x5y0+x0y3+x0y19"",""b"":""X"",""d"":18,""excl_opp_detectors"":""True"",""k"":16,""l"":9,""leak_heralds"":""False"",""leak_repump"":""True"",""leakage"":""True"",""loss"":""True"",""m"":21,""n"":378,""p"":0.001,""prllel_1q"":336,""prllel_2q"":126,""r"":20,""repump_cycles"":3,""seq_meas"":""True"",""seq_ops"":""True"",""swapLRC"":""False""}",
        32,         0,         0,   0.532,bposd,5504117086a3317092df3aefd3d9dcaeddcedef971a26de69ae47837b09651a2,"{""A"":""x0y3+x10y0+x17y0"",""B"":""x5y0+x0y3+x0y19"",""b"":""X"",""d"":18,""excl_opp_detectors"":""True"",""k"":16,""l"":9,""leak_heralds"":""False"",""leak_repump"":""True"",""leakage"":""True"",""loss"":""True"",""m"":21,""n"":378,""p"":0.001,""prllel_1q"":336,""prllel_2q"":126,""r"":20,""repump_cycles"":3,""seq_meas"":""True"",""seq_ops"":""True"",""swapLRC"":""False""}",
        16,         0,         0,   0.428,bposd,5504117086a3317092df3aefd3d9dcaeddcedef971a26de69ae47837b09651a2,"{""A"":""x0y3+x10y0+x17y0"",""B"":""x5y0+x0y3+x0y19"",""b"":""X"",""d"":18,""excl_opp_detectors"":""True"",""k"":16,""l"":9,""leak_heralds"":""False"",""leak_repump"":""True"",""leakage"":""True"",""loss"":""True"",""m"":21,""n"":378,""p"":0.001,""prllel_1q"":336,""prllel_2q"":126,""r"":20,""repump_cycles"":3,""seq_meas"":""True"",""seq_ops"":""True"",""swapLRC"":""False""}",
        32,         0,         0,   0.596,bposd,5504117086a3317092df3aefd3d9dcaeddcedef971a26de69ae47837b09651a2,"{""A"":""x0y3+x10y0+x17y0"",""B"":""x5y0+x0y3+x0y19"",""b"":""X"",""d"":18,""excl_opp_detectors"":""True"",""k"":16,""l"":9,""leak_heralds"":""False"",""leak_repump"":""True"",""leakage"":""True"",""loss"":""True"",""m"":21,""n"":378,""p"":0.001,""prllel_1q"":336,""prllel_2q"":126,""r"":20,""repump_cycles"":3,""seq_meas"":""True"",""seq_ops"":""True"",""swapLRC"":""False""}",
        32,         0,         0,    4.32,bposd,5504117086a3317092df3aefd3d9dcaeddcedef971a26de69ae47837b09651a2,"{""A"":""x0y3+x10y0+x17y0"",""B"":""x5y0+x0y3+x0y19"",""b"":""X"",""d"":18,""excl_opp_detectors"":""True"",""k"":16,""l"":9,""leak_heralds"":""False"",""leak_repump"":""True"",""leakage"":""True"",""loss"":""True"",""m"":21,""n"":378,""p"":0.001,""prllel_1q"":336,""prllel_2q"":126,""r"":20,""repump_cycles"":3,""seq_meas"":""True"",""seq_ops"":""True"",""swapLRC"":""False""}",
        32,         0,         0,    1.04,bposd,5504117086a3317092df3aefd3d9dcaeddcedef971a26de69ae47837b09651a2,"{""A"":""x0y3+x10y0+x17y0"",""B"":""x5y0+x0y3+x0y19"",""b"":""X"",""d"":18,""excl_opp_detectors"":""True"",""k"":16,""l"":9,""leak_heralds"":""False"",""leak_repump"":""True"",""leakage"":""True"",""loss"":""True"",""m"":21,""n"":378,""p"":0.001,""prllel_1q"":336,""prllel_2q"":126,""r"":20,""repump_cycles"":3,""seq_meas"":""True"",""seq_ops"":""True"",""swapLRC"":""False""}",
        16,         0,         0,   0.423,bposd,5504117086a3317092df3aefd3d9dcaeddcedef971a26de69ae47837b09651a2,"{""A"":""x0y3+x10y0+x17y0"",""B"":""x5y0+x0y3+x0y19"",""b"":""X"",""d"":18,""excl_opp_detectors"":""True"",""k"":16,""l"":9,""leak_heralds"":""False"",""leak_repump"":""True"",""leakage"":""True"",""loss"":""True"",""m"":21,""n"":378,""p"":0.001,""prllel_1q"":336,""prllel_2q"":126,""r"":20,""repump_cycles"":3,""seq_meas"":""True"",""seq_ops"":""True"",""swapLRC"":""False""}",
        16,         0,         0,   0.323,bposd,5504117086a3317092df3aefd3d9dcaeddcedef971a26de69ae47837b09651a2,"{""A"":""x0y3+x10y0+x17y0"",""B"":""x5y0+x0y3+x0y19"",""b"":""X"",""d"":18,""excl_opp_detectors"":""True"",""k"":16,""l"":9,""leak_heralds"":""False"",""leak_repump"":""True"",""leakage"":""True"",""loss"":""True"",""m"":21,""n"":378,""p"":0.001,""prllel_1q"":336,""prllel_2q"":126,""r"":20,""repump_cycles"":3,""seq_meas"":""True"",""seq_ops"":""True"",""swapLRC"":""False""}",
        32,         0,         0,   0.982,bposd,5504117086a3317092df3aefd3d9dcaeddcedef971a26de69ae47837b09651a2,"{""A"":""x0y3+x10y0+x17y0"",""B"":""x5y0+x0y3+x0y19"",""b"":""X"",""d"":18,""excl_opp_detectors"":""True"",""k"":16,""l"":9,""leak_heralds"":""False"",""leak_repump"":""True"",""leakage"":""True"",""loss"":""True"",""m"":21,""n"":378,""p"":0.001,""prllel_1q"":336,""prllel_2q"":126,""r"":20,""repump_cycles"":3,""seq_meas"":""True"",""seq_ops"":""True"",""swapLRC"":""False""}",
        16,         0,         0,   0.352,bposd,5504117086a3317092df3aefd3d9dcaeddcedef971a26de69ae47837b09651a2,"{""A"":""x0y3+x10y0+x17y0"",""B"":""x5y0+x0y3+x0y19"",""b"":""X"",""d"":18,""excl_opp_detectors"":""True"",""k"":16,""l"":9,""leak_heralds"":""False"",""leak_repump"":""True"",""leakage"":""True"",""loss"":""True"",""m"":21,""n"":378,""p"":0.001,""prllel_1q"":336,""prllel_2q"":126,""r"":20,""repump_cycles"":3,""seq_meas"":""True"",""seq_ops"":""True"",""swapLRC"":""False""}",
        32,         0,         0,   0.888,bposd,5504117086a3317092df3aefd3d9dcaeddcedef971a26de69ae47837b09651a2,"{""A"":""x0y3+x10y0+x17y0"",""B"":""x5y0+x0y3+x0y19"",""b"":""X"",""d"":18,""excl_opp_detectors"":""True"",""k"":16,""l"":9,""leak_heralds"":""False"",""leak_repump"":""True"",""leakage"":""True"",""loss"":""True"",""m"":21,""n"":378,""p"":0.001,""prllel_1q"":336,""prllel_2q"":126,""r"":20,""repump_cycles"":3,""seq_meas"":""True"",""seq_ops"":""True"",""swapLRC"":""False""}",
        32,         0,         0,   0.801,bposd,5504117086a3317092df3aefd3d9dcaeddcedef971a26de69ae47837b09651a2,"{""A"":""x0y3+x10y0+x17y0"",""B"":""x5y0+x0y3+x0y19"",""b"":""X"",""d"":18,""excl_opp_detectors"":""True"",""k"":16,""l"":9,""leak_heralds"":""False"",""leak_repump"":""True"",""leakage"":""True"",""loss"":""True"",""m"":21,""n"":378,""p"":0.001,""prllel_1q"":336,""prllel_2q"":126,""r"":20,""repump_cycles"":3,""seq_meas"":""True"",""seq_ops"":""True"",""swapLRC"":""False""}",
        16,         0,         0,   0.549,bposd,5504117086a3317092df3aefd3d9dcaeddcedef971a26de69ae47837b09651a2,"{""A"":""x0y3+x10y0+x17y0"",""B"":""x5y0+x0y3+x0y19"",""b"":""X"",""d"":18,""excl_opp_detectors"":""True"",""k"":16,""l"":9,""leak_heralds"":""False"",""leak_repump"":""True"",""leakage"":""True"",""loss"":""True"",""m"":21,""n"":378,""p"":0.001,""prllel_1q"":336,""prllel_2q"":126,""r"":20,""repump_cycles"":3,""seq_meas"":""True"",""seq_ops"":""True"",""swapLRC"":""False""}",
        32,         0,         0,    1.09,bposd,5504117086a3317092df3aefd3d9dcaeddcedef971a26de69ae47837b09651a2,"{""A"":""x0y3+x10y0+x17y0"",""B"":""x5y0+x0y3+x0y19"",""b"":""X"",""d"":18,""excl_opp_detectors"":""True"",""k"":16,""l"":9,""leak_heralds"":""False"",""leak_repump"":""True"",""leakage"":""True"",""loss"":""True"",""m"":21,""n"":378,""p"":0.001,""prllel_1q"":336,""prllel_2q"":126,""r"":20,""repump_cycles"":3,""seq_meas"":""True"",""seq_ops"":""True"",""swapLRC"":""False""}",
        32,         0,         0,   0.911,bposd,5504117086a3317092df3aefd3d9dcaeddcedef971a26de69ae47837b09651a2,"{""A"":""x0y3+x10y0+x17y0"",""B"":""x5y0+x0y3+x0y19"",""b"":""X"",""d"":18,""excl_opp_detectors"":""True"",""k"":16,""l"":9,""leak_heralds"":""False"",""leak_repump"":""True"",""leakage"":""True"",""loss"":""True"",""m"":21,""n"":378,""p"":0.001,""prllel_1q"":336,""prllel_2q"":126,""r"":20,""repump_cycles"":3,""seq_meas"":""True"",""seq_ops"":""True"",""swapLRC"":""False""}",
        32,         0,         0,   0.807,bposd,5504117086a3317092df3aefd3d9dcaeddcedef971a26de69ae47837b09651a2,"{""A"":""x0y3+x10y0+x17y0"",""B"":""x5y0+x0y3+x0y19"",""b"":""X"",""d"":18,""excl_opp_detectors"":""True"",""k"":16,""l"":9,""leak_heralds"":""False"",""leak_repump"":""True"",""leakage"":""True"",""loss"":""True"",""m"":21,""n"":378,""p"":0.001,""prllel_1q"":336,""prllel_2q"":126,""r"":20,""repump_cycles"":3,""seq_meas"":""True"",""seq_ops"":""True"",""swapLRC"":""False""}",
        32,         0,         0,   0.712,bposd,5504117086a3317092df3aefd3d9dcaeddcedef971a26de69ae47837b09651a2,"{""A"":""x0y3+x10y0+x17y0"",""B"":""x5y0+x0y3+x0y19"",""b"":""X"",""d"":18,""excl_opp_detectors"":""True"",""k"":16,""l"":9,""leak_heralds"":""False"",""leak_repump"":""True"",""leakage"":""True"",""loss"":""True"",""m"":21,""n"":378,""p"":0.001,""prllel_1q"":336,""prllel_2q"":126,""r"":20,""repump_cycles"":3,""seq_meas"":""True"",""seq_ops"":""True"",""swapLRC"":""False""}",
        32,         0,         0,   0.676,bposd,5504117086a3317092df3aefd3d9dcaeddcedef971a26de69ae47837b09651a2,"{""A"":""x0y3+x10y0+x17y0"",""B"":""x5y0+x0y3+x0y19"",""b"":""X"",""d"":18,""excl_opp_detectors"":""True"",""k"":16,""l"":9,""leak_heralds"":""False"",""leak_repump"":""True"",""leakage"":""True"",""loss"":""True"",""m"":21,""n"":378,""p"":0.001,""prllel_1q"":336,""prllel_2q"":126,""r"":20,""repump_cycles"":3,""seq_meas"":""True"",""seq_ops"":""True"",""swapLRC"":""False""}",
        32,         0,         0,   0.620,bposd,5504117086a3317092df3aefd3d9dcaeddcedef971a26de69ae47837b09651a2,"{""A"":""x0y3+x10y0+x17y0"",""B"":""x5y0+x0y3+x0y19"",""b"":""X"",""d"":18,""excl_opp_detectors"":""True"",""k"":16,""l"":9,""leak_heralds"":""False"",""leak_repump"":""True"",""leakage"":""True"",""loss"":""True"",""m"":21,""n"":378,""p"":0.001,""prllel_1q"":336,""prllel_2q"":126,""r"":20,""repump_cycles"":3,""seq_meas"":""True"",""seq_ops"":""True"",""swapLRC"":""False""}",
        32,         0,         0,   0.676,bposd,5504117086a3317092df3aefd3d9dcaeddcedef971a26de69ae47837b09651a2,"{""A"":""x0y3+x10y0+x17y0"",""B"":""x5y0+x0y3+x0y19"",""b"":""X"",""d"":18,""excl_opp_detectors"":""True"",""k"":16,""l"":9,""leak_heralds"":""False"",""leak_repump"":""True"",""leakage"":""True"",""loss"":""True"",""m"":21,""n"":378,""p"":0.001,""prllel_1q"":336,""prllel_2q"":126,""r"":20,""repump_cycles"":3,""seq_meas"":""True"",""seq_ops"":""True"",""swapLRC"":""False""}",
        16,         0,         0,   0.368,bposd,5504117086a3317092df3aefd3d9dcaeddcedef971a26de69ae47837b09651a2,"{""A"":""x0y3+x10y0+x17y0"",""B"":""x5y0+x0y3+x0y19"",""b"":""X"",""d"":18,""excl_opp_detectors"":""True"",""k"":16,""l"":9,""leak_heralds"":""False"",""leak_repump"":""True"",""leakage"":""True"",""loss"":""True"",""m"":21,""n"":378,""p"":0.001,""prllel_1q"":336,""prllel_2q"":126,""r"":20,""repump_cycles"":3,""seq_meas"":""True"",""seq_ops"":""True"",""swapLRC"":""False""}",
        16,         0,         0,   0.805,bposd,5504117086a3317092df3aefd3d9dcaeddcedef971a26de69ae47837b09651a2,"{""A"":""x0y3+x10y0+x17y0"",""B"":""x5y0+x0y3+x0y19"",""b"":""X"",""d"":18,""excl_opp_detectors"":""True"",""k"":16,""l"":9,""leak_heralds"":""False"",""leak_repump"":""True"",""leakage"":""True"",""loss"":""True"",""m"":21,""n"":378,""p"":0.001,""prllel_1q"":336,""prllel_2q"":126,""r"":20,""repump_cycles"":3,""seq_meas"":""True"",""seq_ops"":""True"",""swapLRC"":""False""}",
        48,         0,         0,    1.09,bposd,5504117086a3317092df3aefd3d9dcaeddcedef971a26de69ae47837b09651a2,"{""A"":""x0y3+x10y0+x17y0"",""B"":""x5y0+x0y3+x0y19"",""b"":""X"",""d"":18,""excl_opp_detectors"":""True"",""k"":16,""l"":9,""leak_heralds"":""False"",""leak_repump"":""True"",""leakage"":""True"",""loss"":""True"",""m"":21,""n"":378,""p"":0.001,""prllel_1q"":336,""prllel_2q"":126,""r"":20,""repump_cycles"":3,""seq_meas"":""True"",""seq_ops"":""True"",""swapLRC"":""False""}",
        32,         0,         0,    1.11,bposd,5504117086a3317092df3aefd3d9dcaeddcedef971a26de69ae47837b09651a2,"{""A"":""x0y3+x10y0+x17y0"",""B"":""x5y0+x0y3+x0y19"",""b"":""X"",""d"":18,""excl_opp_detectors"":""True"",""k"":16,""l"":9,""leak_heralds"":""False"",""leak_repump"":""True"",""leakage"":""True"",""loss"":""True"",""m"":21,""n"":378,""p"":0.001,""prllel_1q"":336,""prllel_2q"":126,""r"":20,""repump_cycles"":3,""seq_meas"":""True"",""seq_ops"":""True"",""swapLRC"":""False""}",
        16,         0,         0,   0.431,bposd,5504117086a3317092df3aefd3d9dcaeddcedef971a26de69ae47837b09651a2,"{""A"":""x0y3+x10y0+x17y0"",""B"":""x5y0+x0y3+x0y19"",""b"":""X"",""d"":18,""excl_opp_detectors"":""True"",""k"":16,""l"":9,""leak_heralds"":""False"",""leak_repump"":""True"",""leakage"":""True"",""loss"":""True"",""m"":21,""n"":378,""p"":0.001,""prllel_1q"":336,""prllel_2q"":126,""r"":20,""repump_cycles"":3,""seq_meas"":""True"",""seq_ops"":""True"",""swapLRC"":""False""}",
        16,         0,         0,   0.412,bposd,5504117086a3317092df3aefd3d9dcaeddcedef971a26de69ae47837b09651a2,"{""A"":""x0y3+x10y0+x17y0"",""B"":""x5y0+x0y3+x0y19"",""b"":""X"",""d"":18,""excl_opp_detectors"":""True"",""k"":16,""l"":9,""leak_heralds"":""False"",""leak_repump"":""True"",""leakage"":""True"",""loss"":""True"",""m"":21,""n"":378,""p"":0.001,""prllel_1q"":336,""prllel_2q"":126,""r"":20,""repump_cycles"":3,""seq_meas"":""True"",""seq_ops"":""True"",""swapLRC"":""False""}",
        32,         0,         0,    1.32,bposd,5504117086a3317092df3aefd3d9dcaeddcedef971a26de69ae47837b09651a2,"{""A"":""x0y3+x10y0+x17y0"",""B"":""x5y0+x0y3+x0y19"",""b"":""X"",""d"":18,""excl_opp_detectors"":""True"",""k"":16,""l"":9,""leak_heralds"":""False"",""leak_repump"":""True"",""leakage"":""True"",""loss"":""True"",""m"":21,""n"":378,""p"":0.001,""prllel_1q"":336,""prllel_2q"":126,""r"":20,""repump_cycles"":3,""seq_meas"":""True"",""seq_ops"":""True"",""swapLRC"":""False""}",
        32,         0,         0,   0.987,bposd,5504117086a3317092df3aefd3d9dcaeddcedef971a26de69ae47837b09651a2,"{""A"":""x0y3+x10y0+x17y0"",""B"":""x5y0+x0y3+x0y19"",""b"":""X"",""d"":18,""excl_opp_detectors"":""True"",""k"":16,""l"":9,""leak_heralds"":""False"",""leak_repump"":""True"",""leakage"":""True"",""loss"":""True"",""m"":21,""n"":378,""p"":0.001,""prllel_1q"":336,""prllel_2q"":126,""r"":20,""repump_cycles"":3,""seq_meas"":""True"",""seq_ops"":""True"",""swapLRC"":""False""}",
        32,         0,         0,   0.765,bposd,5504117086a3317092df3aefd3d9dcaeddcedef971a26de69ae47837b09651a2,"{""A"":""x0y3+x10y0+x17y0"",""B"":""x5y0+x0y3+x0y19"",""b"":""X"",""d"":18,""excl_opp_detectors"":""True"",""k"":16,""l"":9,""leak_heralds"":""False"",""leak_repump"":""True"",""leakage"":""True"",""loss"":""True"",""m"":21,""n"":378,""p"":0.001,""prllel_1q"":336,""prllel_2q"":126,""r"":20,""repump_cycles"":3,""seq_meas"":""True"",""seq_ops"":""True"",""swapLRC"":""False""}",
        16,         0,         0,   0.448,bposd,5504117086a3317092df3aefd3d9dcaeddcedef971a26de69ae47837b09651a2,"{""A"":""x0y3+x10y0+x17y0"",""B"":""x5y0+x0y3+x0y19"",""b"":""X"",""d"":18,""excl_opp_detectors"":""True"",""k"":16,""l"":9,""leak_heralds"":""False"",""leak_repump"":""True"",""leakage"":""True"",""loss"":""True"",""m"":21,""n"":378,""p"":0.001,""prllel_1q"":336,""prllel_2q"":126,""r"":20,""repump_cycles"":3,""seq_meas"":""True"",""seq_ops"":""True"",""swapLRC"":""False""}",
        16,         0,         0,   0.552,bposd,5504117086a3317092df3aefd3d9dcaeddcedef971a26de69ae47837b09651a2,"{""A"":""x0y3+x10y0+x17y0"",""B"":""x5y0+x0y3+x0y19"",""b"":""X"",""d"":18,""excl_opp_detectors"":""True"",""k"":16,""l"":9,""leak_heralds"":""False"",""leak_repump"":""True"",""leakage"":""True"",""loss"":""True"",""m"":21,""n"":378,""p"":0.001,""prllel_1q"":336,""prllel_2q"":126,""r"":20,""repump_cycles"":3,""seq_meas"":""True"",""seq_ops"":""True"",""swapLRC"":""False""}",
        32,         0,         0,   0.798,bposd,5504117086a3317092df3aefd3d9dcaeddcedef971a26de69ae47837b09651a2,"{""A"":""x0y3+x10y0+x17y0"",""B"":""x5y0+x0y3+x0y19"",""b"":""X"",""d"":18,""excl_opp_detectors"":""True"",""k"":16,""l"":9,""leak_heralds"":""False"",""leak_repump"":""True"",""leakage"":""True"",""loss"":""True"",""m"":21,""n"":378,""p"":0.001,""prllel_1q"":336,""prllel_2q"":126,""r"":20,""repump_cycles"":3,""seq_meas"":""True"",""seq_ops"":""True"",""swapLRC"":""False""}",
        32,         0,         0,   0.696,bposd,5504117086a3317092df3aefd3d9dcaeddcedef971a26de69ae47837b09651a2,"{""A"":""x0y3+x10y0+x17y0"",""B"":""x5y0+x0y3+x0y19"",""b"":""X"",""d"":18,""excl_opp_detectors"":""True"",""k"":16,""l"":9,""leak_heralds"":""False"",""leak_repump"":""True"",""leakage"":""True"",""loss"":""True"",""m"":21,""n"":378,""p"":0.001,""prllel_1q"":336,""prllel_2q"":126,""r"":20,""repump_cycles"":3,""seq_meas"":""True"",""seq_ops"":""True"",""swapLRC"":""False""}",
        32,         0,         0,    1.38,bposd,5504117086a3317092df3aefd3d9dcaeddcedef971a26de69ae47837b09651a2,"{""A"":""x0y3+x10y0+x17y0"",""B"":""x5y0+x0y3+x0y19"",""b"":""X"",""d"":18,""excl_opp_detectors"":""True"",""k"":16,""l"":9,""leak_heralds"":""False"",""leak_repump"":""True"",""leakage"":""True"",""loss"":""True"",""m"":21,""n"":378,""p"":0.001,""prllel_1q"":336,""prllel_2q"":126,""r"":20,""repump_cycles"":3,""seq_meas"":""True"",""seq_ops"":""True"",""swapLRC"":""False""}",
        16,         0,         0,   0.339,bposd,5504117086a3317092df3aefd3d9dcaeddcedef971a26de69ae47837b09651a2,"{""A"":""x0y3+x10y0+x17y0"",""B"":""x5y0+x0y3+x0y19"",""b"":""X"",""d"":18,""excl_opp_detectors"":""True"",""k"":16,""l"":9,""leak_heralds"":""False"",""leak_repump"":""True"",""leakage"":""True"",""loss"":""True"",""m"":21,""n"":378,""p"":0.001,""prllel_1q"":336,""prllel_2q"":126,""r"":20,""repump_cycles"":3,""seq_meas"":""True"",""seq_ops"":""True"",""swapLRC"":""False""}",
        32,         0,         0,   0.668,bposd,5504117086a3317092df3aefd3d9dcaeddcedef971a26de69ae47837b09651a2,"{""A"":""x0y3+x10y0+x17y0"",""B"":""x5y0+x0y3+x0y19"",""b"":""X"",""d"":18,""excl_opp_detectors"":""True"",""k"":16,""l"":9,""leak_heralds"":""False"",""leak_repump"":""True"",""leakage"":""True"",""loss"":""True"",""m"":21,""n"":378,""p"":0.001,""prllel_1q"":336,""prllel_2q"":126,""r"":20,""repump_cycles"":3,""seq_meas"":""True"",""seq_ops"":""True"",""swapLRC"":""False""}",
        32,         0,         0,   0.752,bposd,5504117086a3317092df3aefd3d9dcaeddcedef971a26de69ae47837b09651a2,"{""A"":""x0y3+x10y0+x17y0"",""B"":""x5y0+x0y3+x0y19"",""b"":""X"",""d"":18,""excl_opp_detectors"":""True"",""k"":16,""l"":9,""leak_heralds"":""False"",""leak_repump"":""True"",""leakage"":""True"",""loss"":""True"",""m"":21,""n"":378,""p"":0.001,""prllel_1q"":336,""prllel_2q"":126,""r"":20,""repump_cycles"":3,""seq_meas"":""True"",""seq_ops"":""True"",""swapLRC"":""False""}",
        16,         0,         0,   0.296,bposd,5504117086a3317092df3aefd3d9dcaeddcedef971a26de69ae47837b09651a2,"{""A"":""x0y3+x10y0+x17y0"",""B"":""x5y0+x0y3+x0y19"",""b"":""X"",""d"":18,""excl_opp_detectors"":""True"",""k"":16,""l"":9,""leak_heralds"":""False"",""leak_repump"":""True"",""leakage"":""True"",""loss"":""True"",""m"":21,""n"":378,""p"":0.001,""prllel_1q"":336,""prllel_2q"":126,""r"":20,""repump_cycles"":3,""seq_meas"":""True"",""seq_ops"":""True"",""swapLRC"":""False""}",
        32,         0,         0,    1.05,bposd,5504117086a3317092df3aefd3d9dcaeddcedef971a26de69ae47837b09651a2,"{""A"":""x0y3+x10y0+x17y0"",""B"":""x5y0+x0y3+x0y19"",""b"":""X"",""d"":18,""excl_opp_detectors"":""True"",""k"":16,""l"":9,""leak_heralds"":""False"",""leak_repump"":""True"",""leakage"":""True"",""loss"":""True"",""m"":21,""n"":378,""p"":0.001,""prllel_1q"":336,""prllel_2q"":126,""r"":20,""repump_cycles"":3,""seq_meas"":""True"",""seq_ops"":""True"",""swapLRC"":""False""}",
        32,         0,         0,   0.896,bposd,5504117086a3317092df3aefd3d9dcaeddcedef971a26de69ae47837b09651a2,"{""A"":""x0y3+x10y0+x17y0"",""B"":""x5y0+x0y3+x0y19"",""b"":""X"",""d"":18,""excl_opp_detectors"":""True"",""k"":16,""l"":9,""leak_heralds"":""False"",""leak_repump"":""True"",""leakage"":""True"",""loss"":""True"",""m"":21,""n"":378,""p"":0.001,""prllel_1q"":336,""prllel_2q"":126,""r"":20,""repump_cycles"":3,""seq_meas"":""True"",""seq_ops"":""True"",""swapLRC"":""False""}",
        16,         0,         0,   0.419,bposd,5504117086a3317092df3aefd3d9dcaeddcedef971a26de69ae47837b09651a2,"{""A"":""x0y3+x10y0+x17y0"",""B"":""x5y0+x0y3+x0y19"",""b"":""X"",""d"":18,""excl_opp_detectors"":""True"",""k"":16,""l"":9,""leak_heralds"":""False"",""leak_repump"":""True"",""leakage"":""True"",""loss"":""True"",""m"":21,""n"":378,""p"":0.001,""prllel_1q"":336,""prllel_2q"":126,""r"":20,""repump_cycles"":3,""seq_meas"":""True"",""seq_ops"":""True"",""swapLRC"":""False""}",
        32,         0,         0,   0.558,bposd,5504117086a3317092df3aefd3d9dcaeddcedef971a26de69ae47837b09651a2,"{""A"":""x0y3+x10y0+x17y0"",""B"":""x5y0+x0y3+x0y19"",""b"":""X"",""d"":18,""excl_opp_detectors"":""True"",""k"":16,""l"":9,""leak_heralds"":""False"",""leak_repump"":""True"",""leakage"":""True"",""loss"":""True"",""m"":21,""n"":378,""p"":0.001,""prllel_1q"":336,""prllel_2q"":126,""r"":20,""repump_cycles"":3,""seq_meas"":""True"",""seq_ops"":""True"",""swapLRC"":""False""}",
        32,         0,         0,   0.833,bposd,5504117086a3317092df3aefd3d9dcaeddcedef971a26de69ae47837b09651a2,"{""A"":""x0y3+x10y0+x17y0"",""B"":""x5y0+x0y3+x0y19"",""b"":""X"",""d"":18,""excl_opp_detectors"":""True"",""k"":16,""l"":9,""leak_heralds"":""False"",""leak_repump"":""True"",""leakage"":""True"",""loss"":""True"",""m"":21,""n"":378,""p"":0.001,""prllel_1q"":336,""prllel_2q"":126,""r"":20,""repump_cycles"":3,""seq_meas"":""True"",""seq_ops"":""True"",""swapLRC"":""False""}",
        32,         0,         0,   0.695,bposd,5504117086a3317092df3aefd3d9dcaeddcedef971a26de69ae47837b09651a2,"{""A"":""x0y3+x10y0+x17y0"",""B"":""x5y0+x0y3+x0y19"",""b"":""X"",""d"":18,""excl_opp_detectors"":""True"",""k"":16,""l"":9,""leak_heralds"":""False"",""leak_repump"":""True"",""leakage"":""True"",""loss"":""True"",""m"":21,""n"":378,""p"":0.001,""prllel_1q"":336,""prllel_2q"":126,""r"":20,""repump_cycles"":3,""seq_meas"":""True"",""seq_ops"":""True"",""swapLRC"":""False""}",
        32,         0,         0,   0.877,bposd,5504117086a3317092df3aefd3d9dcaeddcedef971a26de69ae47837b09651a2,"{""A"":""x0y3+x10y0+x17y0"",""B"":""x5y0+x0y3+x0y19"",""b"":""X"",""d"":18,""excl_opp_detectors"":""True"",""k"":16,""l"":9,""leak_heralds"":""False"",""leak_repump"":""True"",""leakage"":""True"",""loss"":""True"",""m"":21,""n"":378,""p"":0.001,""prllel_1q"":336,""prllel_2q"":126,""r"":20,""repump_cycles"":3,""seq_meas"":""True"",""seq_ops"":""True"",""swapLRC"":""False""}",
        16,         0,         0,   0.293,bposd,5504117086a3317092df3aefd3d9dcaeddcedef971a26de69ae47837b09651a2,"{""A"":""x0y3+x10y0+x17y0"",""B"":""x5y0+x0y3+x0y19"",""b"":""X"",""d"":18,""excl_opp_detectors"":""True"",""k"":16,""l"":9,""leak_heralds"":""False"",""leak_repump"":""True"",""leakage"":""True"",""loss"":""True"",""m"":21,""n"":378,""p"":0.001,""prllel_1q"":336,""prllel_2q"":126,""r"":20,""repump_cycles"":3,""seq_meas"":""True"",""seq_ops"":""True"",""swapLRC"":""False""}",
        16,         0,         0,   0.440,bposd,5504117086a3317092df3aefd3d9dcaeddcedef971a26de69ae47837b09651a2,"{""A"":""x0y3+x10y0+x17y0"",""B"":""x5y0+x0y3+x0y19"",""b"":""X"",""d"":18,""excl_opp_detectors"":""True"",""k"":16,""l"":9,""leak_heralds"":""False"",""leak_repump"":""True"",""leakage"":""True"",""loss"":""True"",""m"":21,""n"":378,""p"":0.001,""prllel_1q"":336,""prllel_2q"":126,""r"":20,""repump_cycles"":3,""seq_meas"":""True"",""seq_ops"":""True"",""swapLRC"":""False""}",
        32,         0,         0,   0.878,bposd,5504117086a3317092df3aefd3d9dcaeddcedef971a26de69ae47837b09651a2,"{""A"":""x0y3+x10y0+x17y0"",""B"":""x5y0+x0y3+x0y19"",""b"":""X"",""d"":18,""excl_opp_detectors"":""True"",""k"":16,""l"":9,""leak_heralds"":""False"",""leak_repump"":""True"",""leakage"":""True"",""loss"":""True"",""m"":21,""n"":378,""p"":0.001,""prllel_1q"":336,""prllel_2q"":126,""r"":20,""repump_cycles"":3,""seq_meas"":""True"",""seq_ops"":""True"",""swapLRC"":""False""}",
        32,         0,         0,   0.602,bposd,5504117086a3317092df3aefd3d9dcaeddcedef971a26de69ae47837b09651a2,"{""A"":""x0y3+x10y0+x17y0"",""B"":""x5y0+x0y3+x0y19"",""b"":""X"",""d"":18,""excl_opp_detectors"":""True"",""k"":16,""l"":9,""leak_heralds"":""False"",""leak_repump"":""True"",""leakage"":""True"",""loss"":""True"",""m"":21,""n"":378,""p"":0.001,""prllel_1q"":336,""prllel_2q"":126,""r"":20,""repump_cycles"":3,""seq_meas"":""True"",""seq_ops"":""True"",""swapLRC"":""False""}",
        32,         0,         0,   0.668,bposd,5504117086a3317092df3aefd3d9dcaeddcedef971a26de69ae47837b09651a2,"{""A"":""x0y3+x10y0+x17y0"",""B"":""x5y0+x0y3+x0y19"",""b"":""X"",""d"":18,""excl_opp_detectors"":""True"",""k"":16,""l"":9,""leak_heralds"":""False"",""leak_repump"":""True"",""leakage"":""True"",""loss"":""True"",""m"":21,""n"":378,""p"":0.001,""prllel_1q"":336,""prllel_2q"":126,""r"":20,""repump_cycles"":3,""seq_meas"":""True"",""seq_ops"":""True"",""swapLRC"":""False""}",
        16,         0,         0,   0.461,bposd,5504117086a3317092df3aefd3d9dcaeddcedef971a26de69ae47837b09651a2,"{""A"":""x0y3+x10y0+x17y0"",""B"":""x5y0+x0y3+x0y19"",""b"":""X"",""d"":18,""excl_opp_detectors"":""True"",""k"":16,""l"":9,""leak_heralds"":""False"",""leak_repump"":""True"",""leakage"":""True"",""loss"":""True"",""m"":21,""n"":378,""p"":0.001,""prllel_1q"":336,""prllel_2q"":126,""r"":20,""repump_cycles"":3,""seq_meas"":""True"",""seq_ops"":""True"",""swapLRC"":""False""}",
        32,         0,         0,   0.757,bposd,5504117086a3317092df3aefd3d9dcaeddcedef971a26de69ae47837b09651a2,"{""A"":""x0y3+x10y0+x17y0"",""B"":""x5y0+x0y3+x0y19"",""b"":""X"",""d"":18,""excl_opp_detectors"":""True"",""k"":16,""l"":9,""leak_heralds"":""False"",""leak_repump"":""True"",""leakage"":""True"",""loss"":""True"",""m"":21,""n"":378,""p"":0.001,""prllel_1q"":336,""prllel_2q"":126,""r"":20,""repump_cycles"":3,""seq_meas"":""True"",""seq_ops"":""True"",""swapLRC"":""False""}",
        32,         0,         0,   0.836,bposd,5504117086a3317092df3aefd3d9dcaeddcedef971a26de69ae47837b09651a2,"{""A"":""x0y3+x10y0+x17y0"",""B"":""x5y0+x0y3+x0y19"",""b"":""X"",""d"":18,""excl_opp_detectors"":""True"",""k"":16,""l"":9,""leak_heralds"":""False"",""leak_repump"":""True"",""leakage"":""True"",""loss"":""True"",""m"":21,""n"":378,""p"":0.001,""prllel_1q"":336,""prllel_2q"":126,""r"":20,""repump_cycles"":3,""seq_meas"":""True"",""seq_ops"":""True"",""swapLRC"":""False""}",
        32,         0,         0,   0.571,bposd,5504117086a3317092df3aefd3d9dcaeddcedef971a26de69ae47837b09651a2,"{""A"":""x0y3+x10y0+x17y0"",""B"":""x5y0+x0y3+x0y19"",""b"":""X"",""d"":18,""excl_opp_detectors"":""True"",""k"":16,""l"":9,""leak_heralds"":""False"",""leak_repump"":""True"",""leakage"":""True"",""loss"":""True"",""m"":21,""n"":378,""p"":0.001,""prllel_1q"":336,""prllel_2q"":126,""r"":20,""repump_cycles"":3,""seq_meas"":""True"",""seq_ops"":""True"",""swapLRC"":""False""}",
        16,         0,         0,   0.592,bposd,5504117086a3317092df3aefd3d9dcaeddcedef971a26de69ae47837b09651a2,"{""A"":""x0y3+x10y0+x17y0"",""B"":""x5y0+x0y3+x0y19"",""b"":""X"",""d"":18,""excl_opp_detectors"":""True"",""k"":16,""l"":9,""leak_heralds"":""False"",""leak_repump"":""True"",""leakage"":""True"",""loss"":""True"",""m"":21,""n"":378,""p"":0.001,""prllel_1q"":336,""prllel_2q"":126,""r"":20,""repump_cycles"":3,""seq_meas"":""True"",""seq_ops"":""True"",""swapLRC"":""False""}",
        32,         0,         0,   0.732,bposd,5504117086a3317092df3aefd3d9dcaeddcedef971a26de69ae47837b09651a2,"{""A"":""x0y3+x10y0+x17y0"",""B"":""x5y0+x0y3+x0y19"",""b"":""X"",""d"":18,""excl_opp_detectors"":""True"",""k"":16,""l"":9,""leak_heralds"":""False"",""leak_repump"":""True"",""leakage"":""True"",""loss"":""True"",""m"":21,""n"":378,""p"":0.001,""prllel_1q"":336,""prllel_2q"":126,""r"":20,""repump_cycles"":3,""seq_meas"":""True"",""seq_ops"":""True"",""swapLRC"":""False""}",
        32,         0,         0,   0.663,bposd,5504117086a3317092df3aefd3d9dcaeddcedef971a26de69ae47837b09651a2,"{""A"":""x0y3+x10y0+x17y0"",""B"":""x5y0+x0y3+x0y19"",""b"":""X"",""d"":18,""excl_opp_detectors"":""True"",""k"":16,""l"":9,""leak_heralds"":""False"",""leak_repump"":""True"",""leakage"":""True"",""loss"":""True"",""m"":21,""n"":378,""p"":0.001,""prllel_1q"":336,""prllel_2q"":126,""r"":20,""repump_cycles"":3,""seq_meas"":""True"",""seq_ops"":""True"",""swapLRC"":""False""}",
        32,         0,         0,   0.736,bposd,5504117086a3317092df3aefd3d9dcaeddcedef971a26de69ae47837b09651a2,"{""A"":""x0y3+x10y0+x17y0"",""B"":""x5y0+x0y3+x0y19"",""b"":""X"",""d"":18,""excl_opp_detectors"":""True"",""k"":16,""l"":9,""leak_heralds"":""False"",""leak_repump"":""True"",""leakage"":""True"",""loss"":""True"",""m"":21,""n"":378,""p"":0.001,""prllel_1q"":336,""prllel_2q"":126,""r"":20,""repump_cycles"":3,""seq_meas"":""True"",""seq_ops"":""True"",""swapLRC"":""False""}",
        32,         0,         0,   0.773,bposd,5504117086a3317092df3aefd3d9dcaeddcedef971a26de69ae47837b09651a2,"{""A"":""x0y3+x10y0+x17y0"",""B"":""x5y0+x0y3+x0y19"",""b"":""X"",""d"":18,""excl_opp_detectors"":""True"",""k"":16,""l"":9,""leak_heralds"":""False"",""leak_repump"":""True"",""leakage"":""True"",""loss"":""True"",""m"":21,""n"":378,""p"":0.001,""prllel_1q"":336,""prllel_2q"":126,""r"":20,""repump_cycles"":3,""seq_meas"":""True"",""seq_ops"":""True"",""swapLRC"":""False""}",
        32,         0,         0,   0.547,bposd,5504117086a3317092df3aefd3d9dcaeddcedef971a26de69ae47837b09651a2,"{""A"":""x0y3+x10y0+x17y0"",""B"":""x5y0+x0y3+x0y19"",""b"":""X"",""d"":18,""excl_opp_detectors"":""True"",""k"":16,""l"":9,""leak_heralds"":""False"",""leak_repump"":""True"",""leakage"":""True"",""loss"":""True"",""m"":21,""n"":378,""p"":0.001,""prllel_1q"":336,""prllel_2q"":126,""r"":20,""repump_cycles"":3,""seq_meas"":""True"",""seq_ops"":""True"",""swapLRC"":""False""}",
        32,         0,         0,   0.710,bposd,5504117086a3317092df3aefd3d9dcaeddcedef971a26de69ae47837b09651a2,"{""A"":""x0y3+x10y0+x17y0"",""B"":""x5y0+x0y3+x0y19"",""b"":""X"",""d"":18,""excl_opp_detectors"":""True"",""k"":16,""l"":9,""leak_heralds"":""False"",""leak_repump"":""True"",""leakage"":""True"",""loss"":""True"",""m"":21,""n"":378,""p"":0.001,""prllel_1q"":336,""prllel_2q"":126,""r"":20,""repump_cycles"":3,""seq_meas"":""True"",""seq_ops"":""True"",""swapLRC"":""False""}",
        32,         0,         0,   0.846,bposd,5504117086a3317092df3aefd3d9dcaeddcedef971a26de69ae47837b09651a2,"{""A"":""x0y3+x10y0+x17y0"",""B"":""x5y0+x0y3+x0y19"",""b"":""X"",""d"":18,""excl_opp_detectors"":""True"",""k"":16,""l"":9,""leak_heralds"":""False"",""leak_repump"":""True"",""leakage"":""True"",""loss"":""True"",""m"":21,""n"":378,""p"":0.001,""prllel_1q"":336,""prllel_2q"":126,""r"":20,""repump_cycles"":3,""seq_meas"":""True"",""seq_ops"":""True"",""swapLRC"":""False""}",
        32,         0,         0,    1.20,bposd,5504117086a3317092df3aefd3d9dcaeddcedef971a26de69ae47837b09651a2,"{""A"":""x0y3+x10y0+x17y0"",""B"":""x5y0+x0y3+x0y19"",""b"":""X"",""d"":18,""excl_opp_detectors"":""True"",""k"":16,""l"":9,""leak_heralds"":""False"",""leak_repump"":""True"",""leakage"":""True"",""loss"":""True"",""m"":21,""n"":378,""p"":0.001,""prllel_1q"":336,""prllel_2q"":126,""r"":20,""repump_cycles"":3,""seq_meas"":""True"",""seq_ops"":""True"",""swapLRC"":""False""}",
        16,         0,         0,   0.592,bposd,5504117086a3317092df3aefd3d9dcaeddcedef971a26de69ae47837b09651a2,"{""A"":""x0y3+x10y0+x17y0"",""B"":""x5y0+x0y3+x0y19"",""b"":""X"",""d"":18,""excl_opp_detectors"":""True"",""k"":16,""l"":9,""leak_heralds"":""False"",""leak_repump"":""True"",""leakage"":""True"",""loss"":""True"",""m"":21,""n"":378,""p"":0.001,""prllel_1q"":336,""prllel_2q"":126,""r"":20,""repump_cycles"":3,""seq_meas"":""True"",""seq_ops"":""True"",""swapLRC"":""False""}",
        32,         0,         0,    1.15,bposd,5504117086a3317092df3aefd3d9dcaeddcedef971a26de69ae47837b09651a2,"{""A"":""x0y3+x10y0+x17y0"",""B"":""x5y0+x0y3+x0y19"",""b"":""X"",""d"":18,""excl_opp_detectors"":""True"",""k"":16,""l"":9,""leak_heralds"":""False"",""leak_repump"":""True"",""leakage"":""True"",""loss"":""True"",""m"":21,""n"":378,""p"":0.001,""prllel_1q"":336,""prllel_2q"":126,""r"":20,""repump_cycles"":3,""seq_meas"":""True"",""seq_ops"":""True"",""swapLRC"":""False""}",
        48,         0,         0,    1.06,bposd,5504117086a3317092df3aefd3d9dcaeddcedef971a26de69ae47837b09651a2,"{""A"":""x0y3+x10y0+x17y0"",""B"":""x5y0+x0y3+x0y19"",""b"":""X"",""d"":18,""excl_opp_detectors"":""True"",""k"":16,""l"":9,""leak_heralds"":""False"",""leak_repump"":""True"",""leakage"":""True"",""loss"":""True"",""m"":21,""n"":378,""p"":0.001,""prllel_1q"":336,""prllel_2q"":126,""r"":20,""repump_cycles"":3,""seq_meas"":""True"",""seq_ops"":""True"",""swapLRC"":""False""}",
        32,         0,         0,   0.695,bposd,5504117086a3317092df3aefd3d9dcaeddcedef971a26de69ae47837b09651a2,"{""A"":""x0y3+x10y0+x17y0"",""B"":""x5y0+x0y3+x0y19"",""b"":""X"",""d"":18,""excl_opp_detectors"":""True"",""k"":16,""l"":9,""leak_heralds"":""False"",""leak_repump"":""True"",""leakage"":""True"",""loss"":""True"",""m"":21,""n"":378,""p"":0.001,""prllel_1q"":336,""prllel_2q"":126,""r"":20,""repump_cycles"":3,""seq_meas"":""True"",""seq_ops"":""True"",""swapLRC"":""False""}",
        48,         0,         0,    1.51,bposd,5504117086a3317092df3aefd3d9dcaeddcedef971a26de69ae47837b09651a2,"{""A"":""x0y3+x10y0+x17y0"",""B"":""x5y0+x0y3+x0y19"",""b"":""X"",""d"":18,""excl_opp_detectors"":""True"",""k"":16,""l"":9,""leak_heralds"":""False"",""leak_repump"":""True"",""leakage"":""True"",""loss"":""True"",""m"":21,""n"":378,""p"":0.001,""prllel_1q"":336,""prllel_2q"":126,""r"":20,""repump_cycles"":3,""seq_meas"":""True"",""seq_ops"":""True"",""swapLRC"":""False""}",
        32,         0,         0,    1.25,bposd,5504117086a3317092df3aefd3d9dcaeddcedef971a26de69ae47837b09651a2,"{""A"":""x0y3+x10y0+x17y0"",""B"":""x5y0+x0y3+x0y19"",""b"":""X"",""d"":18,""excl_opp_detectors"":""True"",""k"":16,""l"":9,""leak_heralds"":""False"",""leak_repump"":""True"",""leakage"":""True"",""loss"":""True"",""m"":21,""n"":378,""p"":0.001,""prllel_1q"":336,""prllel_2q"":126,""r"":20,""repump_cycles"":3,""seq_meas"":""True"",""seq_ops"":""True"",""swapLRC"":""False""}",
        32,         0,         0,   0.813,bposd,5504117086a3317092df3aefd3d9dcaeddcedef971a26de69ae47837b09651a2,"{""A"":""x0y3+x10y0+x17y0"",""B"":""x5y0+x0y3+x0y19"",""b"":""X"",""d"":18,""excl_opp_detectors"":""True"",""k"":16,""l"":9,""leak_heralds"":""False"",""leak_repump"":""True"",""leakage"":""True"",""loss"":""True"",""m"":21,""n"":378,""p"":0.001,""prllel_1q"":336,""prllel_2q"":126,""r"":20,""repump_cycles"":3,""seq_meas"":""True"",""seq_ops"":""True"",""swapLRC"":""False""}",
        32,         0,         0,    1.86,bposd,5504117086a3317092df3aefd3d9dcaeddcedef971a26de69ae47837b09651a2,"{""A"":""x0y3+x10y0+x17y0"",""B"":""x5y0+x0y3+x0y19"",""b"":""X"",""d"":18,""excl_opp_detectors"":""True"",""k"":16,""l"":9,""leak_heralds"":""False"",""leak_repump"":""True"",""leakage"":""True"",""loss"":""True"",""m"":21,""n"":378,""p"":0.001,""prllel_1q"":336,""prllel_2q"":126,""r"":20,""repump_cycles"":3,""seq_meas"":""True"",""seq_ops"":""True"",""swapLRC"":""False""}",
        32,         0,         0,   0.733,bposd,5504117086a3317092df3aefd3d9dcaeddcedef971a26de69ae47837b09651a2,"{""A"":""x0y3+x10y0+x17y0"",""B"":""x5y0+x0y3+x0y19"",""b"":""X"",""d"":18,""excl_opp_detectors"":""True"",""k"":16,""l"":9,""leak_heralds"":""False"",""leak_repump"":""True"",""leakage"":""True"",""loss"":""True"",""m"":21,""n"":378,""p"":0.001,""prllel_1q"":336,""prllel_2q"":126,""r"":20,""repump_cycles"":3,""seq_meas"":""True"",""seq_ops"":""True"",""swapLRC"":""False""}",
        32,         0,         0,   0.897,bposd,5504117086a3317092df3aefd3d9dcaeddcedef971a26de69ae47837b09651a2,"{""A"":""x0y3+x10y0+x17y0"",""B"":""x5y0+x0y3+x0y19"",""b"":""X"",""d"":18,""excl_opp_detectors"":""True"",""k"":16,""l"":9,""leak_heralds"":""False"",""leak_repump"":""True"",""leakage"":""True"",""loss"":""True"",""m"":21,""n"":378,""p"":0.001,""prllel_1q"":336,""prllel_2q"":126,""r"":20,""repump_cycles"":3,""seq_meas"":""True"",""seq_ops"":""True"",""swapLRC"":""False""}",
        16,         0,         0,   0.686,bposd,5504117086a3317092df3aefd3d9dcaeddcedef971a26de69ae47837b09651a2,"{""A"":""x0y3+x10y0+x17y0"",""B"":""x5y0+x0y3+x0y19"",""b"":""X"",""d"":18,""excl_opp_detectors"":""True"",""k"":16,""l"":9,""leak_heralds"":""False"",""leak_repump"":""True"",""leakage"":""True"",""loss"":""True"",""m"":21,""n"":378,""p"":0.001,""prllel_1q"":336,""prllel_2q"":126,""r"":20,""repump_cycles"":3,""seq_meas"":""True"",""seq_ops"":""True"",""swapLRC"":""False""}",
        32,         0,         0,   0.975,bposd,5504117086a3317092df3aefd3d9dcaeddcedef971a26de69ae47837b09651a2,"{""A"":""x0y3+x10y0+x17y0"",""B"":""x5y0+x0y3+x0y19"",""b"":""X"",""d"":18,""excl_opp_detectors"":""True"",""k"":16,""l"":9,""leak_heralds"":""False"",""leak_repump"":""True"",""leakage"":""True"",""loss"":""True"",""m"":21,""n"":378,""p"":0.001,""prllel_1q"":336,""prllel_2q"":126,""r"":20,""repump_cycles"":3,""seq_meas"":""True"",""seq_ops"":""True"",""swapLRC"":""False""}",
        32,         0,         0,    1.86,bposd,5504117086a3317092df3aefd3d9dcaeddcedef971a26de69ae47837b09651a2,"{""A"":""x0y3+x10y0+x17y0"",""B"":""x5y0+x0y3+x0y19"",""b"":""X"",""d"":18,""excl_opp_detectors"":""True"",""k"":16,""l"":9,""leak_heralds"":""False"",""leak_repump"":""True"",""leakage"":""True"",""loss"":""True"",""m"":21,""n"":378,""p"":0.001,""prllel_1q"":336,""prllel_2q"":126,""r"":20,""repump_cycles"":3,""seq_meas"":""True"",""seq_ops"":""True"",""swapLRC"":""False""}",
        48,         0,         0,    1.15,bposd,5504117086a3317092df3aefd3d9dcaeddcedef971a26de69ae47837b09651a2,"{""A"":""x0y3+x10y0+x17y0"",""B"":""x5y0+x0y3+x0y19"",""b"":""X"",""d"":18,""excl_opp_detectors"":""True"",""k"":16,""l"":9,""leak_heralds"":""False"",""leak_repump"":""True"",""leakage"":""True"",""loss"":""True"",""m"":21,""n"":378,""p"":0.001,""prllel_1q"":336,""prllel_2q"":126,""r"":20,""repump_cycles"":3,""seq_meas"":""True"",""seq_ops"":""True"",""swapLRC"":""False""}",
        32,         0,         0,    1.27,bposd,5504117086a3317092df3aefd3d9dcaeddcedef971a26de69ae47837b09651a2,"{""A"":""x0y3+x10y0+x17y0"",""B"":""x5y0+x0y3+x0y19"",""b"":""X"",""d"":18,""excl_opp_detectors"":""True"",""k"":16,""l"":9,""leak_heralds"":""False"",""leak_repump"":""True"",""leakage"":""True"",""loss"":""True"",""m"":21,""n"":378,""p"":0.001,""prllel_1q"":336,""prllel_2q"":126,""r"":20,""repump_cycles"":3,""seq_meas"":""True"",""seq_ops"":""True"",""swapLRC"":""False""}",
        16,         0,         0,   0.727,bposd,5504117086a3317092df3aefd3d9dcaeddcedef971a26de69ae47837b09651a2,"{""A"":""x0y3+x10y0+x17y0"",""B"":""x5y0+x0y3+x0y19"",""b"":""X"",""d"":18,""excl_opp_detectors"":""True"",""k"":16,""l"":9,""leak_heralds"":""False"",""leak_repump"":""True"",""leakage"":""True"",""loss"":""True"",""m"":21,""n"":378,""p"":0.001,""prllel_1q"":336,""prllel_2q"":126,""r"":20,""repump_cycles"":3,""seq_meas"":""True"",""seq_ops"":""True"",""swapLRC"":""False""}",
        32,         0,         0,   0.883,bposd,5504117086a3317092df3aefd3d9dcaeddcedef971a26de69ae47837b09651a2,"{""A"":""x0y3+x10y0+x17y0"",""B"":""x5y0+x0y3+x0y19"",""b"":""X"",""d"":18,""excl_opp_detectors"":""True"",""k"":16,""l"":9,""leak_heralds"":""False"",""leak_repump"":""True"",""leakage"":""True"",""loss"":""True"",""m"":21,""n"":378,""p"":0.001,""prllel_1q"":336,""prllel_2q"":126,""r"":20,""repump_cycles"":3,""seq_meas"":""True"",""seq_ops"":""True"",""swapLRC"":""False""}",
        48,         0,         0,    1.06,bposd,5504117086a3317092df3aefd3d9dcaeddcedef971a26de69ae47837b09651a2,"{""A"":""x0y3+x10y0+x17y0"",""B"":""x5y0+x0y3+x0y19"",""b"":""X"",""d"":18,""excl_opp_detectors"":""True"",""k"":16,""l"":9,""leak_heralds"":""False"",""leak_repump"":""True"",""leakage"":""True"",""loss"":""True"",""m"":21,""n"":378,""p"":0.001,""prllel_1q"":336,""prllel_2q"":126,""r"":20,""repump_cycles"":3,""seq_meas"":""True"",""seq_ops"":""True"",""swapLRC"":""False""}",
        32,         0,         0,   0.859,bposd,5504117086a3317092df3aefd3d9dcaeddcedef971a26de69ae47837b09651a2,"{""A"":""x0y3+x10y0+x17y0"",""B"":""x5y0+x0y3+x0y19"",""b"":""X"",""d"":18,""excl_opp_detectors"":""True"",""k"":16,""l"":9,""leak_heralds"":""False"",""leak_repump"":""True"",""leakage"":""True"",""loss"":""True"",""m"":21,""n"":378,""p"":0.001,""prllel_1q"":336,""prllel_2q"":126,""r"":20,""repump_cycles"":3,""seq_meas"":""True"",""seq_ops"":""True"",""swapLRC"":""False""}",
        16,         0,         0,   0.540,bposd,5504117086a3317092df3aefd3d9dcaeddcedef971a26de69ae47837b09651a2,"{""A"":""x0y3+x10y0+x17y0"",""B"":""x5y0+x0y3+x0y19"",""b"":""X"",""d"":18,""excl_opp_detectors"":""True"",""k"":16,""l"":9,""leak_heralds"":""False"",""leak_repump"":""True"",""leakage"":""True"",""loss"":""True"",""m"":21,""n"":378,""p"":0.001,""prllel_1q"":336,""prllel_2q"":126,""r"":20,""repump_cycles"":3,""seq_meas"":""True"",""seq_ops"":""True"",""swapLRC"":""False""}",
        32,         0,         0,   0.962,bposd,5504117086a3317092df3aefd3d9dcaeddcedef971a26de69ae47837b09651a2,"{""A"":""x0y3+x10y0+x17y0"",""B"":""x5y0+x0y3+x0y19"",""b"":""X"",""d"":18,""excl_opp_detectors"":""True"",""k"":16,""l"":9,""leak_heralds"":""False"",""leak_repump"":""True"",""leakage"":""True"",""loss"":""True"",""m"":21,""n"":378,""p"":0.001,""prllel_1q"":336,""prllel_2q"":126,""r"":20,""repump_cycles"":3,""seq_meas"":""True"",""seq_ops"":""True"",""swapLRC"":""False""}",
        64,         0,         0,    1.61,bposd,5504117086a3317092df3aefd3d9dcaeddcedef971a26de69ae47837b09651a2,"{""A"":""x0y3+x10y0+x17y0"",""B"":""x5y0+x0y3+x0y19"",""b"":""X"",""d"":18,""excl_opp_detectors"":""True"",""k"":16,""l"":9,""leak_heralds"":""False"",""leak_repump"":""True"",""leakage"":""True"",""loss"":""True"",""m"":21,""n"":378,""p"":0.001,""prllel_1q"":336,""prllel_2q"":126,""r"":20,""repump_cycles"":3,""seq_meas"":""True"",""seq_ops"":""True"",""swapLRC"":""False""}",
        32,         0,         0,   0.948,bposd,5504117086a3317092df3aefd3d9dcaeddcedef971a26de69ae47837b09651a2,"{""A"":""x0y3+x10y0+x17y0"",""B"":""x5y0+x0y3+x0y19"",""b"":""X"",""d"":18,""excl_opp_detectors"":""True"",""k"":16,""l"":9,""leak_heralds"":""False"",""leak_repump"":""True"",""leakage"":""True"",""loss"":""True"",""m"":21,""n"":378,""p"":0.001,""prllel_1q"":336,""prllel_2q"":126,""r"":20,""repump_cycles"":3,""seq_meas"":""True"",""seq_ops"":""True"",""swapLRC"":""False""}",
        32,         0,         0,    1.18,bposd,5504117086a3317092df3aefd3d9dcaeddcedef971a26de69ae47837b09651a2,"{""A"":""x0y3+x10y0+x17y0"",""B"":""x5y0+x0y3+x0y19"",""b"":""X"",""d"":18,""excl_opp_detectors"":""True"",""k"":16,""l"":9,""leak_heralds"":""False"",""leak_repump"":""True"",""leakage"":""True"",""loss"":""True"",""m"":21,""n"":378,""p"":0.001,""prllel_1q"":336,""prllel_2q"":126,""r"":20,""repump_cycles"":3,""seq_meas"":""True"",""seq_ops"":""True"",""swapLRC"":""False""}",
        32,         0,         0,    1.08,bposd,5504117086a3317092df3aefd3d9dcaeddcedef971a26de69ae47837b09651a2,"{""A"":""x0y3+x10y0+x17y0"",""B"":""x5y0+x0y3+x0y19"",""b"":""X"",""d"":18,""excl_opp_detectors"":""True"",""k"":16,""l"":9,""leak_heralds"":""False"",""leak_repump"":""True"",""leakage"":""True"",""loss"":""True"",""m"":21,""n"":378,""p"":0.001,""prllel_1q"":336,""prllel_2q"":126,""r"":20,""repump_cycles"":3,""seq_meas"":""True"",""seq_ops"":""True"",""swapLRC"":""False""}",
        32,         0,         0,    1.23,bposd,5504117086a3317092df3aefd3d9dcaeddcedef971a26de69ae47837b09651a2,"{""A"":""x0y3+x10y0+x17y0"",""B"":""x5y0+x0y3+x0y19"",""b"":""X"",""d"":18,""excl_opp_detectors"":""True"",""k"":16,""l"":9,""leak_heralds"":""False"",""leak_repump"":""True"",""leakage"":""True"",""loss"":""True"",""m"":21,""n"":378,""p"":0.001,""prllel_1q"":336,""prllel_2q"":126,""r"":20,""repump_cycles"":3,""seq_meas"":""True"",""seq_ops"":""True"",""swapLRC"":""False""}",
        64,         0,         0,    1.59,bposd,5504117086a3317092df3aefd3d9dcaeddcedef971a26de69ae47837b09651a2,"{""A"":""x0y3+x10y0+x17y0"",""B"":""x5y0+x0y3+x0y19"",""b"":""X"",""d"":18,""excl_opp_detectors"":""True"",""k"":16,""l"":9,""leak_heralds"":""False"",""leak_repump"":""True"",""leakage"":""True"",""loss"":""True"",""m"":21,""n"":378,""p"":0.001,""prllel_1q"":336,""prllel_2q"":126,""r"":20,""repump_cycles"":3,""seq_meas"":""True"",""seq_ops"":""True"",""swapLRC"":""False""}",
        32,         0,         0,   0.656,bposd,5504117086a3317092df3aefd3d9dcaeddcedef971a26de69ae47837b09651a2,"{""A"":""x0y3+x10y0+x17y0"",""B"":""x5y0+x0y3+x0y19"",""b"":""X"",""d"":18,""excl_opp_detectors"":""True"",""k"":16,""l"":9,""leak_heralds"":""False"",""leak_repump"":""True"",""leakage"":""True"",""loss"":""True"",""m"":21,""n"":378,""p"":0.001,""prllel_1q"":336,""prllel_2q"":126,""r"":20,""repump_cycles"":3,""seq_meas"":""True"",""seq_ops"":""True"",""swapLRC"":""False""}",
        32,         0,         0,   0.881,bposd,5504117086a3317092df3aefd3d9dcaeddcedef971a26de69ae47837b09651a2,"{""A"":""x0y3+x10y0+x17y0"",""B"":""x5y0+x0y3+x0y19"",""b"":""X"",""d"":18,""excl_opp_detectors"":""True"",""k"":16,""l"":9,""leak_heralds"":""False"",""leak_repump"":""True"",""leakage"":""True"",""loss"":""True"",""m"":21,""n"":378,""p"":0.001,""prllel_1q"":336,""prllel_2q"":126,""r"":20,""repump_cycles"":3,""seq_meas"":""True"",""seq_ops"":""True"",""swapLRC"":""False""}",
        32,         0,         0,    1.51,bposd,5504117086a3317092df3aefd3d9dcaeddcedef971a26de69ae47837b09651a2,"{""A"":""x0y3+x10y0+x17y0"",""B"":""x5y0+x0y3+x0y19"",""b"":""X"",""d"":18,""excl_opp_detectors"":""True"",""k"":16,""l"":9,""leak_heralds"":""False"",""leak_repump"":""True"",""leakage"":""True"",""loss"":""True"",""m"":21,""n"":378,""p"":0.001,""prllel_1q"":336,""prllel_2q"":126,""r"":20,""repump_cycles"":3,""seq_meas"":""True"",""seq_ops"":""True"",""swapLRC"":""False""}",
        32,         0,         0,    1.06,bposd,5504117086a3317092df3aefd3d9dcaeddcedef971a26de69ae47837b09651a2,"{""A"":""x0y3+x10y0+x17y0"",""B"":""x5y0+x0y3+x0y19"",""b"":""X"",""d"":18,""excl_opp_detectors"":""True"",""k"":16,""l"":9,""leak_heralds"":""False"",""leak_repump"":""True"",""leakage"":""True"",""loss"":""True"",""m"":21,""n"":378,""p"":0.001,""prllel_1q"":336,""prllel_2q"":126,""r"":20,""repump_cycles"":3,""seq_meas"":""True"",""seq_ops"":""True"",""swapLRC"":""False""}",
        48,         0,         0,    1.35,bposd,5504117086a3317092df3aefd3d9dcaeddcedef971a26de69ae47837b09651a2,"{""A"":""x0y3+x10y0+x17y0"",""B"":""x5y0+x0y3+x0y19"",""b"":""X"",""d"":18,""excl_opp_detectors"":""True"",""k"":16,""l"":9,""leak_heralds"":""False"",""leak_repump"":""True"",""leakage"":""True"",""loss"":""True"",""m"":21,""n"":378,""p"":0.001,""prllel_1q"":336,""prllel_2q"":126,""r"":20,""repump_cycles"":3,""seq_meas"":""True"",""seq_ops"":""True"",""swapLRC"":""False""}",
        32,         0,         0,    1.50,bposd,5504117086a3317092df3aefd3d9dcaeddcedef971a26de69ae47837b09651a2,"{""A"":""x0y3+x10y0+x17y0"",""B"":""x5y0+x0y3+x0y19"",""b"":""X"",""d"":18,""excl_opp_detectors"":""True"",""k"":16,""l"":9,""leak_heralds"":""False"",""leak_repump"":""True"",""leakage"":""True"",""loss"":""True"",""m"":21,""n"":378,""p"":0.001,""prllel_1q"":336,""prllel_2q"":126,""r"":20,""repump_cycles"":3,""seq_meas"":""True"",""seq_ops"":""True"",""swapLRC"":""False""}",
        16,         0,         0,   0.562,bposd,5504117086a3317092df3aefd3d9dcaeddcedef971a26de69ae47837b09651a2,"{""A"":""x0y3+x10y0+x17y0"",""B"":""x5y0+x0y3+x0y19"",""b"":""X"",""d"":18,""excl_opp_detectors"":""True"",""k"":16,""l"":9,""leak_heralds"":""False"",""leak_repump"":""True"",""leakage"":""True"",""loss"":""True"",""m"":21,""n"":378,""p"":0.001,""prllel_1q"":336,""prllel_2q"":126,""r"":20,""repump_cycles"":3,""seq_meas"":""True"",""seq_ops"":""True"",""swapLRC"":""False""}",
        32,         0,         0,   0.834,bposd,5504117086a3317092df3aefd3d9dcaeddcedef971a26de69ae47837b09651a2,"{""A"":""x0y3+x10y0+x17y0"",""B"":""x5y0+x0y3+x0y19"",""b"":""X"",""d"":18,""excl_opp_detectors"":""True"",""k"":16,""l"":9,""leak_heralds"":""False"",""leak_repump"":""True"",""leakage"":""True"",""loss"":""True"",""m"":21,""n"":378,""p"":0.001,""prllel_1q"":336,""prllel_2q"":126,""r"":20,""repump_cycles"":3,""seq_meas"":""True"",""seq_ops"":""True"",""swapLRC"":""False""}",
        64,         0,         0,    1.65,bposd,5504117086a3317092df3aefd3d9dcaeddcedef971a26de69ae47837b09651a2,"{""A"":""x0y3+x10y0+x17y0"",""B"":""x5y0+x0y3+x0y19"",""b"":""X"",""d"":18,""excl_opp_detectors"":""True"",""k"":16,""l"":9,""leak_heralds"":""False"",""leak_repump"":""True"",""leakage"":""True"",""loss"":""True"",""m"":21,""n"":378,""p"":0.001,""prllel_1q"":336,""prllel_2q"":126,""r"":20,""repump_cycles"":3,""seq_meas"":""True"",""seq_ops"":""True"",""swapLRC"":""False""}",
        32,         0,         0,    1.21,bposd,5504117086a3317092df3aefd3d9dcaeddcedef971a26de69ae47837b09651a2,"{""A"":""x0y3+x10y0+x17y0"",""B"":""x5y0+x0y3+x0y19"",""b"":""X"",""d"":18,""excl_opp_detectors"":""True"",""k"":16,""l"":9,""leak_heralds"":""False"",""leak_repump"":""True"",""leakage"":""True"",""loss"":""True"",""m"":21,""n"":378,""p"":0.001,""prllel_1q"":336,""prllel_2q"":126,""r"":20,""repump_cycles"":3,""seq_meas"":""True"",""seq_ops"":""True"",""swapLRC"":""False""}",
        32,         0,         0,   0.746,bposd,5504117086a3317092df3aefd3d9dcaeddcedef971a26de69ae47837b09651a2,"{""A"":""x0y3+x10y0+x17y0"",""B"":""x5y0+x0y3+x0y19"",""b"":""X"",""d"":18,""excl_opp_detectors"":""True"",""k"":16,""l"":9,""leak_heralds"":""False"",""leak_repump"":""True"",""leakage"":""True"",""loss"":""True"",""m"":21,""n"":378,""p"":0.001,""prllel_1q"":336,""prllel_2q"":126,""r"":20,""repump_cycles"":3,""seq_meas"":""True"",""seq_ops"":""True"",""swapLRC"":""False""}",
        32,         0,         0,    1.22,bposd,5504117086a3317092df3aefd3d9dcaeddcedef971a26de69ae47837b09651a2,"{""A"":""x0y3+x10y0+x17y0"",""B"":""x5y0+x0y3+x0y19"",""b"":""X"",""d"":18,""excl_opp_detectors"":""True"",""k"":16,""l"":9,""leak_heralds"":""False"",""leak_repump"":""True"",""leakage"":""True"",""loss"":""True"",""m"":21,""n"":378,""p"":0.001,""prllel_1q"":336,""prllel_2q"":126,""r"":20,""repump_cycles"":3,""seq_meas"":""True"",""seq_ops"":""True"",""swapLRC"":""False""}",
        16,         0,         0,   0.447,bposd,5504117086a3317092df3aefd3d9dcaeddcedef971a26de69ae47837b09651a2,"{""A"":""x0y3+x10y0+x17y0"",""B"":""x5y0+x0y3+x0y19"",""b"":""X"",""d"":18,""excl_opp_detectors"":""True"",""k"":16,""l"":9,""leak_heralds"":""False"",""leak_repump"":""True"",""leakage"":""True"",""loss"":""True"",""m"":21,""n"":378,""p"":0.001,""prllel_1q"":336,""prllel_2q"":126,""r"":20,""repump_cycles"":3,""seq_meas"":""True"",""seq_ops"":""True"",""swapLRC"":""False""}",
        32,         0,         0,   0.738,bposd,5504117086a3317092df3aefd3d9dcaeddcedef971a26de69ae47837b09651a2,"{""A"":""x0y3+x10y0+x17y0"",""B"":""x5y0+x0y3+x0y19"",""b"":""X"",""d"":18,""excl_opp_detectors"":""True"",""k"":16,""l"":9,""leak_heralds"":""False"",""leak_repump"":""True"",""leakage"":""True"",""loss"":""True"",""m"":21,""n"":378,""p"":0.001,""prllel_1q"":336,""prllel_2q"":126,""r"":20,""repump_cycles"":3,""seq_meas"":""True"",""seq_ops"":""True"",""swapLRC"":""False""}",
        32,         0,         0,   0.817,bposd,5504117086a3317092df3aefd3d9dcaeddcedef971a26de69ae47837b09651a2,"{""A"":""x0y3+x10y0+x17y0"",""B"":""x5y0+x0y3+x0y19"",""b"":""X"",""d"":18,""excl_opp_detectors"":""True"",""k"":16,""l"":9,""leak_heralds"":""False"",""leak_repump"":""True"",""leakage"":""True"",""loss"":""True"",""m"":21,""n"":378,""p"":0.001,""prllel_1q"":336,""prllel_2q"":126,""r"":20,""repump_cycles"":3,""seq_meas"":""True"",""seq_ops"":""True"",""swapLRC"":""False""}",
        16,         0,         0,   0.503,bposd,5504117086a3317092df3aefd3d9dcaeddcedef971a26de69ae47837b09651a2,"{""A"":""x0y3+x10y0+x17y0"",""B"":""x5y0+x0y3+x0y19"",""b"":""X"",""d"":18,""excl_opp_detectors"":""True"",""k"":16,""l"":9,""leak_heralds"":""False"",""leak_repump"":""True"",""leakage"":""True"",""loss"":""True"",""m"":21,""n"":378,""p"":0.001,""prllel_1q"":336,""prllel_2q"":126,""r"":20,""repump_cycles"":3,""seq_meas"":""True"",""seq_ops"":""True"",""swapLRC"":""False""}",
        32,         0,         0,   0.702,bposd,5504117086a3317092df3aefd3d9dcaeddcedef971a26de69ae47837b09651a2,"{""A"":""x0y3+x10y0+x17y0"",""B"":""x5y0+x0y3+x0y19"",""b"":""X"",""d"":18,""excl_opp_detectors"":""True"",""k"":16,""l"":9,""leak_heralds"":""False"",""leak_repump"":""True"",""leakage"":""True"",""loss"":""True"",""m"":21,""n"":378,""p"":0.001,""prllel_1q"":336,""prllel_2q"":126,""r"":20,""repump_cycles"":3,""seq_meas"":""True"",""seq_ops"":""True"",""swapLRC"":""False""}",
        32,         0,         0,   0.652,bposd,5504117086a3317092df3aefd3d9dcaeddcedef971a26de69ae47837b09651a2,"{""A"":""x0y3+x10y0+x17y0"",""B"":""x5y0+x0y3+x0y19"",""b"":""X"",""d"":18,""excl_opp_detectors"":""True"",""k"":16,""l"":9,""leak_heralds"":""False"",""leak_repump"":""True"",""leakage"":""True"",""loss"":""True"",""m"":21,""n"":378,""p"":0.001,""prllel_1q"":336,""prllel_2q"":126,""r"":20,""repump_cycles"":3,""seq_meas"":""True"",""seq_ops"":""True"",""swapLRC"":""False""}",
        48,         0,         0,    1.35,bposd,5504117086a3317092df3aefd3d9dcaeddcedef971a26de69ae47837b09651a2,"{""A"":""x0y3+x10y0+x17y0"",""B"":""x5y0+x0y3+x0y19"",""b"":""X"",""d"":18,""excl_opp_detectors"":""True"",""k"":16,""l"":9,""leak_heralds"":""False"",""leak_repump"":""True"",""leakage"":""True"",""loss"":""True"",""m"":21,""n"":378,""p"":0.001,""prllel_1q"":336,""prllel_2q"":126,""r"":20,""repump_cycles"":3,""seq_meas"":""True"",""seq_ops"":""True"",""swapLRC"":""False""}",
        64,         0,         0,    1.41,bposd,5504117086a3317092df3aefd3d9dcaeddcedef971a26de69ae47837b09651a2,"{""A"":""x0y3+x10y0+x17y0"",""B"":""x5y0+x0y3+x0y19"",""b"":""X"",""d"":18,""excl_opp_detectors"":""True"",""k"":16,""l"":9,""leak_heralds"":""False"",""leak_repump"":""True"",""leakage"":""True"",""loss"":""True"",""m"":21,""n"":378,""p"":0.001,""prllel_1q"":336,""prllel_2q"":126,""r"":20,""repump_cycles"":3,""seq_meas"":""True"",""seq_ops"":""True"",""swapLRC"":""False""}",
        32,         0,         0,   0.744,bposd,5504117086a3317092df3aefd3d9dcaeddcedef971a26de69ae47837b09651a2,"{""A"":""x0y3+x10y0+x17y0"",""B"":""x5y0+x0y3+x0y19"",""b"":""X"",""d"":18,""excl_opp_detectors"":""True"",""k"":16,""l"":9,""leak_heralds"":""False"",""leak_repump"":""True"",""leakage"":""True"",""loss"":""True"",""m"":21,""n"":378,""p"":0.001,""prllel_1q"":336,""prllel_2q"":126,""r"":20,""repump_cycles"":3,""seq_meas"":""True"",""seq_ops"":""True"",""swapLRC"":""False""}",
        48,         0,         0,    1.20,bposd,5504117086a3317092df3aefd3d9dcaeddcedef971a26de69ae47837b09651a2,"{""A"":""x0y3+x10y0+x17y0"",""B"":""x5y0+x0y3+x0y19"",""b"":""X"",""d"":18,""excl_opp_detectors"":""True"",""k"":16,""l"":9,""leak_heralds"":""False"",""leak_repump"":""True"",""leakage"":""True"",""loss"":""True"",""m"":21,""n"":378,""p"":0.001,""prllel_1q"":336,""prllel_2q"":126,""r"":20,""repump_cycles"":3,""seq_meas"":""True"",""seq_ops"":""True"",""swapLRC"":""False""}",
        32,         0,         0,   0.736,bposd,5504117086a3317092df3aefd3d9dcaeddcedef971a26de69ae47837b09651a2,"{""A"":""x0y3+x10y0+x17y0"",""B"":""x5y0+x0y3+x0y19"",""b"":""X"",""d"":18,""excl_opp_detectors"":""True"",""k"":16,""l"":9,""leak_heralds"":""False"",""leak_repump"":""True"",""leakage"":""True"",""loss"":""True"",""m"":21,""n"":378,""p"":0.001,""prllel_1q"":336,""prllel_2q"":126,""r"":20,""repump_cycles"":3,""seq_meas"":""True"",""seq_ops"":""True"",""swapLRC"":""False""}",
        16,         0,         0,    2.13,bposd,5504117086a3317092df3aefd3d9dcaeddcedef971a26de69ae47837b09651a2,"{""A"":""x0y3+x10y0+x17y0"",""B"":""x5y0+x0y3+x0y19"",""b"":""X"",""d"":18,""excl_opp_detectors"":""True"",""k"":16,""l"":9,""leak_heralds"":""False"",""leak_repump"":""True"",""leakage"":""True"",""loss"":""True"",""m"":21,""n"":378,""p"":0.001,""prllel_1q"":336,""prllel_2q"":126,""r"":20,""repump_cycles"":3,""seq_meas"":""True"",""seq_ops"":""True"",""swapLRC"":""False""}",
        32,         0,         0,   0.884,bposd,5504117086a3317092df3aefd3d9dcaeddcedef971a26de69ae47837b09651a2,"{""A"":""x0y3+x10y0+x17y0"",""B"":""x5y0+x0y3+x0y19"",""b"":""X"",""d"":18,""excl_opp_detectors"":""True"",""k"":16,""l"":9,""leak_heralds"":""False"",""leak_repump"":""True"",""leakage"":""True"",""loss"":""True"",""m"":21,""n"":378,""p"":0.001,""prllel_1q"":336,""prllel_2q"":126,""r"":20,""repump_cycles"":3,""seq_meas"":""True"",""seq_ops"":""True"",""swapLRC"":""False""}",
        32,         0,         0,   0.714,bposd,5504117086a3317092df3aefd3d9dcaeddcedef971a26de69ae47837b09651a2,"{""A"":""x0y3+x10y0+x17y0"",""B"":""x5y0+x0y3+x0y19"",""b"":""X"",""d"":18,""excl_opp_detectors"":""True"",""k"":16,""l"":9,""leak_heralds"":""False"",""leak_repump"":""True"",""leakage"":""True"",""loss"":""True"",""m"":21,""n"":378,""p"":0.001,""prllel_1q"":336,""prllel_2q"":126,""r"":20,""repump_cycles"":3,""seq_meas"":""True"",""seq_ops"":""True"",""swapLRC"":""False""}",
        32,         0,         0,   0.861,bposd,5504117086a3317092df3aefd3d9dcaeddcedef971a26de69ae47837b09651a2,"{""A"":""x0y3+x10y0+x17y0"",""B"":""x5y0+x0y3+x0y19"",""b"":""X"",""d"":18,""excl_opp_detectors"":""True"",""k"":16,""l"":9,""leak_heralds"":""False"",""leak_repump"":""True"",""leakage"":""True"",""loss"":""True"",""m"":21,""n"":378,""p"":0.001,""prllel_1q"":336,""prllel_2q"":126,""r"":20,""repump_cycles"":3,""seq_meas"":""True"",""seq_ops"":""True"",""swapLRC"":""False""}",
        64,         0,         0,    1.75,bposd,5504117086a3317092df3aefd3d9dcaeddcedef971a26de69ae47837b09651a2,"{""A"":""x0y3+x10y0+x17y0"",""B"":""x5y0+x0y3+x0y19"",""b"":""X"",""d"":18,""excl_opp_detectors"":""True"",""k"":16,""l"":9,""leak_heralds"":""False"",""leak_repump"":""True"",""leakage"":""True"",""loss"":""True"",""m"":21,""n"":378,""p"":0.001,""prllel_1q"":336,""prllel_2q"":126,""r"":20,""repump_cycles"":3,""seq_meas"":""True"",""seq_ops"":""True"",""swapLRC"":""False""}",
        16,         0,         0,    6.99,bposd,5504117086a3317092df3aefd3d9dcaeddcedef971a26de69ae47837b09651a2,"{""A"":""x0y3+x10y0+x17y0"",""B"":""x5y0+x0y3+x0y19"",""b"":""X"",""d"":18,""excl_opp_detectors"":""True"",""k"":16,""l"":9,""leak_heralds"":""False"",""leak_repump"":""True"",""leakage"":""True"",""loss"":""True"",""m"":21,""n"":378,""p"":0.001,""prllel_1q"":336,""prllel_2q"":126,""r"":20,""repump_cycles"":3,""seq_meas"":""True"",""seq_ops"":""True"",""swapLRC"":""False""}",
        32,         0,         0,    2.40,bposd,5504117086a3317092df3aefd3d9dcaeddcedef971a26de69ae47837b09651a2,"{""A"":""x0y3+x10y0+x17y0"",""B"":""x5y0+x0y3+x0y19"",""b"":""X"",""d"":18,""excl_opp_detectors"":""True"",""k"":16,""l"":9,""leak_heralds"":""False"",""leak_repump"":""True"",""leakage"":""True"",""loss"":""True"",""m"":21,""n"":378,""p"":0.001,""prllel_1q"":336,""prllel_2q"":126,""r"":20,""repump_cycles"":3,""seq_meas"":""True"",""seq_ops"":""True"",""swapLRC"":""False""}",
        32,         0,         0,   0.995,bposd,5504117086a3317092df3aefd3d9dcaeddcedef971a26de69ae47837b09651a2,"{""A"":""x0y3+x10y0+x17y0"",""B"":""x5y0+x0y3+x0y19"",""b"":""X"",""d"":18,""excl_opp_detectors"":""True"",""k"":16,""l"":9,""leak_heralds"":""False"",""leak_repump"":""True"",""leakage"":""True"",""loss"":""True"",""m"":21,""n"":378,""p"":0.001,""prllel_1q"":336,""prllel_2q"":126,""r"":20,""repump_cycles"":3,""seq_meas"":""True"",""seq_ops"":""True"",""swapLRC"":""False""}",
        64,         0,         0,    2.13,bposd,5504117086a3317092df3aefd3d9dcaeddcedef971a26de69ae47837b09651a2,"{""A"":""x0y3+x10y0+x17y0"",""B"":""x5y0+x0y3+x0y19"",""b"":""X"",""d"":18,""excl_opp_detectors"":""True"",""k"":16,""l"":9,""leak_heralds"":""False"",""leak_repump"":""True"",""leakage"":""True"",""loss"":""True"",""m"":21,""n"":378,""p"":0.001,""prllel_1q"":336,""prllel_2q"":126,""r"":20,""repump_cycles"":3,""seq_meas"":""True"",""seq_ops"":""True"",""swapLRC"":""False""}",
        48,         0,         0,    1.95,bposd,5504117086a3317092df3aefd3d9dcaeddcedef971a26de69ae47837b09651a2,"{""A"":""x0y3+x10y0+x17y0"",""B"":""x5y0+x0y3+x0y19"",""b"":""X"",""d"":18,""excl_opp_detectors"":""True"",""k"":16,""l"":9,""leak_heralds"":""False"",""leak_repump"":""True"",""leakage"":""True"",""loss"":""True"",""m"":21,""n"":378,""p"":0.001,""prllel_1q"":336,""prllel_2q"":126,""r"":20,""repump_cycles"":3,""seq_meas"":""True"",""seq_ops"":""True"",""swapLRC"":""False""}",
         8,         0,         0,   0.222,bposd,5504117086a3317092df3aefd3d9dcaeddcedef971a26de69ae47837b09651a2,"{""A"":""x0y3+x10y0+x17y0"",""B"":""x5y0+x0y3+x0y19"",""b"":""X"",""d"":18,""excl_opp_detectors"":""True"",""k"":16,""l"":9,""leak_heralds"":""False"",""leak_repump"":""True"",""leakage"":""True"",""loss"":""True"",""m"":21,""n"":378,""p"":0.001,""prllel_1q"":336,""prllel_2q"":126,""r"":20,""repump_cycles"":3,""seq_meas"":""True"",""seq_ops"":""True"",""swapLRC"":""False""}",
        64,         0,         0,    1.85,bposd,5504117086a3317092df3aefd3d9dcaeddcedef971a26de69ae47837b09651a2,"{""A"":""x0y3+x10y0+x17y0"",""B"":""x5y0+x0y3+x0y19"",""b"":""X"",""d"":18,""excl_opp_detectors"":""True"",""k"":16,""l"":9,""leak_heralds"":""False"",""leak_repump"":""True"",""leakage"":""True"",""loss"":""True"",""m"":21,""n"":378,""p"":0.001,""prllel_1q"":336,""prllel_2q"":126,""r"":20,""repump_cycles"":3,""seq_meas"":""True"",""seq_ops"":""True"",""swapLRC"":""False""}",
        48,         0,         0,    1.67,bposd,5504117086a3317092df3aefd3d9dcaeddcedef971a26de69ae47837b09651a2,"{""A"":""x0y3+x10y0+x17y0"",""B"":""x5y0+x0y3+x0y19"",""b"":""X"",""d"":18,""excl_opp_detectors"":""True"",""k"":16,""l"":9,""leak_heralds"":""False"",""leak_repump"":""True"",""leakage"":""True"",""loss"":""True"",""m"":21,""n"":378,""p"":0.001,""prllel_1q"":336,""prllel_2q"":126,""r"":20,""repump_cycles"":3,""seq_meas"":""True"",""seq_ops"":""True"",""swapLRC"":""False""}",
        64,         0,         0,    2.35,bposd,5504117086a3317092df3aefd3d9dcaeddcedef971a26de69ae47837b09651a2,"{""A"":""x0y3+x10y0+x17y0"",""B"":""x5y0+x0y3+x0y19"",""b"":""X"",""d"":18,""excl_opp_detectors"":""True"",""k"":16,""l"":9,""leak_heralds"":""False"",""leak_repump"":""True"",""leakage"":""True"",""loss"":""True"",""m"":21,""n"":378,""p"":0.001,""prllel_1q"":336,""prllel_2q"":126,""r"":20,""repump_cycles"":3,""seq_meas"":""True"",""seq_ops"":""True"",""swapLRC"":""False""}",
        64,         0,         0,    1.19,bposd,5504117086a3317092df3aefd3d9dcaeddcedef971a26de69ae47837b09651a2,"{""A"":""x0y3+x10y0+x17y0"",""B"":""x5y0+x0y3+x0y19"",""b"":""X"",""d"":18,""excl_opp_detectors"":""True"",""k"":16,""l"":9,""leak_heralds"":""False"",""leak_repump"":""True"",""leakage"":""True"",""loss"":""True"",""m"":21,""n"":378,""p"":0.001,""prllel_1q"":336,""prllel_2q"":126,""r"":20,""repump_cycles"":3,""seq_meas"":""True"",""seq_ops"":""True"",""swapLRC"":""False""}",
        80,         0,         0,    1.99,bposd,5504117086a3317092df3aefd3d9dcaeddcedef971a26de69ae47837b09651a2,"{""A"":""x0y3+x10y0+x17y0"",""B"":""x5y0+x0y3+x0y19"",""b"":""X"",""d"":18,""excl_opp_detectors"":""True"",""k"":16,""l"":9,""leak_heralds"":""False"",""leak_repump"":""True"",""leakage"":""True"",""loss"":""True"",""m"":21,""n"":378,""p"":0.001,""prllel_1q"":336,""prllel_2q"":126,""r"":20,""repump_cycles"":3,""seq_meas"":""True"",""seq_ops"":""True"",""swapLRC"":""False""}",
        32,         0,         0,   0.603,bposd,5504117086a3317092df3aefd3d9dcaeddcedef971a26de69ae47837b09651a2,"{""A"":""x0y3+x10y0+x17y0"",""B"":""x5y0+x0y3+x0y19"",""b"":""X"",""d"":18,""excl_opp_detectors"":""True"",""k"":16,""l"":9,""leak_heralds"":""False"",""leak_repump"":""True"",""leakage"":""True"",""loss"":""True"",""m"":21,""n"":378,""p"":0.001,""prllel_1q"":336,""prllel_2q"":126,""r"":20,""repump_cycles"":3,""seq_meas"":""True"",""seq_ops"":""True"",""swapLRC"":""False""}",
        64,         0,         0,    2.83,bposd,5504117086a3317092df3aefd3d9dcaeddcedef971a26de69ae47837b09651a2,"{""A"":""x0y3+x10y0+x17y0"",""B"":""x5y0+x0y3+x0y19"",""b"":""X"",""d"":18,""excl_opp_detectors"":""True"",""k"":16,""l"":9,""leak_heralds"":""False"",""leak_repump"":""True"",""leakage"":""True"",""loss"":""True"",""m"":21,""n"":378,""p"":0.001,""prllel_1q"":336,""prllel_2q"":126,""r"":20,""repump_cycles"":3,""seq_meas"":""True"",""seq_ops"":""True"",""swapLRC"":""False""}",
        40,         0,         0,    1.18,bposd,5504117086a3317092df3aefd3d9dcaeddcedef971a26de69ae47837b09651a2,"{""A"":""x0y3+x10y0+x17y0"",""B"":""x5y0+x0y3+x0y19"",""b"":""X"",""d"":18,""excl_opp_detectors"":""True"",""k"":16,""l"":9,""leak_heralds"":""False"",""leak_repump"":""True"",""leakage"":""True"",""loss"":""True"",""m"":21,""n"":378,""p"":0.001,""prllel_1q"":336,""prllel_2q"":126,""r"":20,""repump_cycles"":3,""seq_meas"":""True"",""seq_ops"":""True"",""swapLRC"":""False""}",
        32,         0,         0,    2.32,bposd,5504117086a3317092df3aefd3d9dcaeddcedef971a26de69ae47837b09651a2,"{""A"":""x0y3+x10y0+x17y0"",""B"":""x5y0+x0y3+x0y19"",""b"":""X"",""d"":18,""excl_opp_detectors"":""True"",""k"":16,""l"":9,""leak_heralds"":""False"",""leak_repump"":""True"",""leakage"":""True"",""loss"":""True"",""m"":21,""n"":378,""p"":0.001,""prllel_1q"":336,""prllel_2q"":126,""r"":20,""repump_cycles"":3,""seq_meas"":""True"",""seq_ops"":""True"",""swapLRC"":""False""}",
        48,         0,         0,    2.41,bposd,5504117086a3317092df3aefd3d9dcaeddcedef971a26de69ae47837b09651a2,"{""A"":""x0y3+x10y0+x17y0"",""B"":""x5y0+x0y3+x0y19"",""b"":""X"",""d"":18,""excl_opp_detectors"":""True"",""k"":16,""l"":9,""leak_heralds"":""False"",""leak_repump"":""True"",""leakage"":""True"",""loss"":""True"",""m"":21,""n"":378,""p"":0.001,""prllel_1q"":336,""prllel_2q"":126,""r"":20,""repump_cycles"":3,""seq_meas"":""True"",""seq_ops"":""True"",""swapLRC"":""False""}",
        16,         0,         0,    1.17,bposd,5504117086a3317092df3aefd3d9dcaeddcedef971a26de69ae47837b09651a2,"{""A"":""x0y3+x10y0+x17y0"",""B"":""x5y0+x0y3+x0y19"",""b"":""X"",""d"":18,""excl_opp_detectors"":""True"",""k"":16,""l"":9,""leak_heralds"":""False"",""leak_repump"":""True"",""leakage"":""True"",""loss"":""True"",""m"":21,""n"":378,""p"":0.001,""prllel_1q"":336,""prllel_2q"":126,""r"":20,""repump_cycles"":3,""seq_meas"":""True"",""seq_ops"":""True"",""swapLRC"":""False""}",
        32,         0,         0,   0.867,bposd,5504117086a3317092df3aefd3d9dcaeddcedef971a26de69ae47837b09651a2,"{""A"":""x0y3+x10y0+x17y0"",""B"":""x5y0+x0y3+x0y19"",""b"":""X"",""d"":18,""excl_opp_detectors"":""True"",""k"":16,""l"":9,""leak_heralds"":""False"",""leak_repump"":""True"",""leakage"":""True"",""loss"":""True"",""m"":21,""n"":378,""p"":0.001,""prllel_1q"":336,""prllel_2q"":126,""r"":20,""repump_cycles"":3,""seq_meas"":""True"",""seq_ops"":""True"",""swapLRC"":""False""}",
        32,         0,         0,    1.57,bposd,5504117086a3317092df3aefd3d9dcaeddcedef971a26de69ae47837b09651a2,"{""A"":""x0y3+x10y0+x17y0"",""B"":""x5y0+x0y3+x0y19"",""b"":""X"",""d"":18,""excl_opp_detectors"":""True"",""k"":16,""l"":9,""leak_heralds"":""False"",""leak_repump"":""True"",""leakage"":""True"",""loss"":""True"",""m"":21,""n"":378,""p"":0.001,""prllel_1q"":336,""prllel_2q"":126,""r"":20,""repump_cycles"":3,""seq_meas"":""True"",""seq_ops"":""True"",""swapLRC"":""False""}",
        64,         0,         0,    1.69,bposd,5504117086a3317092df3aefd3d9dcaeddcedef971a26de69ae47837b09651a2,"{""A"":""x0y3+x10y0+x17y0"",""B"":""x5y0+x0y3+x0y19"",""b"":""X"",""d"":18,""excl_opp_detectors"":""True"",""k"":16,""l"":9,""leak_heralds"":""False"",""leak_repump"":""True"",""leakage"":""True"",""loss"":""True"",""m"":21,""n"":378,""p"":0.001,""prllel_1q"":336,""prllel_2q"":126,""r"":20,""repump_cycles"":3,""seq_meas"":""True"",""seq_ops"":""True"",""swapLRC"":""False""}",
        64,         0,         0,    2.33,bposd,5504117086a3317092df3aefd3d9dcaeddcedef971a26de69ae47837b09651a2,"{""A"":""x0y3+x10y0+x17y0"",""B"":""x5y0+x0y3+x0y19"",""b"":""X"",""d"":18,""excl_opp_detectors"":""True"",""k"":16,""l"":9,""leak_heralds"":""False"",""leak_repump"":""True"",""leakage"":""True"",""loss"":""True"",""m"":21,""n"":378,""p"":0.001,""prllel_1q"":336,""prllel_2q"":126,""r"":20,""repump_cycles"":3,""seq_meas"":""True"",""seq_ops"":""True"",""swapLRC"":""False""}",
        32,         0,         0,    1.25,bposd,5504117086a3317092df3aefd3d9dcaeddcedef971a26de69ae47837b09651a2,"{""A"":""x0y3+x10y0+x17y0"",""B"":""x5y0+x0y3+x0y19"",""b"":""X"",""d"":18,""excl_opp_detectors"":""True"",""k"":16,""l"":9,""leak_heralds"":""False"",""leak_repump"":""True"",""leakage"":""True"",""loss"":""True"",""m"":21,""n"":378,""p"":0.001,""prllel_1q"":336,""prllel_2q"":126,""r"":20,""repump_cycles"":3,""seq_meas"":""True"",""seq_ops"":""True"",""swapLRC"":""False""}",
        48,         0,         0,    1.58,bposd,5504117086a3317092df3aefd3d9dcaeddcedef971a26de69ae47837b09651a2,"{""A"":""x0y3+x10y0+x17y0"",""B"":""x5y0+x0y3+x0y19"",""b"":""X"",""d"":18,""excl_opp_detectors"":""True"",""k"":16,""l"":9,""leak_heralds"":""False"",""leak_repump"":""True"",""leakage"":""True"",""loss"":""True"",""m"":21,""n"":378,""p"":0.001,""prllel_1q"":336,""prllel_2q"":126,""r"":20,""repump_cycles"":3,""seq_meas"":""True"",""seq_ops"":""True"",""swapLRC"":""False""}",
        48,         0,         0,    1.75,bposd,5504117086a3317092df3aefd3d9dcaeddcedef971a26de69ae47837b09651a2,"{""A"":""x0y3+x10y0+x17y0"",""B"":""x5y0+x0y3+x0y19"",""b"":""X"",""d"":18,""excl_opp_detectors"":""True"",""k"":16,""l"":9,""leak_heralds"":""False"",""leak_repump"":""True"",""leakage"":""True"",""loss"":""True"",""m"":21,""n"":378,""p"":0.001,""prllel_1q"":336,""prllel_2q"":126,""r"":20,""repump_cycles"":3,""seq_meas"":""True"",""seq_ops"":""True"",""swapLRC"":""False""}",
        56,         0,         0,    1.80,bposd,5504117086a3317092df3aefd3d9dcaeddcedef971a26de69ae47837b09651a2,"{""A"":""x0y3+x10y0+x17y0"",""B"":""x5y0+x0y3+x0y19"",""b"":""X"",""d"":18,""excl_opp_detectors"":""True"",""k"":16,""l"":9,""leak_heralds"":""False"",""leak_repump"":""True"",""leakage"":""True"",""loss"":""True"",""m"":21,""n"":378,""p"":0.001,""prllel_1q"":336,""prllel_2q"":126,""r"":20,""repump_cycles"":3,""seq_meas"":""True"",""seq_ops"":""True"",""swapLRC"":""False""}",
        32,         0,         0,    3.06,bposd,5504117086a3317092df3aefd3d9dcaeddcedef971a26de69ae47837b09651a2,"{""A"":""x0y3+x10y0+x17y0"",""B"":""x5y0+x0y3+x0y19"",""b"":""X"",""d"":18,""excl_opp_detectors"":""True"",""k"":16,""l"":9,""leak_heralds"":""False"",""leak_repump"":""True"",""leakage"":""True"",""loss"":""True"",""m"":21,""n"":378,""p"":0.001,""prllel_1q"":336,""prllel_2q"":126,""r"":20,""repump_cycles"":3,""seq_meas"":""True"",""seq_ops"":""True"",""swapLRC"":""False""}",
        32,         0,         0,    1.64,bposd,5504117086a3317092df3aefd3d9dcaeddcedef971a26de69ae47837b09651a2,"{""A"":""x0y3+x10y0+x17y0"",""B"":""x5y0+x0y3+x0y19"",""b"":""X"",""d"":18,""excl_opp_detectors"":""True"",""k"":16,""l"":9,""leak_heralds"":""False"",""leak_repump"":""True"",""leakage"":""True"",""loss"":""True"",""m"":21,""n"":378,""p"":0.001,""prllel_1q"":336,""prllel_2q"":126,""r"":20,""repump_cycles"":3,""seq_meas"":""True"",""seq_ops"":""True"",""swapLRC"":""False""}",
        64,         0,         0,    2.41,bposd,5504117086a3317092df3aefd3d9dcaeddcedef971a26de69ae47837b09651a2,"{""A"":""x0y3+x10y0+x17y0"",""B"":""x5y0+x0y3+x0y19"",""b"":""X"",""d"":18,""excl_opp_detectors"":""True"",""k"":16,""l"":9,""leak_heralds"":""False"",""leak_repump"":""True"",""leakage"":""True"",""loss"":""True"",""m"":21,""n"":378,""p"":0.001,""prllel_1q"":336,""prllel_2q"":126,""r"":20,""repump_cycles"":3,""seq_meas"":""True"",""seq_ops"":""True"",""swapLRC"":""False""}",
        64,         0,         0,    1.73,bposd,5504117086a3317092df3aefd3d9dcaeddcedef971a26de69ae47837b09651a2,"{""A"":""x0y3+x10y0+x17y0"",""B"":""x5y0+x0y3+x0y19"",""b"":""X"",""d"":18,""excl_opp_detectors"":""True"",""k"":16,""l"":9,""leak_heralds"":""False"",""leak_repump"":""True"",""leakage"":""True"",""loss"":""True"",""m"":21,""n"":378,""p"":0.001,""prllel_1q"":336,""prllel_2q"":126,""r"":20,""repump_cycles"":3,""seq_meas"":""True"",""seq_ops"":""True"",""swapLRC"":""False""}",
        32,         0,         0,   0.737,bposd,5504117086a3317092df3aefd3d9dcaeddcedef971a26de69ae47837b09651a2,"{""A"":""x0y3+x10y0+x17y0"",""B"":""x5y0+x0y3+x0y19"",""b"":""X"",""d"":18,""excl_opp_detectors"":""True"",""k"":16,""l"":9,""leak_heralds"":""False"",""leak_repump"":""True"",""leakage"":""True"",""loss"":""True"",""m"":21,""n"":378,""p"":0.001,""prllel_1q"":336,""prllel_2q"":126,""r"":20,""repump_cycles"":3,""seq_meas"":""True"",""seq_ops"":""True"",""swapLRC"":""False""}",
        64,         0,         0,    2.88,bposd,5504117086a3317092df3aefd3d9dcaeddcedef971a26de69ae47837b09651a2,"{""A"":""x0y3+x10y0+x17y0"",""B"":""x5y0+x0y3+x0y19"",""b"":""X"",""d"":18,""excl_opp_detectors"":""True"",""k"":16,""l"":9,""leak_heralds"":""False"",""leak_repump"":""True"",""leakage"":""True"",""loss"":""True"",""m"":21,""n"":378,""p"":0.001,""prllel_1q"":336,""prllel_2q"":126,""r"":20,""repump_cycles"":3,""seq_meas"":""True"",""seq_ops"":""True"",""swapLRC"":""False""}",
        48,         0,         0,    1.85,bposd,5504117086a3317092df3aefd3d9dcaeddcedef971a26de69ae47837b09651a2,"{""A"":""x0y3+x10y0+x17y0"",""B"":""x5y0+x0y3+x0y19"",""b"":""X"",""d"":18,""excl_opp_detectors"":""True"",""k"":16,""l"":9,""leak_heralds"":""False"",""leak_repump"":""True"",""leakage"":""True"",""loss"":""True"",""m"":21,""n"":378,""p"":0.001,""prllel_1q"":336,""prllel_2q"":126,""r"":20,""repump_cycles"":3,""seq_meas"":""True"",""seq_ops"":""True"",""swapLRC"":""False""}",
        32,         0,         0,    5.08,bposd,5504117086a3317092df3aefd3d9dcaeddcedef971a26de69ae47837b09651a2,"{""A"":""x0y3+x10y0+x17y0"",""B"":""x5y0+x0y3+x0y19"",""b"":""X"",""d"":18,""excl_opp_detectors"":""True"",""k"":16,""l"":9,""leak_heralds"":""False"",""leak_repump"":""True"",""leakage"":""True"",""loss"":""True"",""m"":21,""n"":378,""p"":0.001,""prllel_1q"":336,""prllel_2q"":126,""r"":20,""repump_cycles"":3,""seq_meas"":""True"",""seq_ops"":""True"",""swapLRC"":""False""}",
        32,         0,         0,    1.28,bposd,5504117086a3317092df3aefd3d9dcaeddcedef971a26de69ae47837b09651a2,"{""A"":""x0y3+x10y0+x17y0"",""B"":""x5y0+x0y3+x0y19"",""b"":""X"",""d"":18,""excl_opp_detectors"":""True"",""k"":16,""l"":9,""leak_heralds"":""False"",""leak_repump"":""True"",""leakage"":""True"",""loss"":""True"",""m"":21,""n"":378,""p"":0.001,""prllel_1q"":336,""prllel_2q"":126,""r"":20,""repump_cycles"":3,""seq_meas"":""True"",""seq_ops"":""True"",""swapLRC"":""False""}",
        64,         0,         0,    3.82,bposd,5504117086a3317092df3aefd3d9dcaeddcedef971a26de69ae47837b09651a2,"{""A"":""x0y3+x10y0+x17y0"",""B"":""x5y0+x0y3+x0y19"",""b"":""X"",""d"":18,""excl_opp_detectors"":""True"",""k"":16,""l"":9,""leak_heralds"":""False"",""leak_repump"":""True"",""leakage"":""True"",""loss"":""True"",""m"":21,""n"":378,""p"":0.001,""prllel_1q"":336,""prllel_2q"":126,""r"":20,""repump_cycles"":3,""seq_meas"":""True"",""seq_ops"":""True"",""swapLRC"":""False""}",
       128,         0,         0,    2.56,bposd,5504117086a3317092df3aefd3d9dcaeddcedef971a26de69ae47837b09651a2,"{""A"":""x0y3+x10y0+x17y0"",""B"":""x5y0+x0y3+x0y19"",""b"":""X"",""d"":18,""excl_opp_detectors"":""True"",""k"":16,""l"":9,""leak_heralds"":""False"",""leak_repump"":""True"",""leakage"":""True"",""loss"":""True"",""m"":21,""n"":378,""p"":0.001,""prllel_1q"":336,""prllel_2q"":126,""r"":20,""repump_cycles"":3,""seq_meas"":""True"",""seq_ops"":""True"",""swapLRC"":""False""}",
        64,         0,         0,    1.85,bposd,5504117086a3317092df3aefd3d9dcaeddcedef971a26de69ae47837b09651a2,"{""A"":""x0y3+x10y0+x17y0"",""B"":""x5y0+x0y3+x0y19"",""b"":""X"",""d"":18,""excl_opp_detectors"":""True"",""k"":16,""l"":9,""leak_heralds"":""False"",""leak_repump"":""True"",""leakage"":""True"",""loss"":""True"",""m"":21,""n"":378,""p"":0.001,""prllel_1q"":336,""prllel_2q"":126,""r"":20,""repump_cycles"":3,""seq_meas"":""True"",""seq_ops"":""True"",""swapLRC"":""False""}",
        32,         0,         0,    3.02,bposd,5504117086a3317092df3aefd3d9dcaeddcedef971a26de69ae47837b09651a2,"{""A"":""x0y3+x10y0+x17y0"",""B"":""x5y0+x0y3+x0y19"",""b"":""X"",""d"":18,""excl_opp_detectors"":""True"",""k"":16,""l"":9,""leak_heralds"":""False"",""leak_repump"":""True"",""leakage"":""True"",""loss"":""True"",""m"":21,""n"":378,""p"":0.001,""prllel_1q"":336,""prllel_2q"":126,""r"":20,""repump_cycles"":3,""seq_meas"":""True"",""seq_ops"":""True"",""swapLRC"":""False""}",
        64,         0,         0,    2.21,bposd,5504117086a3317092df3aefd3d9dcaeddcedef971a26de69ae47837b09651a2,"{""A"":""x0y3+x10y0+x17y0"",""B"":""x5y0+x0y3+x0y19"",""b"":""X"",""d"":18,""excl_opp_detectors"":""True"",""k"":16,""l"":9,""leak_heralds"":""False"",""leak_repump"":""True"",""leakage"":""True"",""loss"":""True"",""m"":21,""n"":378,""p"":0.001,""prllel_1q"":336,""prllel_2q"":126,""r"":20,""repump_cycles"":3,""seq_meas"":""True"",""seq_ops"":""True"",""swapLRC"":""False""}",
        48,         0,         0,    1.31,bposd,5504117086a3317092df3aefd3d9dcaeddcedef971a26de69ae47837b09651a2,"{""A"":""x0y3+x10y0+x17y0"",""B"":""x5y0+x0y3+x0y19"",""b"":""X"",""d"":18,""excl_opp_detectors"":""True"",""k"":16,""l"":9,""leak_heralds"":""False"",""leak_repump"":""True"",""leakage"":""True"",""loss"":""True"",""m"":21,""n"":378,""p"":0.001,""prllel_1q"":336,""prllel_2q"":126,""r"":20,""repump_cycles"":3,""seq_meas"":""True"",""seq_ops"":""True"",""swapLRC"":""False""}",
        32,         0,         0,   0.618,bposd,5504117086a3317092df3aefd3d9dcaeddcedef971a26de69ae47837b09651a2,"{""A"":""x0y3+x10y0+x17y0"",""B"":""x5y0+x0y3+x0y19"",""b"":""X"",""d"":18,""excl_opp_detectors"":""True"",""k"":16,""l"":9,""leak_heralds"":""False"",""leak_repump"":""True"",""leakage"":""True"",""loss"":""True"",""m"":21,""n"":378,""p"":0.001,""prllel_1q"":336,""prllel_2q"":126,""r"":20,""repump_cycles"":3,""seq_meas"":""True"",""seq_ops"":""True"",""swapLRC"":""False""}",
        64,         0,         0,    2.08,bposd,5504117086a3317092df3aefd3d9dcaeddcedef971a26de69ae47837b09651a2,"{""A"":""x0y3+x10y0+x17y0"",""B"":""x5y0+x0y3+x0y19"",""b"":""X"",""d"":18,""excl_opp_detectors"":""True"",""k"":16,""l"":9,""leak_heralds"":""False"",""leak_repump"":""True"",""leakage"":""True"",""loss"":""True"",""m"":21,""n"":378,""p"":0.001,""prllel_1q"":336,""prllel_2q"":126,""r"":20,""repump_cycles"":3,""seq_meas"":""True"",""seq_ops"":""True"",""swapLRC"":""False""}",
        40,         0,         0,    1.18,bposd,5504117086a3317092df3aefd3d9dcaeddcedef971a26de69ae47837b09651a2,"{""A"":""x0y3+x10y0+x17y0"",""B"":""x5y0+x0y3+x0y19"",""b"":""X"",""d"":18,""excl_opp_detectors"":""True"",""k"":16,""l"":9,""leak_heralds"":""False"",""leak_repump"":""True"",""leakage"":""True"",""loss"":""True"",""m"":21,""n"":378,""p"":0.001,""prllel_1q"":336,""prllel_2q"":126,""r"":20,""repump_cycles"":3,""seq_meas"":""True"",""seq_ops"":""True"",""swapLRC"":""False""}",
        64,         0,         0,    1.14,bposd,5504117086a3317092df3aefd3d9dcaeddcedef971a26de69ae47837b09651a2,"{""A"":""x0y3+x10y0+x17y0"",""B"":""x5y0+x0y3+x0y19"",""b"":""X"",""d"":18,""excl_opp_detectors"":""True"",""k"":16,""l"":9,""leak_heralds"":""False"",""leak_repump"":""True"",""leakage"":""True"",""loss"":""True"",""m"":21,""n"":378,""p"":0.001,""prllel_1q"":336,""prllel_2q"":126,""r"":20,""repump_cycles"":3,""seq_meas"":""True"",""seq_ops"":""True"",""swapLRC"":""False""}",
        16,         0,         0,    3.15,bposd,5504117086a3317092df3aefd3d9dcaeddcedef971a26de69ae47837b09651a2,"{""A"":""x0y3+x10y0+x17y0"",""B"":""x5y0+x0y3+x0y19"",""b"":""X"",""d"":18,""excl_opp_detectors"":""True"",""k"":16,""l"":9,""leak_heralds"":""False"",""leak_repump"":""True"",""leakage"":""True"",""loss"":""True"",""m"":21,""n"":378,""p"":0.001,""prllel_1q"":336,""prllel_2q"":126,""r"":20,""repump_cycles"":3,""seq_meas"":""True"",""seq_ops"":""True"",""swapLRC"":""False""}",
        64,         0,         0,    1.78,bposd,5504117086a3317092df3aefd3d9dcaeddcedef971a26de69ae47837b09651a2,"{""A"":""x0y3+x10y0+x17y0"",""B"":""x5y0+x0y3+x0y19"",""b"":""X"",""d"":18,""excl_opp_detectors"":""True"",""k"":16,""l"":9,""leak_heralds"":""False"",""leak_repump"":""True"",""leakage"":""True"",""loss"":""True"",""m"":21,""n"":378,""p"":0.001,""prllel_1q"":336,""prllel_2q"":126,""r"":20,""repump_cycles"":3,""seq_meas"":""True"",""seq_ops"":""True"",""swapLRC"":""False""}",
        32,         0,         0,    6.81,bposd,5504117086a3317092df3aefd3d9dcaeddcedef971a26de69ae47837b09651a2,"{""A"":""x0y3+x10y0+x17y0"",""B"":""x5y0+x0y3+x0y19"",""b"":""X"",""d"":18,""excl_opp_detectors"":""True"",""k"":16,""l"":9,""leak_heralds"":""False"",""leak_repump"":""True"",""leakage"":""True"",""loss"":""True"",""m"":21,""n"":378,""p"":0.001,""prllel_1q"":336,""prllel_2q"":126,""r"":20,""repump_cycles"":3,""seq_meas"":""True"",""seq_ops"":""True"",""swapLRC"":""False""}",
        48,         0,         0,    1.30,bposd,5504117086a3317092df3aefd3d9dcaeddcedef971a26de69ae47837b09651a2,"{""A"":""x0y3+x10y0+x17y0"",""B"":""x5y0+x0y3+x0y19"",""b"":""X"",""d"":18,""excl_opp_detectors"":""True"",""k"":16,""l"":9,""leak_heralds"":""False"",""leak_repump"":""True"",""leakage"":""True"",""loss"":""True"",""m"":21,""n"":378,""p"":0.001,""prllel_1q"":336,""prllel_2q"":126,""r"":20,""repump_cycles"":3,""seq_meas"":""True"",""seq_ops"":""True"",""swapLRC"":""False""}",
        64,         0,         0,    1.61,bposd,5504117086a3317092df3aefd3d9dcaeddcedef971a26de69ae47837b09651a2,"{""A"":""x0y3+x10y0+x17y0"",""B"":""x5y0+x0y3+x0y19"",""b"":""X"",""d"":18,""excl_opp_detectors"":""True"",""k"":16,""l"":9,""leak_heralds"":""False"",""leak_repump"":""True"",""leakage"":""True"",""loss"":""True"",""m"":21,""n"":378,""p"":0.001,""prllel_1q"":336,""prllel_2q"":126,""r"":20,""repump_cycles"":3,""seq_meas"":""True"",""seq_ops"":""True"",""swapLRC"":""False""}",
        48,         0,         0,    1.34,bposd,5504117086a3317092df3aefd3d9dcaeddcedef971a26de69ae47837b09651a2,"{""A"":""x0y3+x10y0+x17y0"",""B"":""x5y0+x0y3+x0y19"",""b"":""X"",""d"":18,""excl_opp_detectors"":""True"",""k"":16,""l"":9,""leak_heralds"":""False"",""leak_repump"":""True"",""leakage"":""True"",""loss"":""True"",""m"":21,""n"":378,""p"":0.001,""prllel_1q"":336,""prllel_2q"":126,""r"":20,""repump_cycles"":3,""seq_meas"":""True"",""seq_ops"":""True"",""swapLRC"":""False""}",
       128,         0,         0,    2.70,bposd,5504117086a3317092df3aefd3d9dcaeddcedef971a26de69ae47837b09651a2,"{""A"":""x0y3+x10y0+x17y0"",""B"":""x5y0+x0y3+x0y19"",""b"":""X"",""d"":18,""excl_opp_detectors"":""True"",""k"":16,""l"":9,""leak_heralds"":""False"",""leak_repump"":""True"",""leakage"":""True"",""loss"":""True"",""m"":21,""n"":378,""p"":0.001,""prllel_1q"":336,""prllel_2q"":126,""r"":20,""repump_cycles"":3,""seq_meas"":""True"",""seq_ops"":""True"",""swapLRC"":""False""}",
        64,         0,         0,    2.24,bposd,5504117086a3317092df3aefd3d9dcaeddcedef971a26de69ae47837b09651a2,"{""A"":""x0y3+x10y0+x17y0"",""B"":""x5y0+x0y3+x0y19"",""b"":""X"",""d"":18,""excl_opp_detectors"":""True"",""k"":16,""l"":9,""leak_heralds"":""False"",""leak_repump"":""True"",""leakage"":""True"",""loss"":""True"",""m"":21,""n"":378,""p"":0.001,""prllel_1q"":336,""prllel_2q"":126,""r"":20,""repump_cycles"":3,""seq_meas"":""True"",""seq_ops"":""True"",""swapLRC"":""False""}",
        24,         0,         0,   0.559,bposd,5504117086a3317092df3aefd3d9dcaeddcedef971a26de69ae47837b09651a2,"{""A"":""x0y3+x10y0+x17y0"",""B"":""x5y0+x0y3+x0y19"",""b"":""X"",""d"":18,""excl_opp_detectors"":""True"",""k"":16,""l"":9,""leak_heralds"":""False"",""leak_repump"":""True"",""leakage"":""True"",""loss"":""True"",""m"":21,""n"":378,""p"":0.001,""prllel_1q"":336,""prllel_2q"":126,""r"":20,""repump_cycles"":3,""seq_meas"":""True"",""seq_ops"":""True"",""swapLRC"":""False""}",
        64,         0,         0,    1.13,bposd,5504117086a3317092df3aefd3d9dcaeddcedef971a26de69ae47837b09651a2,"{""A"":""x0y3+x10y0+x17y0"",""B"":""x5y0+x0y3+x0y19"",""b"":""X"",""d"":18,""excl_opp_detectors"":""True"",""k"":16,""l"":9,""leak_heralds"":""False"",""leak_repump"":""True"",""leakage"":""True"",""loss"":""True"",""m"":21,""n"":378,""p"":0.001,""prllel_1q"":336,""prllel_2q"":126,""r"":20,""repump_cycles"":3,""seq_meas"":""True"",""seq_ops"":""True"",""swapLRC"":""False""}",
        80,         0,         0,    2.24,bposd,5504117086a3317092df3aefd3d9dcaeddcedef971a26de69ae47837b09651a2,"{""A"":""x0y3+x10y0+x17y0"",""B"":""x5y0+x0y3+x0y19"",""b"":""X"",""d"":18,""excl_opp_detectors"":""True"",""k"":16,""l"":9,""leak_heralds"":""False"",""leak_repump"":""True"",""leakage"":""True"",""loss"":""True"",""m"":21,""n"":378,""p"":0.001,""prllel_1q"":336,""prllel_2q"":126,""r"":20,""repump_cycles"":3,""seq_meas"":""True"",""seq_ops"":""True"",""swapLRC"":""False""}",
        64,         0,         0,    1.68,bposd,5504117086a3317092df3aefd3d9dcaeddcedef971a26de69ae47837b09651a2,"{""A"":""x0y3+x10y0+x17y0"",""B"":""x5y0+x0y3+x0y19"",""b"":""X"",""d"":18,""excl_opp_detectors"":""True"",""k"":16,""l"":9,""leak_heralds"":""False"",""leak_repump"":""True"",""leakage"":""True"",""loss"":""True"",""m"":21,""n"":378,""p"":0.001,""prllel_1q"":336,""prllel_2q"":126,""r"":20,""repump_cycles"":3,""seq_meas"":""True"",""seq_ops"":""True"",""swapLRC"":""False""}",
        48,         0,         0,    1.14,bposd,5504117086a3317092df3aefd3d9dcaeddcedef971a26de69ae47837b09651a2,"{""A"":""x0y3+x10y0+x17y0"",""B"":""x5y0+x0y3+x0y19"",""b"":""X"",""d"":18,""excl_opp_detectors"":""True"",""k"":16,""l"":9,""leak_heralds"":""False"",""leak_repump"":""True"",""leakage"":""True"",""loss"":""True"",""m"":21,""n"":378,""p"":0.001,""prllel_1q"":336,""prllel_2q"":126,""r"":20,""repump_cycles"":3,""seq_meas"":""True"",""seq_ops"":""True"",""swapLRC"":""False""}",
        40,         0,         0,    2.30,bposd,5504117086a3317092df3aefd3d9dcaeddcedef971a26de69ae47837b09651a2,"{""A"":""x0y3+x10y0+x17y0"",""B"":""x5y0+x0y3+x0y19"",""b"":""X"",""d"":18,""excl_opp_detectors"":""True"",""k"":16,""l"":9,""leak_heralds"":""False"",""leak_repump"":""True"",""leakage"":""True"",""loss"":""True"",""m"":21,""n"":378,""p"":0.001,""prllel_1q"":336,""prllel_2q"":126,""r"":20,""repump_cycles"":3,""seq_meas"":""True"",""seq_ops"":""True"",""swapLRC"":""False""}",
        24,         0,         0,   0.897,bposd,5504117086a3317092df3aefd3d9dcaeddcedef971a26de69ae47837b09651a2,"{""A"":""x0y3+x10y0+x17y0"",""B"":""x5y0+x0y3+x0y19"",""b"":""X"",""d"":18,""excl_opp_detectors"":""True"",""k"":16,""l"":9,""leak_heralds"":""False"",""leak_repump"":""True"",""leakage"":""True"",""loss"":""True"",""m"":21,""n"":378,""p"":0.001,""prllel_1q"":336,""prllel_2q"":126,""r"":20,""repump_cycles"":3,""seq_meas"":""True"",""seq_ops"":""True"",""swapLRC"":""False""}",
        96,         0,         0,    2.51,bposd,5504117086a3317092df3aefd3d9dcaeddcedef971a26de69ae47837b09651a2,"{""A"":""x0y3+x10y0+x17y0"",""B"":""x5y0+x0y3+x0y19"",""b"":""X"",""d"":18,""excl_opp_detectors"":""True"",""k"":16,""l"":9,""leak_heralds"":""False"",""leak_repump"":""True"",""leakage"":""True"",""loss"":""True"",""m"":21,""n"":378,""p"":0.001,""prllel_1q"":336,""prllel_2q"":126,""r"":20,""repump_cycles"":3,""seq_meas"":""True"",""seq_ops"":""True"",""swapLRC"":""False""}",
        80,         0,         0,    1.84,bposd,5504117086a3317092df3aefd3d9dcaeddcedef971a26de69ae47837b09651a2,"{""A"":""x0y3+x10y0+x17y0"",""B"":""x5y0+x0y3+x0y19"",""b"":""X"",""d"":18,""excl_opp_detectors"":""True"",""k"":16,""l"":9,""leak_heralds"":""False"",""leak_repump"":""True"",""leakage"":""True"",""loss"":""True"",""m"":21,""n"":378,""p"":0.001,""prllel_1q"":336,""prllel_2q"":126,""r"":20,""repump_cycles"":3,""seq_meas"":""True"",""seq_ops"":""True"",""swapLRC"":""False""}",
        48,         0,         0,   0.781,bposd,5504117086a3317092df3aefd3d9dcaeddcedef971a26de69ae47837b09651a2,"{""A"":""x0y3+x10y0+x17y0"",""B"":""x5y0+x0y3+x0y19"",""b"":""X"",""d"":18,""excl_opp_detectors"":""True"",""k"":16,""l"":9,""leak_heralds"":""False"",""leak_repump"":""True"",""leakage"":""True"",""loss"":""True"",""m"":21,""n"":378,""p"":0.001,""prllel_1q"":336,""prllel_2q"":126,""r"":20,""repump_cycles"":3,""seq_meas"":""True"",""seq_ops"":""True"",""swapLRC"":""False""}",
        64,         0,         0,    1.66,bposd,5504117086a3317092df3aefd3d9dcaeddcedef971a26de69ae47837b09651a2,"{""A"":""x0y3+x10y0+x17y0"",""B"":""x5y0+x0y3+x0y19"",""b"":""X"",""d"":18,""excl_opp_detectors"":""True"",""k"":16,""l"":9,""leak_heralds"":""False"",""leak_repump"":""True"",""leakage"":""True"",""loss"":""True"",""m"":21,""n"":378,""p"":0.001,""prllel_1q"":336,""prllel_2q"":126,""r"":20,""repump_cycles"":3,""seq_meas"":""True"",""seq_ops"":""True"",""swapLRC"":""False""}",
        64,         0,         0,   0.932,bposd,5504117086a3317092df3aefd3d9dcaeddcedef971a26de69ae47837b09651a2,"{""A"":""x0y3+x10y0+x17y0"",""B"":""x5y0+x0y3+x0y19"",""b"":""X"",""d"":18,""excl_opp_detectors"":""True"",""k"":16,""l"":9,""leak_heralds"":""False"",""leak_repump"":""True"",""leakage"":""True"",""loss"":""True"",""m"":21,""n"":378,""p"":0.001,""prllel_1q"":336,""prllel_2q"":126,""r"":20,""repump_cycles"":3,""seq_meas"":""True"",""seq_ops"":""True"",""swapLRC"":""False""}",
        64,         0,         0,    2.37,bposd,5504117086a3317092df3aefd3d9dcaeddcedef971a26de69ae47837b09651a2,"{""A"":""x0y3+x10y0+x17y0"",""B"":""x5y0+x0y3+x0y19"",""b"":""X"",""d"":18,""excl_opp_detectors"":""True"",""k"":16,""l"":9,""leak_heralds"":""False"",""leak_repump"":""True"",""leakage"":""True"",""loss"":""True"",""m"":21,""n"":378,""p"":0.001,""prllel_1q"":336,""prllel_2q"":126,""r"":20,""repump_cycles"":3,""seq_meas"":""True"",""seq_ops"":""True"",""swapLRC"":""False""}",
        64,         0,         0,    1.66,bposd,5504117086a3317092df3aefd3d9dcaeddcedef971a26de69ae47837b09651a2,"{""A"":""x0y3+x10y0+x17y0"",""B"":""x5y0+x0y3+x0y19"",""b"":""X"",""d"":18,""excl_opp_detectors"":""True"",""k"":16,""l"":9,""leak_heralds"":""False"",""leak_repump"":""True"",""leakage"":""True"",""loss"":""True"",""m"":21,""n"":378,""p"":0.001,""prllel_1q"":336,""prllel_2q"":126,""r"":20,""repump_cycles"":3,""seq_meas"":""True"",""seq_ops"":""True"",""swapLRC"":""False""}",
       112,         0,         0,    2.46,bposd,5504117086a3317092df3aefd3d9dcaeddcedef971a26de69ae47837b09651a2,"{""A"":""x0y3+x10y0+x17y0"",""B"":""x5y0+x0y3+x0y19"",""b"":""X"",""d"":18,""excl_opp_detectors"":""True"",""k"":16,""l"":9,""leak_heralds"":""False"",""leak_repump"":""True"",""leakage"":""True"",""loss"":""True"",""m"":21,""n"":378,""p"":0.001,""prllel_1q"":336,""prllel_2q"":126,""r"":20,""repump_cycles"":3,""seq_meas"":""True"",""seq_ops"":""True"",""swapLRC"":""False""}",
        16,         0,         0,    1.88,bposd,5504117086a3317092df3aefd3d9dcaeddcedef971a26de69ae47837b09651a2,"{""A"":""x0y3+x10y0+x17y0"",""B"":""x5y0+x0y3+x0y19"",""b"":""X"",""d"":18,""excl_opp_detectors"":""True"",""k"":16,""l"":9,""leak_heralds"":""False"",""leak_repump"":""True"",""leakage"":""True"",""loss"":""True"",""m"":21,""n"":378,""p"":0.001,""prllel_1q"":336,""prllel_2q"":126,""r"":20,""repump_cycles"":3,""seq_meas"":""True"",""seq_ops"":""True"",""swapLRC"":""False""}",
        64,         0,         0,    1.40,bposd,5504117086a3317092df3aefd3d9dcaeddcedef971a26de69ae47837b09651a2,"{""A"":""x0y3+x10y0+x17y0"",""B"":""x5y0+x0y3+x0y19"",""b"":""X"",""d"":18,""excl_opp_detectors"":""True"",""k"":16,""l"":9,""leak_heralds"":""False"",""leak_repump"":""True"",""leakage"":""True"",""loss"":""True"",""m"":21,""n"":378,""p"":0.001,""prllel_1q"":336,""prllel_2q"":126,""r"":20,""repump_cycles"":3,""seq_meas"":""True"",""seq_ops"":""True"",""swapLRC"":""False""}",
        48,         0,         0,    3.05,bposd,5504117086a3317092df3aefd3d9dcaeddcedef971a26de69ae47837b09651a2,"{""A"":""x0y3+x10y0+x17y0"",""B"":""x5y0+x0y3+x0y19"",""b"":""X"",""d"":18,""excl_opp_detectors"":""True"",""k"":16,""l"":9,""leak_heralds"":""False"",""leak_repump"":""True"",""leakage"":""True"",""loss"":""True"",""m"":21,""n"":378,""p"":0.001,""prllel_1q"":336,""prllel_2q"":126,""r"":20,""repump_cycles"":3,""seq_meas"":""True"",""seq_ops"":""True"",""swapLRC"":""False""}",
        80,         0,         0,    2.36,bposd,5504117086a3317092df3aefd3d9dcaeddcedef971a26de69ae47837b09651a2,"{""A"":""x0y3+x10y0+x17y0"",""B"":""x5y0+x0y3+x0y19"",""b"":""X"",""d"":18,""excl_opp_detectors"":""True"",""k"":16,""l"":9,""leak_heralds"":""False"",""leak_repump"":""True"",""leakage"":""True"",""loss"":""True"",""m"":21,""n"":378,""p"":0.001,""prllel_1q"":336,""prllel_2q"":126,""r"":20,""repump_cycles"":3,""seq_meas"":""True"",""seq_ops"":""True"",""swapLRC"":""False""}",
       160,         0,         0,    3.34,bposd,5504117086a3317092df3aefd3d9dcaeddcedef971a26de69ae47837b09651a2,"{""A"":""x0y3+x10y0+x17y0"",""B"":""x5y0+x0y3+x0y19"",""b"":""X"",""d"":18,""excl_opp_detectors"":""True"",""k"":16,""l"":9,""leak_heralds"":""False"",""leak_repump"":""True"",""leakage"":""True"",""loss"":""True"",""m"":21,""n"":378,""p"":0.001,""prllel_1q"":336,""prllel_2q"":126,""r"":20,""repump_cycles"":3,""seq_meas"":""True"",""seq_ops"":""True"",""swapLRC"":""False""}",
        64,         0,         0,    1.15,bposd,5504117086a3317092df3aefd3d9dcaeddcedef971a26de69ae47837b09651a2,"{""A"":""x0y3+x10y0+x17y0"",""B"":""x5y0+x0y3+x0y19"",""b"":""X"",""d"":18,""excl_opp_detectors"":""True"",""k"":16,""l"":9,""leak_heralds"":""False"",""leak_repump"":""True"",""leakage"":""True"",""loss"":""True"",""m"":21,""n"":378,""p"":0.001,""prllel_1q"":336,""prllel_2q"":126,""r"":20,""repump_cycles"":3,""seq_meas"":""True"",""seq_ops"":""True"",""swapLRC"":""False""}",
        64,         0,         0,    1.74,bposd,5504117086a3317092df3aefd3d9dcaeddcedef971a26de69ae47837b09651a2,"{""A"":""x0y3+x10y0+x17y0"",""B"":""x5y0+x0y3+x0y19"",""b"":""X"",""d"":18,""excl_opp_detectors"":""True"",""k"":16,""l"":9,""leak_heralds"":""False"",""leak_repump"":""True"",""leakage"":""True"",""loss"":""True"",""m"":21,""n"":378,""p"":0.001,""prllel_1q"":336,""prllel_2q"":126,""r"":20,""repump_cycles"":3,""seq_meas"":""True"",""seq_ops"":""True"",""swapLRC"":""False""}",
        80,         0,         0,    2.44,bposd,5504117086a3317092df3aefd3d9dcaeddcedef971a26de69ae47837b09651a2,"{""A"":""x0y3+x10y0+x17y0"",""B"":""x5y0+x0y3+x0y19"",""b"":""X"",""d"":18,""excl_opp_detectors"":""True"",""k"":16,""l"":9,""leak_heralds"":""False"",""leak_repump"":""True"",""leakage"":""True"",""loss"":""True"",""m"":21,""n"":378,""p"":0.001,""prllel_1q"":336,""prllel_2q"":126,""r"":20,""repump_cycles"":3,""seq_meas"":""True"",""seq_ops"":""True"",""swapLRC"":""False""}",
        64,         0,         0,    1.27,bposd,5504117086a3317092df3aefd3d9dcaeddcedef971a26de69ae47837b09651a2,"{""A"":""x0y3+x10y0+x17y0"",""B"":""x5y0+x0y3+x0y19"",""b"":""X"",""d"":18,""excl_opp_detectors"":""True"",""k"":16,""l"":9,""leak_heralds"":""False"",""leak_repump"":""True"",""leakage"":""True"",""loss"":""True"",""m"":21,""n"":378,""p"":0.001,""prllel_1q"":336,""prllel_2q"":126,""r"":20,""repump_cycles"":3,""seq_meas"":""True"",""seq_ops"":""True"",""swapLRC"":""False""}",
        32,         0,         0,    11.4,bposd,5504117086a3317092df3aefd3d9dcaeddcedef971a26de69ae47837b09651a2,"{""A"":""x0y3+x10y0+x17y0"",""B"":""x5y0+x0y3+x0y19"",""b"":""X"",""d"":18,""excl_opp_detectors"":""True"",""k"":16,""l"":9,""leak_heralds"":""False"",""leak_repump"":""True"",""leakage"":""True"",""loss"":""True"",""m"":21,""n"":378,""p"":0.001,""prllel_1q"":336,""prllel_2q"":126,""r"":20,""repump_cycles"":3,""seq_meas"":""True"",""seq_ops"":""True"",""swapLRC"":""False""}",
       144,         0,         0,    3.83,bposd,5504117086a3317092df3aefd3d9dcaeddcedef971a26de69ae47837b09651a2,"{""A"":""x0y3+x10y0+x17y0"",""B"":""x5y0+x0y3+x0y19"",""b"":""X"",""d"":18,""excl_opp_detectors"":""True"",""k"":16,""l"":9,""leak_heralds"":""False"",""leak_repump"":""True"",""leakage"":""True"",""loss"":""True"",""m"":21,""n"":378,""p"":0.001,""prllel_1q"":336,""prllel_2q"":126,""r"":20,""repump_cycles"":3,""seq_meas"":""True"",""seq_ops"":""True"",""swapLRC"":""False""}",
        64,         0,         0,    4.26,bposd,5504117086a3317092df3aefd3d9dcaeddcedef971a26de69ae47837b09651a2,"{""A"":""x0y3+x10y0+x17y0"",""B"":""x5y0+x0y3+x0y19"",""b"":""X"",""d"":18,""excl_opp_detectors"":""True"",""k"":16,""l"":9,""leak_heralds"":""False"",""leak_repump"":""True"",""leakage"":""True"",""loss"":""True"",""m"":21,""n"":378,""p"":0.001,""prllel_1q"":336,""prllel_2q"":126,""r"":20,""repump_cycles"":3,""seq_meas"":""True"",""seq_ops"":""True"",""swapLRC"":""False""}",
        96,         0,         0,    2.48,bposd,5504117086a3317092df3aefd3d9dcaeddcedef971a26de69ae47837b09651a2,"{""A"":""x0y3+x10y0+x17y0"",""B"":""x5y0+x0y3+x0y19"",""b"":""X"",""d"":18,""excl_opp_detectors"":""True"",""k"":16,""l"":9,""leak_heralds"":""False"",""leak_repump"":""True"",""leakage"":""True"",""loss"":""True"",""m"":21,""n"":378,""p"":0.001,""prllel_1q"":336,""prllel_2q"":126,""r"":20,""repump_cycles"":3,""seq_meas"":""True"",""seq_ops"":""True"",""swapLRC"":""False""}",
        16,         0,         0,   0.305,bposd,5504117086a3317092df3aefd3d9dcaeddcedef971a26de69ae47837b09651a2,"{""A"":""x0y3+x10y0+x17y0"",""B"":""x5y0+x0y3+x0y19"",""b"":""X"",""d"":18,""excl_opp_detectors"":""True"",""k"":16,""l"":9,""leak_heralds"":""False"",""leak_repump"":""True"",""leakage"":""True"",""loss"":""True"",""m"":21,""n"":378,""p"":0.001,""prllel_1q"":336,""prllel_2q"":126,""r"":20,""repump_cycles"":3,""seq_meas"":""True"",""seq_ops"":""True"",""swapLRC"":""False""}",
        64,         0,         0,    1.86,bposd,5504117086a3317092df3aefd3d9dcaeddcedef971a26de69ae47837b09651a2,"{""A"":""x0y3+x10y0+x17y0"",""B"":""x5y0+x0y3+x0y19"",""b"":""X"",""d"":18,""excl_opp_detectors"":""True"",""k"":16,""l"":9,""leak_heralds"":""False"",""leak_repump"":""True"",""leakage"":""True"",""loss"":""True"",""m"":21,""n"":378,""p"":0.001,""prllel_1q"":336,""prllel_2q"":126,""r"":20,""repump_cycles"":3,""seq_meas"":""True"",""seq_ops"":""True"",""swapLRC"":""False""}",
        64,         0,         0,    2.25,bposd,5504117086a3317092df3aefd3d9dcaeddcedef971a26de69ae47837b09651a2,"{""A"":""x0y3+x10y0+x17y0"",""B"":""x5y0+x0y3+x0y19"",""b"":""X"",""d"":18,""excl_opp_detectors"":""True"",""k"":16,""l"":9,""leak_heralds"":""False"",""leak_repump"":""True"",""leakage"":""True"",""loss"":""True"",""m"":21,""n"":378,""p"":0.001,""prllel_1q"":336,""prllel_2q"":126,""r"":20,""repump_cycles"":3,""seq_meas"":""True"",""seq_ops"":""True"",""swapLRC"":""False""}",
       160,         0,         0,    3.12,bposd,5504117086a3317092df3aefd3d9dcaeddcedef971a26de69ae47837b09651a2,"{""A"":""x0y3+x10y0+x17y0"",""B"":""x5y0+x0y3+x0y19"",""b"":""X"",""d"":18,""excl_opp_detectors"":""True"",""k"":16,""l"":9,""leak_heralds"":""False"",""leak_repump"":""True"",""leakage"":""True"",""loss"":""True"",""m"":21,""n"":378,""p"":0.001,""prllel_1q"":336,""prllel_2q"":126,""r"":20,""repump_cycles"":3,""seq_meas"":""True"",""seq_ops"":""True"",""swapLRC"":""False""}",
        16,         0,         0,   0.421,bposd,5504117086a3317092df3aefd3d9dcaeddcedef971a26de69ae47837b09651a2,"{""A"":""x0y3+x10y0+x17y0"",""B"":""x5y0+x0y3+x0y19"",""b"":""X"",""d"":18,""excl_opp_detectors"":""True"",""k"":16,""l"":9,""leak_heralds"":""False"",""leak_repump"":""True"",""leakage"":""True"",""loss"":""True"",""m"":21,""n"":378,""p"":0.001,""prllel_1q"":336,""prllel_2q"":126,""r"":20,""repump_cycles"":3,""seq_meas"":""True"",""seq_ops"":""True"",""swapLRC"":""False""}",
       112,         0,         0,    3.28,bposd,5504117086a3317092df3aefd3d9dcaeddcedef971a26de69ae47837b09651a2,"{""A"":""x0y3+x10y0+x17y0"",""B"":""x5y0+x0y3+x0y19"",""b"":""X"",""d"":18,""excl_opp_detectors"":""True"",""k"":16,""l"":9,""leak_heralds"":""False"",""leak_repump"":""True"",""leakage"":""True"",""loss"":""True"",""m"":21,""n"":378,""p"":0.001,""prllel_1q"":336,""prllel_2q"":126,""r"":20,""repump_cycles"":3,""seq_meas"":""True"",""seq_ops"":""True"",""swapLRC"":""False""}",
        24,         0,         0,    1.67,bposd,5504117086a3317092df3aefd3d9dcaeddcedef971a26de69ae47837b09651a2,"{""A"":""x0y3+x10y0+x17y0"",""B"":""x5y0+x0y3+x0y19"",""b"":""X"",""d"":18,""excl_opp_detectors"":""True"",""k"":16,""l"":9,""leak_heralds"":""False"",""leak_repump"":""True"",""leakage"":""True"",""loss"":""True"",""m"":21,""n"":378,""p"":0.001,""prllel_1q"":336,""prllel_2q"":126,""r"":20,""repump_cycles"":3,""seq_meas"":""True"",""seq_ops"":""True"",""swapLRC"":""False""}",
        80,         0,         0,    1.71,bposd,5504117086a3317092df3aefd3d9dcaeddcedef971a26de69ae47837b09651a2,"{""A"":""x0y3+x10y0+x17y0"",""B"":""x5y0+x0y3+x0y19"",""b"":""X"",""d"":18,""excl_opp_detectors"":""True"",""k"":16,""l"":9,""leak_heralds"":""False"",""leak_repump"":""True"",""leakage"":""True"",""loss"":""True"",""m"":21,""n"":378,""p"":0.001,""prllel_1q"":336,""prllel_2q"":126,""r"":20,""repump_cycles"":3,""seq_meas"":""True"",""seq_ops"":""True"",""swapLRC"":""False""}",
        96,         0,         0,    1.68,bposd,5504117086a3317092df3aefd3d9dcaeddcedef971a26de69ae47837b09651a2,"{""A"":""x0y3+x10y0+x17y0"",""B"":""x5y0+x0y3+x0y19"",""b"":""X"",""d"":18,""excl_opp_detectors"":""True"",""k"":16,""l"":9,""leak_heralds"":""False"",""leak_repump"":""True"",""leakage"":""True"",""loss"":""True"",""m"":21,""n"":378,""p"":0.001,""prllel_1q"":336,""prllel_2q"":126,""r"":20,""repump_cycles"":3,""seq_meas"":""True"",""seq_ops"":""True"",""swapLRC"":""False""}",
        72,         0,         0,    3.32,bposd,5504117086a3317092df3aefd3d9dcaeddcedef971a26de69ae47837b09651a2,"{""A"":""x0y3+x10y0+x17y0"",""B"":""x5y0+x0y3+x0y19"",""b"":""X"",""d"":18,""excl_opp_detectors"":""True"",""k"":16,""l"":9,""leak_heralds"":""False"",""leak_repump"":""True"",""leakage"":""True"",""loss"":""True"",""m"":21,""n"":378,""p"":0.001,""prllel_1q"":336,""prllel_2q"":126,""r"":20,""repump_cycles"":3,""seq_meas"":""True"",""seq_ops"":""True"",""swapLRC"":""False""}",
        48,         0,         0,    2.18,bposd,5504117086a3317092df3aefd3d9dcaeddcedef971a26de69ae47837b09651a2,"{""A"":""x0y3+x10y0+x17y0"",""B"":""x5y0+x0y3+x0y19"",""b"":""X"",""d"":18,""excl_opp_detectors"":""True"",""k"":16,""l"":9,""leak_heralds"":""False"",""leak_repump"":""True"",""leakage"":""True"",""loss"":""True"",""m"":21,""n"":378,""p"":0.001,""prllel_1q"":336,""prllel_2q"":126,""r"":20,""repump_cycles"":3,""seq_meas"":""True"",""seq_ops"":""True"",""swapLRC"":""False""}",
        96,         0,         0,    2.28,bposd,5504117086a3317092df3aefd3d9dcaeddcedef971a26de69ae47837b09651a2,"{""A"":""x0y3+x10y0+x17y0"",""B"":""x5y0+x0y3+x0y19"",""b"":""X"",""d"":18,""excl_opp_detectors"":""True"",""k"":16,""l"":9,""leak_heralds"":""False"",""leak_repump"":""True"",""leakage"":""True"",""loss"":""True"",""m"":21,""n"":378,""p"":0.001,""prllel_1q"":336,""prllel_2q"":126,""r"":20,""repump_cycles"":3,""seq_meas"":""True"",""seq_ops"":""True"",""swapLRC"":""False""}",
        32,         0,         0,   0.625,bposd,5504117086a3317092df3aefd3d9dcaeddcedef971a26de69ae47837b09651a2,"{""A"":""x0y3+x10y0+x17y0"",""B"":""x5y0+x0y3+x0y19"",""b"":""X"",""d"":18,""excl_opp_detectors"":""True"",""k"":16,""l"":9,""leak_heralds"":""False"",""leak_repump"":""True"",""leakage"":""True"",""loss"":""True"",""m"":21,""n"":378,""p"":0.001,""prllel_1q"":336,""prllel_2q"":126,""r"":20,""repump_cycles"":3,""seq_meas"":""True"",""seq_ops"":""True"",""swapLRC"":""False""}",
       112,         0,         0,    5.86,bposd,5504117086a3317092df3aefd3d9dcaeddcedef971a26de69ae47837b09651a2,"{""A"":""x0y3+x10y0+x17y0"",""B"":""x5y0+x0y3+x0y19"",""b"":""X"",""d"":18,""excl_opp_detectors"":""True"",""k"":16,""l"":9,""leak_heralds"":""False"",""leak_repump"":""True"",""leakage"":""True"",""loss"":""True"",""m"":21,""n"":378,""p"":0.001,""prllel_1q"":336,""prllel_2q"":126,""r"":20,""repump_cycles"":3,""seq_meas"":""True"",""seq_ops"":""True"",""swapLRC"":""False""}",
        64,         0,         0,    2.09,bposd,5504117086a3317092df3aefd3d9dcaeddcedef971a26de69ae47837b09651a2,"{""A"":""x0y3+x10y0+x17y0"",""B"":""x5y0+x0y3+x0y19"",""b"":""X"",""d"":18,""excl_opp_detectors"":""True"",""k"":16,""l"":9,""leak_heralds"":""False"",""leak_repump"":""True"",""leakage"":""True"",""loss"":""True"",""m"":21,""n"":378,""p"":0.001,""prllel_1q"":336,""prllel_2q"":126,""r"":20,""repump_cycles"":3,""seq_meas"":""True"",""seq_ops"":""True"",""swapLRC"":""False""}",
       160,         0,         0,    3.35,bposd,5504117086a3317092df3aefd3d9dcaeddcedef971a26de69ae47837b09651a2,"{""A"":""x0y3+x10y0+x17y0"",""B"":""x5y0+x0y3+x0y19"",""b"":""X"",""d"":18,""excl_opp_detectors"":""True"",""k"":16,""l"":9,""leak_heralds"":""False"",""leak_repump"":""True"",""leakage"":""True"",""loss"":""True"",""m"":21,""n"":378,""p"":0.001,""prllel_1q"":336,""prllel_2q"":126,""r"":20,""repump_cycles"":3,""seq_meas"":""True"",""seq_ops"":""True"",""swapLRC"":""False""}",
       128,         0,         0,    3.25,bposd,5504117086a3317092df3aefd3d9dcaeddcedef971a26de69ae47837b09651a2,"{""A"":""x0y3+x10y0+x17y0"",""B"":""x5y0+x0y3+x0y19"",""b"":""X"",""d"":18,""excl_opp_detectors"":""True"",""k"":16,""l"":9,""leak_heralds"":""False"",""leak_repump"":""True"",""leakage"":""True"",""loss"":""True"",""m"":21,""n"":378,""p"":0.001,""prllel_1q"":336,""prllel_2q"":126,""r"":20,""repump_cycles"":3,""seq_meas"":""True"",""seq_ops"":""True"",""swapLRC"":""False""}",
       144,         0,         0,    4.69,bposd,5504117086a3317092df3aefd3d9dcaeddcedef971a26de69ae47837b09651a2,"{""A"":""x0y3+x10y0+x17y0"",""B"":""x5y0+x0y3+x0y19"",""b"":""X"",""d"":18,""excl_opp_detectors"":""True"",""k"":16,""l"":9,""leak_heralds"":""False"",""leak_repump"":""True"",""leakage"":""True"",""loss"":""True"",""m"":21,""n"":378,""p"":0.001,""prllel_1q"":336,""prllel_2q"":126,""r"":20,""repump_cycles"":3,""seq_meas"":""True"",""seq_ops"":""True"",""swapLRC"":""False""}",
        64,         0,         0,    1.57,bposd,5504117086a3317092df3aefd3d9dcaeddcedef971a26de69ae47837b09651a2,"{""A"":""x0y3+x10y0+x17y0"",""B"":""x5y0+x0y3+x0y19"",""b"":""X"",""d"":18,""excl_opp_detectors"":""True"",""k"":16,""l"":9,""leak_heralds"":""False"",""leak_repump"":""True"",""leakage"":""True"",""loss"":""True"",""m"":21,""n"":378,""p"":0.001,""prllel_1q"":336,""prllel_2q"":126,""r"":20,""repump_cycles"":3,""seq_meas"":""True"",""seq_ops"":""True"",""swapLRC"":""False""}",
        80,         0,         0,    3.26,bposd,5504117086a3317092df3aefd3d9dcaeddcedef971a26de69ae47837b09651a2,"{""A"":""x0y3+x10y0+x17y0"",""B"":""x5y0+x0y3+x0y19"",""b"":""X"",""d"":18,""excl_opp_detectors"":""True"",""k"":16,""l"":9,""leak_heralds"":""False"",""leak_repump"":""True"",""leakage"":""True"",""loss"":""True"",""m"":21,""n"":378,""p"":0.001,""prllel_1q"":336,""prllel_2q"":126,""r"":20,""repump_cycles"":3,""seq_meas"":""True"",""seq_ops"":""True"",""swapLRC"":""False""}",
        96,         0,         0,    2.47,bposd,5504117086a3317092df3aefd3d9dcaeddcedef971a26de69ae47837b09651a2,"{""A"":""x0y3+x10y0+x17y0"",""B"":""x5y0+x0y3+x0y19"",""b"":""X"",""d"":18,""excl_opp_detectors"":""True"",""k"":16,""l"":9,""leak_heralds"":""False"",""leak_repump"":""True"",""leakage"":""True"",""loss"":""True"",""m"":21,""n"":378,""p"":0.001,""prllel_1q"":336,""prllel_2q"":126,""r"":20,""repump_cycles"":3,""seq_meas"":""True"",""seq_ops"":""True"",""swapLRC"":""False""}",
        80,         0,         0,    3.51,bposd,5504117086a3317092df3aefd3d9dcaeddcedef971a26de69ae47837b09651a2,"{""A"":""x0y3+x10y0+x17y0"",""B"":""x5y0+x0y3+x0y19"",""b"":""X"",""d"":18,""excl_opp_detectors"":""True"",""k"":16,""l"":9,""leak_heralds"":""False"",""leak_repump"":""True"",""leakage"":""True"",""loss"":""True"",""m"":21,""n"":378,""p"":0.001,""prllel_1q"":336,""prllel_2q"":126,""r"":20,""repump_cycles"":3,""seq_meas"":""True"",""seq_ops"":""True"",""swapLRC"":""False""}",
        64,         0,         0,    2.38,bposd,5504117086a3317092df3aefd3d9dcaeddcedef971a26de69ae47837b09651a2,"{""A"":""x0y3+x10y0+x17y0"",""B"":""x5y0+x0y3+x0y19"",""b"":""X"",""d"":18,""excl_opp_detectors"":""True"",""k"":16,""l"":9,""leak_heralds"":""False"",""leak_repump"":""True"",""leakage"":""True"",""loss"":""True"",""m"":21,""n"":378,""p"":0.001,""prllel_1q"":336,""prllel_2q"":126,""r"":20,""repump_cycles"":3,""seq_meas"":""True"",""seq_ops"":""True"",""swapLRC"":""False""}",
        16,         0,         0,    3.57,bposd,5504117086a3317092df3aefd3d9dcaeddcedef971a26de69ae47837b09651a2,"{""A"":""x0y3+x10y0+x17y0"",""B"":""x5y0+x0y3+x0y19"",""b"":""X"",""d"":18,""excl_opp_detectors"":""True"",""k"":16,""l"":9,""leak_heralds"":""False"",""leak_repump"":""True"",""leakage"":""True"",""loss"":""True"",""m"":21,""n"":378,""p"":0.001,""prllel_1q"":336,""prllel_2q"":126,""r"":20,""repump_cycles"":3,""seq_meas"":""True"",""seq_ops"":""True"",""swapLRC"":""False""}",
        80,         0,         0,    2.72,bposd,5504117086a3317092df3aefd3d9dcaeddcedef971a26de69ae47837b09651a2,"{""A"":""x0y3+x10y0+x17y0"",""B"":""x5y0+x0y3+x0y19"",""b"":""X"",""d"":18,""excl_opp_detectors"":""True"",""k"":16,""l"":9,""leak_heralds"":""False"",""leak_repump"":""True"",""leakage"":""True"",""loss"":""True"",""m"":21,""n"":378,""p"":0.001,""prllel_1q"":336,""prllel_2q"":126,""r"":20,""repump_cycles"":3,""seq_meas"":""True"",""seq_ops"":""True"",""swapLRC"":""False""}",
       128,         0,         0,    3.70,bposd,5504117086a3317092df3aefd3d9dcaeddcedef971a26de69ae47837b09651a2,"{""A"":""x0y3+x10y0+x17y0"",""B"":""x5y0+x0y3+x0y19"",""b"":""X"",""d"":18,""excl_opp_detectors"":""True"",""k"":16,""l"":9,""leak_heralds"":""False"",""leak_repump"":""True"",""leakage"":""True"",""loss"":""True"",""m"":21,""n"":378,""p"":0.001,""prllel_1q"":336,""prllel_2q"":126,""r"":20,""repump_cycles"":3,""seq_meas"":""True"",""seq_ops"":""True"",""swapLRC"":""False""}",
        96,         0,         0,    2.39,bposd,5504117086a3317092df3aefd3d9dcaeddcedef971a26de69ae47837b09651a2,"{""A"":""x0y3+x10y0+x17y0"",""B"":""x5y0+x0y3+x0y19"",""b"":""X"",""d"":18,""excl_opp_detectors"":""True"",""k"":16,""l"":9,""leak_heralds"":""False"",""leak_repump"":""True"",""leakage"":""True"",""loss"":""True"",""m"":21,""n"":378,""p"":0.001,""prllel_1q"":336,""prllel_2q"":126,""r"":20,""repump_cycles"":3,""seq_meas"":""True"",""seq_ops"":""True"",""swapLRC"":""False""}",
        16,         0,         0,    19.8,bposd,5504117086a3317092df3aefd3d9dcaeddcedef971a26de69ae47837b09651a2,"{""A"":""x0y3+x10y0+x17y0"",""B"":""x5y0+x0y3+x0y19"",""b"":""X"",""d"":18,""excl_opp_detectors"":""True"",""k"":16,""l"":9,""leak_heralds"":""False"",""leak_repump"":""True"",""leakage"":""True"",""loss"":""True"",""m"":21,""n"":378,""p"":0.001,""prllel_1q"":336,""prllel_2q"":126,""r"":20,""repump_cycles"":3,""seq_meas"":""True"",""seq_ops"":""True"",""swapLRC"":""False""}",
        16,         0,         0,    20.5,bposd,5504117086a3317092df3aefd3d9dcaeddcedef971a26de69ae47837b09651a2,"{""A"":""x0y3+x10y0+x17y0"",""B"":""x5y0+x0y3+x0y19"",""b"":""X"",""d"":18,""excl_opp_detectors"":""True"",""k"":16,""l"":9,""leak_heralds"":""False"",""leak_repump"":""True"",""leakage"":""True"",""loss"":""True"",""m"":21,""n"":378,""p"":0.001,""prllel_1q"":336,""prllel_2q"":126,""r"":20,""repump_cycles"":3,""seq_meas"":""True"",""seq_ops"":""True"",""swapLRC"":""False""}",
       128,         0,         0,    3.39,bposd,5504117086a3317092df3aefd3d9dcaeddcedef971a26de69ae47837b09651a2,"{""A"":""x0y3+x10y0+x17y0"",""B"":""x5y0+x0y3+x0y19"",""b"":""X"",""d"":18,""excl_opp_detectors"":""True"",""k"":16,""l"":9,""leak_heralds"":""False"",""leak_repump"":""True"",""leakage"":""True"",""loss"":""True"",""m"":21,""n"":378,""p"":0.001,""prllel_1q"":336,""prllel_2q"":126,""r"":20,""repump_cycles"":3,""seq_meas"":""True"",""seq_ops"":""True"",""swapLRC"":""False""}",
         8,         0,         0,   0.202,bposd,5504117086a3317092df3aefd3d9dcaeddcedef971a26de69ae47837b09651a2,"{""A"":""x0y3+x10y0+x17y0"",""B"":""x5y0+x0y3+x0y19"",""b"":""X"",""d"":18,""excl_opp_detectors"":""True"",""k"":16,""l"":9,""leak_heralds"":""False"",""leak_repump"":""True"",""leakage"":""True"",""loss"":""True"",""m"":21,""n"":378,""p"":0.001,""prllel_1q"":336,""prllel_2q"":126,""r"":20,""repump_cycles"":3,""seq_meas"":""True"",""seq_ops"":""True"",""swapLRC"":""False""}",
         8,         0,         0,   0.271,bposd,5504117086a3317092df3aefd3d9dcaeddcedef971a26de69ae47837b09651a2,"{""A"":""x0y3+x10y0+x17y0"",""B"":""x5y0+x0y3+x0y19"",""b"":""X"",""d"":18,""excl_opp_detectors"":""True"",""k"":16,""l"":9,""leak_heralds"":""False"",""leak_repump"":""True"",""leakage"":""True"",""loss"":""True"",""m"":21,""n"":378,""p"":0.001,""prllel_1q"":336,""prllel_2q"":126,""r"":20,""repump_cycles"":3,""seq_meas"":""True"",""seq_ops"":""True"",""swapLRC"":""False""}",
       128,         0,         0,    2.20,bposd,5504117086a3317092df3aefd3d9dcaeddcedef971a26de69ae47837b09651a2,"{""A"":""x0y3+x10y0+x17y0"",""B"":""x5y0+x0y3+x0y19"",""b"":""X"",""d"":18,""excl_opp_detectors"":""True"",""k"":16,""l"":9,""leak_heralds"":""False"",""leak_repump"":""True"",""leakage"":""True"",""loss"":""True"",""m"":21,""n"":378,""p"":0.001,""prllel_1q"":336,""prllel_2q"":126,""r"":20,""repump_cycles"":3,""seq_meas"":""True"",""seq_ops"":""True"",""swapLRC"":""False""}",
       160,         0,         0,    4.99,bposd,5504117086a3317092df3aefd3d9dcaeddcedef971a26de69ae47837b09651a2,"{""A"":""x0y3+x10y0+x17y0"",""B"":""x5y0+x0y3+x0y19"",""b"":""X"",""d"":18,""excl_opp_detectors"":""True"",""k"":16,""l"":9,""leak_heralds"":""False"",""leak_repump"":""True"",""leakage"":""True"",""loss"":""True"",""m"":21,""n"":378,""p"":0.001,""prllel_1q"":336,""prllel_2q"":126,""r"":20,""repump_cycles"":3,""seq_meas"":""True"",""seq_ops"":""True"",""swapLRC"":""False""}",
        16,         0,         0,   0.349,bposd,5504117086a3317092df3aefd3d9dcaeddcedef971a26de69ae47837b09651a2,"{""A"":""x0y3+x10y0+x17y0"",""B"":""x5y0+x0y3+x0y19"",""b"":""X"",""d"":18,""excl_opp_detectors"":""True"",""k"":16,""l"":9,""leak_heralds"":""False"",""leak_repump"":""True"",""leakage"":""True"",""loss"":""True"",""m"":21,""n"":378,""p"":0.001,""prllel_1q"":336,""prllel_2q"":126,""r"":20,""repump_cycles"":3,""seq_meas"":""True"",""seq_ops"":""True"",""swapLRC"":""False""}",
        16,         0,         0,   0.450,bposd,5504117086a3317092df3aefd3d9dcaeddcedef971a26de69ae47837b09651a2,"{""A"":""x0y3+x10y0+x17y0"",""B"":""x5y0+x0y3+x0y19"",""b"":""X"",""d"":18,""excl_opp_detectors"":""True"",""k"":16,""l"":9,""leak_heralds"":""False"",""leak_repump"":""True"",""leakage"":""True"",""loss"":""True"",""m"":21,""n"":378,""p"":0.001,""prllel_1q"":336,""prllel_2q"":126,""r"":20,""repump_cycles"":3,""seq_meas"":""True"",""seq_ops"":""True"",""swapLRC"":""False""}",
        32,         0,         0,    5.96,bposd,5504117086a3317092df3aefd3d9dcaeddcedef971a26de69ae47837b09651a2,"{""A"":""x0y3+x10y0+x17y0"",""B"":""x5y0+x0y3+x0y19"",""b"":""X"",""d"":18,""excl_opp_detectors"":""True"",""k"":16,""l"":9,""leak_heralds"":""False"",""leak_repump"":""True"",""leakage"":""True"",""loss"":""True"",""m"":21,""n"":378,""p"":0.001,""prllel_1q"":336,""prllel_2q"":126,""r"":20,""repump_cycles"":3,""seq_meas"":""True"",""seq_ops"":""True"",""swapLRC"":""False""}",
       128,         0,         0,    4.64,bposd,5504117086a3317092df3aefd3d9dcaeddcedef971a26de69ae47837b09651a2,"{""A"":""x0y3+x10y0+x17y0"",""B"":""x5y0+x0y3+x0y19"",""b"":""X"",""d"":18,""excl_opp_detectors"":""True"",""k"":16,""l"":9,""leak_heralds"":""False"",""leak_repump"":""True"",""leakage"":""True"",""loss"":""True"",""m"":21,""n"":378,""p"":0.001,""prllel_1q"":336,""prllel_2q"":126,""r"":20,""repump_cycles"":3,""seq_meas"":""True"",""seq_ops"":""True"",""swapLRC"":""False""}",
       176,         0,         0,    4.88,bposd,5504117086a3317092df3aefd3d9dcaeddcedef971a26de69ae47837b09651a2,"{""A"":""x0y3+x10y0+x17y0"",""B"":""x5y0+x0y3+x0y19"",""b"":""X"",""d"":18,""excl_opp_detectors"":""True"",""k"":16,""l"":9,""leak_heralds"":""False"",""leak_repump"":""True"",""leakage"":""True"",""loss"":""True"",""m"":21,""n"":378,""p"":0.001,""prllel_1q"":336,""prllel_2q"":126,""r"":20,""repump_cycles"":3,""seq_meas"":""True"",""seq_ops"":""True"",""swapLRC"":""False""}",
        16,         0,         0,   0.486,bposd,5504117086a3317092df3aefd3d9dcaeddcedef971a26de69ae47837b09651a2,"{""A"":""x0y3+x10y0+x17y0"",""B"":""x5y0+x0y3+x0y19"",""b"":""X"",""d"":18,""excl_opp_detectors"":""True"",""k"":16,""l"":9,""leak_heralds"":""False"",""leak_repump"":""True"",""leakage"":""True"",""loss"":""True"",""m"":21,""n"":378,""p"":0.001,""prllel_1q"":336,""prllel_2q"":126,""r"":20,""repump_cycles"":3,""seq_meas"":""True"",""seq_ops"":""True"",""swapLRC"":""False""}",
        16,         0,         0,   0.404,bposd,5504117086a3317092df3aefd3d9dcaeddcedef971a26de69ae47837b09651a2,"{""A"":""x0y3+x10y0+x17y0"",""B"":""x5y0+x0y3+x0y19"",""b"":""X"",""d"":18,""excl_opp_detectors"":""True"",""k"":16,""l"":9,""leak_heralds"":""False"",""leak_repump"":""True"",""leakage"":""True"",""loss"":""True"",""m"":21,""n"":378,""p"":0.001,""prllel_1q"":336,""prllel_2q"":126,""r"":20,""repump_cycles"":3,""seq_meas"":""True"",""seq_ops"":""True"",""swapLRC"":""False""}",
       144,         0,         0,    4.62,bposd,5504117086a3317092df3aefd3d9dcaeddcedef971a26de69ae47837b09651a2,"{""A"":""x0y3+x10y0+x17y0"",""B"":""x5y0+x0y3+x0y19"",""b"":""X"",""d"":18,""excl_opp_detectors"":""True"",""k"":16,""l"":9,""leak_heralds"":""False"",""leak_repump"":""True"",""leakage"":""True"",""loss"":""True"",""m"":21,""n"":378,""p"":0.001,""prllel_1q"":336,""prllel_2q"":126,""r"":20,""repump_cycles"":3,""seq_meas"":""True"",""seq_ops"":""True"",""swapLRC"":""False""}",
        16,         0,         0,   0.325,bposd,5504117086a3317092df3aefd3d9dcaeddcedef971a26de69ae47837b09651a2,"{""A"":""x0y3+x10y0+x17y0"",""B"":""x5y0+x0y3+x0y19"",""b"":""X"",""d"":18,""excl_opp_detectors"":""True"",""k"":16,""l"":9,""leak_heralds"":""False"",""leak_repump"":""True"",""leakage"":""True"",""loss"":""True"",""m"":21,""n"":378,""p"":0.001,""prllel_1q"":336,""prllel_2q"":126,""r"":20,""repump_cycles"":3,""seq_meas"":""True"",""seq_ops"":""True"",""swapLRC"":""False""}",
       128,         0,         0,    4.83,bposd,5504117086a3317092df3aefd3d9dcaeddcedef971a26de69ae47837b09651a2,"{""A"":""x0y3+x10y0+x17y0"",""B"":""x5y0+x0y3+x0y19"",""b"":""X"",""d"":18,""excl_opp_detectors"":""True"",""k"":16,""l"":9,""leak_heralds"":""False"",""leak_repump"":""True"",""leakage"":""True"",""loss"":""True"",""m"":21,""n"":378,""p"":0.001,""prllel_1q"":336,""prllel_2q"":126,""r"":20,""repump_cycles"":3,""seq_meas"":""True"",""seq_ops"":""True"",""swapLRC"":""False""}",
        16,         0,         0,    20.4,bposd,5504117086a3317092df3aefd3d9dcaeddcedef971a26de69ae47837b09651a2,"{""A"":""x0y3+x10y0+x17y0"",""B"":""x5y0+x0y3+x0y19"",""b"":""X"",""d"":18,""excl_opp_detectors"":""True"",""k"":16,""l"":9,""leak_heralds"":""False"",""leak_repump"":""True"",""leakage"":""True"",""loss"":""True"",""m"":21,""n"":378,""p"":0.001,""prllel_1q"":336,""prllel_2q"":126,""r"":20,""repump_cycles"":3,""seq_meas"":""True"",""seq_ops"":""True"",""swapLRC"":""False""}",
        16,         0,         0,   0.358,bposd,5504117086a3317092df3aefd3d9dcaeddcedef971a26de69ae47837b09651a2,"{""A"":""x0y3+x10y0+x17y0"",""B"":""x5y0+x0y3+x0y19"",""b"":""X"",""d"":18,""excl_opp_detectors"":""True"",""k"":16,""l"":9,""leak_heralds"":""False"",""leak_repump"":""True"",""leakage"":""True"",""loss"":""True"",""m"":21,""n"":378,""p"":0.001,""prllel_1q"":336,""prllel_2q"":126,""r"":20,""repump_cycles"":3,""seq_meas"":""True"",""seq_ops"":""True"",""swapLRC"":""False""}",
        16,         0,         0,   0.330,bposd,5504117086a3317092df3aefd3d9dcaeddcedef971a26de69ae47837b09651a2,"{""A"":""x0y3+x10y0+x17y0"",""B"":""x5y0+x0y3+x0y19"",""b"":""X"",""d"":18,""excl_opp_detectors"":""True"",""k"":16,""l"":9,""leak_heralds"":""False"",""leak_repump"":""True"",""leakage"":""True"",""loss"":""True"",""m"":21,""n"":378,""p"":0.001,""prllel_1q"":336,""prllel_2q"":126,""r"":20,""repump_cycles"":3,""seq_meas"":""True"",""seq_ops"":""True"",""swapLRC"":""False""}",
         8,         0,         0,   0.284,bposd,5504117086a3317092df3aefd3d9dcaeddcedef971a26de69ae47837b09651a2,"{""A"":""x0y3+x10y0+x17y0"",""B"":""x5y0+x0y3+x0y19"",""b"":""X"",""d"":18,""excl_opp_detectors"":""True"",""k"":16,""l"":9,""leak_heralds"":""False"",""leak_repump"":""True"",""leakage"":""True"",""loss"":""True"",""m"":21,""n"":378,""p"":0.001,""prllel_1q"":336,""prllel_2q"":126,""r"":20,""repump_cycles"":3,""seq_meas"":""True"",""seq_ops"":""True"",""swapLRC"":""False""}",
       224,         0,         0,    4.42,bposd,5504117086a3317092df3aefd3d9dcaeddcedef971a26de69ae47837b09651a2,"{""A"":""x0y3+x10y0+x17y0"",""B"":""x5y0+x0y3+x0y19"",""b"":""X"",""d"":18,""excl_opp_detectors"":""True"",""k"":16,""l"":9,""leak_heralds"":""False"",""leak_repump"":""True"",""leakage"":""True"",""loss"":""True"",""m"":21,""n"":378,""p"":0.001,""prllel_1q"":336,""prllel_2q"":126,""r"":20,""repump_cycles"":3,""seq_meas"":""True"",""seq_ops"":""True"",""swapLRC"":""False""}",
        16,         0,         0,   0.483,bposd,5504117086a3317092df3aefd3d9dcaeddcedef971a26de69ae47837b09651a2,"{""A"":""x0y3+x10y0+x17y0"",""B"":""x5y0+x0y3+x0y19"",""b"":""X"",""d"":18,""excl_opp_detectors"":""True"",""k"":16,""l"":9,""leak_heralds"":""False"",""leak_repump"":""True"",""leakage"":""True"",""loss"":""True"",""m"":21,""n"":378,""p"":0.001,""prllel_1q"":336,""prllel_2q"":126,""r"":20,""repump_cycles"":3,""seq_meas"":""True"",""seq_ops"":""True"",""swapLRC"":""False""}",
        16,         0,         0,   0.250,bposd,5504117086a3317092df3aefd3d9dcaeddcedef971a26de69ae47837b09651a2,"{""A"":""x0y3+x10y0+x17y0"",""B"":""x5y0+x0y3+x0y19"",""b"":""X"",""d"":18,""excl_opp_detectors"":""True"",""k"":16,""l"":9,""leak_heralds"":""False"",""leak_repump"":""True"",""leakage"":""True"",""loss"":""True"",""m"":21,""n"":378,""p"":0.001,""prllel_1q"":336,""prllel_2q"":126,""r"":20,""repump_cycles"":3,""seq_meas"":""True"",""seq_ops"":""True"",""swapLRC"":""False""}",
        16,         0,         0,   0.377,bposd,5504117086a3317092df3aefd3d9dcaeddcedef971a26de69ae47837b09651a2,"{""A"":""x0y3+x10y0+x17y0"",""B"":""x5y0+x0y3+x0y19"",""b"":""X"",""d"":18,""excl_opp_detectors"":""True"",""k"":16,""l"":9,""leak_heralds"":""False"",""leak_repump"":""True"",""leakage"":""True"",""loss"":""True"",""m"":21,""n"":378,""p"":0.001,""prllel_1q"":336,""prllel_2q"":126,""r"":20,""repump_cycles"":3,""seq_meas"":""True"",""seq_ops"":""True"",""swapLRC"":""False""}",
        16,         0,         0,   0.275,bposd,5504117086a3317092df3aefd3d9dcaeddcedef971a26de69ae47837b09651a2,"{""A"":""x0y3+x10y0+x17y0"",""B"":""x5y0+x0y3+x0y19"",""b"":""X"",""d"":18,""excl_opp_detectors"":""True"",""k"":16,""l"":9,""leak_heralds"":""False"",""leak_repump"":""True"",""leakage"":""True"",""loss"":""True"",""m"":21,""n"":378,""p"":0.001,""prllel_1q"":336,""prllel_2q"":126,""r"":20,""repump_cycles"":3,""seq_meas"":""True"",""seq_ops"":""True"",""swapLRC"":""False""}",
        96,         0,         0,    3.55,bposd,5504117086a3317092df3aefd3d9dcaeddcedef971a26de69ae47837b09651a2,"{""A"":""x0y3+x10y0+x17y0"",""B"":""x5y0+x0y3+x0y19"",""b"":""X"",""d"":18,""excl_opp_detectors"":""True"",""k"":16,""l"":9,""leak_heralds"":""False"",""leak_repump"":""True"",""leakage"":""True"",""loss"":""True"",""m"":21,""n"":378,""p"":0.001,""prllel_1q"":336,""prllel_2q"":126,""r"":20,""repump_cycles"":3,""seq_meas"":""True"",""seq_ops"":""True"",""swapLRC"":""False""}",
        16,         0,         0,   0.251,bposd,5504117086a3317092df3aefd3d9dcaeddcedef971a26de69ae47837b09651a2,"{""A"":""x0y3+x10y0+x17y0"",""B"":""x5y0+x0y3+x0y19"",""b"":""X"",""d"":18,""excl_opp_detectors"":""True"",""k"":16,""l"":9,""leak_heralds"":""False"",""leak_repump"":""True"",""leakage"":""True"",""loss"":""True"",""m"":21,""n"":378,""p"":0.001,""prllel_1q"":336,""prllel_2q"":126,""r"":20,""repump_cycles"":3,""seq_meas"":""True"",""seq_ops"":""True"",""swapLRC"":""False""}",
        32,         0,         0,   0.528,bposd,5504117086a3317092df3aefd3d9dcaeddcedef971a26de69ae47837b09651a2,"{""A"":""x0y3+x10y0+x17y0"",""B"":""x5y0+x0y3+x0y19"",""b"":""X"",""d"":18,""excl_opp_detectors"":""True"",""k"":16,""l"":9,""leak_heralds"":""False"",""leak_repump"":""True"",""leakage"":""True"",""loss"":""True"",""m"":21,""n"":378,""p"":0.001,""prllel_1q"":336,""prllel_2q"":126,""r"":20,""repump_cycles"":3,""seq_meas"":""True"",""seq_ops"":""True"",""swapLRC"":""False""}",
       128,         0,         0,    4.51,bposd,5504117086a3317092df3aefd3d9dcaeddcedef971a26de69ae47837b09651a2,"{""A"":""x0y3+x10y0+x17y0"",""B"":""x5y0+x0y3+x0y19"",""b"":""X"",""d"":18,""excl_opp_detectors"":""True"",""k"":16,""l"":9,""leak_heralds"":""False"",""leak_repump"":""True"",""leakage"":""True"",""loss"":""True"",""m"":21,""n"":378,""p"":0.001,""prllel_1q"":336,""prllel_2q"":126,""r"":20,""repump_cycles"":3,""seq_meas"":""True"",""seq_ops"":""True"",""swapLRC"":""False""}",
        32,         0,         0,   0.509,bposd,5504117086a3317092df3aefd3d9dcaeddcedef971a26de69ae47837b09651a2,"{""A"":""x0y3+x10y0+x17y0"",""B"":""x5y0+x0y3+x0y19"",""b"":""X"",""d"":18,""excl_opp_detectors"":""True"",""k"":16,""l"":9,""leak_heralds"":""False"",""leak_repump"":""True"",""leakage"":""True"",""loss"":""True"",""m"":21,""n"":378,""p"":0.001,""prllel_1q"":336,""prllel_2q"":126,""r"":20,""repump_cycles"":3,""seq_meas"":""True"",""seq_ops"":""True"",""swapLRC"":""False""}",
       128,         0,         0,    3.14,bposd,5504117086a3317092df3aefd3d9dcaeddcedef971a26de69ae47837b09651a2,"{""A"":""x0y3+x10y0+x17y0"",""B"":""x5y0+x0y3+x0y19"",""b"":""X"",""d"":18,""excl_opp_detectors"":""True"",""k"":16,""l"":9,""leak_heralds"":""False"",""leak_repump"":""True"",""leakage"":""True"",""loss"":""True"",""m"":21,""n"":378,""p"":0.001,""prllel_1q"":336,""prllel_2q"":126,""r"":20,""repump_cycles"":3,""seq_meas"":""True"",""seq_ops"":""True"",""swapLRC"":""False""}",
        32,         0,         0,   0.658,bposd,5504117086a3317092df3aefd3d9dcaeddcedef971a26de69ae47837b09651a2,"{""A"":""x0y3+x10y0+x17y0"",""B"":""x5y0+x0y3+x0y19"",""b"":""X"",""d"":18,""excl_opp_detectors"":""True"",""k"":16,""l"":9,""leak_heralds"":""False"",""leak_repump"":""True"",""leakage"":""True"",""loss"":""True"",""m"":21,""n"":378,""p"":0.001,""prllel_1q"":336,""prllel_2q"":126,""r"":20,""repump_cycles"":3,""seq_meas"":""True"",""seq_ops"":""True"",""swapLRC"":""False""}",
       136,         0,         0,    4.75,bposd,5504117086a3317092df3aefd3d9dcaeddcedef971a26de69ae47837b09651a2,"{""A"":""x0y3+x10y0+x17y0"",""B"":""x5y0+x0y3+x0y19"",""b"":""X"",""d"":18,""excl_opp_detectors"":""True"",""k"":16,""l"":9,""leak_heralds"":""False"",""leak_repump"":""True"",""leakage"":""True"",""loss"":""True"",""m"":21,""n"":378,""p"":0.001,""prllel_1q"":336,""prllel_2q"":126,""r"":20,""repump_cycles"":3,""seq_meas"":""True"",""seq_ops"":""True"",""swapLRC"":""False""}",
        48,         0,         0,    5.24,bposd,5504117086a3317092df3aefd3d9dcaeddcedef971a26de69ae47837b09651a2,"{""A"":""x0y3+x10y0+x17y0"",""B"":""x5y0+x0y3+x0y19"",""b"":""X"",""d"":18,""excl_opp_detectors"":""True"",""k"":16,""l"":9,""leak_heralds"":""False"",""leak_repump"":""True"",""leakage"":""True"",""loss"":""True"",""m"":21,""n"":378,""p"":0.001,""prllel_1q"":336,""prllel_2q"":126,""r"":20,""repump_cycles"":3,""seq_meas"":""True"",""seq_ops"":""True"",""swapLRC"":""False""}",
        32,         0,         0,   0.581,bposd,5504117086a3317092df3aefd3d9dcaeddcedef971a26de69ae47837b09651a2,"{""A"":""x0y3+x10y0+x17y0"",""B"":""x5y0+x0y3+x0y19"",""b"":""X"",""d"":18,""excl_opp_detectors"":""True"",""k"":16,""l"":9,""leak_heralds"":""False"",""leak_repump"":""True"",""leakage"":""True"",""loss"":""True"",""m"":21,""n"":378,""p"":0.001,""prllel_1q"":336,""prllel_2q"":126,""r"":20,""repump_cycles"":3,""seq_meas"":""True"",""seq_ops"":""True"",""swapLRC"":""False""}",
       136,         0,         0,    4.41,bposd,5504117086a3317092df3aefd3d9dcaeddcedef971a26de69ae47837b09651a2,"{""A"":""x0y3+x10y0+x17y0"",""B"":""x5y0+x0y3+x0y19"",""b"":""X"",""d"":18,""excl_opp_detectors"":""True"",""k"":16,""l"":9,""leak_heralds"":""False"",""leak_repump"":""True"",""leakage"":""True"",""loss"":""True"",""m"":21,""n"":378,""p"":0.001,""prllel_1q"":336,""prllel_2q"":126,""r"":20,""repump_cycles"":3,""seq_meas"":""True"",""seq_ops"":""True"",""swapLRC"":""False""}",
        32,         0,         0,   0.639,bposd,5504117086a3317092df3aefd3d9dcaeddcedef971a26de69ae47837b09651a2,"{""A"":""x0y3+x10y0+x17y0"",""B"":""x5y0+x0y3+x0y19"",""b"":""X"",""d"":18,""excl_opp_detectors"":""True"",""k"":16,""l"":9,""leak_heralds"":""False"",""leak_repump"":""True"",""leakage"":""True"",""loss"":""True"",""m"":21,""n"":378,""p"":0.001,""prllel_1q"":336,""prllel_2q"":126,""r"":20,""repump_cycles"":3,""seq_meas"":""True"",""seq_ops"":""True"",""swapLRC"":""False""}",
        96,         0,         0,    3.37,bposd,5504117086a3317092df3aefd3d9dcaeddcedef971a26de69ae47837b09651a2,"{""A"":""x0y3+x10y0+x17y0"",""B"":""x5y0+x0y3+x0y19"",""b"":""X"",""d"":18,""excl_opp_detectors"":""True"",""k"":16,""l"":9,""leak_heralds"":""False"",""leak_repump"":""True"",""leakage"":""True"",""loss"":""True"",""m"":21,""n"":378,""p"":0.001,""prllel_1q"":336,""prllel_2q"":126,""r"":20,""repump_cycles"":3,""seq_meas"":""True"",""seq_ops"":""True"",""swapLRC"":""False""}",
        32,         0,         0,    1.27,bposd,5504117086a3317092df3aefd3d9dcaeddcedef971a26de69ae47837b09651a2,"{""A"":""x0y3+x10y0+x17y0"",""B"":""x5y0+x0y3+x0y19"",""b"":""X"",""d"":18,""excl_opp_detectors"":""True"",""k"":16,""l"":9,""leak_heralds"":""False"",""leak_repump"":""True"",""leakage"":""True"",""loss"":""True"",""m"":21,""n"":378,""p"":0.001,""prllel_1q"":336,""prllel_2q"":126,""r"":20,""repump_cycles"":3,""seq_meas"":""True"",""seq_ops"":""True"",""swapLRC"":""False""}",
       144,         0,         0,    4.68,bposd,5504117086a3317092df3aefd3d9dcaeddcedef971a26de69ae47837b09651a2,"{""A"":""x0y3+x10y0+x17y0"",""B"":""x5y0+x0y3+x0y19"",""b"":""X"",""d"":18,""excl_opp_detectors"":""True"",""k"":16,""l"":9,""leak_heralds"":""False"",""leak_repump"":""True"",""leakage"":""True"",""loss"":""True"",""m"":21,""n"":378,""p"":0.001,""prllel_1q"":336,""prllel_2q"":126,""r"":20,""repump_cycles"":3,""seq_meas"":""True"",""seq_ops"":""True"",""swapLRC"":""False""}",
       112,         0,         0,    4.99,bposd,5504117086a3317092df3aefd3d9dcaeddcedef971a26de69ae47837b09651a2,"{""A"":""x0y3+x10y0+x17y0"",""B"":""x5y0+x0y3+x0y19"",""b"":""X"",""d"":18,""excl_opp_detectors"":""True"",""k"":16,""l"":9,""leak_heralds"":""False"",""leak_repump"":""True"",""leakage"":""True"",""loss"":""True"",""m"":21,""n"":378,""p"":0.001,""prllel_1q"":336,""prllel_2q"":126,""r"":20,""repump_cycles"":3,""seq_meas"":""True"",""seq_ops"":""True"",""swapLRC"":""False""}",
        64,         0,         0,   0.977,bposd,5504117086a3317092df3aefd3d9dcaeddcedef971a26de69ae47837b09651a2,"{""A"":""x0y3+x10y0+x17y0"",""B"":""x5y0+x0y3+x0y19"",""b"":""X"",""d"":18,""excl_opp_detectors"":""True"",""k"":16,""l"":9,""leak_heralds"":""False"",""leak_repump"":""True"",""leakage"":""True"",""loss"":""True"",""m"":21,""n"":378,""p"":0.001,""prllel_1q"":336,""prllel_2q"":126,""r"":20,""repump_cycles"":3,""seq_meas"":""True"",""seq_ops"":""True"",""swapLRC"":""False""}",
        32,         0,         0,   0.634,bposd,5504117086a3317092df3aefd3d9dcaeddcedef971a26de69ae47837b09651a2,"{""A"":""x0y3+x10y0+x17y0"",""B"":""x5y0+x0y3+x0y19"",""b"":""X"",""d"":18,""excl_opp_detectors"":""True"",""k"":16,""l"":9,""leak_heralds"":""False"",""leak_repump"":""True"",""leakage"":""True"",""loss"":""True"",""m"":21,""n"":378,""p"":0.001,""prllel_1q"":336,""prllel_2q"":126,""r"":20,""repump_cycles"":3,""seq_meas"":""True"",""seq_ops"":""True"",""swapLRC"":""False""}",
        64,         0,         0,    1.31,bposd,5504117086a3317092df3aefd3d9dcaeddcedef971a26de69ae47837b09651a2,"{""A"":""x0y3+x10y0+x17y0"",""B"":""x5y0+x0y3+x0y19"",""b"":""X"",""d"":18,""excl_opp_detectors"":""True"",""k"":16,""l"":9,""leak_heralds"":""False"",""leak_repump"":""True"",""leakage"":""True"",""loss"":""True"",""m"":21,""n"":378,""p"":0.001,""prllel_1q"":336,""prllel_2q"":126,""r"":20,""repump_cycles"":3,""seq_meas"":""True"",""seq_ops"":""True"",""swapLRC"":""False""}",
       160,         0,         0,    4.70,bposd,5504117086a3317092df3aefd3d9dcaeddcedef971a26de69ae47837b09651a2,"{""A"":""x0y3+x10y0+x17y0"",""B"":""x5y0+x0y3+x0y19"",""b"":""X"",""d"":18,""excl_opp_detectors"":""True"",""k"":16,""l"":9,""leak_heralds"":""False"",""leak_repump"":""True"",""leakage"":""True"",""loss"":""True"",""m"":21,""n"":378,""p"":0.001,""prllel_1q"":336,""prllel_2q"":126,""r"":20,""repump_cycles"":3,""seq_meas"":""True"",""seq_ops"":""True"",""swapLRC"":""False""}",
        32,         0,         0,   0.540,bposd,5504117086a3317092df3aefd3d9dcaeddcedef971a26de69ae47837b09651a2,"{""A"":""x0y3+x10y0+x17y0"",""B"":""x5y0+x0y3+x0y19"",""b"":""X"",""d"":18,""excl_opp_detectors"":""True"",""k"":16,""l"":9,""leak_heralds"":""False"",""leak_repump"":""True"",""leakage"":""True"",""loss"":""True"",""m"":21,""n"":378,""p"":0.001,""prllel_1q"":336,""prllel_2q"":126,""r"":20,""repump_cycles"":3,""seq_meas"":""True"",""seq_ops"":""True"",""swapLRC"":""False""}",
        64,         0,         0,   0.983,bposd,5504117086a3317092df3aefd3d9dcaeddcedef971a26de69ae47837b09651a2,"{""A"":""x0y3+x10y0+x17y0"",""B"":""x5y0+x0y3+x0y19"",""b"":""X"",""d"":18,""excl_opp_detectors"":""True"",""k"":16,""l"":9,""leak_heralds"":""False"",""leak_repump"":""True"",""leakage"":""True"",""loss"":""True"",""m"":21,""n"":378,""p"":0.001,""prllel_1q"":336,""prllel_2q"":126,""r"":20,""repump_cycles"":3,""seq_meas"":""True"",""seq_ops"":""True"",""swapLRC"":""False""}",
       152,         0,         0,    4.27,bposd,5504117086a3317092df3aefd3d9dcaeddcedef971a26de69ae47837b09651a2,"{""A"":""x0y3+x10y0+x17y0"",""B"":""x5y0+x0y3+x0y19"",""b"":""X"",""d"":18,""excl_opp_detectors"":""True"",""k"":16,""l"":9,""leak_heralds"":""False"",""leak_repump"":""True"",""leakage"":""True"",""loss"":""True"",""m"":21,""n"":378,""p"":0.001,""prllel_1q"":336,""prllel_2q"":126,""r"":20,""repump_cycles"":3,""seq_meas"":""True"",""seq_ops"":""True"",""swapLRC"":""False""}",
        64,         0,         0,    1.09,bposd,5504117086a3317092df3aefd3d9dcaeddcedef971a26de69ae47837b09651a2,"{""A"":""x0y3+x10y0+x17y0"",""B"":""x5y0+x0y3+x0y19"",""b"":""X"",""d"":18,""excl_opp_detectors"":""True"",""k"":16,""l"":9,""leak_heralds"":""False"",""leak_repump"":""True"",""leakage"":""True"",""loss"":""True"",""m"":21,""n"":378,""p"":0.001,""prllel_1q"":336,""prllel_2q"":126,""r"":20,""repump_cycles"":3,""seq_meas"":""True"",""seq_ops"":""True"",""swapLRC"":""False""}",
       224,         0,         0,    8.69,bposd,5504117086a3317092df3aefd3d9dcaeddcedef971a26de69ae47837b09651a2,"{""A"":""x0y3+x10y0+x17y0"",""B"":""x5y0+x0y3+x0y19"",""b"":""X"",""d"":18,""excl_opp_detectors"":""True"",""k"":16,""l"":9,""leak_heralds"":""False"",""leak_repump"":""True"",""leakage"":""True"",""loss"":""True"",""m"":21,""n"":378,""p"":0.001,""prllel_1q"":336,""prllel_2q"":126,""r"":20,""repump_cycles"":3,""seq_meas"":""True"",""seq_ops"":""True"",""swapLRC"":""False""}",
       112,         0,         0,    4.28,bposd,5504117086a3317092df3aefd3d9dcaeddcedef971a26de69ae47837b09651a2,"{""A"":""x0y3+x10y0+x17y0"",""B"":""x5y0+x0y3+x0y19"",""b"":""X"",""d"":18,""excl_opp_detectors"":""True"",""k"":16,""l"":9,""leak_heralds"":""False"",""leak_repump"":""True"",""leakage"":""True"",""loss"":""True"",""m"":21,""n"":378,""p"":0.001,""prllel_1q"":336,""prllel_2q"":126,""r"":20,""repump_cycles"":3,""seq_meas"":""True"",""seq_ops"":""True"",""swapLRC"":""False""}",
       288,         0,         0,    6.14,bposd,5504117086a3317092df3aefd3d9dcaeddcedef971a26de69ae47837b09651a2,"{""A"":""x0y3+x10y0+x17y0"",""B"":""x5y0+x0y3+x0y19"",""b"":""X"",""d"":18,""excl_opp_detectors"":""True"",""k"":16,""l"":9,""leak_heralds"":""False"",""leak_repump"":""True"",""leakage"":""True"",""loss"":""True"",""m"":21,""n"":378,""p"":0.001,""prllel_1q"":336,""prllel_2q"":126,""r"":20,""repump_cycles"":3,""seq_meas"":""True"",""seq_ops"":""True"",""swapLRC"":""False""}",
       176,         0,         0,    6.10,bposd,5504117086a3317092df3aefd3d9dcaeddcedef971a26de69ae47837b09651a2,"{""A"":""x0y3+x10y0+x17y0"",""B"":""x5y0+x0y3+x0y19"",""b"":""X"",""d"":18,""excl_opp_detectors"":""True"",""k"":16,""l"":9,""leak_heralds"":""False"",""leak_repump"":""True"",""leakage"":""True"",""loss"":""True"",""m"":21,""n"":378,""p"":0.001,""prllel_1q"":336,""prllel_2q"":126,""r"":20,""repump_cycles"":3,""seq_meas"":""True"",""seq_ops"":""True"",""swapLRC"":""False""}",
        16,         0,         0,    20.4,bposd,5504117086a3317092df3aefd3d9dcaeddcedef971a26de69ae47837b09651a2,"{""A"":""x0y3+x10y0+x17y0"",""B"":""x5y0+x0y3+x0y19"",""b"":""X"",""d"":18,""excl_opp_detectors"":""True"",""k"":16,""l"":9,""leak_heralds"":""False"",""leak_repump"":""True"",""leakage"":""True"",""loss"":""True"",""m"":21,""n"":378,""p"":0.001,""prllel_1q"":336,""prllel_2q"":126,""r"":20,""repump_cycles"":3,""seq_meas"":""True"",""seq_ops"":""True"",""swapLRC"":""False""}",
        64,         0,         0,    2.26,bposd,5504117086a3317092df3aefd3d9dcaeddcedef971a26de69ae47837b09651a2,"{""A"":""x0y3+x10y0+x17y0"",""B"":""x5y0+x0y3+x0y19"",""b"":""X"",""d"":18,""excl_opp_detectors"":""True"",""k"":16,""l"":9,""leak_heralds"":""False"",""leak_repump"":""True"",""leakage"":""True"",""loss"":""True"",""m"":21,""n"":378,""p"":0.001,""prllel_1q"":336,""prllel_2q"":126,""r"":20,""repump_cycles"":3,""seq_meas"":""True"",""seq_ops"":""True"",""swapLRC"":""False""}",
       224,         0,         0,    4.30,bposd,5504117086a3317092df3aefd3d9dcaeddcedef971a26de69ae47837b09651a2,"{""A"":""x0y3+x10y0+x17y0"",""B"":""x5y0+x0y3+x0y19"",""b"":""X"",""d"":18,""excl_opp_detectors"":""True"",""k"":16,""l"":9,""leak_heralds"":""False"",""leak_repump"":""True"",""leakage"":""True"",""loss"":""True"",""m"":21,""n"":378,""p"":0.001,""prllel_1q"":336,""prllel_2q"":126,""r"":20,""repump_cycles"":3,""seq_meas"":""True"",""seq_ops"":""True"",""swapLRC"":""False""}",
        64,         0,         0,    1.17,bposd,5504117086a3317092df3aefd3d9dcaeddcedef971a26de69ae47837b09651a2,"{""A"":""x0y3+x10y0+x17y0"",""B"":""x5y0+x0y3+x0y19"",""b"":""X"",""d"":18,""excl_opp_detectors"":""True"",""k"":16,""l"":9,""leak_heralds"":""False"",""leak_repump"":""True"",""leakage"":""True"",""loss"":""True"",""m"":21,""n"":378,""p"":0.001,""prllel_1q"":336,""prllel_2q"":126,""r"":20,""repump_cycles"":3,""seq_meas"":""True"",""seq_ops"":""True"",""swapLRC"":""False""}",
       192,         0,         0,    6.17,bposd,5504117086a3317092df3aefd3d9dcaeddcedef971a26de69ae47837b09651a2,"{""A"":""x0y3+x10y0+x17y0"",""B"":""x5y0+x0y3+x0y19"",""b"":""X"",""d"":18,""excl_opp_detectors"":""True"",""k"":16,""l"":9,""leak_heralds"":""False"",""leak_repump"":""True"",""leakage"":""True"",""loss"":""True"",""m"":21,""n"":378,""p"":0.001,""prllel_1q"":336,""prllel_2q"":126,""r"":20,""repump_cycles"":3,""seq_meas"":""True"",""seq_ops"":""True"",""swapLRC"":""False""}",
       176,         0,         0,    4.69,bposd,5504117086a3317092df3aefd3d9dcaeddcedef971a26de69ae47837b09651a2,"{""A"":""x0y3+x10y0+x17y0"",""B"":""x5y0+x0y3+x0y19"",""b"":""X"",""d"":18,""excl_opp_detectors"":""True"",""k"":16,""l"":9,""leak_heralds"":""False"",""leak_repump"":""True"",""leakage"":""True"",""loss"":""True"",""m"":21,""n"":378,""p"":0.001,""prllel_1q"":336,""prllel_2q"":126,""r"":20,""repump_cycles"":3,""seq_meas"":""True"",""seq_ops"":""True"",""swapLRC"":""False""}",
        32,         0,         0,    22.4,bposd,5504117086a3317092df3aefd3d9dcaeddcedef971a26de69ae47837b09651a2,"{""A"":""x0y3+x10y0+x17y0"",""B"":""x5y0+x0y3+x0y19"",""b"":""X"",""d"":18,""excl_opp_detectors"":""True"",""k"":16,""l"":9,""leak_heralds"":""False"",""leak_repump"":""True"",""leakage"":""True"",""loss"":""True"",""m"":21,""n"":378,""p"":0.001,""prllel_1q"":336,""prllel_2q"":126,""r"":20,""repump_cycles"":3,""seq_meas"":""True"",""seq_ops"":""True"",""swapLRC"":""False""}",
        16,         0,         0,   0.491,bposd,5504117086a3317092df3aefd3d9dcaeddcedef971a26de69ae47837b09651a2,"{""A"":""x0y3+x10y0+x17y0"",""B"":""x5y0+x0y3+x0y19"",""b"":""X"",""d"":18,""excl_opp_detectors"":""True"",""k"":16,""l"":9,""leak_heralds"":""False"",""leak_repump"":""True"",""leakage"":""True"",""loss"":""True"",""m"":21,""n"":378,""p"":0.001,""prllel_1q"":336,""prllel_2q"":126,""r"":20,""repump_cycles"":3,""seq_meas"":""True"",""seq_ops"":""True"",""swapLRC"":""False""}",
       104,         0,         0,    4.28,bposd,5504117086a3317092df3aefd3d9dcaeddcedef971a26de69ae47837b09651a2,"{""A"":""x0y3+x10y0+x17y0"",""B"":""x5y0+x0y3+x0y19"",""b"":""X"",""d"":18,""excl_opp_detectors"":""True"",""k"":16,""l"":9,""leak_heralds"":""False"",""leak_repump"":""True"",""leakage"":""True"",""loss"":""True"",""m"":21,""n"":378,""p"":0.001,""prllel_1q"":336,""prllel_2q"":126,""r"":20,""repump_cycles"":3,""seq_meas"":""True"",""seq_ops"":""True"",""swapLRC"":""False""}",
        16,         0,         0,   0.485,bposd,5504117086a3317092df3aefd3d9dcaeddcedef971a26de69ae47837b09651a2,"{""A"":""x0y3+x10y0+x17y0"",""B"":""x5y0+x0y3+x0y19"",""b"":""X"",""d"":18,""excl_opp_detectors"":""True"",""k"":16,""l"":9,""leak_heralds"":""False"",""leak_repump"":""True"",""leakage"":""True"",""loss"":""True"",""m"":21,""n"":378,""p"":0.001,""prllel_1q"":336,""prllel_2q"":126,""r"":20,""repump_cycles"":3,""seq_meas"":""True"",""seq_ops"":""True"",""swapLRC"":""False""}",
       208,         0,         0,    4.40,bposd,5504117086a3317092df3aefd3d9dcaeddcedef971a26de69ae47837b09651a2,"{""A"":""x0y3+x10y0+x17y0"",""B"":""x5y0+x0y3+x0y19"",""b"":""X"",""d"":18,""excl_opp_detectors"":""True"",""k"":16,""l"":9,""leak_heralds"":""False"",""leak_repump"":""True"",""leakage"":""True"",""loss"":""True"",""m"":21,""n"":378,""p"":0.001,""prllel_1q"":336,""prllel_2q"":126,""r"":20,""repump_cycles"":3,""seq_meas"":""True"",""seq_ops"":""True"",""swapLRC"":""False""}",
       192,         0,         0,    6.33,bposd,5504117086a3317092df3aefd3d9dcaeddcedef971a26de69ae47837b09651a2,"{""A"":""x0y3+x10y0+x17y0"",""B"":""x5y0+x0y3+x0y19"",""b"":""X"",""d"":18,""excl_opp_detectors"":""True"",""k"":16,""l"":9,""leak_heralds"":""False"",""leak_repump"":""True"",""leakage"":""True"",""loss"":""True"",""m"":21,""n"":378,""p"":0.001,""prllel_1q"":336,""prllel_2q"":126,""r"":20,""repump_cycles"":3,""seq_meas"":""True"",""seq_ops"":""True"",""swapLRC"":""False""}",
        48,         0,         0,   0.886,bposd,5504117086a3317092df3aefd3d9dcaeddcedef971a26de69ae47837b09651a2,"{""A"":""x0y3+x10y0+x17y0"",""B"":""x5y0+x0y3+x0y19"",""b"":""X"",""d"":18,""excl_opp_detectors"":""True"",""k"":16,""l"":9,""leak_heralds"":""False"",""leak_repump"":""True"",""leakage"":""True"",""loss"":""True"",""m"":21,""n"":378,""p"":0.001,""prllel_1q"":336,""prllel_2q"":126,""r"":20,""repump_cycles"":3,""seq_meas"":""True"",""seq_ops"":""True"",""swapLRC"":""False""}",
        64,         0,         0,    3.26,bposd,5504117086a3317092df3aefd3d9dcaeddcedef971a26de69ae47837b09651a2,"{""A"":""x0y3+x10y0+x17y0"",""B"":""x5y0+x0y3+x0y19"",""b"":""X"",""d"":18,""excl_opp_detectors"":""True"",""k"":16,""l"":9,""leak_heralds"":""False"",""leak_repump"":""True"",""leakage"":""True"",""loss"":""True"",""m"":21,""n"":378,""p"":0.001,""prllel_1q"":336,""prllel_2q"":126,""r"":20,""repump_cycles"":3,""seq_meas"":""True"",""seq_ops"":""True"",""swapLRC"":""False""}",
       208,         0,         0,    4.69,bposd,5504117086a3317092df3aefd3d9dcaeddcedef971a26de69ae47837b09651a2,"{""A"":""x0y3+x10y0+x17y0"",""B"":""x5y0+x0y3+x0y19"",""b"":""X"",""d"":18,""excl_opp_detectors"":""True"",""k"":16,""l"":9,""leak_heralds"":""False"",""leak_repump"":""True"",""leakage"":""True"",""loss"":""True"",""m"":21,""n"":378,""p"":0.001,""prllel_1q"":336,""prllel_2q"":126,""r"":20,""repump_cycles"":3,""seq_meas"":""True"",""seq_ops"":""True"",""swapLRC"":""False""}",
        64,         0,         0,    11.1,bposd,5504117086a3317092df3aefd3d9dcaeddcedef971a26de69ae47837b09651a2,"{""A"":""x0y3+x10y0+x17y0"",""B"":""x5y0+x0y3+x0y19"",""b"":""X"",""d"":18,""excl_opp_detectors"":""True"",""k"":16,""l"":9,""leak_heralds"":""False"",""leak_repump"":""True"",""leakage"":""True"",""loss"":""True"",""m"":21,""n"":378,""p"":0.001,""prllel_1q"":336,""prllel_2q"":126,""r"":20,""repump_cycles"":3,""seq_meas"":""True"",""seq_ops"":""True"",""swapLRC"":""False""}",
        96,         0,         0,    1.73,bposd,5504117086a3317092df3aefd3d9dcaeddcedef971a26de69ae47837b09651a2,"{""A"":""x0y3+x10y0+x17y0"",""B"":""x5y0+x0y3+x0y19"",""b"":""X"",""d"":18,""excl_opp_detectors"":""True"",""k"":16,""l"":9,""leak_heralds"":""False"",""leak_repump"":""True"",""leakage"":""True"",""loss"":""True"",""m"":21,""n"":378,""p"":0.001,""prllel_1q"":336,""prllel_2q"":126,""r"":20,""repump_cycles"":3,""seq_meas"":""True"",""seq_ops"":""True"",""swapLRC"":""False""}",
        32,         0,         0,    1.10,bposd,5504117086a3317092df3aefd3d9dcaeddcedef971a26de69ae47837b09651a2,"{""A"":""x0y3+x10y0+x17y0"",""B"":""x5y0+x0y3+x0y19"",""b"":""X"",""d"":18,""excl_opp_detectors"":""True"",""k"":16,""l"":9,""leak_heralds"":""False"",""leak_repump"":""True"",""leakage"":""True"",""loss"":""True"",""m"":21,""n"":378,""p"":0.001,""prllel_1q"":336,""prllel_2q"":126,""r"":20,""repump_cycles"":3,""seq_meas"":""True"",""seq_ops"":""True"",""swapLRC"":""False""}",
       240,         0,         0,    8.52,bposd,5504117086a3317092df3aefd3d9dcaeddcedef971a26de69ae47837b09651a2,"{""A"":""x0y3+x10y0+x17y0"",""B"":""x5y0+x0y3+x0y19"",""b"":""X"",""d"":18,""excl_opp_detectors"":""True"",""k"":16,""l"":9,""leak_heralds"":""False"",""leak_repump"":""True"",""leakage"":""True"",""loss"":""True"",""m"":21,""n"":378,""p"":0.001,""prllel_1q"":336,""prllel_2q"":126,""r"":20,""repump_cycles"":3,""seq_meas"":""True"",""seq_ops"":""True"",""swapLRC"":""False""}",
       152,         0,         0,    6.79,bposd,5504117086a3317092df3aefd3d9dcaeddcedef971a26de69ae47837b09651a2,"{""A"":""x0y3+x10y0+x17y0"",""B"":""x5y0+x0y3+x0y19"",""b"":""X"",""d"":18,""excl_opp_detectors"":""True"",""k"":16,""l"":9,""leak_heralds"":""False"",""leak_repump"":""True"",""leakage"":""True"",""loss"":""True"",""m"":21,""n"":378,""p"":0.001,""prllel_1q"":336,""prllel_2q"":126,""r"":20,""repump_cycles"":3,""seq_meas"":""True"",""seq_ops"":""True"",""swapLRC"":""False""}",
        80,         0,         0,    2.82,bposd,5504117086a3317092df3aefd3d9dcaeddcedef971a26de69ae47837b09651a2,"{""A"":""x0y3+x10y0+x17y0"",""B"":""x5y0+x0y3+x0y19"",""b"":""X"",""d"":18,""excl_opp_detectors"":""True"",""k"":16,""l"":9,""leak_heralds"":""False"",""leak_repump"":""True"",""leakage"":""True"",""loss"":""True"",""m"":21,""n"":378,""p"":0.001,""prllel_1q"":336,""prllel_2q"":126,""r"":20,""repump_cycles"":3,""seq_meas"":""True"",""seq_ops"":""True"",""swapLRC"":""False""}",
        64,         0,         0,    1.56,bposd,5504117086a3317092df3aefd3d9dcaeddcedef971a26de69ae47837b09651a2,"{""A"":""x0y3+x10y0+x17y0"",""B"":""x5y0+x0y3+x0y19"",""b"":""X"",""d"":18,""excl_opp_detectors"":""True"",""k"":16,""l"":9,""leak_heralds"":""False"",""leak_repump"":""True"",""leakage"":""True"",""loss"":""True"",""m"":21,""n"":378,""p"":0.001,""prllel_1q"":336,""prllel_2q"":126,""r"":20,""repump_cycles"":3,""seq_meas"":""True"",""seq_ops"":""True"",""swapLRC"":""False""}",
        80,         0,         0,    6.19,bposd,5504117086a3317092df3aefd3d9dcaeddcedef971a26de69ae47837b09651a2,"{""A"":""x0y3+x10y0+x17y0"",""B"":""x5y0+x0y3+x0y19"",""b"":""X"",""d"":18,""excl_opp_detectors"":""True"",""k"":16,""l"":9,""leak_heralds"":""False"",""leak_repump"":""True"",""leakage"":""True"",""loss"":""True"",""m"":21,""n"":378,""p"":0.001,""prllel_1q"":336,""prllel_2q"":126,""r"":20,""repump_cycles"":3,""seq_meas"":""True"",""seq_ops"":""True"",""swapLRC"":""False""}",
        64,         0,         0,    1.20,bposd,5504117086a3317092df3aefd3d9dcaeddcedef971a26de69ae47837b09651a2,"{""A"":""x0y3+x10y0+x17y0"",""B"":""x5y0+x0y3+x0y19"",""b"":""X"",""d"":18,""excl_opp_detectors"":""True"",""k"":16,""l"":9,""leak_heralds"":""False"",""leak_repump"":""True"",""leakage"":""True"",""loss"":""True"",""m"":21,""n"":378,""p"":0.001,""prllel_1q"":336,""prllel_2q"":126,""r"":20,""repump_cycles"":3,""seq_meas"":""True"",""seq_ops"":""True"",""swapLRC"":""False""}",
        64,         0,         0,    1.62,bposd,5504117086a3317092df3aefd3d9dcaeddcedef971a26de69ae47837b09651a2,"{""A"":""x0y3+x10y0+x17y0"",""B"":""x5y0+x0y3+x0y19"",""b"":""X"",""d"":18,""excl_opp_detectors"":""True"",""k"":16,""l"":9,""leak_heralds"":""False"",""leak_repump"":""True"",""leakage"":""True"",""loss"":""True"",""m"":21,""n"":378,""p"":0.001,""prllel_1q"":336,""prllel_2q"":126,""r"":20,""repump_cycles"":3,""seq_meas"":""True"",""seq_ops"":""True"",""swapLRC"":""False""}",
       192,         0,         0,    6.11,bposd,5504117086a3317092df3aefd3d9dcaeddcedef971a26de69ae47837b09651a2,"{""A"":""x0y3+x10y0+x17y0"",""B"":""x5y0+x0y3+x0y19"",""b"":""X"",""d"":18,""excl_opp_detectors"":""True"",""k"":16,""l"":9,""leak_heralds"":""False"",""leak_repump"":""True"",""leakage"":""True"",""loss"":""True"",""m"":21,""n"":378,""p"":0.001,""prllel_1q"":336,""prllel_2q"":126,""r"":20,""repump_cycles"":3,""seq_meas"":""True"",""seq_ops"":""True"",""swapLRC"":""False""}",
        32,         0,         0,    1.29,bposd,5504117086a3317092df3aefd3d9dcaeddcedef971a26de69ae47837b09651a2,"{""A"":""x0y3+x10y0+x17y0"",""B"":""x5y0+x0y3+x0y19"",""b"":""X"",""d"":18,""excl_opp_detectors"":""True"",""k"":16,""l"":9,""leak_heralds"":""False"",""leak_repump"":""True"",""leakage"":""True"",""loss"":""True"",""m"":21,""n"":378,""p"":0.001,""prllel_1q"":336,""prllel_2q"":126,""r"":20,""repump_cycles"":3,""seq_meas"":""True"",""seq_ops"":""True"",""swapLRC"":""False""}",
        80,         0,         0,    1.95,bposd,5504117086a3317092df3aefd3d9dcaeddcedef971a26de69ae47837b09651a2,"{""A"":""x0y3+x10y0+x17y0"",""B"":""x5y0+x0y3+x0y19"",""b"":""X"",""d"":18,""excl_opp_detectors"":""True"",""k"":16,""l"":9,""leak_heralds"":""False"",""leak_repump"":""True"",""leakage"":""True"",""loss"":""True"",""m"":21,""n"":378,""p"":0.001,""prllel_1q"":336,""prllel_2q"":126,""r"":20,""repump_cycles"":3,""seq_meas"":""True"",""seq_ops"":""True"",""swapLRC"":""False""}",
       304,         0,         0,    6.56,bposd,5504117086a3317092df3aefd3d9dcaeddcedef971a26de69ae47837b09651a2,"{""A"":""x0y3+x10y0+x17y0"",""B"":""x5y0+x0y3+x0y19"",""b"":""X"",""d"":18,""excl_opp_detectors"":""True"",""k"":16,""l"":9,""leak_heralds"":""False"",""leak_repump"":""True"",""leakage"":""True"",""loss"":""True"",""m"":21,""n"":378,""p"":0.001,""prllel_1q"":336,""prllel_2q"":126,""r"":20,""repump_cycles"":3,""seq_meas"":""True"",""seq_ops"":""True"",""swapLRC"":""False""}",
        64,         0,         0,    2.44,bposd,5504117086a3317092df3aefd3d9dcaeddcedef971a26de69ae47837b09651a2,"{""A"":""x0y3+x10y0+x17y0"",""B"":""x5y0+x0y3+x0y19"",""b"":""X"",""d"":18,""excl_opp_detectors"":""True"",""k"":16,""l"":9,""leak_heralds"":""False"",""leak_repump"":""True"",""leakage"":""True"",""loss"":""True"",""m"":21,""n"":378,""p"":0.001,""prllel_1q"":336,""prllel_2q"":126,""r"":20,""repump_cycles"":3,""seq_meas"":""True"",""seq_ops"":""True"",""swapLRC"":""False""}",
       240,         0,         0,    6.15,bposd,5504117086a3317092df3aefd3d9dcaeddcedef971a26de69ae47837b09651a2,"{""A"":""x0y3+x10y0+x17y0"",""B"":""x5y0+x0y3+x0y19"",""b"":""X"",""d"":18,""excl_opp_detectors"":""True"",""k"":16,""l"":9,""leak_heralds"":""False"",""leak_repump"":""True"",""leakage"":""True"",""loss"":""True"",""m"":21,""n"":378,""p"":0.001,""prllel_1q"":336,""prllel_2q"":126,""r"":20,""repump_cycles"":3,""seq_meas"":""True"",""seq_ops"":""True"",""swapLRC"":""False""}",
        64,         0,         0,    22.3,bposd,5504117086a3317092df3aefd3d9dcaeddcedef971a26de69ae47837b09651a2,"{""A"":""x0y3+x10y0+x17y0"",""B"":""x5y0+x0y3+x0y19"",""b"":""X"",""d"":18,""excl_opp_detectors"":""True"",""k"":16,""l"":9,""leak_heralds"":""False"",""leak_repump"":""True"",""leakage"":""True"",""loss"":""True"",""m"":21,""n"":378,""p"":0.001,""prllel_1q"":336,""prllel_2q"":126,""r"":20,""repump_cycles"":3,""seq_meas"":""True"",""seq_ops"":""True"",""swapLRC"":""False""}",
        48,         0,         0,    22.7,bposd,5504117086a3317092df3aefd3d9dcaeddcedef971a26de69ae47837b09651a2,"{""A"":""x0y3+x10y0+x17y0"",""B"":""x5y0+x0y3+x0y19"",""b"":""X"",""d"":18,""excl_opp_detectors"":""True"",""k"":16,""l"":9,""leak_heralds"":""False"",""leak_repump"":""True"",""leakage"":""True"",""loss"":""True"",""m"":21,""n"":378,""p"":0.001,""prllel_1q"":336,""prllel_2q"":126,""r"":20,""repump_cycles"":3,""seq_meas"":""True"",""seq_ops"":""True"",""swapLRC"":""False""}",
       288,         0,         0,    6.76,bposd,5504117086a3317092df3aefd3d9dcaeddcedef971a26de69ae47837b09651a2,"{""A"":""x0y3+x10y0+x17y0"",""B"":""x5y0+x0y3+x0y19"",""b"":""X"",""d"":18,""excl_opp_detectors"":""True"",""k"":16,""l"":9,""leak_heralds"":""False"",""leak_repump"":""True"",""leakage"":""True"",""loss"":""True"",""m"":21,""n"":378,""p"":0.001,""prllel_1q"":336,""prllel_2q"":126,""r"":20,""repump_cycles"":3,""seq_meas"":""True"",""seq_ops"":""True"",""swapLRC"":""False""}",
       128,         0,         0,    2.80,bposd,5504117086a3317092df3aefd3d9dcaeddcedef971a26de69ae47837b09651a2,"{""A"":""x0y3+x10y0+x17y0"",""B"":""x5y0+x0y3+x0y19"",""b"":""X"",""d"":18,""excl_opp_detectors"":""True"",""k"":16,""l"":9,""leak_heralds"":""False"",""leak_repump"":""True"",""leakage"":""True"",""loss"":""True"",""m"":21,""n"":378,""p"":0.001,""prllel_1q"":336,""prllel_2q"":126,""r"":20,""repump_cycles"":3,""seq_meas"":""True"",""seq_ops"":""True"",""swapLRC"":""False""}",
       224,         0,         0,    6.40,bposd,5504117086a3317092df3aefd3d9dcaeddcedef971a26de69ae47837b09651a2,"{""A"":""x0y3+x10y0+x17y0"",""B"":""x5y0+x0y3+x0y19"",""b"":""X"",""d"":18,""excl_opp_detectors"":""True"",""k"":16,""l"":9,""leak_heralds"":""False"",""leak_repump"":""True"",""leakage"":""True"",""loss"":""True"",""m"":21,""n"":378,""p"":0.001,""prllel_1q"":336,""prllel_2q"":126,""r"":20,""repump_cycles"":3,""seq_meas"":""True"",""seq_ops"":""True"",""swapLRC"":""False""}",
        64,         0,         0,    1.56,bposd,5504117086a3317092df3aefd3d9dcaeddcedef971a26de69ae47837b09651a2,"{""A"":""x0y3+x10y0+x17y0"",""B"":""x5y0+x0y3+x0y19"",""b"":""X"",""d"":18,""excl_opp_detectors"":""True"",""k"":16,""l"":9,""leak_heralds"":""False"",""leak_repump"":""True"",""leakage"":""True"",""loss"":""True"",""m"":21,""n"":378,""p"":0.001,""prllel_1q"":336,""prllel_2q"":126,""r"":20,""repump_cycles"":3,""seq_meas"":""True"",""seq_ops"":""True"",""swapLRC"":""False""}",
       288,         0,         0,    6.01,bposd,5504117086a3317092df3aefd3d9dcaeddcedef971a26de69ae47837b09651a2,"{""A"":""x0y3+x10y0+x17y0"",""B"":""x5y0+x0y3+x0y19"",""b"":""X"",""d"":18,""excl_opp_detectors"":""True"",""k"":16,""l"":9,""leak_heralds"":""False"",""leak_repump"":""True"",""leakage"":""True"",""loss"":""True"",""m"":21,""n"":378,""p"":0.001,""prllel_1q"":336,""prllel_2q"":126,""r"":20,""repump_cycles"":3,""seq_meas"":""True"",""seq_ops"":""True"",""swapLRC"":""False""}",
        96,         0,         0,    23.7,bposd,5504117086a3317092df3aefd3d9dcaeddcedef971a26de69ae47837b09651a2,"{""A"":""x0y3+x10y0+x17y0"",""B"":""x5y0+x0y3+x0y19"",""b"":""X"",""d"":18,""excl_opp_detectors"":""True"",""k"":16,""l"":9,""leak_heralds"":""False"",""leak_repump"":""True"",""leakage"":""True"",""loss"":""True"",""m"":21,""n"":378,""p"":0.001,""prllel_1q"":336,""prllel_2q"":126,""r"":20,""repump_cycles"":3,""seq_meas"":""True"",""seq_ops"":""True"",""swapLRC"":""False""}",
       256,         0,         0,    6.86,bposd,5504117086a3317092df3aefd3d9dcaeddcedef971a26de69ae47837b09651a2,"{""A"":""x0y3+x10y0+x17y0"",""B"":""x5y0+x0y3+x0y19"",""b"":""X"",""d"":18,""excl_opp_detectors"":""True"",""k"":16,""l"":9,""leak_heralds"":""False"",""leak_repump"":""True"",""leakage"":""True"",""loss"":""True"",""m"":21,""n"":378,""p"":0.001,""prllel_1q"":336,""prllel_2q"":126,""r"":20,""repump_cycles"":3,""seq_meas"":""True"",""seq_ops"":""True"",""swapLRC"":""False""}",
        64,         0,         0,    2.53,bposd,5504117086a3317092df3aefd3d9dcaeddcedef971a26de69ae47837b09651a2,"{""A"":""x0y3+x10y0+x17y0"",""B"":""x5y0+x0y3+x0y19"",""b"":""X"",""d"":18,""excl_opp_detectors"":""True"",""k"":16,""l"":9,""leak_heralds"":""False"",""leak_repump"":""True"",""leakage"":""True"",""loss"":""True"",""m"":21,""n"":378,""p"":0.001,""prllel_1q"":336,""prllel_2q"":126,""r"":20,""repump_cycles"":3,""seq_meas"":""True"",""seq_ops"":""True"",""swapLRC"":""False""}",
        64,         0,         0,    21.9,bposd,5504117086a3317092df3aefd3d9dcaeddcedef971a26de69ae47837b09651a2,"{""A"":""x0y3+x10y0+x17y0"",""B"":""x5y0+x0y3+x0y19"",""b"":""X"",""d"":18,""excl_opp_detectors"":""True"",""k"":16,""l"":9,""leak_heralds"":""False"",""leak_repump"":""True"",""leakage"":""True"",""loss"":""True"",""m"":21,""n"":378,""p"":0.001,""prllel_1q"":336,""prllel_2q"":126,""r"":20,""repump_cycles"":3,""seq_meas"":""True"",""seq_ops"":""True"",""swapLRC"":""False""}",
       280,         0,         0,    6.41,bposd,5504117086a3317092df3aefd3d9dcaeddcedef971a26de69ae47837b09651a2,"{""A"":""x0y3+x10y0+x17y0"",""B"":""x5y0+x0y3+x0y19"",""b"":""X"",""d"":18,""excl_opp_detectors"":""True"",""k"":16,""l"":9,""leak_heralds"":""False"",""leak_repump"":""True"",""leakage"":""True"",""loss"":""True"",""m"":21,""n"":378,""p"":0.001,""prllel_1q"":336,""prllel_2q"":126,""r"":20,""repump_cycles"":3,""seq_meas"":""True"",""seq_ops"":""True"",""swapLRC"":""False""}",
       320,         0,         0,    6.63,bposd,5504117086a3317092df3aefd3d9dcaeddcedef971a26de69ae47837b09651a2,"{""A"":""x0y3+x10y0+x17y0"",""B"":""x5y0+x0y3+x0y19"",""b"":""X"",""d"":18,""excl_opp_detectors"":""True"",""k"":16,""l"":9,""leak_heralds"":""False"",""leak_repump"":""True"",""leakage"":""True"",""loss"":""True"",""m"":21,""n"":378,""p"":0.001,""prllel_1q"":336,""prllel_2q"":126,""r"":20,""repump_cycles"":3,""seq_meas"":""True"",""seq_ops"":""True"",""swapLRC"":""False""}",
       384,         0,         0,    8.49,bposd,5504117086a3317092df3aefd3d9dcaeddcedef971a26de69ae47837b09651a2,"{""A"":""x0y3+x10y0+x17y0"",""B"":""x5y0+x0y3+x0y19"",""b"":""X"",""d"":18,""excl_opp_detectors"":""True"",""k"":16,""l"":9,""leak_heralds"":""False"",""leak_repump"":""True"",""leakage"":""True"",""loss"":""True"",""m"":21,""n"":378,""p"":0.001,""prllel_1q"":336,""prllel_2q"":126,""r"":20,""repump_cycles"":3,""seq_meas"":""True"",""seq_ops"":""True"",""swapLRC"":""False""}",
       128,         0,         0,    2.75,bposd,5504117086a3317092df3aefd3d9dcaeddcedef971a26de69ae47837b09651a2,"{""A"":""x0y3+x10y0+x17y0"",""B"":""x5y0+x0y3+x0y19"",""b"":""X"",""d"":18,""excl_opp_detectors"":""True"",""k"":16,""l"":9,""leak_heralds"":""False"",""leak_repump"":""True"",""leakage"":""True"",""loss"":""True"",""m"":21,""n"":378,""p"":0.001,""prllel_1q"":336,""prllel_2q"":126,""r"":20,""repump_cycles"":3,""seq_meas"":""True"",""seq_ops"":""True"",""swapLRC"":""False""}",
       240,         0,         0,    8.89,bposd,5504117086a3317092df3aefd3d9dcaeddcedef971a26de69ae47837b09651a2,"{""A"":""x0y3+x10y0+x17y0"",""B"":""x5y0+x0y3+x0y19"",""b"":""X"",""d"":18,""excl_opp_detectors"":""True"",""k"":16,""l"":9,""leak_heralds"":""False"",""leak_repump"":""True"",""leakage"":""True"",""loss"":""True"",""m"":21,""n"":378,""p"":0.001,""prllel_1q"":336,""prllel_2q"":126,""r"":20,""repump_cycles"":3,""seq_meas"":""True"",""seq_ops"":""True"",""swapLRC"":""False""}",
       384,         0,         0,    8.40,bposd,5504117086a3317092df3aefd3d9dcaeddcedef971a26de69ae47837b09651a2,"{""A"":""x0y3+x10y0+x17y0"",""B"":""x5y0+x0y3+x0y19"",""b"":""X"",""d"":18,""excl_opp_detectors"":""True"",""k"":16,""l"":9,""leak_heralds"":""False"",""leak_repump"":""True"",""leakage"":""True"",""loss"":""True"",""m"":21,""n"":378,""p"":0.001,""prllel_1q"":336,""prllel_2q"":126,""r"":20,""repump_cycles"":3,""seq_meas"":""True"",""seq_ops"":""True"",""swapLRC"":""False""}",
       112,         0,         0,    2.50,bposd,5504117086a3317092df3aefd3d9dcaeddcedef971a26de69ae47837b09651a2,"{""A"":""x0y3+x10y0+x17y0"",""B"":""x5y0+x0y3+x0y19"",""b"":""X"",""d"":18,""excl_opp_detectors"":""True"",""k"":16,""l"":9,""leak_heralds"":""False"",""leak_repump"":""True"",""leakage"":""True"",""loss"":""True"",""m"":21,""n"":378,""p"":0.001,""prllel_1q"":336,""prllel_2q"":126,""r"":20,""repump_cycles"":3,""seq_meas"":""True"",""seq_ops"":""True"",""swapLRC"":""False""}",
        48,         0,         0,    20.3,bposd,5504117086a3317092df3aefd3d9dcaeddcedef971a26de69ae47837b09651a2,"{""A"":""x0y3+x10y0+x17y0"",""B"":""x5y0+x0y3+x0y19"",""b"":""X"",""d"":18,""excl_opp_detectors"":""True"",""k"":16,""l"":9,""leak_heralds"":""False"",""leak_repump"":""True"",""leakage"":""True"",""loss"":""True"",""m"":21,""n"":378,""p"":0.001,""prllel_1q"":336,""prllel_2q"":126,""r"":20,""repump_cycles"":3,""seq_meas"":""True"",""seq_ops"":""True"",""swapLRC"":""False""}",
        48,         0,         0,    22.0,bposd,5504117086a3317092df3aefd3d9dcaeddcedef971a26de69ae47837b09651a2,"{""A"":""x0y3+x10y0+x17y0"",""B"":""x5y0+x0y3+x0y19"",""b"":""X"",""d"":18,""excl_opp_detectors"":""True"",""k"":16,""l"":9,""leak_heralds"":""False"",""leak_repump"":""True"",""leakage"":""True"",""loss"":""True"",""m"":21,""n"":378,""p"":0.001,""prllel_1q"":336,""prllel_2q"":126,""r"":20,""repump_cycles"":3,""seq_meas"":""True"",""seq_ops"":""True"",""swapLRC"":""False""}",
       368,         0,         0,    8.90,bposd,5504117086a3317092df3aefd3d9dcaeddcedef971a26de69ae47837b09651a2,"{""A"":""x0y3+x10y0+x17y0"",""B"":""x5y0+x0y3+x0y19"",""b"":""X"",""d"":18,""excl_opp_detectors"":""True"",""k"":16,""l"":9,""leak_heralds"":""False"",""leak_repump"":""True"",""leakage"":""True"",""loss"":""True"",""m"":21,""n"":378,""p"":0.001,""prllel_1q"":336,""prllel_2q"":126,""r"":20,""repump_cycles"":3,""seq_meas"":""True"",""seq_ops"":""True"",""swapLRC"":""False""}",
       160,         0,         0,    3.85,bposd,5504117086a3317092df3aefd3d9dcaeddcedef971a26de69ae47837b09651a2,"{""A"":""x0y3+x10y0+x17y0"",""B"":""x5y0+x0y3+x0y19"",""b"":""X"",""d"":18,""excl_opp_detectors"":""True"",""k"":16,""l"":9,""leak_heralds"":""False"",""leak_repump"":""True"",""leakage"":""True"",""loss"":""True"",""m"":21,""n"":378,""p"":0.001,""prllel_1q"":336,""prllel_2q"":126,""r"":20,""repump_cycles"":3,""seq_meas"":""True"",""seq_ops"":""True"",""swapLRC"":""False""}",
        96,         0,         0,    3.24,bposd,5504117086a3317092df3aefd3d9dcaeddcedef971a26de69ae47837b09651a2,"{""A"":""x0y3+x10y0+x17y0"",""B"":""x5y0+x0y3+x0y19"",""b"":""X"",""d"":18,""excl_opp_detectors"":""True"",""k"":16,""l"":9,""leak_heralds"":""False"",""leak_repump"":""True"",""leakage"":""True"",""loss"":""True"",""m"":21,""n"":378,""p"":0.001,""prllel_1q"":336,""prllel_2q"":126,""r"":20,""repump_cycles"":3,""seq_meas"":""True"",""seq_ops"":""True"",""swapLRC"":""False""}",
        24,         0,         0,    4.75,bposd,5504117086a3317092df3aefd3d9dcaeddcedef971a26de69ae47837b09651a2,"{""A"":""x0y3+x10y0+x17y0"",""B"":""x5y0+x0y3+x0y19"",""b"":""X"",""d"":18,""excl_opp_detectors"":""True"",""k"":16,""l"":9,""leak_heralds"":""False"",""leak_repump"":""True"",""leakage"":""True"",""loss"":""True"",""m"":21,""n"":378,""p"":0.001,""prllel_1q"":336,""prllel_2q"":126,""r"":20,""repump_cycles"":3,""seq_meas"":""True"",""seq_ops"":""True"",""swapLRC"":""False""}",
        64,         0,         0,    22.1,bposd,5504117086a3317092df3aefd3d9dcaeddcedef971a26de69ae47837b09651a2,"{""A"":""x0y3+x10y0+x17y0"",""B"":""x5y0+x0y3+x0y19"",""b"":""X"",""d"":18,""excl_opp_detectors"":""True"",""k"":16,""l"":9,""leak_heralds"":""False"",""leak_repump"":""True"",""leakage"":""True"",""loss"":""True"",""m"":21,""n"":378,""p"":0.001,""prllel_1q"":336,""prllel_2q"":126,""r"":20,""repump_cycles"":3,""seq_meas"":""True"",""seq_ops"":""True"",""swapLRC"":""False""}",
        32,         0,         0,    21.6,bposd,5504117086a3317092df3aefd3d9dcaeddcedef971a26de69ae47837b09651a2,"{""A"":""x0y3+x10y0+x17y0"",""B"":""x5y0+x0y3+x0y19"",""b"":""X"",""d"":18,""excl_opp_detectors"":""True"",""k"":16,""l"":9,""leak_heralds"":""False"",""leak_repump"":""True"",""leakage"":""True"",""loss"":""True"",""m"":21,""n"":378,""p"":0.001,""prllel_1q"":336,""prllel_2q"":126,""r"":20,""repump_cycles"":3,""seq_meas"":""True"",""seq_ops"":""True"",""swapLRC"":""False""}",
       216,         0,         0,    9.15,bposd,5504117086a3317092df3aefd3d9dcaeddcedef971a26de69ae47837b09651a2,"{""A"":""x0y3+x10y0+x17y0"",""B"":""x5y0+x0y3+x0y19"",""b"":""X"",""d"":18,""excl_opp_detectors"":""True"",""k"":16,""l"":9,""leak_heralds"":""False"",""leak_repump"":""True"",""leakage"":""True"",""loss"":""True"",""m"":21,""n"":378,""p"":0.001,""prllel_1q"":336,""prllel_2q"":126,""r"":20,""repump_cycles"":3,""seq_meas"":""True"",""seq_ops"":""True"",""swapLRC"":""False""}",
       128,         0,         0,    3.21,bposd,5504117086a3317092df3aefd3d9dcaeddcedef971a26de69ae47837b09651a2,"{""A"":""x0y3+x10y0+x17y0"",""B"":""x5y0+x0y3+x0y19"",""b"":""X"",""d"":18,""excl_opp_detectors"":""True"",""k"":16,""l"":9,""leak_heralds"":""False"",""leak_repump"":""True"",""leakage"":""True"",""loss"":""True"",""m"":21,""n"":378,""p"":0.001,""prllel_1q"":336,""prllel_2q"":126,""r"":20,""repump_cycles"":3,""seq_meas"":""True"",""seq_ops"":""True"",""swapLRC"":""False""}",
       304,         0,         0,    8.89,bposd,5504117086a3317092df3aefd3d9dcaeddcedef971a26de69ae47837b09651a2,"{""A"":""x0y3+x10y0+x17y0"",""B"":""x5y0+x0y3+x0y19"",""b"":""X"",""d"":18,""excl_opp_detectors"":""True"",""k"":16,""l"":9,""leak_heralds"":""False"",""leak_repump"":""True"",""leakage"":""True"",""loss"":""True"",""m"":21,""n"":378,""p"":0.001,""prllel_1q"":336,""prllel_2q"":126,""r"":20,""repump_cycles"":3,""seq_meas"":""True"",""seq_ops"":""True"",""swapLRC"":""False""}",
        48,         0,         0,    1.15,bposd,5504117086a3317092df3aefd3d9dcaeddcedef971a26de69ae47837b09651a2,"{""A"":""x0y3+x10y0+x17y0"",""B"":""x5y0+x0y3+x0y19"",""b"":""X"",""d"":18,""excl_opp_detectors"":""True"",""k"":16,""l"":9,""leak_heralds"":""False"",""leak_repump"":""True"",""leakage"":""True"",""loss"":""True"",""m"":21,""n"":378,""p"":0.001,""prllel_1q"":336,""prllel_2q"":126,""r"":20,""repump_cycles"":3,""seq_meas"":""True"",""seq_ops"":""True"",""swapLRC"":""False""}",
       304,         0,         0,    8.71,bposd,5504117086a3317092df3aefd3d9dcaeddcedef971a26de69ae47837b09651a2,"{""A"":""x0y3+x10y0+x17y0"",""B"":""x5y0+x0y3+x0y19"",""b"":""X"",""d"":18,""excl_opp_detectors"":""True"",""k"":16,""l"":9,""leak_heralds"":""False"",""leak_repump"":""True"",""leakage"":""True"",""loss"":""True"",""m"":21,""n"":378,""p"":0.001,""prllel_1q"":336,""prllel_2q"":126,""r"":20,""repump_cycles"":3,""seq_meas"":""True"",""seq_ops"":""True"",""swapLRC"":""False""}",
        64,         0,         0,    2.21,bposd,5504117086a3317092df3aefd3d9dcaeddcedef971a26de69ae47837b09651a2,"{""A"":""x0y3+x10y0+x17y0"",""B"":""x5y0+x0y3+x0y19"",""b"":""X"",""d"":18,""excl_opp_detectors"":""True"",""k"":16,""l"":9,""leak_heralds"":""False"",""leak_repump"":""True"",""leakage"":""True"",""loss"":""True"",""m"":21,""n"":378,""p"":0.001,""prllel_1q"":336,""prllel_2q"":126,""r"":20,""repump_cycles"":3,""seq_meas"":""True"",""seq_ops"":""True"",""swapLRC"":""False""}",
       128,         0,         0,    3.95,bposd,5504117086a3317092df3aefd3d9dcaeddcedef971a26de69ae47837b09651a2,"{""A"":""x0y3+x10y0+x17y0"",""B"":""x5y0+x0y3+x0y19"",""b"":""X"",""d"":18,""excl_opp_detectors"":""True"",""k"":16,""l"":9,""leak_heralds"":""False"",""leak_repump"":""True"",""leakage"":""True"",""loss"":""True"",""m"":21,""n"":378,""p"":0.001,""prllel_1q"":336,""prllel_2q"":126,""r"":20,""repump_cycles"":3,""seq_meas"":""True"",""seq_ops"":""True"",""swapLRC"":""False""}",
        32,         0,         0,    1.40,bposd,5504117086a3317092df3aefd3d9dcaeddcedef971a26de69ae47837b09651a2,"{""A"":""x0y3+x10y0+x17y0"",""B"":""x5y0+x0y3+x0y19"",""b"":""X"",""d"":18,""excl_opp_detectors"":""True"",""k"":16,""l"":9,""leak_heralds"":""False"",""leak_repump"":""True"",""leakage"":""True"",""loss"":""True"",""m"":21,""n"":378,""p"":0.001,""prllel_1q"":336,""prllel_2q"":126,""r"":20,""repump_cycles"":3,""seq_meas"":""True"",""seq_ops"":""True"",""swapLRC"":""False""}",
        96,         0,         0,    4.46,bposd,5504117086a3317092df3aefd3d9dcaeddcedef971a26de69ae47837b09651a2,"{""A"":""x0y3+x10y0+x17y0"",""B"":""x5y0+x0y3+x0y19"",""b"":""X"",""d"":18,""excl_opp_detectors"":""True"",""k"":16,""l"":9,""leak_heralds"":""False"",""leak_repump"":""True"",""leakage"":""True"",""loss"":""True"",""m"":21,""n"":378,""p"":0.001,""prllel_1q"":336,""prllel_2q"":126,""r"":20,""repump_cycles"":3,""seq_meas"":""True"",""seq_ops"":""True"",""swapLRC"":""False""}",
       160,         0,         0,    4.49,bposd,5504117086a3317092df3aefd3d9dcaeddcedef971a26de69ae47837b09651a2,"{""A"":""x0y3+x10y0+x17y0"",""B"":""x5y0+x0y3+x0y19"",""b"":""X"",""d"":18,""excl_opp_detectors"":""True"",""k"":16,""l"":9,""leak_heralds"":""False"",""leak_repump"":""True"",""leakage"":""True"",""loss"":""True"",""m"":21,""n"":378,""p"":0.001,""prllel_1q"":336,""prllel_2q"":126,""r"":20,""repump_cycles"":3,""seq_meas"":""True"",""seq_ops"":""True"",""swapLRC"":""False""}",
       168,         0,         0,    6.83,bposd,5504117086a3317092df3aefd3d9dcaeddcedef971a26de69ae47837b09651a2,"{""A"":""x0y3+x10y0+x17y0"",""B"":""x5y0+x0y3+x0y19"",""b"":""X"",""d"":18,""excl_opp_detectors"":""True"",""k"":16,""l"":9,""leak_heralds"":""False"",""leak_repump"":""True"",""leakage"":""True"",""loss"":""True"",""m"":21,""n"":378,""p"":0.001,""prllel_1q"":336,""prllel_2q"":126,""r"":20,""repump_cycles"":3,""seq_meas"":""True"",""seq_ops"":""True"",""swapLRC"":""False""}",
       208,         0,         0,    4.52,bposd,5504117086a3317092df3aefd3d9dcaeddcedef971a26de69ae47837b09651a2,"{""A"":""x0y3+x10y0+x17y0"",""B"":""x5y0+x0y3+x0y19"",""b"":""X"",""d"":18,""excl_opp_detectors"":""True"",""k"":16,""l"":9,""leak_heralds"":""False"",""leak_repump"":""True"",""leakage"":""True"",""loss"":""True"",""m"":21,""n"":378,""p"":0.001,""prllel_1q"":336,""prllel_2q"":126,""r"":20,""repump_cycles"":3,""seq_meas"":""True"",""seq_ops"":""True"",""swapLRC"":""False""}",
        72,         0,         0,    4.39,bposd,5504117086a3317092df3aefd3d9dcaeddcedef971a26de69ae47837b09651a2,"{""A"":""x0y3+x10y0+x17y0"",""B"":""x5y0+x0y3+x0y19"",""b"":""X"",""d"":18,""excl_opp_detectors"":""True"",""k"":16,""l"":9,""leak_heralds"":""False"",""leak_repump"":""True"",""leakage"":""True"",""loss"":""True"",""m"":21,""n"":378,""p"":0.001,""prllel_1q"":336,""prllel_2q"":126,""r"":20,""repump_cycles"":3,""seq_meas"":""True"",""seq_ops"":""True"",""swapLRC"":""False""}",
       248,         0,         0,    8.64,bposd,5504117086a3317092df3aefd3d9dcaeddcedef971a26de69ae47837b09651a2,"{""A"":""x0y3+x10y0+x17y0"",""B"":""x5y0+x0y3+x0y19"",""b"":""X"",""d"":18,""excl_opp_detectors"":""True"",""k"":16,""l"":9,""leak_heralds"":""False"",""leak_repump"":""True"",""leakage"":""True"",""loss"":""True"",""m"":21,""n"":378,""p"":0.001,""prllel_1q"":336,""prllel_2q"":126,""r"":20,""repump_cycles"":3,""seq_meas"":""True"",""seq_ops"":""True"",""swapLRC"":""False""}",
       352,         0,         0,    9.60,bposd,5504117086a3317092df3aefd3d9dcaeddcedef971a26de69ae47837b09651a2,"{""A"":""x0y3+x10y0+x17y0"",""B"":""x5y0+x0y3+x0y19"",""b"":""X"",""d"":18,""excl_opp_detectors"":""True"",""k"":16,""l"":9,""leak_heralds"":""False"",""leak_repump"":""True"",""leakage"":""True"",""loss"":""True"",""m"":21,""n"":378,""p"":0.001,""prllel_1q"":336,""prllel_2q"":126,""r"":20,""repump_cycles"":3,""seq_meas"":""True"",""seq_ops"":""True"",""swapLRC"":""False""}",
        80,         0,         0,    2.17,bposd,5504117086a3317092df3aefd3d9dcaeddcedef971a26de69ae47837b09651a2,"{""A"":""x0y3+x10y0+x17y0"",""B"":""x5y0+x0y3+x0y19"",""b"":""X"",""d"":18,""excl_opp_detectors"":""True"",""k"":16,""l"":9,""leak_heralds"":""False"",""leak_repump"":""True"",""leakage"":""True"",""loss"":""True"",""m"":21,""n"":378,""p"":0.001,""prllel_1q"":336,""prllel_2q"":126,""r"":20,""repump_cycles"":3,""seq_meas"":""True"",""seq_ops"":""True"",""swapLRC"":""False""}",
       104,         0,         0,    3.16,bposd,5504117086a3317092df3aefd3d9dcaeddcedef971a26de69ae47837b09651a2,"{""A"":""x0y3+x10y0+x17y0"",""B"":""x5y0+x0y3+x0y19"",""b"":""X"",""d"":18,""excl_opp_detectors"":""True"",""k"":16,""l"":9,""leak_heralds"":""False"",""leak_repump"":""True"",""leakage"":""True"",""loss"":""True"",""m"":21,""n"":378,""p"":0.001,""prllel_1q"":336,""prllel_2q"":126,""r"":20,""repump_cycles"":3,""seq_meas"":""True"",""seq_ops"":""True"",""swapLRC"":""False""}",
        96,         0,         0,    4.44,bposd,5504117086a3317092df3aefd3d9dcaeddcedef971a26de69ae47837b09651a2,"{""A"":""x0y3+x10y0+x17y0"",""B"":""x5y0+x0y3+x0y19"",""b"":""X"",""d"":18,""excl_opp_detectors"":""True"",""k"":16,""l"":9,""leak_heralds"":""False"",""leak_repump"":""True"",""leakage"":""True"",""loss"":""True"",""m"":21,""n"":378,""p"":0.001,""prllel_1q"":336,""prllel_2q"":126,""r"":20,""repump_cycles"":3,""seq_meas"":""True"",""seq_ops"":""True"",""swapLRC"":""False""}",
        96,         0,         0,    9.18,bposd,5504117086a3317092df3aefd3d9dcaeddcedef971a26de69ae47837b09651a2,"{""A"":""x0y3+x10y0+x17y0"",""B"":""x5y0+x0y3+x0y19"",""b"":""X"",""d"":18,""excl_opp_detectors"":""True"",""k"":16,""l"":9,""leak_heralds"":""False"",""leak_repump"":""True"",""leakage"":""True"",""loss"":""True"",""m"":21,""n"":378,""p"":0.001,""prllel_1q"":336,""prllel_2q"":126,""r"":20,""repump_cycles"":3,""seq_meas"":""True"",""seq_ops"":""True"",""swapLRC"":""False""}",
       272,         0,         0,    8.68,bposd,5504117086a3317092df3aefd3d9dcaeddcedef971a26de69ae47837b09651a2,"{""A"":""x0y3+x10y0+x17y0"",""B"":""x5y0+x0y3+x0y19"",""b"":""X"",""d"":18,""excl_opp_detectors"":""True"",""k"":16,""l"":9,""leak_heralds"":""False"",""leak_repump"":""True"",""leakage"":""True"",""loss"":""True"",""m"":21,""n"":378,""p"":0.001,""prllel_1q"":336,""prllel_2q"":126,""r"":20,""repump_cycles"":3,""seq_meas"":""True"",""seq_ops"":""True"",""swapLRC"":""False""}",
       416,         0,         0,    12.2,bposd,5504117086a3317092df3aefd3d9dcaeddcedef971a26de69ae47837b09651a2,"{""A"":""x0y3+x10y0+x17y0"",""B"":""x5y0+x0y3+x0y19"",""b"":""X"",""d"":18,""excl_opp_detectors"":""True"",""k"":16,""l"":9,""leak_heralds"":""False"",""leak_repump"":""True"",""leakage"":""True"",""loss"":""True"",""m"":21,""n"":378,""p"":0.001,""prllel_1q"":336,""prllel_2q"":126,""r"":20,""repump_cycles"":3,""seq_meas"":""True"",""seq_ops"":""True"",""swapLRC"":""False""}",
        32,         0,         0,    21.0,bposd,5504117086a3317092df3aefd3d9dcaeddcedef971a26de69ae47837b09651a2,"{""A"":""x0y3+x10y0+x17y0"",""B"":""x5y0+x0y3+x0y19"",""b"":""X"",""d"":18,""excl_opp_detectors"":""True"",""k"":16,""l"":9,""leak_heralds"":""False"",""leak_repump"":""True"",""leakage"":""True"",""loss"":""True"",""m"":21,""n"":378,""p"":0.001,""prllel_1q"":336,""prllel_2q"":126,""r"":20,""repump_cycles"":3,""seq_meas"":""True"",""seq_ops"":""True"",""swapLRC"":""False""}",
       112,         0,         0,    11.7,bposd,5504117086a3317092df3aefd3d9dcaeddcedef971a26de69ae47837b09651a2,"{""A"":""x0y3+x10y0+x17y0"",""B"":""x5y0+x0y3+x0y19"",""b"":""X"",""d"":18,""excl_opp_detectors"":""True"",""k"":16,""l"":9,""leak_heralds"":""False"",""leak_repump"":""True"",""leakage"":""True"",""loss"":""True"",""m"":21,""n"":378,""p"":0.001,""prllel_1q"":336,""prllel_2q"":126,""r"":20,""repump_cycles"":3,""seq_meas"":""True"",""seq_ops"":""True"",""swapLRC"":""False""}",
       128,         0,         0,    2.87,bposd,5504117086a3317092df3aefd3d9dcaeddcedef971a26de69ae47837b09651a2,"{""A"":""x0y3+x10y0+x17y0"",""B"":""x5y0+x0y3+x0y19"",""b"":""X"",""d"":18,""excl_opp_detectors"":""True"",""k"":16,""l"":9,""leak_heralds"":""False"",""leak_repump"":""True"",""leakage"":""True"",""loss"":""True"",""m"":21,""n"":378,""p"":0.001,""prllel_1q"":336,""prllel_2q"":126,""r"":20,""repump_cycles"":3,""seq_meas"":""True"",""seq_ops"":""True"",""swapLRC"":""False""}",
       136,         0,         0,    5.57,bposd,5504117086a3317092df3aefd3d9dcaeddcedef971a26de69ae47837b09651a2,"{""A"":""x0y3+x10y0+x17y0"",""B"":""x5y0+x0y3+x0y19"",""b"":""X"",""d"":18,""excl_opp_detectors"":""True"",""k"":16,""l"":9,""leak_heralds"":""False"",""leak_repump"":""True"",""leakage"":""True"",""loss"":""True"",""m"":21,""n"":378,""p"":0.001,""prllel_1q"":336,""prllel_2q"":126,""r"":20,""repump_cycles"":3,""seq_meas"":""True"",""seq_ops"":""True"",""swapLRC"":""False""}",
       224,         0,         0,    11.4,bposd,5504117086a3317092df3aefd3d9dcaeddcedef971a26de69ae47837b09651a2,"{""A"":""x0y3+x10y0+x17y0"",""B"":""x5y0+x0y3+x0y19"",""b"":""X"",""d"":18,""excl_opp_detectors"":""True"",""k"":16,""l"":9,""leak_heralds"":""False"",""leak_repump"":""True"",""leakage"":""True"",""loss"":""True"",""m"":21,""n"":378,""p"":0.001,""prllel_1q"":336,""prllel_2q"":126,""r"":20,""repump_cycles"":3,""seq_meas"":""True"",""seq_ops"":""True"",""swapLRC"":""False""}",
       288,         0,         0,    11.8,bposd,5504117086a3317092df3aefd3d9dcaeddcedef971a26de69ae47837b09651a2,"{""A"":""x0y3+x10y0+x17y0"",""B"":""x5y0+x0y3+x0y19"",""b"":""X"",""d"":18,""excl_opp_detectors"":""True"",""k"":16,""l"":9,""leak_heralds"":""False"",""leak_repump"":""True"",""leakage"":""True"",""loss"":""True"",""m"":21,""n"":378,""p"":0.001,""prllel_1q"":336,""prllel_2q"":126,""r"":20,""repump_cycles"":3,""seq_meas"":""True"",""seq_ops"":""True"",""swapLRC"":""False""}",
       160,         0,         0,    4.56,bposd,5504117086a3317092df3aefd3d9dcaeddcedef971a26de69ae47837b09651a2,"{""A"":""x0y3+x10y0+x17y0"",""B"":""x5y0+x0y3+x0y19"",""b"":""X"",""d"":18,""excl_opp_detectors"":""True"",""k"":16,""l"":9,""leak_heralds"":""False"",""leak_repump"":""True"",""leakage"":""True"",""loss"":""True"",""m"":21,""n"":378,""p"":0.001,""prllel_1q"":336,""prllel_2q"":126,""r"":20,""repump_cycles"":3,""seq_meas"":""True"",""seq_ops"":""True"",""swapLRC"":""False""}",
       208,         0,         0,    27.0,bposd,5504117086a3317092df3aefd3d9dcaeddcedef971a26de69ae47837b09651a2,"{""A"":""x0y3+x10y0+x17y0"",""B"":""x5y0+x0y3+x0y19"",""b"":""X"",""d"":18,""excl_opp_detectors"":""True"",""k"":16,""l"":9,""leak_heralds"":""False"",""leak_repump"":""True"",""leakage"":""True"",""loss"":""True"",""m"":21,""n"":378,""p"":0.001,""prllel_1q"":336,""prllel_2q"":126,""r"":20,""repump_cycles"":3,""seq_meas"":""True"",""seq_ops"":""True"",""swapLRC"":""False""}",
       384,         0,         0,    12.0,bposd,5504117086a3317092df3aefd3d9dcaeddcedef971a26de69ae47837b09651a2,"{""A"":""x0y3+x10y0+x17y0"",""B"":""x5y0+x0y3+x0y19"",""b"":""X"",""d"":18,""excl_opp_detectors"":""True"",""k"":16,""l"":9,""leak_heralds"":""False"",""leak_repump"":""True"",""leakage"":""True"",""loss"":""True"",""m"":21,""n"":378,""p"":0.001,""prllel_1q"":336,""prllel_2q"":126,""r"":20,""repump_cycles"":3,""seq_meas"":""True"",""seq_ops"":""True"",""swapLRC"":""False""}",
       184,         0,         0,    6.03,bposd,5504117086a3317092df3aefd3d9dcaeddcedef971a26de69ae47837b09651a2,"{""A"":""x0y3+x10y0+x17y0"",""B"":""x5y0+x0y3+x0y19"",""b"":""X"",""d"":18,""excl_opp_detectors"":""True"",""k"":16,""l"":9,""leak_heralds"":""False"",""leak_repump"":""True"",""leakage"":""True"",""loss"":""True"",""m"":21,""n"":378,""p"":0.001,""prllel_1q"":336,""prllel_2q"":126,""r"":20,""repump_cycles"":3,""seq_meas"":""True"",""seq_ops"":""True"",""swapLRC"":""False""}",
       144,         0,         0,    6.31,bposd,5504117086a3317092df3aefd3d9dcaeddcedef971a26de69ae47837b09651a2,"{""A"":""x0y3+x10y0+x17y0"",""B"":""x5y0+x0y3+x0y19"",""b"":""X"",""d"":18,""excl_opp_detectors"":""True"",""k"":16,""l"":9,""leak_heralds"":""False"",""leak_repump"":""True"",""leakage"":""True"",""loss"":""True"",""m"":21,""n"":378,""p"":0.001,""prllel_1q"":336,""prllel_2q"":126,""r"":20,""repump_cycles"":3,""seq_meas"":""True"",""seq_ops"":""True"",""swapLRC"":""False""}",
       240,         0,         0,    6.63,bposd,5504117086a3317092df3aefd3d9dcaeddcedef971a26de69ae47837b09651a2,"{""A"":""x0y3+x10y0+x17y0"",""B"":""x5y0+x0y3+x0y19"",""b"":""X"",""d"":18,""excl_opp_detectors"":""True"",""k"":16,""l"":9,""leak_heralds"":""False"",""leak_repump"":""True"",""leakage"":""True"",""loss"":""True"",""m"":21,""n"":378,""p"":0.001,""prllel_1q"":336,""prllel_2q"":126,""r"":20,""repump_cycles"":3,""seq_meas"":""True"",""seq_ops"":""True"",""swapLRC"":""False""}",
        32,         0,         0,    3.22,bposd,5504117086a3317092df3aefd3d9dcaeddcedef971a26de69ae47837b09651a2,"{""A"":""x0y3+x10y0+x17y0"",""B"":""x5y0+x0y3+x0y19"",""b"":""X"",""d"":18,""excl_opp_detectors"":""True"",""k"":16,""l"":9,""leak_heralds"":""False"",""leak_repump"":""True"",""leakage"":""True"",""loss"":""True"",""m"":21,""n"":378,""p"":0.001,""prllel_1q"":336,""prllel_2q"":126,""r"":20,""repump_cycles"":3,""seq_meas"":""True"",""seq_ops"":""True"",""swapLRC"":""False""}",
       400,         0,         0,    12.3,bposd,5504117086a3317092df3aefd3d9dcaeddcedef971a26de69ae47837b09651a2,"{""A"":""x0y3+x10y0+x17y0"",""B"":""x5y0+x0y3+x0y19"",""b"":""X"",""d"":18,""excl_opp_detectors"":""True"",""k"":16,""l"":9,""leak_heralds"":""False"",""leak_repump"":""True"",""leakage"":""True"",""loss"":""True"",""m"":21,""n"":378,""p"":0.001,""prllel_1q"":336,""prllel_2q"":126,""r"":20,""repump_cycles"":3,""seq_meas"":""True"",""seq_ops"":""True"",""swapLRC"":""False""}",
       176,         0,         0,    6.36,bposd,5504117086a3317092df3aefd3d9dcaeddcedef971a26de69ae47837b09651a2,"{""A"":""x0y3+x10y0+x17y0"",""B"":""x5y0+x0y3+x0y19"",""b"":""X"",""d"":18,""excl_opp_detectors"":""True"",""k"":16,""l"":9,""leak_heralds"":""False"",""leak_repump"":""True"",""leakage"":""True"",""loss"":""True"",""m"":21,""n"":378,""p"":0.001,""prllel_1q"":336,""prllel_2q"":126,""r"":20,""repump_cycles"":3,""seq_meas"":""True"",""seq_ops"":""True"",""swapLRC"":""False""}",
        32,         0,         0,    21.5,bposd,5504117086a3317092df3aefd3d9dcaeddcedef971a26de69ae47837b09651a2,"{""A"":""x0y3+x10y0+x17y0"",""B"":""x5y0+x0y3+x0y19"",""b"":""X"",""d"":18,""excl_opp_detectors"":""True"",""k"":16,""l"":9,""leak_heralds"":""False"",""leak_repump"":""True"",""leakage"":""True"",""loss"":""True"",""m"":21,""n"":378,""p"":0.001,""prllel_1q"":336,""prllel_2q"":126,""r"":20,""repump_cycles"":3,""seq_meas"":""True"",""seq_ops"":""True"",""swapLRC"":""False""}",
       352,         0,         0,    12.5,bposd,5504117086a3317092df3aefd3d9dcaeddcedef971a26de69ae47837b09651a2,"{""A"":""x0y3+x10y0+x17y0"",""B"":""x5y0+x0y3+x0y19"",""b"":""X"",""d"":18,""excl_opp_detectors"":""True"",""k"":16,""l"":9,""leak_heralds"":""False"",""leak_repump"":""True"",""leakage"":""True"",""loss"":""True"",""m"":21,""n"":378,""p"":0.001,""prllel_1q"":336,""prllel_2q"":126,""r"":20,""repump_cycles"":3,""seq_meas"":""True"",""seq_ops"":""True"",""swapLRC"":""False""}",
       384,         0,         0,    12.4,bposd,5504117086a3317092df3aefd3d9dcaeddcedef971a26de69ae47837b09651a2,"{""A"":""x0y3+x10y0+x17y0"",""B"":""x5y0+x0y3+x0y19"",""b"":""X"",""d"":18,""excl_opp_detectors"":""True"",""k"":16,""l"":9,""leak_heralds"":""False"",""leak_repump"":""True"",""leakage"":""True"",""loss"":""True"",""m"":21,""n"":378,""p"":0.001,""prllel_1q"":336,""prllel_2q"":126,""r"":20,""repump_cycles"":3,""seq_meas"":""True"",""seq_ops"":""True"",""swapLRC"":""False""}",
        32,         0,         0,    21.3,bposd,5504117086a3317092df3aefd3d9dcaeddcedef971a26de69ae47837b09651a2,"{""A"":""x0y3+x10y0+x17y0"",""B"":""x5y0+x0y3+x0y19"",""b"":""X"",""d"":18,""excl_opp_detectors"":""True"",""k"":16,""l"":9,""leak_heralds"":""False"",""leak_repump"":""True"",""leakage"":""True"",""loss"":""True"",""m"":21,""n"":378,""p"":0.001,""prllel_1q"":336,""prllel_2q"":126,""r"":20,""repump_cycles"":3,""seq_meas"":""True"",""seq_ops"":""True"",""swapLRC"":""False""}",
       224,         0,         0,    25.4,bposd,5504117086a3317092df3aefd3d9dcaeddcedef971a26de69ae47837b09651a2,"{""A"":""x0y3+x10y0+x17y0"",""B"":""x5y0+x0y3+x0y19"",""b"":""X"",""d"":18,""excl_opp_detectors"":""True"",""k"":16,""l"":9,""leak_heralds"":""False"",""leak_repump"":""True"",""leakage"":""True"",""loss"":""True"",""m"":21,""n"":378,""p"":0.001,""prllel_1q"":336,""prllel_2q"":126,""r"":20,""repump_cycles"":3,""seq_meas"":""True"",""seq_ops"":""True"",""swapLRC"":""False""}",
       288,         0,         0,    7.29,bposd,5504117086a3317092df3aefd3d9dcaeddcedef971a26de69ae47837b09651a2,"{""A"":""x0y3+x10y0+x17y0"",""B"":""x5y0+x0y3+x0y19"",""b"":""X"",""d"":18,""excl_opp_detectors"":""True"",""k"":16,""l"":9,""leak_heralds"":""False"",""leak_repump"":""True"",""leakage"":""True"",""loss"":""True"",""m"":21,""n"":378,""p"":0.001,""prllel_1q"":336,""prllel_2q"":126,""r"":20,""repump_cycles"":3,""seq_meas"":""True"",""seq_ops"":""True"",""swapLRC"":""False""}",
       128,         0,         0,    4.50,bposd,5504117086a3317092df3aefd3d9dcaeddcedef971a26de69ae47837b09651a2,"{""A"":""x0y3+x10y0+x17y0"",""B"":""x5y0+x0y3+x0y19"",""b"":""X"",""d"":18,""excl_opp_detectors"":""True"",""k"":16,""l"":9,""leak_heralds"":""False"",""leak_repump"":""True"",""leakage"":""True"",""loss"":""True"",""m"":21,""n"":378,""p"":0.001,""prllel_1q"":336,""prllel_2q"":126,""r"":20,""repump_cycles"":3,""seq_meas"":""True"",""seq_ops"":""True"",""swapLRC"":""False""}",
       272,         0,         0,    11.9,bposd,5504117086a3317092df3aefd3d9dcaeddcedef971a26de69ae47837b09651a2,"{""A"":""x0y3+x10y0+x17y0"",""B"":""x5y0+x0y3+x0y19"",""b"":""X"",""d"":18,""excl_opp_detectors"":""True"",""k"":16,""l"":9,""leak_heralds"":""False"",""leak_repump"":""True"",""leakage"":""True"",""loss"":""True"",""m"":21,""n"":378,""p"":0.001,""prllel_1q"":336,""prllel_2q"":126,""r"":20,""repump_cycles"":3,""seq_meas"":""True"",""seq_ops"":""True"",""swapLRC"":""False""}",
       512,         0,         0,    12.1,bposd,5504117086a3317092df3aefd3d9dcaeddcedef971a26de69ae47837b09651a2,"{""A"":""x0y3+x10y0+x17y0"",""B"":""x5y0+x0y3+x0y19"",""b"":""X"",""d"":18,""excl_opp_detectors"":""True"",""k"":16,""l"":9,""leak_heralds"":""False"",""leak_repump"":""True"",""leakage"":""True"",""loss"":""True"",""m"":21,""n"":378,""p"":0.001,""prllel_1q"":336,""prllel_2q"":126,""r"":20,""repump_cycles"":3,""seq_meas"":""True"",""seq_ops"":""True"",""swapLRC"":""False""}",
       344,         0,         0,    11.9,bposd,5504117086a3317092df3aefd3d9dcaeddcedef971a26de69ae47837b09651a2,"{""A"":""x0y3+x10y0+x17y0"",""B"":""x5y0+x0y3+x0y19"",""b"":""X"",""d"":18,""excl_opp_detectors"":""True"",""k"":16,""l"":9,""leak_heralds"":""False"",""leak_repump"":""True"",""leakage"":""True"",""loss"":""True"",""m"":21,""n"":378,""p"":0.001,""prllel_1q"":336,""prllel_2q"":126,""r"":20,""repump_cycles"":3,""seq_meas"":""True"",""seq_ops"":""True"",""swapLRC"":""False""}",
        16,         0,         0,    21.2,bposd,5504117086a3317092df3aefd3d9dcaeddcedef971a26de69ae47837b09651a2,"{""A"":""x0y3+x10y0+x17y0"",""B"":""x5y0+x0y3+x0y19"",""b"":""X"",""d"":18,""excl_opp_detectors"":""True"",""k"":16,""l"":9,""leak_heralds"":""False"",""leak_repump"":""True"",""leakage"":""True"",""loss"":""True"",""m"":21,""n"":378,""p"":0.001,""prllel_1q"":336,""prllel_2q"":126,""r"":20,""repump_cycles"":3,""seq_meas"":""True"",""seq_ops"":""True"",""swapLRC"":""False""}",
        80,         0,         0,    2.88,bposd,5504117086a3317092df3aefd3d9dcaeddcedef971a26de69ae47837b09651a2,"{""A"":""x0y3+x10y0+x17y0"",""B"":""x5y0+x0y3+x0y19"",""b"":""X"",""d"":18,""excl_opp_detectors"":""True"",""k"":16,""l"":9,""leak_heralds"":""False"",""leak_repump"":""True"",""leakage"":""True"",""loss"":""True"",""m"":21,""n"":378,""p"":0.001,""prllel_1q"":336,""prllel_2q"":126,""r"":20,""repump_cycles"":3,""seq_meas"":""True"",""seq_ops"":""True"",""swapLRC"":""False""}",
       400,         0,         0,    11.7,bposd,5504117086a3317092df3aefd3d9dcaeddcedef971a26de69ae47837b09651a2,"{""A"":""x0y3+x10y0+x17y0"",""B"":""x5y0+x0y3+x0y19"",""b"":""X"",""d"":18,""excl_opp_detectors"":""True"",""k"":16,""l"":9,""leak_heralds"":""False"",""leak_repump"":""True"",""leakage"":""True"",""loss"":""True"",""m"":21,""n"":378,""p"":0.001,""prllel_1q"":336,""prllel_2q"":126,""r"":20,""repump_cycles"":3,""seq_meas"":""True"",""seq_ops"":""True"",""swapLRC"":""False""}",
       272,         0,         0,    8.60,bposd,5504117086a3317092df3aefd3d9dcaeddcedef971a26de69ae47837b09651a2,"{""A"":""x0y3+x10y0+x17y0"",""B"":""x5y0+x0y3+x0y19"",""b"":""X"",""d"":18,""excl_opp_detectors"":""True"",""k"":16,""l"":9,""leak_heralds"":""False"",""leak_repump"":""True"",""leakage"":""True"",""loss"":""True"",""m"":21,""n"":378,""p"":0.001,""prllel_1q"":336,""prllel_2q"":126,""r"":20,""repump_cycles"":3,""seq_meas"":""True"",""seq_ops"":""True"",""swapLRC"":""False""}",
       304,         0,         0,    8.65,bposd,5504117086a3317092df3aefd3d9dcaeddcedef971a26de69ae47837b09651a2,"{""A"":""x0y3+x10y0+x17y0"",""B"":""x5y0+x0y3+x0y19"",""b"":""X"",""d"":18,""excl_opp_detectors"":""True"",""k"":16,""l"":9,""leak_heralds"":""False"",""leak_repump"":""True"",""leakage"":""True"",""loss"":""True"",""m"":21,""n"":378,""p"":0.001,""prllel_1q"":336,""prllel_2q"":126,""r"":20,""repump_cycles"":3,""seq_meas"":""True"",""seq_ops"":""True"",""swapLRC"":""False""}",
       368,         0,         0,    9.17,bposd,5504117086a3317092df3aefd3d9dcaeddcedef971a26de69ae47837b09651a2,"{""A"":""x0y3+x10y0+x17y0"",""B"":""x5y0+x0y3+x0y19"",""b"":""X"",""d"":18,""excl_opp_detectors"":""True"",""k"":16,""l"":9,""leak_heralds"":""False"",""leak_repump"":""True"",""leakage"":""True"",""loss"":""True"",""m"":21,""n"":378,""p"":0.001,""prllel_1q"":336,""prllel_2q"":126,""r"":20,""repump_cycles"":3,""seq_meas"":""True"",""seq_ops"":""True"",""swapLRC"":""False""}",
       144,         0,         0,    24.8,bposd,5504117086a3317092df3aefd3d9dcaeddcedef971a26de69ae47837b09651a2,"{""A"":""x0y3+x10y0+x17y0"",""B"":""x5y0+x0y3+x0y19"",""b"":""X"",""d"":18,""excl_opp_detectors"":""True"",""k"":16,""l"":9,""leak_heralds"":""False"",""leak_repump"":""True"",""leakage"":""True"",""loss"":""True"",""m"":21,""n"":378,""p"":0.001,""prllel_1q"":336,""prllel_2q"":126,""r"":20,""repump_cycles"":3,""seq_meas"":""True"",""seq_ops"":""True"",""swapLRC"":""False""}",
