     shots,    errors,  discards, seconds,decoder,strong_id,json_metadata,custom_counts
         1,         0,         0,   0.065,bposd,12d0a895c1c7d9606c3d9751922fb0f20325cd9c13cbfcbd27b3196db55e86e0,"{""A"":""x0y9+x1y0+x2y0"",""B"":""x3y0+x0y25+x0y26"",""b"":""X"",""d"":24,""excl_opp_detectors"":""True"",""k"":12,""l"":6,""leak_heralds"":""False"",""leak_repump"":""True"",""leakage"":""True"",""loss"":""True"",""m"":30,""n"":360,""p"":0.001,""prllel_1q"":480,""prllel_2q"":120,""r"":20,""repump_cycles"":3,""seq_meas"":""True"",""seq_ops"":""True"",""swapLRC"":""False""}",
         1,         0,         0,   0.064,bposd,3c4eb901d8ffce3fe8833edec93e38bf71e098409fe53b1b0b91b28d03a184fc,"{""A"":""x0y3+x10y0+x17y0"",""B"":""x5y0+x0y3+x0y19"",""b"":""X"",""d"":18,""excl_opp_detectors"":""True"",""k"":16,""l"":9,""leak_heralds"":""False"",""leak_repump"":""True"",""leakage"":""True"",""loss"":""True"",""m"":21,""n"":378,""p"":0.001,""prllel_1q"":336,""prllel_2q"":84,""r"":20,""repump_cycles"":3,""seq_meas"":""True"",""seq_ops"":""True"",""swapLRC"":""False""}",
         1,         0,         0,   0.061,bposd,12d0a895c1c7d9606c3d9751922fb0f20325cd9c13cbfcbd27b3196db55e86e0,"{""A"":""x0y9+x1y0+x2y0"",""B"":""x3y0+x0y25+x0y26"",""b"":""X"",""d"":24,""excl_opp_detectors"":""True"",""k"":12,""l"":6,""leak_heralds"":""False"",""leak_repump"":""True"",""leakage"":""True"",""loss"":""True"",""m"":30,""n"":360,""p"":0.001,""prllel_1q"":480,""prllel_2q"":120,""r"":20,""repump_cycles"":3,""seq_meas"":""True"",""seq_ops"":""True"",""swapLRC"":""False""}",
         1,         0,         0,   0.064,bposd,12d0a895c1c7d9606c3d9751922fb0f20325cd9c13cbfcbd27b3196db55e86e0,"{""A"":""x0y9+x1y0+x2y0"",""B"":""x3y0+x0y25+x0y26"",""b"":""X"",""d"":24,""excl_opp_detectors"":""True"",""k"":12,""l"":6,""leak_heralds"":""False"",""leak_repump"":""True"",""leakage"":""True"",""loss"":""True"",""m"":30,""n"":360,""p"":0.001,""prllel_1q"":480,""prllel_2q"":120,""r"":20,""repump_cycles"":3,""seq_meas"":""True"",""seq_ops"":""True"",""swapLRC"":""False""}",
         1,         0,         0,   0.067,bposd,12d0a895c1c7d9606c3d9751922fb0f20325cd9c13cbfcbd27b3196db55e86e0,"{""A"":""x0y9+x1y0+x2y0"",""B"":""x3y0+x0y25+x0y26"",""b"":""X"",""d"":24,""excl_opp_detectors"":""True"",""k"":12,""l"":6,""leak_heralds"":""False"",""leak_repump"":""True"",""leakage"":""True"",""loss"":""True"",""m"":30,""n"":360,""p"":0.001,""prllel_1q"":480,""prllel_2q"":120,""r"":20,""repump_cycles"":3,""seq_meas"":""True"",""seq_ops"":""True"",""swapLRC"":""False""}",
         1,         0,         0,   0.069,bposd,12d0a895c1c7d9606c3d9751922fb0f20325cd9c13cbfcbd27b3196db55e86e0,"{""A"":""x0y9+x1y0+x2y0"",""B"":""x3y0+x0y25+x0y26"",""b"":""X"",""d"":24,""excl_opp_detectors"":""True"",""k"":12,""l"":6,""leak_heralds"":""False"",""leak_repump"":""True"",""leakage"":""True"",""loss"":""True"",""m"":30,""n"":360,""p"":0.001,""prllel_1q"":480,""prllel_2q"":120,""r"":20,""repump_cycles"":3,""seq_meas"":""True"",""seq_ops"":""True"",""swapLRC"":""False""}",
         1,         0,         0,   0.075,bposd,12d0a895c1c7d9606c3d9751922fb0f20325cd9c13cbfcbd27b3196db55e86e0,"{""A"":""x0y9+x1y0+x2y0"",""B"":""x3y0+x0y25+x0y26"",""b"":""X"",""d"":24,""excl_opp_detectors"":""True"",""k"":12,""l"":6,""leak_heralds"":""False"",""leak_repump"":""True"",""leakage"":""True"",""loss"":""True"",""m"":30,""n"":360,""p"":0.001,""prllel_1q"":480,""prllel_2q"":120,""r"":20,""repump_cycles"":3,""seq_meas"":""True"",""seq_ops"":""True"",""swapLRC"":""False""}",
         1,         0,         0,   0.064,bposd,3c4eb901d8ffce3fe8833edec93e38bf71e098409fe53b1b0b91b28d03a184fc,"{""A"":""x0y3+x10y0+x17y0"",""B"":""x5y0+x0y3+x0y19"",""b"":""X"",""d"":18,""excl_opp_detectors"":""True"",""k"":16,""l"":9,""leak_heralds"":""False"",""leak_repump"":""True"",""leakage"":""True"",""loss"":""True"",""m"":21,""n"":378,""p"":0.001,""prllel_1q"":336,""prllel_2q"":84,""r"":20,""repump_cycles"":3,""seq_meas"":""True"",""seq_ops"":""True"",""swapLRC"":""False""}",
         1,         0,         0,   0.063,bposd,12d0a895c1c7d9606c3d9751922fb0f20325cd9c13cbfcbd27b3196db55e86e0,"{""A"":""x0y9+x1y0+x2y0"",""B"":""x3y0+x0y25+x0y26"",""b"":""X"",""d"":24,""excl_opp_detectors"":""True"",""k"":12,""l"":6,""leak_heralds"":""False"",""leak_repump"":""True"",""leakage"":""True"",""loss"":""True"",""m"":30,""n"":360,""p"":0.001,""prllel_1q"":480,""prllel_2q"":120,""r"":20,""repump_cycles"":3,""seq_meas"":""True"",""seq_ops"":""True"",""swapLRC"":""False""}",
         1,         0,         0,   0.063,bposd,12d0a895c1c7d9606c3d9751922fb0f20325cd9c13cbfcbd27b3196db55e86e0,"{""A"":""x0y9+x1y0+x2y0"",""B"":""x3y0+x0y25+x0y26"",""b"":""X"",""d"":24,""excl_opp_detectors"":""True"",""k"":12,""l"":6,""leak_heralds"":""False"",""leak_repump"":""True"",""leakage"":""True"",""loss"":""True"",""m"":30,""n"":360,""p"":0.001,""prllel_1q"":480,""prllel_2q"":120,""r"":20,""repump_cycles"":3,""seq_meas"":""True"",""seq_ops"":""True"",""swapLRC"":""False""}",
         1,         0,         0,   0.090,bposd,12d0a895c1c7d9606c3d9751922fb0f20325cd9c13cbfcbd27b3196db55e86e0,"{""A"":""x0y9+x1y0+x2y0"",""B"":""x3y0+x0y25+x0y26"",""b"":""X"",""d"":24,""excl_opp_detectors"":""True"",""k"":12,""l"":6,""leak_heralds"":""False"",""leak_repump"":""True"",""leakage"":""True"",""loss"":""True"",""m"":30,""n"":360,""p"":0.001,""prllel_1q"":480,""prllel_2q"":120,""r"":20,""repump_cycles"":3,""seq_meas"":""True"",""seq_ops"":""True"",""swapLRC"":""False""}",
         1,         0,         0,   0.060,bposd,3c4eb901d8ffce3fe8833edec93e38bf71e098409fe53b1b0b91b28d03a184fc,"{""A"":""x0y3+x10y0+x17y0"",""B"":""x5y0+x0y3+x0y19"",""b"":""X"",""d"":18,""excl_opp_detectors"":""True"",""k"":16,""l"":9,""leak_heralds"":""False"",""leak_repump"":""True"",""leakage"":""True"",""loss"":""True"",""m"":21,""n"":378,""p"":0.001,""prllel_1q"":336,""prllel_2q"":84,""r"":20,""repump_cycles"":3,""seq_meas"":""True"",""seq_ops"":""True"",""swapLRC"":""False""}",
         1,         0,         0,   0.062,bposd,12d0a895c1c7d9606c3d9751922fb0f20325cd9c13cbfcbd27b3196db55e86e0,"{""A"":""x0y9+x1y0+x2y0"",""B"":""x3y0+x0y25+x0y26"",""b"":""X"",""d"":24,""excl_opp_detectors"":""True"",""k"":12,""l"":6,""leak_heralds"":""False"",""leak_repump"":""True"",""leakage"":""True"",""loss"":""True"",""m"":30,""n"":360,""p"":0.001,""prllel_1q"":480,""prllel_2q"":120,""r"":20,""repump_cycles"":3,""seq_meas"":""True"",""seq_ops"":""True"",""swapLRC"":""False""}",
         1,         0,         0,   0.066,bposd,3c4eb901d8ffce3fe8833edec93e38bf71e098409fe53b1b0b91b28d03a184fc,"{""A"":""x0y3+x10y0+x17y0"",""B"":""x5y0+x0y3+x0y19"",""b"":""X"",""d"":18,""excl_opp_detectors"":""True"",""k"":16,""l"":9,""leak_heralds"":""False"",""leak_repump"":""True"",""leakage"":""True"",""loss"":""True"",""m"":21,""n"":378,""p"":0.001,""prllel_1q"":336,""prllel_2q"":84,""r"":20,""repump_cycles"":3,""seq_meas"":""True"",""seq_ops"":""True"",""swapLRC"":""False""}",
         1,         0,         0,   0.062,bposd,12d0a895c1c7d9606c3d9751922fb0f20325cd9c13cbfcbd27b3196db55e86e0,"{""A"":""x0y9+x1y0+x2y0"",""B"":""x3y0+x0y25+x0y26"",""b"":""X"",""d"":24,""excl_opp_detectors"":""True"",""k"":12,""l"":6,""leak_heralds"":""False"",""leak_repump"":""True"",""leakage"":""True"",""loss"":""True"",""m"":30,""n"":360,""p"":0.001,""prllel_1q"":480,""prllel_2q"":120,""r"":20,""repump_cycles"":3,""seq_meas"":""True"",""seq_ops"":""True"",""swapLRC"":""False""}",
         8,         0,         0,   0.139,bposd,12d0a895c1c7d9606c3d9751922fb0f20325cd9c13cbfcbd27b3196db55e86e0,"{""A"":""x0y9+x1y0+x2y0"",""B"":""x3y0+x0y25+x0y26"",""b"":""X"",""d"":24,""excl_opp_detectors"":""True"",""k"":12,""l"":6,""leak_heralds"":""False"",""leak_repump"":""True"",""leakage"":""True"",""loss"":""True"",""m"":30,""n"":360,""p"":0.001,""prllel_1q"":480,""prllel_2q"":120,""r"":20,""repump_cycles"":3,""seq_meas"":""True"",""seq_ops"":""True"",""swapLRC"":""False""}",
         8,         0,         0,   0.155,bposd,3c4eb901d8ffce3fe8833edec93e38bf71e098409fe53b1b0b91b28d03a184fc,"{""A"":""x0y3+x10y0+x17y0"",""B"":""x5y0+x0y3+x0y19"",""b"":""X"",""d"":18,""excl_opp_detectors"":""True"",""k"":16,""l"":9,""leak_heralds"":""False"",""leak_repump"":""True"",""leakage"":""True"",""loss"":""True"",""m"":21,""n"":378,""p"":0.001,""prllel_1q"":336,""prllel_2q"":84,""r"":20,""repump_cycles"":3,""seq_meas"":""True"",""seq_ops"":""True"",""swapLRC"":""False""}",
         1,         0,         0,   0.062,bposd,3c4eb901d8ffce3fe8833edec93e38bf71e098409fe53b1b0b91b28d03a184fc,"{""A"":""x0y3+x10y0+x17y0"",""B"":""x5y0+x0y3+x0y19"",""b"":""X"",""d"":18,""excl_opp_detectors"":""True"",""k"":16,""l"":9,""leak_heralds"":""False"",""leak_repump"":""True"",""leakage"":""True"",""loss"":""True"",""m"":21,""n"":378,""p"":0.001,""prllel_1q"":336,""prllel_2q"":84,""r"":20,""repump_cycles"":3,""seq_meas"":""True"",""seq_ops"":""True"",""swapLRC"":""False""}",
         4,         0,         0,   0.106,bposd,12d0a895c1c7d9606c3d9751922fb0f20325cd9c13cbfcbd27b3196db55e86e0,"{""A"":""x0y9+x1y0+x2y0"",""B"":""x3y0+x0y25+x0y26"",""b"":""X"",""d"":24,""excl_opp_detectors"":""True"",""k"":12,""l"":6,""leak_heralds"":""False"",""leak_repump"":""True"",""leakage"":""True"",""loss"":""True"",""m"":30,""n"":360,""p"":0.001,""prllel_1q"":480,""prllel_2q"":120,""r"":20,""repump_cycles"":3,""seq_meas"":""True"",""seq_ops"":""True"",""swapLRC"":""False""}",
         8,         0,         0,   0.161,bposd,12d0a895c1c7d9606c3d9751922fb0f20325cd9c13cbfcbd27b3196db55e86e0,"{""A"":""x0y9+x1y0+x2y0"",""B"":""x3y0+x0y25+x0y26"",""b"":""X"",""d"":24,""excl_opp_detectors"":""True"",""k"":12,""l"":6,""leak_heralds"":""False"",""leak_repump"":""True"",""leakage"":""True"",""loss"":""True"",""m"":30,""n"":360,""p"":0.001,""prllel_1q"":480,""prllel_2q"":120,""r"":20,""repump_cycles"":3,""seq_meas"":""True"",""seq_ops"":""True"",""swapLRC"":""False""}",
         1,         0,         0,   0.063,bposd,3c4eb901d8ffce3fe8833edec93e38bf71e098409fe53b1b0b91b28d03a184fc,"{""A"":""x0y3+x10y0+x17y0"",""B"":""x5y0+x0y3+x0y19"",""b"":""X"",""d"":18,""excl_opp_detectors"":""True"",""k"":16,""l"":9,""leak_heralds"":""False"",""leak_repump"":""True"",""leakage"":""True"",""loss"":""True"",""m"":21,""n"":378,""p"":0.001,""prllel_1q"":336,""prllel_2q"":84,""r"":20,""repump_cycles"":3,""seq_meas"":""True"",""seq_ops"":""True"",""swapLRC"":""False""}",
         8,         0,         0,   0.158,bposd,12d0a895c1c7d9606c3d9751922fb0f20325cd9c13cbfcbd27b3196db55e86e0,"{""A"":""x0y9+x1y0+x2y0"",""B"":""x3y0+x0y25+x0y26"",""b"":""X"",""d"":24,""excl_opp_detectors"":""True"",""k"":12,""l"":6,""leak_heralds"":""False"",""leak_repump"":""True"",""leakage"":""True"",""loss"":""True"",""m"":30,""n"":360,""p"":0.001,""prllel_1q"":480,""prllel_2q"":120,""r"":20,""repump_cycles"":3,""seq_meas"":""True"",""seq_ops"":""True"",""swapLRC"":""False""}",
         8,         0,         0,   0.181,bposd,12d0a895c1c7d9606c3d9751922fb0f20325cd9c13cbfcbd27b3196db55e86e0,"{""A"":""x0y9+x1y0+x2y0"",""B"":""x3y0+x0y25+x0y26"",""b"":""X"",""d"":24,""excl_opp_detectors"":""True"",""k"":12,""l"":6,""leak_heralds"":""False"",""leak_repump"":""True"",""leakage"":""True"",""loss"":""True"",""m"":30,""n"":360,""p"":0.001,""prllel_1q"":480,""prllel_2q"":120,""r"":20,""repump_cycles"":3,""seq_meas"":""True"",""seq_ops"":""True"",""swapLRC"":""False""}",
         8,         0,         0,   0.150,bposd,12d0a895c1c7d9606c3d9751922fb0f20325cd9c13cbfcbd27b3196db55e86e0,"{""A"":""x0y9+x1y0+x2y0"",""B"":""x3y0+x0y25+x0y26"",""b"":""X"",""d"":24,""excl_opp_detectors"":""True"",""k"":12,""l"":6,""leak_heralds"":""False"",""leak_repump"":""True"",""leakage"":""True"",""loss"":""True"",""m"":30,""n"":360,""p"":0.001,""prllel_1q"":480,""prllel_2q"":120,""r"":20,""repump_cycles"":3,""seq_meas"":""True"",""seq_ops"":""True"",""swapLRC"":""False""}",
         1,         0,         0,   0.065,bposd,3c4eb901d8ffce3fe8833edec93e38bf71e098409fe53b1b0b91b28d03a184fc,"{""A"":""x0y3+x10y0+x17y0"",""B"":""x5y0+x0y3+x0y19"",""b"":""X"",""d"":18,""excl_opp_detectors"":""True"",""k"":16,""l"":9,""leak_heralds"":""False"",""leak_repump"":""True"",""leakage"":""True"",""loss"":""True"",""m"":21,""n"":378,""p"":0.001,""prllel_1q"":336,""prllel_2q"":84,""r"":20,""repump_cycles"":3,""seq_meas"":""True"",""seq_ops"":""True"",""swapLRC"":""False""}",
         1,         0,         0,   0.064,bposd,12d0a895c1c7d9606c3d9751922fb0f20325cd9c13cbfcbd27b3196db55e86e0,"{""A"":""x0y9+x1y0+x2y0"",""B"":""x3y0+x0y25+x0y26"",""b"":""X"",""d"":24,""excl_opp_detectors"":""True"",""k"":12,""l"":6,""leak_heralds"":""False"",""leak_repump"":""True"",""leakage"":""True"",""loss"":""True"",""m"":30,""n"":360,""p"":0.001,""prllel_1q"":480,""prllel_2q"":120,""r"":20,""repump_cycles"":3,""seq_meas"":""True"",""seq_ops"":""True"",""swapLRC"":""False""}",
         8,         0,         0,   0.178,bposd,12d0a895c1c7d9606c3d9751922fb0f20325cd9c13cbfcbd27b3196db55e86e0,"{""A"":""x0y9+x1y0+x2y0"",""B"":""x3y0+x0y25+x0y26"",""b"":""X"",""d"":24,""excl_opp_detectors"":""True"",""k"":12,""l"":6,""leak_heralds"":""False"",""leak_repump"":""True"",""leakage"":""True"",""loss"":""True"",""m"":30,""n"":360,""p"":0.001,""prllel_1q"":480,""prllel_2q"":120,""r"":20,""repump_cycles"":3,""seq_meas"":""True"",""seq_ops"":""True"",""swapLRC"":""False""}",
         1,         0,         0,   0.069,bposd,3c4eb901d8ffce3fe8833edec93e38bf71e098409fe53b1b0b91b28d03a184fc,"{""A"":""x0y3+x10y0+x17y0"",""B"":""x5y0+x0y3+x0y19"",""b"":""X"",""d"":18,""excl_opp_detectors"":""True"",""k"":16,""l"":9,""leak_heralds"":""False"",""leak_repump"":""True"",""leakage"":""True"",""loss"":""True"",""m"":21,""n"":378,""p"":0.001,""prllel_1q"":336,""prllel_2q"":84,""r"":20,""repump_cycles"":3,""seq_meas"":""True"",""seq_ops"":""True"",""swapLRC"":""False""}",
         1,         0,         0,   0.085,bposd,12d0a895c1c7d9606c3d9751922fb0f20325cd9c13cbfcbd27b3196db55e86e0,"{""A"":""x0y9+x1y0+x2y0"",""B"":""x3y0+x0y25+x0y26"",""b"":""X"",""d"":24,""excl_opp_detectors"":""True"",""k"":12,""l"":6,""leak_heralds"":""False"",""leak_repump"":""True"",""leakage"":""True"",""loss"":""True"",""m"":30,""n"":360,""p"":0.001,""prllel_1q"":480,""prllel_2q"":120,""r"":20,""repump_cycles"":3,""seq_meas"":""True"",""seq_ops"":""True"",""swapLRC"":""False""}",
         8,         0,         0,   0.212,bposd,3c4eb901d8ffce3fe8833edec93e38bf71e098409fe53b1b0b91b28d03a184fc,"{""A"":""x0y3+x10y0+x17y0"",""B"":""x5y0+x0y3+x0y19"",""b"":""X"",""d"":18,""excl_opp_detectors"":""True"",""k"":16,""l"":9,""leak_heralds"":""False"",""leak_repump"":""True"",""leakage"":""True"",""loss"":""True"",""m"":21,""n"":378,""p"":0.001,""prllel_1q"":336,""prllel_2q"":84,""r"":20,""repump_cycles"":3,""seq_meas"":""True"",""seq_ops"":""True"",""swapLRC"":""False""}",
         8,         0,         0,   0.236,bposd,3c4eb901d8ffce3fe8833edec93e38bf71e098409fe53b1b0b91b28d03a184fc,"{""A"":""x0y3+x10y0+x17y0"",""B"":""x5y0+x0y3+x0y19"",""b"":""X"",""d"":18,""excl_opp_detectors"":""True"",""k"":16,""l"":9,""leak_heralds"":""False"",""leak_repump"":""True"",""leakage"":""True"",""loss"":""True"",""m"":21,""n"":378,""p"":0.001,""prllel_1q"":336,""prllel_2q"":84,""r"":20,""repump_cycles"":3,""seq_meas"":""True"",""seq_ops"":""True"",""swapLRC"":""False""}",
         8,         0,         0,   0.280,bposd,3c4eb901d8ffce3fe8833edec93e38bf71e098409fe53b1b0b91b28d03a184fc,"{""A"":""x0y3+x10y0+x17y0"",""B"":""x5y0+x0y3+x0y19"",""b"":""X"",""d"":18,""excl_opp_detectors"":""True"",""k"":16,""l"":9,""leak_heralds"":""False"",""leak_repump"":""True"",""leakage"":""True"",""loss"":""True"",""m"":21,""n"":378,""p"":0.001,""prllel_1q"":336,""prllel_2q"":84,""r"":20,""repump_cycles"":3,""seq_meas"":""True"",""seq_ops"":""True"",""swapLRC"":""False""}",
         8,         0,         0,   0.345,bposd,12d0a895c1c7d9606c3d9751922fb0f20325cd9c13cbfcbd27b3196db55e86e0,"{""A"":""x0y9+x1y0+x2y0"",""B"":""x3y0+x0y25+x0y26"",""b"":""X"",""d"":24,""excl_opp_detectors"":""True"",""k"":12,""l"":6,""leak_heralds"":""False"",""leak_repump"":""True"",""leakage"":""True"",""loss"":""True"",""m"":30,""n"":360,""p"":0.001,""prllel_1q"":480,""prllel_2q"":120,""r"":20,""repump_cycles"":3,""seq_meas"":""True"",""seq_ops"":""True"",""swapLRC"":""False""}",
         8,         0,         0,   0.357,bposd,12d0a895c1c7d9606c3d9751922fb0f20325cd9c13cbfcbd27b3196db55e86e0,"{""A"":""x0y9+x1y0+x2y0"",""B"":""x3y0+x0y25+x0y26"",""b"":""X"",""d"":24,""excl_opp_detectors"":""True"",""k"":12,""l"":6,""leak_heralds"":""False"",""leak_repump"":""True"",""leakage"":""True"",""loss"":""True"",""m"":30,""n"":360,""p"":0.001,""prllel_1q"":480,""prllel_2q"":120,""r"":20,""repump_cycles"":3,""seq_meas"":""True"",""seq_ops"":""True"",""swapLRC"":""False""}",
         8,         0,         0,   0.181,bposd,3c4eb901d8ffce3fe8833edec93e38bf71e098409fe53b1b0b91b28d03a184fc,"{""A"":""x0y3+x10y0+x17y0"",""B"":""x5y0+x0y3+x0y19"",""b"":""X"",""d"":18,""excl_opp_detectors"":""True"",""k"":16,""l"":9,""leak_heralds"":""False"",""leak_repump"":""True"",""leakage"":""True"",""loss"":""True"",""m"":21,""n"":378,""p"":0.001,""prllel_1q"":336,""prllel_2q"":84,""r"":20,""repump_cycles"":3,""seq_meas"":""True"",""seq_ops"":""True"",""swapLRC"":""False""}",
         8,         0,         0,   0.183,bposd,3c4eb901d8ffce3fe8833edec93e38bf71e098409fe53b1b0b91b28d03a184fc,"{""A"":""x0y3+x10y0+x17y0"",""B"":""x5y0+x0y3+x0y19"",""b"":""X"",""d"":18,""excl_opp_detectors"":""True"",""k"":16,""l"":9,""leak_heralds"":""False"",""leak_repump"":""True"",""leakage"":""True"",""loss"":""True"",""m"":21,""n"":378,""p"":0.001,""prllel_1q"":336,""prllel_2q"":84,""r"":20,""repump_cycles"":3,""seq_meas"":""True"",""seq_ops"":""True"",""swapLRC"":""False""}",
         4,         0,         0,   0.104,bposd,12d0a895c1c7d9606c3d9751922fb0f20325cd9c13cbfcbd27b3196db55e86e0,"{""A"":""x0y9+x1y0+x2y0"",""B"":""x3y0+x0y25+x0y26"",""b"":""X"",""d"":24,""excl_opp_detectors"":""True"",""k"":12,""l"":6,""leak_heralds"":""False"",""leak_repump"":""True"",""leakage"":""True"",""loss"":""True"",""m"":30,""n"":360,""p"":0.001,""prllel_1q"":480,""prllel_2q"":120,""r"":20,""repump_cycles"":3,""seq_meas"":""True"",""seq_ops"":""True"",""swapLRC"":""False""}",
         1,         0,         0,   0.150,bposd,12d0a895c1c7d9606c3d9751922fb0f20325cd9c13cbfcbd27b3196db55e86e0,"{""A"":""x0y9+x1y0+x2y0"",""B"":""x3y0+x0y25+x0y26"",""b"":""X"",""d"":24,""excl_opp_detectors"":""True"",""k"":12,""l"":6,""leak_heralds"":""False"",""leak_repump"":""True"",""leakage"":""True"",""loss"":""True"",""m"":30,""n"":360,""p"":0.001,""prllel_1q"":480,""prllel_2q"":120,""r"":20,""repump_cycles"":3,""seq_meas"":""True"",""seq_ops"":""True"",""swapLRC"":""False""}",
         8,         0,         0,   0.188,bposd,3c4eb901d8ffce3fe8833edec93e38bf71e098409fe53b1b0b91b28d03a184fc,"{""A"":""x0y3+x10y0+x17y0"",""B"":""x5y0+x0y3+x0y19"",""b"":""X"",""d"":18,""excl_opp_detectors"":""True"",""k"":16,""l"":9,""leak_heralds"":""False"",""leak_repump"":""True"",""leakage"":""True"",""loss"":""True"",""m"":21,""n"":378,""p"":0.001,""prllel_1q"":336,""prllel_2q"":84,""r"":20,""repump_cycles"":3,""seq_meas"":""True"",""seq_ops"":""True"",""swapLRC"":""False""}",
         1,         0,         0,   0.068,bposd,3c4eb901d8ffce3fe8833edec93e38bf71e098409fe53b1b0b91b28d03a184fc,"{""A"":""x0y3+x10y0+x17y0"",""B"":""x5y0+x0y3+x0y19"",""b"":""X"",""d"":18,""excl_opp_detectors"":""True"",""k"":16,""l"":9,""leak_heralds"":""False"",""leak_repump"":""True"",""leakage"":""True"",""loss"":""True"",""m"":21,""n"":378,""p"":0.001,""prllel_1q"":336,""prllel_2q"":84,""r"":20,""repump_cycles"":3,""seq_meas"":""True"",""seq_ops"":""True"",""swapLRC"":""False""}",
         2,         0,         0,   0.079,bposd,12d0a895c1c7d9606c3d9751922fb0f20325cd9c13cbfcbd27b3196db55e86e0,"{""A"":""x0y9+x1y0+x2y0"",""B"":""x3y0+x0y25+x0y26"",""b"":""X"",""d"":24,""excl_opp_detectors"":""True"",""k"":12,""l"":6,""leak_heralds"":""False"",""leak_repump"":""True"",""leakage"":""True"",""loss"":""True"",""m"":30,""n"":360,""p"":0.001,""prllel_1q"":480,""prllel_2q"":120,""r"":20,""repump_cycles"":3,""seq_meas"":""True"",""seq_ops"":""True"",""swapLRC"":""False""}",
         8,         0,         0,   0.220,bposd,3c4eb901d8ffce3fe8833edec93e38bf71e098409fe53b1b0b91b28d03a184fc,"{""A"":""x0y3+x10y0+x17y0"",""B"":""x5y0+x0y3+x0y19"",""b"":""X"",""d"":18,""excl_opp_detectors"":""True"",""k"":16,""l"":9,""leak_heralds"":""False"",""leak_repump"":""True"",""leakage"":""True"",""loss"":""True"",""m"":21,""n"":378,""p"":0.001,""prllel_1q"":336,""prllel_2q"":84,""r"":20,""repump_cycles"":3,""seq_meas"":""True"",""seq_ops"":""True"",""swapLRC"":""False""}",
        16,         0,         0,   0.325,bposd,12d0a895c1c7d9606c3d9751922fb0f20325cd9c13cbfcbd27b3196db55e86e0,"{""A"":""x0y9+x1y0+x2y0"",""B"":""x3y0+x0y25+x0y26"",""b"":""X"",""d"":24,""excl_opp_detectors"":""True"",""k"":12,""l"":6,""leak_heralds"":""False"",""leak_repump"":""True"",""leakage"":""True"",""loss"":""True"",""m"":30,""n"":360,""p"":0.001,""prllel_1q"":480,""prllel_2q"":120,""r"":20,""repump_cycles"":3,""seq_meas"":""True"",""seq_ops"":""True"",""swapLRC"":""False""}",
         8,         0,         0,   0.187,bposd,12d0a895c1c7d9606c3d9751922fb0f20325cd9c13cbfcbd27b3196db55e86e0,"{""A"":""x0y9+x1y0+x2y0"",""B"":""x3y0+x0y25+x0y26"",""b"":""X"",""d"":24,""excl_opp_detectors"":""True"",""k"":12,""l"":6,""leak_heralds"":""False"",""leak_repump"":""True"",""leakage"":""True"",""loss"":""True"",""m"":30,""n"":360,""p"":0.001,""prllel_1q"":480,""prllel_2q"":120,""r"":20,""repump_cycles"":3,""seq_meas"":""True"",""seq_ops"":""True"",""swapLRC"":""False""}",
         1,         0,         0,   0.065,bposd,12d0a895c1c7d9606c3d9751922fb0f20325cd9c13cbfcbd27b3196db55e86e0,"{""A"":""x0y9+x1y0+x2y0"",""B"":""x3y0+x0y25+x0y26"",""b"":""X"",""d"":24,""excl_opp_detectors"":""True"",""k"":12,""l"":6,""leak_heralds"":""False"",""leak_repump"":""True"",""leakage"":""True"",""loss"":""True"",""m"":30,""n"":360,""p"":0.001,""prllel_1q"":480,""prllel_2q"":120,""r"":20,""repump_cycles"":3,""seq_meas"":""True"",""seq_ops"":""True"",""swapLRC"":""False""}",
         1,         0,         0,   0.141,bposd,3c4eb901d8ffce3fe8833edec93e38bf71e098409fe53b1b0b91b28d03a184fc,"{""A"":""x0y3+x10y0+x17y0"",""B"":""x5y0+x0y3+x0y19"",""b"":""X"",""d"":18,""excl_opp_detectors"":""True"",""k"":16,""l"":9,""leak_heralds"":""False"",""leak_repump"":""True"",""leakage"":""True"",""loss"":""True"",""m"":21,""n"":378,""p"":0.001,""prllel_1q"":336,""prllel_2q"":84,""r"":20,""repump_cycles"":3,""seq_meas"":""True"",""seq_ops"":""True"",""swapLRC"":""False""}",
         1,         0,         0,   0.067,bposd,3c4eb901d8ffce3fe8833edec93e38bf71e098409fe53b1b0b91b28d03a184fc,"{""A"":""x0y3+x10y0+x17y0"",""B"":""x5y0+x0y3+x0y19"",""b"":""X"",""d"":18,""excl_opp_detectors"":""True"",""k"":16,""l"":9,""leak_heralds"":""False"",""leak_repump"":""True"",""leakage"":""True"",""loss"":""True"",""m"":21,""n"":378,""p"":0.001,""prllel_1q"":336,""prllel_2q"":84,""r"":20,""repump_cycles"":3,""seq_meas"":""True"",""seq_ops"":""True"",""swapLRC"":""False""}",
         4,         0,         0,   0.503,bposd,12d0a895c1c7d9606c3d9751922fb0f20325cd9c13cbfcbd27b3196db55e86e0,"{""A"":""x0y9+x1y0+x2y0"",""B"":""x3y0+x0y25+x0y26"",""b"":""X"",""d"":24,""excl_opp_detectors"":""True"",""k"":12,""l"":6,""leak_heralds"":""False"",""leak_repump"":""True"",""leakage"":""True"",""loss"":""True"",""m"":30,""n"":360,""p"":0.001,""prllel_1q"":480,""prllel_2q"":120,""r"":20,""repump_cycles"":3,""seq_meas"":""True"",""seq_ops"":""True"",""swapLRC"":""False""}",
         1,         0,         0,   0.223,bposd,12d0a895c1c7d9606c3d9751922fb0f20325cd9c13cbfcbd27b3196db55e86e0,"{""A"":""x0y9+x1y0+x2y0"",""B"":""x3y0+x0y25+x0y26"",""b"":""X"",""d"":24,""excl_opp_detectors"":""True"",""k"":12,""l"":6,""leak_heralds"":""False"",""leak_repump"":""True"",""leakage"":""True"",""loss"":""True"",""m"":30,""n"":360,""p"":0.001,""prllel_1q"":480,""prllel_2q"":120,""r"":20,""repump_cycles"":3,""seq_meas"":""True"",""seq_ops"":""True"",""swapLRC"":""False""}",
         8,         0,         0,   0.279,bposd,12d0a895c1c7d9606c3d9751922fb0f20325cd9c13cbfcbd27b3196db55e86e0,"{""A"":""x0y9+x1y0+x2y0"",""B"":""x3y0+x0y25+x0y26"",""b"":""X"",""d"":24,""excl_opp_detectors"":""True"",""k"":12,""l"":6,""leak_heralds"":""False"",""leak_repump"":""True"",""leakage"":""True"",""loss"":""True"",""m"":30,""n"":360,""p"":0.001,""prllel_1q"":480,""prllel_2q"":120,""r"":20,""repump_cycles"":3,""seq_meas"":""True"",""seq_ops"":""True"",""swapLRC"":""False""}",
         1,         0,         0,   0.066,bposd,12d0a895c1c7d9606c3d9751922fb0f20325cd9c13cbfcbd27b3196db55e86e0,"{""A"":""x0y9+x1y0+x2y0"",""B"":""x3y0+x0y25+x0y26"",""b"":""X"",""d"":24,""excl_opp_detectors"":""True"",""k"":12,""l"":6,""leak_heralds"":""False"",""leak_repump"":""True"",""leakage"":""True"",""loss"":""True"",""m"":30,""n"":360,""p"":0.001,""prllel_1q"":480,""prllel_2q"":120,""r"":20,""repump_cycles"":3,""seq_meas"":""True"",""seq_ops"":""True"",""swapLRC"":""False""}",
        16,         0,         0,   0.325,bposd,12d0a895c1c7d9606c3d9751922fb0f20325cd9c13cbfcbd27b3196db55e86e0,"{""A"":""x0y9+x1y0+x2y0"",""B"":""x3y0+x0y25+x0y26"",""b"":""X"",""d"":24,""excl_opp_detectors"":""True"",""k"":12,""l"":6,""leak_heralds"":""False"",""leak_repump"":""True"",""leakage"":""True"",""loss"":""True"",""m"":30,""n"":360,""p"":0.001,""prllel_1q"":480,""prllel_2q"":120,""r"":20,""repump_cycles"":3,""seq_meas"":""True"",""seq_ops"":""True"",""swapLRC"":""False""}",
        16,         0,         0,   0.298,bposd,12d0a895c1c7d9606c3d9751922fb0f20325cd9c13cbfcbd27b3196db55e86e0,"{""A"":""x0y9+x1y0+x2y0"",""B"":""x3y0+x0y25+x0y26"",""b"":""X"",""d"":24,""excl_opp_detectors"":""True"",""k"":12,""l"":6,""leak_heralds"":""False"",""leak_repump"":""True"",""leakage"":""True"",""loss"":""True"",""m"":30,""n"":360,""p"":0.001,""prllel_1q"":480,""prllel_2q"":120,""r"":20,""repump_cycles"":3,""seq_meas"":""True"",""seq_ops"":""True"",""swapLRC"":""False""}",
         1,         0,         0,   0.061,bposd,12d0a895c1c7d9606c3d9751922fb0f20325cd9c13cbfcbd27b3196db55e86e0,"{""A"":""x0y9+x1y0+x2y0"",""B"":""x3y0+x0y25+x0y26"",""b"":""X"",""d"":24,""excl_opp_detectors"":""True"",""k"":12,""l"":6,""leak_heralds"":""False"",""leak_repump"":""True"",""leakage"":""True"",""loss"":""True"",""m"":30,""n"":360,""p"":0.001,""prllel_1q"":480,""prllel_2q"":120,""r"":20,""repump_cycles"":3,""seq_meas"":""True"",""seq_ops"":""True"",""swapLRC"":""False""}",
        16,         0,         0,   0.381,bposd,12d0a895c1c7d9606c3d9751922fb0f20325cd9c13cbfcbd27b3196db55e86e0,"{""A"":""x0y9+x1y0+x2y0"",""B"":""x3y0+x0y25+x0y26"",""b"":""X"",""d"":24,""excl_opp_detectors"":""True"",""k"":12,""l"":6,""leak_heralds"":""False"",""leak_repump"":""True"",""leakage"":""True"",""loss"":""True"",""m"":30,""n"":360,""p"":0.001,""prllel_1q"":480,""prllel_2q"":120,""r"":20,""repump_cycles"":3,""seq_meas"":""True"",""seq_ops"":""True"",""swapLRC"":""False""}",
         1,         0,         0,   0.064,bposd,12d0a895c1c7d9606c3d9751922fb0f20325cd9c13cbfcbd27b3196db55e86e0,"{""A"":""x0y9+x1y0+x2y0"",""B"":""x3y0+x0y25+x0y26"",""b"":""X"",""d"":24,""excl_opp_detectors"":""True"",""k"":12,""l"":6,""leak_heralds"":""False"",""leak_repump"":""True"",""leakage"":""True"",""loss"":""True"",""m"":30,""n"":360,""p"":0.001,""prllel_1q"":480,""prllel_2q"":120,""r"":20,""repump_cycles"":3,""seq_meas"":""True"",""seq_ops"":""True"",""swapLRC"":""False""}",
        16,         0,         0,   0.365,bposd,12d0a895c1c7d9606c3d9751922fb0f20325cd9c13cbfcbd27b3196db55e86e0,"{""A"":""x0y9+x1y0+x2y0"",""B"":""x3y0+x0y25+x0y26"",""b"":""X"",""d"":24,""excl_opp_detectors"":""True"",""k"":12,""l"":6,""leak_heralds"":""False"",""leak_repump"":""True"",""leakage"":""True"",""loss"":""True"",""m"":30,""n"":360,""p"":0.001,""prllel_1q"":480,""prllel_2q"":120,""r"":20,""repump_cycles"":3,""seq_meas"":""True"",""seq_ops"":""True"",""swapLRC"":""False""}",
         1,         0,         0,   0.061,bposd,3c4eb901d8ffce3fe8833edec93e38bf71e098409fe53b1b0b91b28d03a184fc,"{""A"":""x0y3+x10y0+x17y0"",""B"":""x5y0+x0y3+x0y19"",""b"":""X"",""d"":18,""excl_opp_detectors"":""True"",""k"":16,""l"":9,""leak_heralds"":""False"",""leak_repump"":""True"",""leakage"":""True"",""loss"":""True"",""m"":21,""n"":378,""p"":0.001,""prllel_1q"":336,""prllel_2q"":84,""r"":20,""repump_cycles"":3,""seq_meas"":""True"",""seq_ops"":""True"",""swapLRC"":""False""}",
         8,         0,         0,   0.241,bposd,12d0a895c1c7d9606c3d9751922fb0f20325cd9c13cbfcbd27b3196db55e86e0,"{""A"":""x0y9+x1y0+x2y0"",""B"":""x3y0+x0y25+x0y26"",""b"":""X"",""d"":24,""excl_opp_detectors"":""True"",""k"":12,""l"":6,""leak_heralds"":""False"",""leak_repump"":""True"",""leakage"":""True"",""loss"":""True"",""m"":30,""n"":360,""p"":0.001,""prllel_1q"":480,""prllel_2q"":120,""r"":20,""repump_cycles"":3,""seq_meas"":""True"",""seq_ops"":""True"",""swapLRC"":""False""}",
         2,         0,         0,   0.074,bposd,12d0a895c1c7d9606c3d9751922fb0f20325cd9c13cbfcbd27b3196db55e86e0,"{""A"":""x0y9+x1y0+x2y0"",""B"":""x3y0+x0y25+x0y26"",""b"":""X"",""d"":24,""excl_opp_detectors"":""True"",""k"":12,""l"":6,""leak_heralds"":""False"",""leak_repump"":""True"",""leakage"":""True"",""loss"":""True"",""m"":30,""n"":360,""p"":0.001,""prllel_1q"":480,""prllel_2q"":120,""r"":20,""repump_cycles"":3,""seq_meas"":""True"",""seq_ops"":""True"",""swapLRC"":""False""}",
         8,         0,         0,   0.173,bposd,3c4eb901d8ffce3fe8833edec93e38bf71e098409fe53b1b0b91b28d03a184fc,"{""A"":""x0y3+x10y0+x17y0"",""B"":""x5y0+x0y3+x0y19"",""b"":""X"",""d"":18,""excl_opp_detectors"":""True"",""k"":16,""l"":9,""leak_heralds"":""False"",""leak_repump"":""True"",""leakage"":""True"",""loss"":""True"",""m"":21,""n"":378,""p"":0.001,""prllel_1q"":336,""prllel_2q"":84,""r"":20,""repump_cycles"":3,""seq_meas"":""True"",""seq_ops"":""True"",""swapLRC"":""False""}",
         4,         0,         0,   0.122,bposd,12d0a895c1c7d9606c3d9751922fb0f20325cd9c13cbfcbd27b3196db55e86e0,"{""A"":""x0y9+x1y0+x2y0"",""B"":""x3y0+x0y25+x0y26"",""b"":""X"",""d"":24,""excl_opp_detectors"":""True"",""k"":12,""l"":6,""leak_heralds"":""False"",""leak_repump"":""True"",""leakage"":""True"",""loss"":""True"",""m"":30,""n"":360,""p"":0.001,""prllel_1q"":480,""prllel_2q"":120,""r"":20,""repump_cycles"":3,""seq_meas"":""True"",""seq_ops"":""True"",""swapLRC"":""False""}",
         4,         0,         0,   0.127,bposd,3c4eb901d8ffce3fe8833edec93e38bf71e098409fe53b1b0b91b28d03a184fc,"{""A"":""x0y3+x10y0+x17y0"",""B"":""x5y0+x0y3+x0y19"",""b"":""X"",""d"":18,""excl_opp_detectors"":""True"",""k"":16,""l"":9,""leak_heralds"":""False"",""leak_repump"":""True"",""leakage"":""True"",""loss"":""True"",""m"":21,""n"":378,""p"":0.001,""prllel_1q"":336,""prllel_2q"":84,""r"":20,""repump_cycles"":3,""seq_meas"":""True"",""seq_ops"":""True"",""swapLRC"":""False""}",
         1,         0,         0,   0.064,bposd,3c4eb901d8ffce3fe8833edec93e38bf71e098409fe53b1b0b91b28d03a184fc,"{""A"":""x0y3+x10y0+x17y0"",""B"":""x5y0+x0y3+x0y19"",""b"":""X"",""d"":18,""excl_opp_detectors"":""True"",""k"":16,""l"":9,""leak_heralds"":""False"",""leak_repump"":""True"",""leakage"":""True"",""loss"":""True"",""m"":21,""n"":378,""p"":0.001,""prllel_1q"":336,""prllel_2q"":84,""r"":20,""repump_cycles"":3,""seq_meas"":""True"",""seq_ops"":""True"",""swapLRC"":""False""}",
        16,         0,         0,   0.281,bposd,12d0a895c1c7d9606c3d9751922fb0f20325cd9c13cbfcbd27b3196db55e86e0,"{""A"":""x0y9+x1y0+x2y0"",""B"":""x3y0+x0y25+x0y26"",""b"":""X"",""d"":24,""excl_opp_detectors"":""True"",""k"":12,""l"":6,""leak_heralds"":""False"",""leak_repump"":""True"",""leakage"":""True"",""loss"":""True"",""m"":30,""n"":360,""p"":0.001,""prllel_1q"":480,""prllel_2q"":120,""r"":20,""repump_cycles"":3,""seq_meas"":""True"",""seq_ops"":""True"",""swapLRC"":""False""}",
         8,         0,         0,   0.141,bposd,12d0a895c1c7d9606c3d9751922fb0f20325cd9c13cbfcbd27b3196db55e86e0,"{""A"":""x0y9+x1y0+x2y0"",""B"":""x3y0+x0y25+x0y26"",""b"":""X"",""d"":24,""excl_opp_detectors"":""True"",""k"":12,""l"":6,""leak_heralds"":""False"",""leak_repump"":""True"",""leakage"":""True"",""loss"":""True"",""m"":30,""n"":360,""p"":0.001,""prllel_1q"":480,""prllel_2q"":120,""r"":20,""repump_cycles"":3,""seq_meas"":""True"",""seq_ops"":""True"",""swapLRC"":""False""}",
         1,         0,         0,   0.062,bposd,3c4eb901d8ffce3fe8833edec93e38bf71e098409fe53b1b0b91b28d03a184fc,"{""A"":""x0y3+x10y0+x17y0"",""B"":""x5y0+x0y3+x0y19"",""b"":""X"",""d"":18,""excl_opp_detectors"":""True"",""k"":16,""l"":9,""leak_heralds"":""False"",""leak_repump"":""True"",""leakage"":""True"",""loss"":""True"",""m"":21,""n"":378,""p"":0.001,""prllel_1q"":336,""prllel_2q"":84,""r"":20,""repump_cycles"":3,""seq_meas"":""True"",""seq_ops"":""True"",""swapLRC"":""False""}",
         8,         0,         0,   0.188,bposd,12d0a895c1c7d9606c3d9751922fb0f20325cd9c13cbfcbd27b3196db55e86e0,"{""A"":""x0y9+x1y0+x2y0"",""B"":""x3y0+x0y25+x0y26"",""b"":""X"",""d"":24,""excl_opp_detectors"":""True"",""k"":12,""l"":6,""leak_heralds"":""False"",""leak_repump"":""True"",""leakage"":""True"",""loss"":""True"",""m"":30,""n"":360,""p"":0.001,""prllel_1q"":480,""prllel_2q"":120,""r"":20,""repump_cycles"":3,""seq_meas"":""True"",""seq_ops"":""True"",""swapLRC"":""False""}",
         1,         0,         0,   0.084,bposd,12d0a895c1c7d9606c3d9751922fb0f20325cd9c13cbfcbd27b3196db55e86e0,"{""A"":""x0y9+x1y0+x2y0"",""B"":""x3y0+x0y25+x0y26"",""b"":""X"",""d"":24,""excl_opp_detectors"":""True"",""k"":12,""l"":6,""leak_heralds"":""False"",""leak_repump"":""True"",""leakage"":""True"",""loss"":""True"",""m"":30,""n"":360,""p"":0.001,""prllel_1q"":480,""prllel_2q"":120,""r"":20,""repump_cycles"":3,""seq_meas"":""True"",""seq_ops"":""True"",""swapLRC"":""False""}",
         7,         0,         0,   0.143,bposd,12d0a895c1c7d9606c3d9751922fb0f20325cd9c13cbfcbd27b3196db55e86e0,"{""A"":""x0y9+x1y0+x2y0"",""B"":""x3y0+x0y25+x0y26"",""b"":""X"",""d"":24,""excl_opp_detectors"":""True"",""k"":12,""l"":6,""leak_heralds"":""False"",""leak_repump"":""True"",""leakage"":""True"",""loss"":""True"",""m"":30,""n"":360,""p"":0.001,""prllel_1q"":480,""prllel_2q"":120,""r"":20,""repump_cycles"":3,""seq_meas"":""True"",""seq_ops"":""True"",""swapLRC"":""False""}",
         8,         0,         0,   0.171,bposd,3c4eb901d8ffce3fe8833edec93e38bf71e098409fe53b1b0b91b28d03a184fc,"{""A"":""x0y3+x10y0+x17y0"",""B"":""x5y0+x0y3+x0y19"",""b"":""X"",""d"":18,""excl_opp_detectors"":""True"",""k"":16,""l"":9,""leak_heralds"":""False"",""leak_repump"":""True"",""leakage"":""True"",""loss"":""True"",""m"":21,""n"":378,""p"":0.001,""prllel_1q"":336,""prllel_2q"":84,""r"":20,""repump_cycles"":3,""seq_meas"":""True"",""seq_ops"":""True"",""swapLRC"":""False""}",
         7,         0,         0,   0.143,bposd,12d0a895c1c7d9606c3d9751922fb0f20325cd9c13cbfcbd27b3196db55e86e0,"{""A"":""x0y9+x1y0+x2y0"",""B"":""x3y0+x0y25+x0y26"",""b"":""X"",""d"":24,""excl_opp_detectors"":""True"",""k"":12,""l"":6,""leak_heralds"":""False"",""leak_repump"":""True"",""leakage"":""True"",""loss"":""True"",""m"":30,""n"":360,""p"":0.001,""prllel_1q"":480,""prllel_2q"":120,""r"":20,""repump_cycles"":3,""seq_meas"":""True"",""seq_ops"":""True"",""swapLRC"":""False""}",
        16,         0,         0,   0.408,bposd,3c4eb901d8ffce3fe8833edec93e38bf71e098409fe53b1b0b91b28d03a184fc,"{""A"":""x0y3+x10y0+x17y0"",""B"":""x5y0+x0y3+x0y19"",""b"":""X"",""d"":18,""excl_opp_detectors"":""True"",""k"":16,""l"":9,""leak_heralds"":""False"",""leak_repump"":""True"",""leakage"":""True"",""loss"":""True"",""m"":21,""n"":378,""p"":0.001,""prllel_1q"":336,""prllel_2q"":84,""r"":20,""repump_cycles"":3,""seq_meas"":""True"",""seq_ops"":""True"",""swapLRC"":""False""}",
         1,         0,         0,   0.064,bposd,3c4eb901d8ffce3fe8833edec93e38bf71e098409fe53b1b0b91b28d03a184fc,"{""A"":""x0y3+x10y0+x17y0"",""B"":""x5y0+x0y3+x0y19"",""b"":""X"",""d"":18,""excl_opp_detectors"":""True"",""k"":16,""l"":9,""leak_heralds"":""False"",""leak_repump"":""True"",""leakage"":""True"",""loss"":""True"",""m"":21,""n"":378,""p"":0.001,""prllel_1q"":336,""prllel_2q"":84,""r"":20,""repump_cycles"":3,""seq_meas"":""True"",""seq_ops"":""True"",""swapLRC"":""False""}",
         8,         0,         0,   0.194,bposd,12d0a895c1c7d9606c3d9751922fb0f20325cd9c13cbfcbd27b3196db55e86e0,"{""A"":""x0y9+x1y0+x2y0"",""B"":""x3y0+x0y25+x0y26"",""b"":""X"",""d"":24,""excl_opp_detectors"":""True"",""k"":12,""l"":6,""leak_heralds"":""False"",""leak_repump"":""True"",""leakage"":""True"",""loss"":""True"",""m"":30,""n"":360,""p"":0.001,""prllel_1q"":480,""prllel_2q"":120,""r"":20,""repump_cycles"":3,""seq_meas"":""True"",""seq_ops"":""True"",""swapLRC"":""False""}",
        16,         0,         0,   0.447,bposd,3c4eb901d8ffce3fe8833edec93e38bf71e098409fe53b1b0b91b28d03a184fc,"{""A"":""x0y3+x10y0+x17y0"",""B"":""x5y0+x0y3+x0y19"",""b"":""X"",""d"":18,""excl_opp_detectors"":""True"",""k"":16,""l"":9,""leak_heralds"":""False"",""leak_repump"":""True"",""leakage"":""True"",""loss"":""True"",""m"":21,""n"":378,""p"":0.001,""prllel_1q"":336,""prllel_2q"":84,""r"":20,""repump_cycles"":3,""seq_meas"":""True"",""seq_ops"":""True"",""swapLRC"":""False""}",
         1,         0,         0,   0.091,bposd,12d0a895c1c7d9606c3d9751922fb0f20325cd9c13cbfcbd27b3196db55e86e0,"{""A"":""x0y9+x1y0+x2y0"",""B"":""x3y0+x0y25+x0y26"",""b"":""X"",""d"":24,""excl_opp_detectors"":""True"",""k"":12,""l"":6,""leak_heralds"":""False"",""leak_repump"":""True"",""leakage"":""True"",""loss"":""True"",""m"":30,""n"":360,""p"":0.001,""prllel_1q"":480,""prllel_2q"":120,""r"":20,""repump_cycles"":3,""seq_meas"":""True"",""seq_ops"":""True"",""swapLRC"":""False""}",
         7,         0,         0,   0.179,bposd,12d0a895c1c7d9606c3d9751922fb0f20325cd9c13cbfcbd27b3196db55e86e0,"{""A"":""x0y9+x1y0+x2y0"",""B"":""x3y0+x0y25+x0y26"",""b"":""X"",""d"":24,""excl_opp_detectors"":""True"",""k"":12,""l"":6,""leak_heralds"":""False"",""leak_repump"":""True"",""leakage"":""True"",""loss"":""True"",""m"":30,""n"":360,""p"":0.001,""prllel_1q"":480,""prllel_2q"":120,""r"":20,""repump_cycles"":3,""seq_meas"":""True"",""seq_ops"":""True"",""swapLRC"":""False""}",
         8,         0,         0,   0.179,bposd,12d0a895c1c7d9606c3d9751922fb0f20325cd9c13cbfcbd27b3196db55e86e0,"{""A"":""x0y9+x1y0+x2y0"",""B"":""x3y0+x0y25+x0y26"",""b"":""X"",""d"":24,""excl_opp_detectors"":""True"",""k"":12,""l"":6,""leak_heralds"":""False"",""leak_repump"":""True"",""leakage"":""True"",""loss"":""True"",""m"":30,""n"":360,""p"":0.001,""prllel_1q"":480,""prllel_2q"":120,""r"":20,""repump_cycles"":3,""seq_meas"":""True"",""seq_ops"":""True"",""swapLRC"":""False""}",
        23,         0,         0,   0.515,bposd,12d0a895c1c7d9606c3d9751922fb0f20325cd9c13cbfcbd27b3196db55e86e0,"{""A"":""x0y9+x1y0+x2y0"",""B"":""x3y0+x0y25+x0y26"",""b"":""X"",""d"":24,""excl_opp_detectors"":""True"",""k"":12,""l"":6,""leak_heralds"":""False"",""leak_repump"":""True"",""leakage"":""True"",""loss"":""True"",""m"":30,""n"":360,""p"":0.001,""prllel_1q"":480,""prllel_2q"":120,""r"":20,""repump_cycles"":3,""seq_meas"":""True"",""seq_ops"":""True"",""swapLRC"":""False""}",
         8,         0,         0,   0.192,bposd,12d0a895c1c7d9606c3d9751922fb0f20325cd9c13cbfcbd27b3196db55e86e0,"{""A"":""x0y9+x1y0+x2y0"",""B"":""x3y0+x0y25+x0y26"",""b"":""X"",""d"":24,""excl_opp_detectors"":""True"",""k"":12,""l"":6,""leak_heralds"":""False"",""leak_repump"":""True"",""leakage"":""True"",""loss"":""True"",""m"":30,""n"":360,""p"":0.001,""prllel_1q"":480,""prllel_2q"":120,""r"":20,""repump_cycles"":3,""seq_meas"":""True"",""seq_ops"":""True"",""swapLRC"":""False""}",
         1,         0,         0,   0.063,bposd,3c4eb901d8ffce3fe8833edec93e38bf71e098409fe53b1b0b91b28d03a184fc,"{""A"":""x0y3+x10y0+x17y0"",""B"":""x5y0+x0y3+x0y19"",""b"":""X"",""d"":18,""excl_opp_detectors"":""True"",""k"":16,""l"":9,""leak_heralds"":""False"",""leak_repump"":""True"",""leakage"":""True"",""loss"":""True"",""m"":21,""n"":378,""p"":0.001,""prllel_1q"":336,""prllel_2q"":84,""r"":20,""repump_cycles"":3,""seq_meas"":""True"",""seq_ops"":""True"",""swapLRC"":""False""}",
         7,         0,         0,   0.207,bposd,12d0a895c1c7d9606c3d9751922fb0f20325cd9c13cbfcbd27b3196db55e86e0,"{""A"":""x0y9+x1y0+x2y0"",""B"":""x3y0+x0y25+x0y26"",""b"":""X"",""d"":24,""excl_opp_detectors"":""True"",""k"":12,""l"":6,""leak_heralds"":""False"",""leak_repump"":""True"",""leakage"":""True"",""loss"":""True"",""m"":30,""n"":360,""p"":0.001,""prllel_1q"":480,""prllel_2q"":120,""r"":20,""repump_cycles"":3,""seq_meas"":""True"",""seq_ops"":""True"",""swapLRC"":""False""}",
        16,         0,         0,   0.412,bposd,3c4eb901d8ffce3fe8833edec93e38bf71e098409fe53b1b0b91b28d03a184fc,"{""A"":""x0y3+x10y0+x17y0"",""B"":""x5y0+x0y3+x0y19"",""b"":""X"",""d"":18,""excl_opp_detectors"":""True"",""k"":16,""l"":9,""leak_heralds"":""False"",""leak_repump"":""True"",""leakage"":""True"",""loss"":""True"",""m"":21,""n"":378,""p"":0.001,""prllel_1q"":336,""prllel_2q"":84,""r"":20,""repump_cycles"":3,""seq_meas"":""True"",""seq_ops"":""True"",""swapLRC"":""False""}",
        15,         0,         0,   0.276,bposd,12d0a895c1c7d9606c3d9751922fb0f20325cd9c13cbfcbd27b3196db55e86e0,"{""A"":""x0y9+x1y0+x2y0"",""B"":""x3y0+x0y25+x0y26"",""b"":""X"",""d"":24,""excl_opp_detectors"":""True"",""k"":12,""l"":6,""leak_heralds"":""False"",""leak_repump"":""True"",""leakage"":""True"",""loss"":""True"",""m"":30,""n"":360,""p"":0.001,""prllel_1q"":480,""prllel_2q"":120,""r"":20,""repump_cycles"":3,""seq_meas"":""True"",""seq_ops"":""True"",""swapLRC"":""False""}",
        23,         0,         0,   0.667,bposd,12d0a895c1c7d9606c3d9751922fb0f20325cd9c13cbfcbd27b3196db55e86e0,"{""A"":""x0y9+x1y0+x2y0"",""B"":""x3y0+x0y25+x0y26"",""b"":""X"",""d"":24,""excl_opp_detectors"":""True"",""k"":12,""l"":6,""leak_heralds"":""False"",""leak_repump"":""True"",""leakage"":""True"",""loss"":""True"",""m"":30,""n"":360,""p"":0.001,""prllel_1q"":480,""prllel_2q"":120,""r"":20,""repump_cycles"":3,""seq_meas"":""True"",""seq_ops"":""True"",""swapLRC"":""False""}",
        16,         0,         0,   0.451,bposd,3c4eb901d8ffce3fe8833edec93e38bf71e098409fe53b1b0b91b28d03a184fc,"{""A"":""x0y3+x10y0+x17y0"",""B"":""x5y0+x0y3+x0y19"",""b"":""X"",""d"":18,""excl_opp_detectors"":""True"",""k"":16,""l"":9,""leak_heralds"":""False"",""leak_repump"":""True"",""leakage"":""True"",""loss"":""True"",""m"":21,""n"":378,""p"":0.001,""prllel_1q"":336,""prllel_2q"":84,""r"":20,""repump_cycles"":3,""seq_meas"":""True"",""seq_ops"":""True"",""swapLRC"":""False""}",
        16,         0,         0,   0.317,bposd,3c4eb901d8ffce3fe8833edec93e38bf71e098409fe53b1b0b91b28d03a184fc,"{""A"":""x0y3+x10y0+x17y0"",""B"":""x5y0+x0y3+x0y19"",""b"":""X"",""d"":18,""excl_opp_detectors"":""True"",""k"":16,""l"":9,""leak_heralds"":""False"",""leak_repump"":""True"",""leakage"":""True"",""loss"":""True"",""m"":21,""n"":378,""p"":0.001,""prllel_1q"":336,""prllel_2q"":84,""r"":20,""repump_cycles"":3,""seq_meas"":""True"",""seq_ops"":""True"",""swapLRC"":""False""}",
         8,         0,         0,   0.152,bposd,3c4eb901d8ffce3fe8833edec93e38bf71e098409fe53b1b0b91b28d03a184fc,"{""A"":""x0y3+x10y0+x17y0"",""B"":""x5y0+x0y3+x0y19"",""b"":""X"",""d"":18,""excl_opp_detectors"":""True"",""k"":16,""l"":9,""leak_heralds"":""False"",""leak_repump"":""True"",""leakage"":""True"",""loss"":""True"",""m"":21,""n"":378,""p"":0.001,""prllel_1q"":336,""prllel_2q"":84,""r"":20,""repump_cycles"":3,""seq_meas"":""True"",""seq_ops"":""True"",""swapLRC"":""False""}",
         8,         0,         0,   0.241,bposd,3c4eb901d8ffce3fe8833edec93e38bf71e098409fe53b1b0b91b28d03a184fc,"{""A"":""x0y3+x10y0+x17y0"",""B"":""x5y0+x0y3+x0y19"",""b"":""X"",""d"":18,""excl_opp_detectors"":""True"",""k"":16,""l"":9,""leak_heralds"":""False"",""leak_repump"":""True"",""leakage"":""True"",""loss"":""True"",""m"":21,""n"":378,""p"":0.001,""prllel_1q"":336,""prllel_2q"":84,""r"":20,""repump_cycles"":3,""seq_meas"":""True"",""seq_ops"":""True"",""swapLRC"":""False""}",
         4,         0,         0,   0.138,bposd,12d0a895c1c7d9606c3d9751922fb0f20325cd9c13cbfcbd27b3196db55e86e0,"{""A"":""x0y9+x1y0+x2y0"",""B"":""x3y0+x0y25+x0y26"",""b"":""X"",""d"":24,""excl_opp_detectors"":""True"",""k"":12,""l"":6,""leak_heralds"":""False"",""leak_repump"":""True"",""leakage"":""True"",""loss"":""True"",""m"":30,""n"":360,""p"":0.001,""prllel_1q"":480,""prllel_2q"":120,""r"":20,""repump_cycles"":3,""seq_meas"":""True"",""seq_ops"":""True"",""swapLRC"":""False""}",
        16,         0,         0,   0.246,bposd,12d0a895c1c7d9606c3d9751922fb0f20325cd9c13cbfcbd27b3196db55e86e0,"{""A"":""x0y9+x1y0+x2y0"",""B"":""x3y0+x0y25+x0y26"",""b"":""X"",""d"":24,""excl_opp_detectors"":""True"",""k"":12,""l"":6,""leak_heralds"":""False"",""leak_repump"":""True"",""leakage"":""True"",""loss"":""True"",""m"":30,""n"":360,""p"":0.001,""prllel_1q"":480,""prllel_2q"":120,""r"":20,""repump_cycles"":3,""seq_meas"":""True"",""seq_ops"":""True"",""swapLRC"":""False""}",
        16,         0,         0,   0.535,bposd,3c4eb901d8ffce3fe8833edec93e38bf71e098409fe53b1b0b91b28d03a184fc,"{""A"":""x0y3+x10y0+x17y0"",""B"":""x5y0+x0y3+x0y19"",""b"":""X"",""d"":18,""excl_opp_detectors"":""True"",""k"":16,""l"":9,""leak_heralds"":""False"",""leak_repump"":""True"",""leakage"":""True"",""loss"":""True"",""m"":21,""n"":378,""p"":0.001,""prllel_1q"":336,""prllel_2q"":84,""r"":20,""repump_cycles"":3,""seq_meas"":""True"",""seq_ops"":""True"",""swapLRC"":""False""}",
         4,         0,         0,   0.120,bposd,12d0a895c1c7d9606c3d9751922fb0f20325cd9c13cbfcbd27b3196db55e86e0,"{""A"":""x0y9+x1y0+x2y0"",""B"":""x3y0+x0y25+x0y26"",""b"":""X"",""d"":24,""excl_opp_detectors"":""True"",""k"":12,""l"":6,""leak_heralds"":""False"",""leak_repump"":""True"",""leakage"":""True"",""loss"":""True"",""m"":30,""n"":360,""p"":0.001,""prllel_1q"":480,""prllel_2q"":120,""r"":20,""repump_cycles"":3,""seq_meas"":""True"",""seq_ops"":""True"",""swapLRC"":""False""}",
         8,         0,         0,   0.147,bposd,3c4eb901d8ffce3fe8833edec93e38bf71e098409fe53b1b0b91b28d03a184fc,"{""A"":""x0y3+x10y0+x17y0"",""B"":""x5y0+x0y3+x0y19"",""b"":""X"",""d"":18,""excl_opp_detectors"":""True"",""k"":16,""l"":9,""leak_heralds"":""False"",""leak_repump"":""True"",""leakage"":""True"",""loss"":""True"",""m"":21,""n"":378,""p"":0.001,""prllel_1q"":336,""prllel_2q"":84,""r"":20,""repump_cycles"":3,""seq_meas"":""True"",""seq_ops"":""True"",""swapLRC"":""False""}",
        11,         0,         0,   0.385,bposd,12d0a895c1c7d9606c3d9751922fb0f20325cd9c13cbfcbd27b3196db55e86e0,"{""A"":""x0y9+x1y0+x2y0"",""B"":""x3y0+x0y25+x0y26"",""b"":""X"",""d"":24,""excl_opp_detectors"":""True"",""k"":12,""l"":6,""leak_heralds"":""False"",""leak_repump"":""True"",""leakage"":""True"",""loss"":""True"",""m"":30,""n"":360,""p"":0.001,""prllel_1q"":480,""prllel_2q"":120,""r"":20,""repump_cycles"":3,""seq_meas"":""True"",""seq_ops"":""True"",""swapLRC"":""False""}",
         1,         0,         0,   0.067,bposd,12d0a895c1c7d9606c3d9751922fb0f20325cd9c13cbfcbd27b3196db55e86e0,"{""A"":""x0y9+x1y0+x2y0"",""B"":""x3y0+x0y25+x0y26"",""b"":""X"",""d"":24,""excl_opp_detectors"":""True"",""k"":12,""l"":6,""leak_heralds"":""False"",""leak_repump"":""True"",""leakage"":""True"",""loss"":""True"",""m"":30,""n"":360,""p"":0.001,""prllel_1q"":480,""prllel_2q"":120,""r"":20,""repump_cycles"":3,""seq_meas"":""True"",""seq_ops"":""True"",""swapLRC"":""False""}",
         8,         0,         0,   0.233,bposd,3c4eb901d8ffce3fe8833edec93e38bf71e098409fe53b1b0b91b28d03a184fc,"{""A"":""x0y3+x10y0+x17y0"",""B"":""x5y0+x0y3+x0y19"",""b"":""X"",""d"":18,""excl_opp_detectors"":""True"",""k"":16,""l"":9,""leak_heralds"":""False"",""leak_repump"":""True"",""leakage"":""True"",""loss"":""True"",""m"":21,""n"":378,""p"":0.001,""prllel_1q"":336,""prllel_2q"":84,""r"":20,""repump_cycles"":3,""seq_meas"":""True"",""seq_ops"":""True"",""swapLRC"":""False""}",
         1,         0,         0,   0.065,bposd,12d0a895c1c7d9606c3d9751922fb0f20325cd9c13cbfcbd27b3196db55e86e0,"{""A"":""x0y9+x1y0+x2y0"",""B"":""x3y0+x0y25+x0y26"",""b"":""X"",""d"":24,""excl_opp_detectors"":""True"",""k"":12,""l"":6,""leak_heralds"":""False"",""leak_repump"":""True"",""leakage"":""True"",""loss"":""True"",""m"":30,""n"":360,""p"":0.001,""prllel_1q"":480,""prllel_2q"":120,""r"":20,""repump_cycles"":3,""seq_meas"":""True"",""seq_ops"":""True"",""swapLRC"":""False""}",
         7,         0,         0,   0.163,bposd,12d0a895c1c7d9606c3d9751922fb0f20325cd9c13cbfcbd27b3196db55e86e0,"{""A"":""x0y9+x1y0+x2y0"",""B"":""x3y0+x0y25+x0y26"",""b"":""X"",""d"":24,""excl_opp_detectors"":""True"",""k"":12,""l"":6,""leak_heralds"":""False"",""leak_repump"":""True"",""leakage"":""True"",""loss"":""True"",""m"":30,""n"":360,""p"":0.001,""prllel_1q"":480,""prllel_2q"":120,""r"":20,""repump_cycles"":3,""seq_meas"":""True"",""seq_ops"":""True"",""swapLRC"":""False""}",
         7,         0,         0,   0.150,bposd,12d0a895c1c7d9606c3d9751922fb0f20325cd9c13cbfcbd27b3196db55e86e0,"{""A"":""x0y9+x1y0+x2y0"",""B"":""x3y0+x0y25+x0y26"",""b"":""X"",""d"":24,""excl_opp_detectors"":""True"",""k"":12,""l"":6,""leak_heralds"":""False"",""leak_repump"":""True"",""leakage"":""True"",""loss"":""True"",""m"":30,""n"":360,""p"":0.001,""prllel_1q"":480,""prllel_2q"":120,""r"":20,""repump_cycles"":3,""seq_meas"":""True"",""seq_ops"":""True"",""swapLRC"":""False""}",
         7,         0,         0,   0.130,bposd,3c4eb901d8ffce3fe8833edec93e38bf71e098409fe53b1b0b91b28d03a184fc,"{""A"":""x0y3+x10y0+x17y0"",""B"":""x5y0+x0y3+x0y19"",""b"":""X"",""d"":18,""excl_opp_detectors"":""True"",""k"":16,""l"":9,""leak_heralds"":""False"",""leak_repump"":""True"",""leakage"":""True"",""loss"":""True"",""m"":21,""n"":378,""p"":0.001,""prllel_1q"":336,""prllel_2q"":84,""r"":20,""repump_cycles"":3,""seq_meas"":""True"",""seq_ops"":""True"",""swapLRC"":""False""}",
         1,         0,         0,   0.063,bposd,3c4eb901d8ffce3fe8833edec93e38bf71e098409fe53b1b0b91b28d03a184fc,"{""A"":""x0y3+x10y0+x17y0"",""B"":""x5y0+x0y3+x0y19"",""b"":""X"",""d"":18,""excl_opp_detectors"":""True"",""k"":16,""l"":9,""leak_heralds"":""False"",""leak_repump"":""True"",""leakage"":""True"",""loss"":""True"",""m"":21,""n"":378,""p"":0.001,""prllel_1q"":336,""prllel_2q"":84,""r"":20,""repump_cycles"":3,""seq_meas"":""True"",""seq_ops"":""True"",""swapLRC"":""False""}",
         1,         0,         0,   0.150,bposd,12d0a895c1c7d9606c3d9751922fb0f20325cd9c13cbfcbd27b3196db55e86e0,"{""A"":""x0y9+x1y0+x2y0"",""B"":""x3y0+x0y25+x0y26"",""b"":""X"",""d"":24,""excl_opp_detectors"":""True"",""k"":12,""l"":6,""leak_heralds"":""False"",""leak_repump"":""True"",""leakage"":""True"",""loss"":""True"",""m"":30,""n"":360,""p"":0.001,""prllel_1q"":480,""prllel_2q"":120,""r"":20,""repump_cycles"":3,""seq_meas"":""True"",""seq_ops"":""True"",""swapLRC"":""False""}",
         7,         0,         0,   0.196,bposd,3c4eb901d8ffce3fe8833edec93e38bf71e098409fe53b1b0b91b28d03a184fc,"{""A"":""x0y3+x10y0+x17y0"",""B"":""x5y0+x0y3+x0y19"",""b"":""X"",""d"":18,""excl_opp_detectors"":""True"",""k"":16,""l"":9,""leak_heralds"":""False"",""leak_repump"":""True"",""leakage"":""True"",""loss"":""True"",""m"":21,""n"":378,""p"":0.001,""prllel_1q"":336,""prllel_2q"":84,""r"":20,""repump_cycles"":3,""seq_meas"":""True"",""seq_ops"":""True"",""swapLRC"":""False""}",
         7,         0,         0,   0.117,bposd,3c4eb901d8ffce3fe8833edec93e38bf71e098409fe53b1b0b91b28d03a184fc,"{""A"":""x0y3+x10y0+x17y0"",""B"":""x5y0+x0y3+x0y19"",""b"":""X"",""d"":18,""excl_opp_detectors"":""True"",""k"":16,""l"":9,""leak_heralds"":""False"",""leak_repump"":""True"",""leakage"":""True"",""loss"":""True"",""m"":21,""n"":378,""p"":0.001,""prllel_1q"":336,""prllel_2q"":84,""r"":20,""repump_cycles"":3,""seq_meas"":""True"",""seq_ops"":""True"",""swapLRC"":""False""}",
         1,         0,         0,   0.068,bposd,3c4eb901d8ffce3fe8833edec93e38bf71e098409fe53b1b0b91b28d03a184fc,"{""A"":""x0y3+x10y0+x17y0"",""B"":""x5y0+x0y3+x0y19"",""b"":""X"",""d"":18,""excl_opp_detectors"":""True"",""k"":16,""l"":9,""leak_heralds"":""False"",""leak_repump"":""True"",""leakage"":""True"",""loss"":""True"",""m"":21,""n"":378,""p"":0.001,""prllel_1q"":336,""prllel_2q"":84,""r"":20,""repump_cycles"":3,""seq_meas"":""True"",""seq_ops"":""True"",""swapLRC"":""False""}",
         7,         0,         0,   0.192,bposd,3c4eb901d8ffce3fe8833edec93e38bf71e098409fe53b1b0b91b28d03a184fc,"{""A"":""x0y3+x10y0+x17y0"",""B"":""x5y0+x0y3+x0y19"",""b"":""X"",""d"":18,""excl_opp_detectors"":""True"",""k"":16,""l"":9,""leak_heralds"":""False"",""leak_repump"":""True"",""leakage"":""True"",""loss"":""True"",""m"":21,""n"":378,""p"":0.001,""prllel_1q"":336,""prllel_2q"":84,""r"":20,""repump_cycles"":3,""seq_meas"":""True"",""seq_ops"":""True"",""swapLRC"":""False""}",
        16,         0,         0,   0.297,bposd,3c4eb901d8ffce3fe8833edec93e38bf71e098409fe53b1b0b91b28d03a184fc,"{""A"":""x0y3+x10y0+x17y0"",""B"":""x5y0+x0y3+x0y19"",""b"":""X"",""d"":18,""excl_opp_detectors"":""True"",""k"":16,""l"":9,""leak_heralds"":""False"",""leak_repump"":""True"",""leakage"":""True"",""loss"":""True"",""m"":21,""n"":378,""p"":0.001,""prllel_1q"":336,""prllel_2q"":84,""r"":20,""repump_cycles"":3,""seq_meas"":""True"",""seq_ops"":""True"",""swapLRC"":""False""}",
        16,         0,         0,   0.292,bposd,3c4eb901d8ffce3fe8833edec93e38bf71e098409fe53b1b0b91b28d03a184fc,"{""A"":""x0y3+x10y0+x17y0"",""B"":""x5y0+x0y3+x0y19"",""b"":""X"",""d"":18,""excl_opp_detectors"":""True"",""k"":16,""l"":9,""leak_heralds"":""False"",""leak_repump"":""True"",""leakage"":""True"",""loss"":""True"",""m"":21,""n"":378,""p"":0.001,""prllel_1q"":336,""prllel_2q"":84,""r"":20,""repump_cycles"":3,""seq_meas"":""True"",""seq_ops"":""True"",""swapLRC"":""False""}",
        16,         0,         0,   0.503,bposd,3c4eb901d8ffce3fe8833edec93e38bf71e098409fe53b1b0b91b28d03a184fc,"{""A"":""x0y3+x10y0+x17y0"",""B"":""x5y0+x0y3+x0y19"",""b"":""X"",""d"":18,""excl_opp_detectors"":""True"",""k"":16,""l"":9,""leak_heralds"":""False"",""leak_repump"":""True"",""leakage"":""True"",""loss"":""True"",""m"":21,""n"":378,""p"":0.001,""prllel_1q"":336,""prllel_2q"":84,""r"":20,""repump_cycles"":3,""seq_meas"":""True"",""seq_ops"":""True"",""swapLRC"":""False""}",
         8,         0,         0,   0.197,bposd,12d0a895c1c7d9606c3d9751922fb0f20325cd9c13cbfcbd27b3196db55e86e0,"{""A"":""x0y9+x1y0+x2y0"",""B"":""x3y0+x0y25+x0y26"",""b"":""X"",""d"":24,""excl_opp_detectors"":""True"",""k"":12,""l"":6,""leak_heralds"":""False"",""leak_repump"":""True"",""leakage"":""True"",""loss"":""True"",""m"":30,""n"":360,""p"":0.001,""prllel_1q"":480,""prllel_2q"":120,""r"":20,""repump_cycles"":3,""seq_meas"":""True"",""seq_ops"":""True"",""swapLRC"":""False""}",
         8,         0,         0,   0.176,bposd,3c4eb901d8ffce3fe8833edec93e38bf71e098409fe53b1b0b91b28d03a184fc,"{""A"":""x0y3+x10y0+x17y0"",""B"":""x5y0+x0y3+x0y19"",""b"":""X"",""d"":18,""excl_opp_detectors"":""True"",""k"":16,""l"":9,""leak_heralds"":""False"",""leak_repump"":""True"",""leakage"":""True"",""loss"":""True"",""m"":21,""n"":378,""p"":0.001,""prllel_1q"":336,""prllel_2q"":84,""r"":20,""repump_cycles"":3,""seq_meas"":""True"",""seq_ops"":""True"",""swapLRC"":""False""}",
         7,         0,         0,   0.143,bposd,3c4eb901d8ffce3fe8833edec93e38bf71e098409fe53b1b0b91b28d03a184fc,"{""A"":""x0y3+x10y0+x17y0"",""B"":""x5y0+x0y3+x0y19"",""b"":""X"",""d"":18,""excl_opp_detectors"":""True"",""k"":16,""l"":9,""leak_heralds"":""False"",""leak_repump"":""True"",""leakage"":""True"",""loss"":""True"",""m"":21,""n"":378,""p"":0.001,""prllel_1q"":336,""prllel_2q"":84,""r"":20,""repump_cycles"":3,""seq_meas"":""True"",""seq_ops"":""True"",""swapLRC"":""False""}",
        11,         0,         0,   0.296,bposd,12d0a895c1c7d9606c3d9751922fb0f20325cd9c13cbfcbd27b3196db55e86e0,"{""A"":""x0y9+x1y0+x2y0"",""B"":""x3y0+x0y25+x0y26"",""b"":""X"",""d"":24,""excl_opp_detectors"":""True"",""k"":12,""l"":6,""leak_heralds"":""False"",""leak_repump"":""True"",""leakage"":""True"",""loss"":""True"",""m"":30,""n"":360,""p"":0.001,""prllel_1q"":480,""prllel_2q"":120,""r"":20,""repump_cycles"":3,""seq_meas"":""True"",""seq_ops"":""True"",""swapLRC"":""False""}",
         1,         0,         0,   0.063,bposd,12d0a895c1c7d9606c3d9751922fb0f20325cd9c13cbfcbd27b3196db55e86e0,"{""A"":""x0y9+x1y0+x2y0"",""B"":""x3y0+x0y25+x0y26"",""b"":""X"",""d"":24,""excl_opp_detectors"":""True"",""k"":12,""l"":6,""leak_heralds"":""False"",""leak_repump"":""True"",""leakage"":""True"",""loss"":""True"",""m"":30,""n"":360,""p"":0.001,""prllel_1q"":480,""prllel_2q"":120,""r"":20,""repump_cycles"":3,""seq_meas"":""True"",""seq_ops"":""True"",""swapLRC"":""False""}",
         7,         0,         0,   0.224,bposd,12d0a895c1c7d9606c3d9751922fb0f20325cd9c13cbfcbd27b3196db55e86e0,"{""A"":""x0y9+x1y0+x2y0"",""B"":""x3y0+x0y25+x0y26"",""b"":""X"",""d"":24,""excl_opp_detectors"":""True"",""k"":12,""l"":6,""leak_heralds"":""False"",""leak_repump"":""True"",""leakage"":""True"",""loss"":""True"",""m"":30,""n"":360,""p"":0.001,""prllel_1q"":480,""prllel_2q"":120,""r"":20,""repump_cycles"":3,""seq_meas"":""True"",""seq_ops"":""True"",""swapLRC"":""False""}",
         1,         0,         0,   0.068,bposd,12d0a895c1c7d9606c3d9751922fb0f20325cd9c13cbfcbd27b3196db55e86e0,"{""A"":""x0y9+x1y0+x2y0"",""B"":""x3y0+x0y25+x0y26"",""b"":""X"",""d"":24,""excl_opp_detectors"":""True"",""k"":12,""l"":6,""leak_heralds"":""False"",""leak_repump"":""True"",""leakage"":""True"",""loss"":""True"",""m"":30,""n"":360,""p"":0.001,""prllel_1q"":480,""prllel_2q"":120,""r"":20,""repump_cycles"":3,""seq_meas"":""True"",""seq_ops"":""True"",""swapLRC"":""False""}",
         8,         0,         0,   0.135,bposd,12d0a895c1c7d9606c3d9751922fb0f20325cd9c13cbfcbd27b3196db55e86e0,"{""A"":""x0y9+x1y0+x2y0"",""B"":""x3y0+x0y25+x0y26"",""b"":""X"",""d"":24,""excl_opp_detectors"":""True"",""k"":12,""l"":6,""leak_heralds"":""False"",""leak_repump"":""True"",""leakage"":""True"",""loss"":""True"",""m"":30,""n"":360,""p"":0.001,""prllel_1q"":480,""prllel_2q"":120,""r"":20,""repump_cycles"":3,""seq_meas"":""True"",""seq_ops"":""True"",""swapLRC"":""False""}",
         7,         0,         0,   0.130,bposd,12d0a895c1c7d9606c3d9751922fb0f20325cd9c13cbfcbd27b3196db55e86e0,"{""A"":""x0y9+x1y0+x2y0"",""B"":""x3y0+x0y25+x0y26"",""b"":""X"",""d"":24,""excl_opp_detectors"":""True"",""k"":12,""l"":6,""leak_heralds"":""False"",""leak_repump"":""True"",""leakage"":""True"",""loss"":""True"",""m"":30,""n"":360,""p"":0.001,""prllel_1q"":480,""prllel_2q"":120,""r"":20,""repump_cycles"":3,""seq_meas"":""True"",""seq_ops"":""True"",""swapLRC"":""False""}",
        16,         0,         0,   0.449,bposd,12d0a895c1c7d9606c3d9751922fb0f20325cd9c13cbfcbd27b3196db55e86e0,"{""A"":""x0y9+x1y0+x2y0"",""B"":""x3y0+x0y25+x0y26"",""b"":""X"",""d"":24,""excl_opp_detectors"":""True"",""k"":12,""l"":6,""leak_heralds"":""False"",""leak_repump"":""True"",""leakage"":""True"",""loss"":""True"",""m"":30,""n"":360,""p"":0.001,""prllel_1q"":480,""prllel_2q"":120,""r"":20,""repump_cycles"":3,""seq_meas"":""True"",""seq_ops"":""True"",""swapLRC"":""False""}",
        16,         0,         0,   0.336,bposd,12d0a895c1c7d9606c3d9751922fb0f20325cd9c13cbfcbd27b3196db55e86e0,"{""A"":""x0y9+x1y0+x2y0"",""B"":""x3y0+x0y25+x0y26"",""b"":""X"",""d"":24,""excl_opp_detectors"":""True"",""k"":12,""l"":6,""leak_heralds"":""False"",""leak_repump"":""True"",""leakage"":""True"",""loss"":""True"",""m"":30,""n"":360,""p"":0.001,""prllel_1q"":480,""prllel_2q"":120,""r"":20,""repump_cycles"":3,""seq_meas"":""True"",""seq_ops"":""True"",""swapLRC"":""False""}",
        16,         0,         0,   0.864,bposd,3c4eb901d8ffce3fe8833edec93e38bf71e098409fe53b1b0b91b28d03a184fc,"{""A"":""x0y3+x10y0+x17y0"",""B"":""x5y0+x0y3+x0y19"",""b"":""X"",""d"":18,""excl_opp_detectors"":""True"",""k"":16,""l"":9,""leak_heralds"":""False"",""leak_repump"":""True"",""leakage"":""True"",""loss"":""True"",""m"":21,""n"":378,""p"":0.001,""prllel_1q"":336,""prllel_2q"":84,""r"":20,""repump_cycles"":3,""seq_meas"":""True"",""seq_ops"":""True"",""swapLRC"":""False""}",
         8,         0,         0,   0.177,bposd,12d0a895c1c7d9606c3d9751922fb0f20325cd9c13cbfcbd27b3196db55e86e0,"{""A"":""x0y9+x1y0+x2y0"",""B"":""x3y0+x0y25+x0y26"",""b"":""X"",""d"":24,""excl_opp_detectors"":""True"",""k"":12,""l"":6,""leak_heralds"":""False"",""leak_repump"":""True"",""leakage"":""True"",""loss"":""True"",""m"":30,""n"":360,""p"":0.001,""prllel_1q"":480,""prllel_2q"":120,""r"":20,""repump_cycles"":3,""seq_meas"":""True"",""seq_ops"":""True"",""swapLRC"":""False""}",
         1,         0,         0,   0.065,bposd,12d0a895c1c7d9606c3d9751922fb0f20325cd9c13cbfcbd27b3196db55e86e0,"{""A"":""x0y9+x1y0+x2y0"",""B"":""x3y0+x0y25+x0y26"",""b"":""X"",""d"":24,""excl_opp_detectors"":""True"",""k"":12,""l"":6,""leak_heralds"":""False"",""leak_repump"":""True"",""leakage"":""True"",""loss"":""True"",""m"":30,""n"":360,""p"":0.001,""prllel_1q"":480,""prllel_2q"":120,""r"":20,""repump_cycles"":3,""seq_meas"":""True"",""seq_ops"":""True"",""swapLRC"":""False""}",
         1,         0,         0,   0.063,bposd,12d0a895c1c7d9606c3d9751922fb0f20325cd9c13cbfcbd27b3196db55e86e0,"{""A"":""x0y9+x1y0+x2y0"",""B"":""x3y0+x0y25+x0y26"",""b"":""X"",""d"":24,""excl_opp_detectors"":""True"",""k"":12,""l"":6,""leak_heralds"":""False"",""leak_repump"":""True"",""leakage"":""True"",""loss"":""True"",""m"":30,""n"":360,""p"":0.001,""prllel_1q"":480,""prllel_2q"":120,""r"":20,""repump_cycles"":3,""seq_meas"":""True"",""seq_ops"":""True"",""swapLRC"":""False""}",
         2,         0,         0,   0.107,bposd,12d0a895c1c7d9606c3d9751922fb0f20325cd9c13cbfcbd27b3196db55e86e0,"{""A"":""x0y9+x1y0+x2y0"",""B"":""x3y0+x0y25+x0y26"",""b"":""X"",""d"":24,""excl_opp_detectors"":""True"",""k"":12,""l"":6,""leak_heralds"":""False"",""leak_repump"":""True"",""leakage"":""True"",""loss"":""True"",""m"":30,""n"":360,""p"":0.001,""prllel_1q"":480,""prllel_2q"":120,""r"":20,""repump_cycles"":3,""seq_meas"":""True"",""seq_ops"":""True"",""swapLRC"":""False""}",
         1,         0,         0,   0.064,bposd,3c4eb901d8ffce3fe8833edec93e38bf71e098409fe53b1b0b91b28d03a184fc,"{""A"":""x0y3+x10y0+x17y0"",""B"":""x5y0+x0y3+x0y19"",""b"":""X"",""d"":18,""excl_opp_detectors"":""True"",""k"":16,""l"":9,""leak_heralds"":""False"",""leak_repump"":""True"",""leakage"":""True"",""loss"":""True"",""m"":21,""n"":378,""p"":0.001,""prllel_1q"":336,""prllel_2q"":84,""r"":20,""repump_cycles"":3,""seq_meas"":""True"",""seq_ops"":""True"",""swapLRC"":""False""}",
         1,         0,         0,   0.065,bposd,3c4eb901d8ffce3fe8833edec93e38bf71e098409fe53b1b0b91b28d03a184fc,"{""A"":""x0y3+x10y0+x17y0"",""B"":""x5y0+x0y3+x0y19"",""b"":""X"",""d"":18,""excl_opp_detectors"":""True"",""k"":16,""l"":9,""leak_heralds"":""False"",""leak_repump"":""True"",""leakage"":""True"",""loss"":""True"",""m"":21,""n"":378,""p"":0.001,""prllel_1q"":336,""prllel_2q"":84,""r"":20,""repump_cycles"":3,""seq_meas"":""True"",""seq_ops"":""True"",""swapLRC"":""False""}",
         8,         0,         0,   0.130,bposd,3c4eb901d8ffce3fe8833edec93e38bf71e098409fe53b1b0b91b28d03a184fc,"{""A"":""x0y3+x10y0+x17y0"",""B"":""x5y0+x0y3+x0y19"",""b"":""X"",""d"":18,""excl_opp_detectors"":""True"",""k"":16,""l"":9,""leak_heralds"":""False"",""leak_repump"":""True"",""leakage"":""True"",""loss"":""True"",""m"":21,""n"":378,""p"":0.001,""prllel_1q"":336,""prllel_2q"":84,""r"":20,""repump_cycles"":3,""seq_meas"":""True"",""seq_ops"":""True"",""swapLRC"":""False""}",
         8,         0,         0,   0.200,bposd,12d0a895c1c7d9606c3d9751922fb0f20325cd9c13cbfcbd27b3196db55e86e0,"{""A"":""x0y9+x1y0+x2y0"",""B"":""x3y0+x0y25+x0y26"",""b"":""X"",""d"":24,""excl_opp_detectors"":""True"",""k"":12,""l"":6,""leak_heralds"":""False"",""leak_repump"":""True"",""leakage"":""True"",""loss"":""True"",""m"":30,""n"":360,""p"":0.001,""prllel_1q"":480,""prllel_2q"":120,""r"":20,""repump_cycles"":3,""seq_meas"":""True"",""seq_ops"":""True"",""swapLRC"":""False""}",
         8,         0,         0,   0.168,bposd,12d0a895c1c7d9606c3d9751922fb0f20325cd9c13cbfcbd27b3196db55e86e0,"{""A"":""x0y9+x1y0+x2y0"",""B"":""x3y0+x0y25+x0y26"",""b"":""X"",""d"":24,""excl_opp_detectors"":""True"",""k"":12,""l"":6,""leak_heralds"":""False"",""leak_repump"":""True"",""leakage"":""True"",""loss"":""True"",""m"":30,""n"":360,""p"":0.001,""prllel_1q"":480,""prllel_2q"":120,""r"":20,""repump_cycles"":3,""seq_meas"":""True"",""seq_ops"":""True"",""swapLRC"":""False""}",
        16,         0,         0,   0.380,bposd,3c4eb901d8ffce3fe8833edec93e38bf71e098409fe53b1b0b91b28d03a184fc,"{""A"":""x0y3+x10y0+x17y0"",""B"":""x5y0+x0y3+x0y19"",""b"":""X"",""d"":18,""excl_opp_detectors"":""True"",""k"":16,""l"":9,""leak_heralds"":""False"",""leak_repump"":""True"",""leakage"":""True"",""loss"":""True"",""m"":21,""n"":378,""p"":0.001,""prllel_1q"":336,""prllel_2q"":84,""r"":20,""repump_cycles"":3,""seq_meas"":""True"",""seq_ops"":""True"",""swapLRC"":""False""}",
         3,         0,         0,   0.175,bposd,12d0a895c1c7d9606c3d9751922fb0f20325cd9c13cbfcbd27b3196db55e86e0,"{""A"":""x0y9+x1y0+x2y0"",""B"":""x3y0+x0y25+x0y26"",""b"":""X"",""d"":24,""excl_opp_detectors"":""True"",""k"":12,""l"":6,""leak_heralds"":""False"",""leak_repump"":""True"",""leakage"":""True"",""loss"":""True"",""m"":30,""n"":360,""p"":0.001,""prllel_1q"":480,""prllel_2q"":120,""r"":20,""repump_cycles"":3,""seq_meas"":""True"",""seq_ops"":""True"",""swapLRC"":""False""}",
         7,         0,         0,   0.162,bposd,3c4eb901d8ffce3fe8833edec93e38bf71e098409fe53b1b0b91b28d03a184fc,"{""A"":""x0y3+x10y0+x17y0"",""B"":""x5y0+x0y3+x0y19"",""b"":""X"",""d"":18,""excl_opp_detectors"":""True"",""k"":16,""l"":9,""leak_heralds"":""False"",""leak_repump"":""True"",""leakage"":""True"",""loss"":""True"",""m"":21,""n"":378,""p"":0.001,""prllel_1q"":336,""prllel_2q"":84,""r"":20,""repump_cycles"":3,""seq_meas"":""True"",""seq_ops"":""True"",""swapLRC"":""False""}",
        16,         0,         0,   0.282,bposd,3c4eb901d8ffce3fe8833edec93e38bf71e098409fe53b1b0b91b28d03a184fc,"{""A"":""x0y3+x10y0+x17y0"",""B"":""x5y0+x0y3+x0y19"",""b"":""X"",""d"":18,""excl_opp_detectors"":""True"",""k"":16,""l"":9,""leak_heralds"":""False"",""leak_repump"":""True"",""leakage"":""True"",""loss"":""True"",""m"":21,""n"":378,""p"":0.001,""prllel_1q"":336,""prllel_2q"":84,""r"":20,""repump_cycles"":3,""seq_meas"":""True"",""seq_ops"":""True"",""swapLRC"":""False""}",
         7,         0,         0,   0.141,bposd,3c4eb901d8ffce3fe8833edec93e38bf71e098409fe53b1b0b91b28d03a184fc,"{""A"":""x0y3+x10y0+x17y0"",""B"":""x5y0+x0y3+x0y19"",""b"":""X"",""d"":18,""excl_opp_detectors"":""True"",""k"":16,""l"":9,""leak_heralds"":""False"",""leak_repump"":""True"",""leakage"":""True"",""loss"":""True"",""m"":21,""n"":378,""p"":0.001,""prllel_1q"":336,""prllel_2q"":84,""r"":20,""repump_cycles"":3,""seq_meas"":""True"",""seq_ops"":""True"",""swapLRC"":""False""}",
         1,         0,         0,   0.110,bposd,12d0a895c1c7d9606c3d9751922fb0f20325cd9c13cbfcbd27b3196db55e86e0,"{""A"":""x0y9+x1y0+x2y0"",""B"":""x3y0+x0y25+x0y26"",""b"":""X"",""d"":24,""excl_opp_detectors"":""True"",""k"":12,""l"":6,""leak_heralds"":""False"",""leak_repump"":""True"",""leakage"":""True"",""loss"":""True"",""m"":30,""n"":360,""p"":0.001,""prllel_1q"":480,""prllel_2q"":120,""r"":20,""repump_cycles"":3,""seq_meas"":""True"",""seq_ops"":""True"",""swapLRC"":""False""}",
        16,         0,         0,   0.366,bposd,12d0a895c1c7d9606c3d9751922fb0f20325cd9c13cbfcbd27b3196db55e86e0,"{""A"":""x0y9+x1y0+x2y0"",""B"":""x3y0+x0y25+x0y26"",""b"":""X"",""d"":24,""excl_opp_detectors"":""True"",""k"":12,""l"":6,""leak_heralds"":""False"",""leak_repump"":""True"",""leakage"":""True"",""loss"":""True"",""m"":30,""n"":360,""p"":0.001,""prllel_1q"":480,""prllel_2q"":120,""r"":20,""repump_cycles"":3,""seq_meas"":""True"",""seq_ops"":""True"",""swapLRC"":""False""}",
         7,         0,         0,   0.156,bposd,3c4eb901d8ffce3fe8833edec93e38bf71e098409fe53b1b0b91b28d03a184fc,"{""A"":""x0y3+x10y0+x17y0"",""B"":""x5y0+x0y3+x0y19"",""b"":""X"",""d"":18,""excl_opp_detectors"":""True"",""k"":16,""l"":9,""leak_heralds"":""False"",""leak_repump"":""True"",""leakage"":""True"",""loss"":""True"",""m"":21,""n"":378,""p"":0.001,""prllel_1q"":336,""prllel_2q"":84,""r"":20,""repump_cycles"":3,""seq_meas"":""True"",""seq_ops"":""True"",""swapLRC"":""False""}",
         7,         0,         0,   0.259,bposd,3c4eb901d8ffce3fe8833edec93e38bf71e098409fe53b1b0b91b28d03a184fc,"{""A"":""x0y3+x10y0+x17y0"",""B"":""x5y0+x0y3+x0y19"",""b"":""X"",""d"":18,""excl_opp_detectors"":""True"",""k"":16,""l"":9,""leak_heralds"":""False"",""leak_repump"":""True"",""leakage"":""True"",""loss"":""True"",""m"":21,""n"":378,""p"":0.001,""prllel_1q"":336,""prllel_2q"":84,""r"":20,""repump_cycles"":3,""seq_meas"":""True"",""seq_ops"":""True"",""swapLRC"":""False""}",
         8,         0,         0,   0.212,bposd,12d0a895c1c7d9606c3d9751922fb0f20325cd9c13cbfcbd27b3196db55e86e0,"{""A"":""x0y9+x1y0+x2y0"",""B"":""x3y0+x0y25+x0y26"",""b"":""X"",""d"":24,""excl_opp_detectors"":""True"",""k"":12,""l"":6,""leak_heralds"":""False"",""leak_repump"":""True"",""leakage"":""True"",""loss"":""True"",""m"":30,""n"":360,""p"":0.001,""prllel_1q"":480,""prllel_2q"":120,""r"":20,""repump_cycles"":3,""seq_meas"":""True"",""seq_ops"":""True"",""swapLRC"":""False""}",
         1,         0,         0,   0.062,bposd,3c4eb901d8ffce3fe8833edec93e38bf71e098409fe53b1b0b91b28d03a184fc,"{""A"":""x0y3+x10y0+x17y0"",""B"":""x5y0+x0y3+x0y19"",""b"":""X"",""d"":18,""excl_opp_detectors"":""True"",""k"":16,""l"":9,""leak_heralds"":""False"",""leak_repump"":""True"",""leakage"":""True"",""loss"":""True"",""m"":21,""n"":378,""p"":0.001,""prllel_1q"":336,""prllel_2q"":84,""r"":20,""repump_cycles"":3,""seq_meas"":""True"",""seq_ops"":""True"",""swapLRC"":""False""}",
        16,         0,         0,   0.440,bposd,12d0a895c1c7d9606c3d9751922fb0f20325cd9c13cbfcbd27b3196db55e86e0,"{""A"":""x0y9+x1y0+x2y0"",""B"":""x3y0+x0y25+x0y26"",""b"":""X"",""d"":24,""excl_opp_detectors"":""True"",""k"":12,""l"":6,""leak_heralds"":""False"",""leak_repump"":""True"",""leakage"":""True"",""loss"":""True"",""m"":30,""n"":360,""p"":0.001,""prllel_1q"":480,""prllel_2q"":120,""r"":20,""repump_cycles"":3,""seq_meas"":""True"",""seq_ops"":""True"",""swapLRC"":""False""}",
        16,         0,         0,   0.309,bposd,3c4eb901d8ffce3fe8833edec93e38bf71e098409fe53b1b0b91b28d03a184fc,"{""A"":""x0y3+x10y0+x17y0"",""B"":""x5y0+x0y3+x0y19"",""b"":""X"",""d"":18,""excl_opp_detectors"":""True"",""k"":16,""l"":9,""leak_heralds"":""False"",""leak_repump"":""True"",""leakage"":""True"",""loss"":""True"",""m"":21,""n"":378,""p"":0.001,""prllel_1q"":336,""prllel_2q"":84,""r"":20,""repump_cycles"":3,""seq_meas"":""True"",""seq_ops"":""True"",""swapLRC"":""False""}",
         6,         0,         0,   0.145,bposd,12d0a895c1c7d9606c3d9751922fb0f20325cd9c13cbfcbd27b3196db55e86e0,"{""A"":""x0y9+x1y0+x2y0"",""B"":""x3y0+x0y25+x0y26"",""b"":""X"",""d"":24,""excl_opp_detectors"":""True"",""k"":12,""l"":6,""leak_heralds"":""False"",""leak_repump"":""True"",""leakage"":""True"",""loss"":""True"",""m"":30,""n"":360,""p"":0.001,""prllel_1q"":480,""prllel_2q"":120,""r"":20,""repump_cycles"":3,""seq_meas"":""True"",""seq_ops"":""True"",""swapLRC"":""False""}",
         8,         0,         0,   0.170,bposd,3c4eb901d8ffce3fe8833edec93e38bf71e098409fe53b1b0b91b28d03a184fc,"{""A"":""x0y3+x10y0+x17y0"",""B"":""x5y0+x0y3+x0y19"",""b"":""X"",""d"":18,""excl_opp_detectors"":""True"",""k"":16,""l"":9,""leak_heralds"":""False"",""leak_repump"":""True"",""leakage"":""True"",""loss"":""True"",""m"":21,""n"":378,""p"":0.001,""prllel_1q"":336,""prllel_2q"":84,""r"":20,""repump_cycles"":3,""seq_meas"":""True"",""seq_ops"":""True"",""swapLRC"":""False""}",
         8,         0,         0,   0.223,bposd,3c4eb901d8ffce3fe8833edec93e38bf71e098409fe53b1b0b91b28d03a184fc,"{""A"":""x0y3+x10y0+x17y0"",""B"":""x5y0+x0y3+x0y19"",""b"":""X"",""d"":18,""excl_opp_detectors"":""True"",""k"":16,""l"":9,""leak_heralds"":""False"",""leak_repump"":""True"",""leakage"":""True"",""loss"":""True"",""m"":21,""n"":378,""p"":0.001,""prllel_1q"":336,""prllel_2q"":84,""r"":20,""repump_cycles"":3,""seq_meas"":""True"",""seq_ops"":""True"",""swapLRC"":""False""}",
         5,         0,         0,   0.162,bposd,12d0a895c1c7d9606c3d9751922fb0f20325cd9c13cbfcbd27b3196db55e86e0,"{""A"":""x0y9+x1y0+x2y0"",""B"":""x3y0+x0y25+x0y26"",""b"":""X"",""d"":24,""excl_opp_detectors"":""True"",""k"":12,""l"":6,""leak_heralds"":""False"",""leak_repump"":""True"",""leakage"":""True"",""loss"":""True"",""m"":30,""n"":360,""p"":0.001,""prllel_1q"":480,""prllel_2q"":120,""r"":20,""repump_cycles"":3,""seq_meas"":""True"",""seq_ops"":""True"",""swapLRC"":""False""}",
        16,         0,         0,   0.399,bposd,12d0a895c1c7d9606c3d9751922fb0f20325cd9c13cbfcbd27b3196db55e86e0,"{""A"":""x0y9+x1y0+x2y0"",""B"":""x3y0+x0y25+x0y26"",""b"":""X"",""d"":24,""excl_opp_detectors"":""True"",""k"":12,""l"":6,""leak_heralds"":""False"",""leak_repump"":""True"",""leakage"":""True"",""loss"":""True"",""m"":30,""n"":360,""p"":0.001,""prllel_1q"":480,""prllel_2q"":120,""r"":20,""repump_cycles"":3,""seq_meas"":""True"",""seq_ops"":""True"",""swapLRC"":""False""}",
         1,         0,         0,   0.072,bposd,3c4eb901d8ffce3fe8833edec93e38bf71e098409fe53b1b0b91b28d03a184fc,"{""A"":""x0y3+x10y0+x17y0"",""B"":""x5y0+x0y3+x0y19"",""b"":""X"",""d"":18,""excl_opp_detectors"":""True"",""k"":16,""l"":9,""leak_heralds"":""False"",""leak_repump"":""True"",""leakage"":""True"",""loss"":""True"",""m"":21,""n"":378,""p"":0.001,""prllel_1q"":336,""prllel_2q"":84,""r"":20,""repump_cycles"":3,""seq_meas"":""True"",""seq_ops"":""True"",""swapLRC"":""False""}",
         8,         0,         0,   0.207,bposd,3c4eb901d8ffce3fe8833edec93e38bf71e098409fe53b1b0b91b28d03a184fc,"{""A"":""x0y3+x10y0+x17y0"",""B"":""x5y0+x0y3+x0y19"",""b"":""X"",""d"":18,""excl_opp_detectors"":""True"",""k"":16,""l"":9,""leak_heralds"":""False"",""leak_repump"":""True"",""leakage"":""True"",""loss"":""True"",""m"":21,""n"":378,""p"":0.001,""prllel_1q"":336,""prllel_2q"":84,""r"":20,""repump_cycles"":3,""seq_meas"":""True"",""seq_ops"":""True"",""swapLRC"":""False""}",
         3,         0,         0,   0.202,bposd,3c4eb901d8ffce3fe8833edec93e38bf71e098409fe53b1b0b91b28d03a184fc,"{""A"":""x0y3+x10y0+x17y0"",""B"":""x5y0+x0y3+x0y19"",""b"":""X"",""d"":18,""excl_opp_detectors"":""True"",""k"":16,""l"":9,""leak_heralds"":""False"",""leak_repump"":""True"",""leakage"":""True"",""loss"":""True"",""m"":21,""n"":378,""p"":0.001,""prllel_1q"":336,""prllel_2q"":84,""r"":20,""repump_cycles"":3,""seq_meas"":""True"",""seq_ops"":""True"",""swapLRC"":""False""}",
         1,         0,         0,   0.065,bposd,12d0a895c1c7d9606c3d9751922fb0f20325cd9c13cbfcbd27b3196db55e86e0,"{""A"":""x0y9+x1y0+x2y0"",""B"":""x3y0+x0y25+x0y26"",""b"":""X"",""d"":24,""excl_opp_detectors"":""True"",""k"":12,""l"":6,""leak_heralds"":""False"",""leak_repump"":""True"",""leakage"":""True"",""loss"":""True"",""m"":30,""n"":360,""p"":0.001,""prllel_1q"":480,""prllel_2q"":120,""r"":20,""repump_cycles"":3,""seq_meas"":""True"",""seq_ops"":""True"",""swapLRC"":""False""}",
         1,         0,         0,   0.072,bposd,12d0a895c1c7d9606c3d9751922fb0f20325cd9c13cbfcbd27b3196db55e86e0,"{""A"":""x0y9+x1y0+x2y0"",""B"":""x3y0+x0y25+x0y26"",""b"":""X"",""d"":24,""excl_opp_detectors"":""True"",""k"":12,""l"":6,""leak_heralds"":""False"",""leak_repump"":""True"",""leakage"":""True"",""loss"":""True"",""m"":30,""n"":360,""p"":0.001,""prllel_1q"":480,""prllel_2q"":120,""r"":20,""repump_cycles"":3,""seq_meas"":""True"",""seq_ops"":""True"",""swapLRC"":""False""}",
         6,         0,         0,   0.166,bposd,3c4eb901d8ffce3fe8833edec93e38bf71e098409fe53b1b0b91b28d03a184fc,"{""A"":""x0y3+x10y0+x17y0"",""B"":""x5y0+x0y3+x0y19"",""b"":""X"",""d"":18,""excl_opp_detectors"":""True"",""k"":16,""l"":9,""leak_heralds"":""False"",""leak_repump"":""True"",""leakage"":""True"",""loss"":""True"",""m"":21,""n"":378,""p"":0.001,""prllel_1q"":336,""prllel_2q"":84,""r"":20,""repump_cycles"":3,""seq_meas"":""True"",""seq_ops"":""True"",""swapLRC"":""False""}",
         5,         0,         0,   0.154,bposd,12d0a895c1c7d9606c3d9751922fb0f20325cd9c13cbfcbd27b3196db55e86e0,"{""A"":""x0y9+x1y0+x2y0"",""B"":""x3y0+x0y25+x0y26"",""b"":""X"",""d"":24,""excl_opp_detectors"":""True"",""k"":12,""l"":6,""leak_heralds"":""False"",""leak_repump"":""True"",""leakage"":""True"",""loss"":""True"",""m"":30,""n"":360,""p"":0.001,""prllel_1q"":480,""prllel_2q"":120,""r"":20,""repump_cycles"":3,""seq_meas"":""True"",""seq_ops"":""True"",""swapLRC"":""False""}",
         5,         0,         0,   0.184,bposd,12d0a895c1c7d9606c3d9751922fb0f20325cd9c13cbfcbd27b3196db55e86e0,"{""A"":""x0y9+x1y0+x2y0"",""B"":""x3y0+x0y25+x0y26"",""b"":""X"",""d"":24,""excl_opp_detectors"":""True"",""k"":12,""l"":6,""leak_heralds"":""False"",""leak_repump"":""True"",""leakage"":""True"",""loss"":""True"",""m"":30,""n"":360,""p"":0.001,""prllel_1q"":480,""prllel_2q"":120,""r"":20,""repump_cycles"":3,""seq_meas"":""True"",""seq_ops"":""True"",""swapLRC"":""False""}",
         1,         0,         0,   0.075,bposd,12d0a895c1c7d9606c3d9751922fb0f20325cd9c13cbfcbd27b3196db55e86e0,"{""A"":""x0y9+x1y0+x2y0"",""B"":""x3y0+x0y25+x0y26"",""b"":""X"",""d"":24,""excl_opp_detectors"":""True"",""k"":12,""l"":6,""leak_heralds"":""False"",""leak_repump"":""True"",""leakage"":""True"",""loss"":""True"",""m"":30,""n"":360,""p"":0.001,""prllel_1q"":480,""prllel_2q"":120,""r"":20,""repump_cycles"":3,""seq_meas"":""True"",""seq_ops"":""True"",""swapLRC"":""False""}",
         8,         0,         0,   0.170,bposd,12d0a895c1c7d9606c3d9751922fb0f20325cd9c13cbfcbd27b3196db55e86e0,"{""A"":""x0y9+x1y0+x2y0"",""B"":""x3y0+x0y25+x0y26"",""b"":""X"",""d"":24,""excl_opp_detectors"":""True"",""k"":12,""l"":6,""leak_heralds"":""False"",""leak_repump"":""True"",""leakage"":""True"",""loss"":""True"",""m"":30,""n"":360,""p"":0.001,""prllel_1q"":480,""prllel_2q"":120,""r"":20,""repump_cycles"":3,""seq_meas"":""True"",""seq_ops"":""True"",""swapLRC"":""False""}",
         4,         0,         0,   0.109,bposd,12d0a895c1c7d9606c3d9751922fb0f20325cd9c13cbfcbd27b3196db55e86e0,"{""A"":""x0y9+x1y0+x2y0"",""B"":""x3y0+x0y25+x0y26"",""b"":""X"",""d"":24,""excl_opp_detectors"":""True"",""k"":12,""l"":6,""leak_heralds"":""False"",""leak_repump"":""True"",""leakage"":""True"",""loss"":""True"",""m"":30,""n"":360,""p"":0.001,""prllel_1q"":480,""prllel_2q"":120,""r"":20,""repump_cycles"":3,""seq_meas"":""True"",""seq_ops"":""True"",""swapLRC"":""False""}",
        16,         0,         0,   0.327,bposd,12d0a895c1c7d9606c3d9751922fb0f20325cd9c13cbfcbd27b3196db55e86e0,"{""A"":""x0y9+x1y0+x2y0"",""B"":""x3y0+x0y25+x0y26"",""b"":""X"",""d"":24,""excl_opp_detectors"":""True"",""k"":12,""l"":6,""leak_heralds"":""False"",""leak_repump"":""True"",""leakage"":""True"",""loss"":""True"",""m"":30,""n"":360,""p"":0.001,""prllel_1q"":480,""prllel_2q"":120,""r"":20,""repump_cycles"":3,""seq_meas"":""True"",""seq_ops"":""True"",""swapLRC"":""False""}",
         8,         0,         0,   0.180,bposd,12d0a895c1c7d9606c3d9751922fb0f20325cd9c13cbfcbd27b3196db55e86e0,"{""A"":""x0y9+x1y0+x2y0"",""B"":""x3y0+x0y25+x0y26"",""b"":""X"",""d"":24,""excl_opp_detectors"":""True"",""k"":12,""l"":6,""leak_heralds"":""False"",""leak_repump"":""True"",""leakage"":""True"",""loss"":""True"",""m"":30,""n"":360,""p"":0.001,""prllel_1q"":480,""prllel_2q"":120,""r"":20,""repump_cycles"":3,""seq_meas"":""True"",""seq_ops"":""True"",""swapLRC"":""False""}",
         1,         0,         0,   0.063,bposd,3c4eb901d8ffce3fe8833edec93e38bf71e098409fe53b1b0b91b28d03a184fc,"{""A"":""x0y3+x10y0+x17y0"",""B"":""x5y0+x0y3+x0y19"",""b"":""X"",""d"":18,""excl_opp_detectors"":""True"",""k"":16,""l"":9,""leak_heralds"":""False"",""leak_repump"":""True"",""leakage"":""True"",""loss"":""True"",""m"":21,""n"":378,""p"":0.001,""prllel_1q"":336,""prllel_2q"":84,""r"":20,""repump_cycles"":3,""seq_meas"":""True"",""seq_ops"":""True"",""swapLRC"":""False""}",
         8,         0,         0,   0.174,bposd,3c4eb901d8ffce3fe8833edec93e38bf71e098409fe53b1b0b91b28d03a184fc,"{""A"":""x0y3+x10y0+x17y0"",""B"":""x5y0+x0y3+x0y19"",""b"":""X"",""d"":18,""excl_opp_detectors"":""True"",""k"":16,""l"":9,""leak_heralds"":""False"",""leak_repump"":""True"",""leakage"":""True"",""loss"":""True"",""m"":21,""n"":378,""p"":0.001,""prllel_1q"":336,""prllel_2q"":84,""r"":20,""repump_cycles"":3,""seq_meas"":""True"",""seq_ops"":""True"",""swapLRC"":""False""}",
         8,         0,         0,   0.177,bposd,12d0a895c1c7d9606c3d9751922fb0f20325cd9c13cbfcbd27b3196db55e86e0,"{""A"":""x0y9+x1y0+x2y0"",""B"":""x3y0+x0y25+x0y26"",""b"":""X"",""d"":24,""excl_opp_detectors"":""True"",""k"":12,""l"":6,""leak_heralds"":""False"",""leak_repump"":""True"",""leakage"":""True"",""loss"":""True"",""m"":30,""n"":360,""p"":0.001,""prllel_1q"":480,""prllel_2q"":120,""r"":20,""repump_cycles"":3,""seq_meas"":""True"",""seq_ops"":""True"",""swapLRC"":""False""}",
         1,         0,         0,   0.088,bposd,3c4eb901d8ffce3fe8833edec93e38bf71e098409fe53b1b0b91b28d03a184fc,"{""A"":""x0y3+x10y0+x17y0"",""B"":""x5y0+x0y3+x0y19"",""b"":""X"",""d"":18,""excl_opp_detectors"":""True"",""k"":16,""l"":9,""leak_heralds"":""False"",""leak_repump"":""True"",""leakage"":""True"",""loss"":""True"",""m"":21,""n"":378,""p"":0.001,""prllel_1q"":336,""prllel_2q"":84,""r"":20,""repump_cycles"":3,""seq_meas"":""True"",""seq_ops"":""True"",""swapLRC"":""False""}",
         8,         0,         0,   0.165,bposd,3c4eb901d8ffce3fe8833edec93e38bf71e098409fe53b1b0b91b28d03a184fc,"{""A"":""x0y3+x10y0+x17y0"",""B"":""x5y0+x0y3+x0y19"",""b"":""X"",""d"":18,""excl_opp_detectors"":""True"",""k"":16,""l"":9,""leak_heralds"":""False"",""leak_repump"":""True"",""leakage"":""True"",""loss"":""True"",""m"":21,""n"":378,""p"":0.001,""prllel_1q"":336,""prllel_2q"":84,""r"":20,""repump_cycles"":3,""seq_meas"":""True"",""seq_ops"":""True"",""swapLRC"":""False""}",
         6,         0,         0,   0.216,bposd,12d0a895c1c7d9606c3d9751922fb0f20325cd9c13cbfcbd27b3196db55e86e0,"{""A"":""x0y9+x1y0+x2y0"",""B"":""x3y0+x0y25+x0y26"",""b"":""X"",""d"":24,""excl_opp_detectors"":""True"",""k"":12,""l"":6,""leak_heralds"":""False"",""leak_repump"":""True"",""leakage"":""True"",""loss"":""True"",""m"":30,""n"":360,""p"":0.001,""prllel_1q"":480,""prllel_2q"":120,""r"":20,""repump_cycles"":3,""seq_meas"":""True"",""seq_ops"":""True"",""swapLRC"":""False""}",
         1,         0,         0,   0.064,bposd,3c4eb901d8ffce3fe8833edec93e38bf71e098409fe53b1b0b91b28d03a184fc,"{""A"":""x0y3+x10y0+x17y0"",""B"":""x5y0+x0y3+x0y19"",""b"":""X"",""d"":18,""excl_opp_detectors"":""True"",""k"":16,""l"":9,""leak_heralds"":""False"",""leak_repump"":""True"",""leakage"":""True"",""loss"":""True"",""m"":21,""n"":378,""p"":0.001,""prllel_1q"":336,""prllel_2q"":84,""r"":20,""repump_cycles"":3,""seq_meas"":""True"",""seq_ops"":""True"",""swapLRC"":""False""}",
        16,         0,         0,   0.457,bposd,12d0a895c1c7d9606c3d9751922fb0f20325cd9c13cbfcbd27b3196db55e86e0,"{""A"":""x0y9+x1y0+x2y0"",""B"":""x3y0+x0y25+x0y26"",""b"":""X"",""d"":24,""excl_opp_detectors"":""True"",""k"":12,""l"":6,""leak_heralds"":""False"",""leak_repump"":""True"",""leakage"":""True"",""loss"":""True"",""m"":30,""n"":360,""p"":0.001,""prllel_1q"":480,""prllel_2q"":120,""r"":20,""repump_cycles"":3,""seq_meas"":""True"",""seq_ops"":""True"",""swapLRC"":""False""}",
         8,         0,         0,   0.233,bposd,12d0a895c1c7d9606c3d9751922fb0f20325cd9c13cbfcbd27b3196db55e86e0,"{""A"":""x0y9+x1y0+x2y0"",""B"":""x3y0+x0y25+x0y26"",""b"":""X"",""d"":24,""excl_opp_detectors"":""True"",""k"":12,""l"":6,""leak_heralds"":""False"",""leak_repump"":""True"",""leakage"":""True"",""loss"":""True"",""m"":30,""n"":360,""p"":0.001,""prllel_1q"":480,""prllel_2q"":120,""r"":20,""repump_cycles"":3,""seq_meas"":""True"",""seq_ops"":""True"",""swapLRC"":""False""}",
         1,         0,         0,   0.064,bposd,3c4eb901d8ffce3fe8833edec93e38bf71e098409fe53b1b0b91b28d03a184fc,"{""A"":""x0y3+x10y0+x17y0"",""B"":""x5y0+x0y3+x0y19"",""b"":""X"",""d"":18,""excl_opp_detectors"":""True"",""k"":16,""l"":9,""leak_heralds"":""False"",""leak_repump"":""True"",""leakage"":""True"",""loss"":""True"",""m"":21,""n"":378,""p"":0.001,""prllel_1q"":336,""prllel_2q"":84,""r"":20,""repump_cycles"":3,""seq_meas"":""True"",""seq_ops"":""True"",""swapLRC"":""False""}",
         8,         0,         0,   0.243,bposd,12d0a895c1c7d9606c3d9751922fb0f20325cd9c13cbfcbd27b3196db55e86e0,"{""A"":""x0y9+x1y0+x2y0"",""B"":""x3y0+x0y25+x0y26"",""b"":""X"",""d"":24,""excl_opp_detectors"":""True"",""k"":12,""l"":6,""leak_heralds"":""False"",""leak_repump"":""True"",""leakage"":""True"",""loss"":""True"",""m"":30,""n"":360,""p"":0.001,""prllel_1q"":480,""prllel_2q"":120,""r"":20,""repump_cycles"":3,""seq_meas"":""True"",""seq_ops"":""True"",""swapLRC"":""False""}",
         4,         0,         0,   0.105,bposd,12d0a895c1c7d9606c3d9751922fb0f20325cd9c13cbfcbd27b3196db55e86e0,"{""A"":""x0y9+x1y0+x2y0"",""B"":""x3y0+x0y25+x0y26"",""b"":""X"",""d"":24,""excl_opp_detectors"":""True"",""k"":12,""l"":6,""leak_heralds"":""False"",""leak_repump"":""True"",""leakage"":""True"",""loss"":""True"",""m"":30,""n"":360,""p"":0.001,""prllel_1q"":480,""prllel_2q"":120,""r"":20,""repump_cycles"":3,""seq_meas"":""True"",""seq_ops"":""True"",""swapLRC"":""False""}",
         8,         0,         0,   0.313,bposd,3c4eb901d8ffce3fe8833edec93e38bf71e098409fe53b1b0b91b28d03a184fc,"{""A"":""x0y3+x10y0+x17y0"",""B"":""x5y0+x0y3+x0y19"",""b"":""X"",""d"":18,""excl_opp_detectors"":""True"",""k"":16,""l"":9,""leak_heralds"":""False"",""leak_repump"":""True"",""leakage"":""True"",""loss"":""True"",""m"":21,""n"":378,""p"":0.001,""prllel_1q"":336,""prllel_2q"":84,""r"":20,""repump_cycles"":3,""seq_meas"":""True"",""seq_ops"":""True"",""swapLRC"":""False""}",
         1,         0,         0,   0.064,bposd,3c4eb901d8ffce3fe8833edec93e38bf71e098409fe53b1b0b91b28d03a184fc,"{""A"":""x0y3+x10y0+x17y0"",""B"":""x5y0+x0y3+x0y19"",""b"":""X"",""d"":18,""excl_opp_detectors"":""True"",""k"":16,""l"":9,""leak_heralds"":""False"",""leak_repump"":""True"",""leakage"":""True"",""loss"":""True"",""m"":21,""n"":378,""p"":0.001,""prllel_1q"":336,""prllel_2q"":84,""r"":20,""repump_cycles"":3,""seq_meas"":""True"",""seq_ops"":""True"",""swapLRC"":""False""}",
        10,         0,         0,   0.259,bposd,12d0a895c1c7d9606c3d9751922fb0f20325cd9c13cbfcbd27b3196db55e86e0,"{""A"":""x0y9+x1y0+x2y0"",""B"":""x3y0+x0y25+x0y26"",""b"":""X"",""d"":24,""excl_opp_detectors"":""True"",""k"":12,""l"":6,""leak_heralds"":""False"",""leak_repump"":""True"",""leakage"":""True"",""loss"":""True"",""m"":30,""n"":360,""p"":0.001,""prllel_1q"":480,""prllel_2q"":120,""r"":20,""repump_cycles"":3,""seq_meas"":""True"",""seq_ops"":""True"",""swapLRC"":""False""}",
         1,         0,         0,   0.063,bposd,12d0a895c1c7d9606c3d9751922fb0f20325cd9c13cbfcbd27b3196db55e86e0,"{""A"":""x0y9+x1y0+x2y0"",""B"":""x3y0+x0y25+x0y26"",""b"":""X"",""d"":24,""excl_opp_detectors"":""True"",""k"":12,""l"":6,""leak_heralds"":""False"",""leak_repump"":""True"",""leakage"":""True"",""loss"":""True"",""m"":30,""n"":360,""p"":0.001,""prllel_1q"":480,""prllel_2q"":120,""r"":20,""repump_cycles"":3,""seq_meas"":""True"",""seq_ops"":""True"",""swapLRC"":""False""}",
         1,         0,         0,   0.062,bposd,12d0a895c1c7d9606c3d9751922fb0f20325cd9c13cbfcbd27b3196db55e86e0,"{""A"":""x0y9+x1y0+x2y0"",""B"":""x3y0+x0y25+x0y26"",""b"":""X"",""d"":24,""excl_opp_detectors"":""True"",""k"":12,""l"":6,""leak_heralds"":""False"",""leak_repump"":""True"",""leakage"":""True"",""loss"":""True"",""m"":30,""n"":360,""p"":0.001,""prllel_1q"":480,""prllel_2q"":120,""r"":20,""repump_cycles"":3,""seq_meas"":""True"",""seq_ops"":""True"",""swapLRC"":""False""}",
         2,         0,         0,   0.087,bposd,12d0a895c1c7d9606c3d9751922fb0f20325cd9c13cbfcbd27b3196db55e86e0,"{""A"":""x0y9+x1y0+x2y0"",""B"":""x3y0+x0y25+x0y26"",""b"":""X"",""d"":24,""excl_opp_detectors"":""True"",""k"":12,""l"":6,""leak_heralds"":""False"",""leak_repump"":""True"",""leakage"":""True"",""loss"":""True"",""m"":30,""n"":360,""p"":0.001,""prllel_1q"":480,""prllel_2q"":120,""r"":20,""repump_cycles"":3,""seq_meas"":""True"",""seq_ops"":""True"",""swapLRC"":""False""}",
        11,         0,         0,   0.199,bposd,12d0a895c1c7d9606c3d9751922fb0f20325cd9c13cbfcbd27b3196db55e86e0,"{""A"":""x0y9+x1y0+x2y0"",""B"":""x3y0+x0y25+x0y26"",""b"":""X"",""d"":24,""excl_opp_detectors"":""True"",""k"":12,""l"":6,""leak_heralds"":""False"",""leak_repump"":""True"",""leakage"":""True"",""loss"":""True"",""m"":30,""n"":360,""p"":0.001,""prllel_1q"":480,""prllel_2q"":120,""r"":20,""repump_cycles"":3,""seq_meas"":""True"",""seq_ops"":""True"",""swapLRC"":""False""}",
         6,         0,         0,   0.143,bposd,3c4eb901d8ffce3fe8833edec93e38bf71e098409fe53b1b0b91b28d03a184fc,"{""A"":""x0y3+x10y0+x17y0"",""B"":""x5y0+x0y3+x0y19"",""b"":""X"",""d"":18,""excl_opp_detectors"":""True"",""k"":16,""l"":9,""leak_heralds"":""False"",""leak_repump"":""True"",""leakage"":""True"",""loss"":""True"",""m"":21,""n"":378,""p"":0.001,""prllel_1q"":336,""prllel_2q"":84,""r"":20,""repump_cycles"":3,""seq_meas"":""True"",""seq_ops"":""True"",""swapLRC"":""False""}",
         1,         0,         0,   0.065,bposd,12d0a895c1c7d9606c3d9751922fb0f20325cd9c13cbfcbd27b3196db55e86e0,"{""A"":""x0y9+x1y0+x2y0"",""B"":""x3y0+x0y25+x0y26"",""b"":""X"",""d"":24,""excl_opp_detectors"":""True"",""k"":12,""l"":6,""leak_heralds"":""False"",""leak_repump"":""True"",""leakage"":""True"",""loss"":""True"",""m"":30,""n"":360,""p"":0.001,""prllel_1q"":480,""prllel_2q"":120,""r"":20,""repump_cycles"":3,""seq_meas"":""True"",""seq_ops"":""True"",""swapLRC"":""False""}",
         8,         0,         0,   0.123,bposd,3c4eb901d8ffce3fe8833edec93e38bf71e098409fe53b1b0b91b28d03a184fc,"{""A"":""x0y3+x10y0+x17y0"",""B"":""x5y0+x0y3+x0y19"",""b"":""X"",""d"":18,""excl_opp_detectors"":""True"",""k"":16,""l"":9,""leak_heralds"":""False"",""leak_repump"":""True"",""leakage"":""True"",""loss"":""True"",""m"":21,""n"":378,""p"":0.001,""prllel_1q"":336,""prllel_2q"":84,""r"":20,""repump_cycles"":3,""seq_meas"":""True"",""seq_ops"":""True"",""swapLRC"":""False""}",
         8,         0,         0,   0.154,bposd,3c4eb901d8ffce3fe8833edec93e38bf71e098409fe53b1b0b91b28d03a184fc,"{""A"":""x0y3+x10y0+x17y0"",""B"":""x5y0+x0y3+x0y19"",""b"":""X"",""d"":18,""excl_opp_detectors"":""True"",""k"":16,""l"":9,""leak_heralds"":""False"",""leak_repump"":""True"",""leakage"":""True"",""loss"":""True"",""m"":21,""n"":378,""p"":0.001,""prllel_1q"":336,""prllel_2q"":84,""r"":20,""repump_cycles"":3,""seq_meas"":""True"",""seq_ops"":""True"",""swapLRC"":""False""}",
         2,         0,         0,   0.074,bposd,12d0a895c1c7d9606c3d9751922fb0f20325cd9c13cbfcbd27b3196db55e86e0,"{""A"":""x0y9+x1y0+x2y0"",""B"":""x3y0+x0y25+x0y26"",""b"":""X"",""d"":24,""excl_opp_detectors"":""True"",""k"":12,""l"":6,""leak_heralds"":""False"",""leak_repump"":""True"",""leakage"":""True"",""loss"":""True"",""m"":30,""n"":360,""p"":0.001,""prllel_1q"":480,""prllel_2q"":120,""r"":20,""repump_cycles"":3,""seq_meas"":""True"",""seq_ops"":""True"",""swapLRC"":""False""}",
         1,         0,         0,   0.061,bposd,12d0a895c1c7d9606c3d9751922fb0f20325cd9c13cbfcbd27b3196db55e86e0,"{""A"":""x0y9+x1y0+x2y0"",""B"":""x3y0+x0y25+x0y26"",""b"":""X"",""d"":24,""excl_opp_detectors"":""True"",""k"":12,""l"":6,""leak_heralds"":""False"",""leak_repump"":""True"",""leakage"":""True"",""loss"":""True"",""m"":30,""n"":360,""p"":0.001,""prllel_1q"":480,""prllel_2q"":120,""r"":20,""repump_cycles"":3,""seq_meas"":""True"",""seq_ops"":""True"",""swapLRC"":""False""}",
        16,         0,         0,   0.339,bposd,3c4eb901d8ffce3fe8833edec93e38bf71e098409fe53b1b0b91b28d03a184fc,"{""A"":""x0y3+x10y0+x17y0"",""B"":""x5y0+x0y3+x0y19"",""b"":""X"",""d"":18,""excl_opp_detectors"":""True"",""k"":16,""l"":9,""leak_heralds"":""False"",""leak_repump"":""True"",""leakage"":""True"",""loss"":""True"",""m"":21,""n"":378,""p"":0.001,""prllel_1q"":336,""prllel_2q"":84,""r"":20,""repump_cycles"":3,""seq_meas"":""True"",""seq_ops"":""True"",""swapLRC"":""False""}",
         6,         0,         0,   0.197,bposd,3c4eb901d8ffce3fe8833edec93e38bf71e098409fe53b1b0b91b28d03a184fc,"{""A"":""x0y3+x10y0+x17y0"",""B"":""x5y0+x0y3+x0y19"",""b"":""X"",""d"":18,""excl_opp_detectors"":""True"",""k"":16,""l"":9,""leak_heralds"":""False"",""leak_repump"":""True"",""leakage"":""True"",""loss"":""True"",""m"":21,""n"":378,""p"":0.001,""prllel_1q"":336,""prllel_2q"":84,""r"":20,""repump_cycles"":3,""seq_meas"":""True"",""seq_ops"":""True"",""swapLRC"":""False""}",
         7,         0,         0,   0.198,bposd,12d0a895c1c7d9606c3d9751922fb0f20325cd9c13cbfcbd27b3196db55e86e0,"{""A"":""x0y9+x1y0+x2y0"",""B"":""x3y0+x0y25+x0y26"",""b"":""X"",""d"":24,""excl_opp_detectors"":""True"",""k"":12,""l"":6,""leak_heralds"":""False"",""leak_repump"":""True"",""leakage"":""True"",""loss"":""True"",""m"":30,""n"":360,""p"":0.001,""prllel_1q"":480,""prllel_2q"":120,""r"":20,""repump_cycles"":3,""seq_meas"":""True"",""seq_ops"":""True"",""swapLRC"":""False""}",
         8,         0,         0,   0.138,bposd,3c4eb901d8ffce3fe8833edec93e38bf71e098409fe53b1b0b91b28d03a184fc,"{""A"":""x0y3+x10y0+x17y0"",""B"":""x5y0+x0y3+x0y19"",""b"":""X"",""d"":18,""excl_opp_detectors"":""True"",""k"":16,""l"":9,""leak_heralds"":""False"",""leak_repump"":""True"",""leakage"":""True"",""loss"":""True"",""m"":21,""n"":378,""p"":0.001,""prllel_1q"":336,""prllel_2q"":84,""r"":20,""repump_cycles"":3,""seq_meas"":""True"",""seq_ops"":""True"",""swapLRC"":""False""}",
         1,         0,         0,   0.066,bposd,12d0a895c1c7d9606c3d9751922fb0f20325cd9c13cbfcbd27b3196db55e86e0,"{""A"":""x0y9+x1y0+x2y0"",""B"":""x3y0+x0y25+x0y26"",""b"":""X"",""d"":24,""excl_opp_detectors"":""True"",""k"":12,""l"":6,""leak_heralds"":""False"",""leak_repump"":""True"",""leakage"":""True"",""loss"":""True"",""m"":30,""n"":360,""p"":0.001,""prllel_1q"":480,""prllel_2q"":120,""r"":20,""repump_cycles"":3,""seq_meas"":""True"",""seq_ops"":""True"",""swapLRC"":""False""}",
        16,         0,         0,   0.397,bposd,3c4eb901d8ffce3fe8833edec93e38bf71e098409fe53b1b0b91b28d03a184fc,"{""A"":""x0y3+x10y0+x17y0"",""B"":""x5y0+x0y3+x0y19"",""b"":""X"",""d"":18,""excl_opp_detectors"":""True"",""k"":16,""l"":9,""leak_heralds"":""False"",""leak_repump"":""True"",""leakage"":""True"",""loss"":""True"",""m"":21,""n"":378,""p"":0.001,""prllel_1q"":336,""prllel_2q"":84,""r"":20,""repump_cycles"":3,""seq_meas"":""True"",""seq_ops"":""True"",""swapLRC"":""False""}",
        16,         0,         0,   0.472,bposd,12d0a895c1c7d9606c3d9751922fb0f20325cd9c13cbfcbd27b3196db55e86e0,"{""A"":""x0y9+x1y0+x2y0"",""B"":""x3y0+x0y25+x0y26"",""b"":""X"",""d"":24,""excl_opp_detectors"":""True"",""k"":12,""l"":6,""leak_heralds"":""False"",""leak_repump"":""True"",""leakage"":""True"",""loss"":""True"",""m"":30,""n"":360,""p"":0.001,""prllel_1q"":480,""prllel_2q"":120,""r"":20,""repump_cycles"":3,""seq_meas"":""True"",""seq_ops"":""True"",""swapLRC"":""False""}",
        23,         0,         0,   0.438,bposd,3c4eb901d8ffce3fe8833edec93e38bf71e098409fe53b1b0b91b28d03a184fc,"{""A"":""x0y3+x10y0+x17y0"",""B"":""x5y0+x0y3+x0y19"",""b"":""X"",""d"":18,""excl_opp_detectors"":""True"",""k"":16,""l"":9,""leak_heralds"":""False"",""leak_repump"":""True"",""leakage"":""True"",""loss"":""True"",""m"":21,""n"":378,""p"":0.001,""prllel_1q"":336,""prllel_2q"":84,""r"":20,""repump_cycles"":3,""seq_meas"":""True"",""seq_ops"":""True"",""swapLRC"":""False""}",
         8,         0,         0,   0.194,bposd,3c4eb901d8ffce3fe8833edec93e38bf71e098409fe53b1b0b91b28d03a184fc,"{""A"":""x0y3+x10y0+x17y0"",""B"":""x5y0+x0y3+x0y19"",""b"":""X"",""d"":18,""excl_opp_detectors"":""True"",""k"":16,""l"":9,""leak_heralds"":""False"",""leak_repump"":""True"",""leakage"":""True"",""loss"":""True"",""m"":21,""n"":378,""p"":0.001,""prllel_1q"":336,""prllel_2q"":84,""r"":20,""repump_cycles"":3,""seq_meas"":""True"",""seq_ops"":""True"",""swapLRC"":""False""}",
         1,         0,         0,   0.093,bposd,12d0a895c1c7d9606c3d9751922fb0f20325cd9c13cbfcbd27b3196db55e86e0,"{""A"":""x0y9+x1y0+x2y0"",""B"":""x3y0+x0y25+x0y26"",""b"":""X"",""d"":24,""excl_opp_detectors"":""True"",""k"":12,""l"":6,""leak_heralds"":""False"",""leak_repump"":""True"",""leakage"":""True"",""loss"":""True"",""m"":30,""n"":360,""p"":0.001,""prllel_1q"":480,""prllel_2q"":120,""r"":20,""repump_cycles"":3,""seq_meas"":""True"",""seq_ops"":""True"",""swapLRC"":""False""}",
         8,         0,         0,   0.158,bposd,12d0a895c1c7d9606c3d9751922fb0f20325cd9c13cbfcbd27b3196db55e86e0,"{""A"":""x0y9+x1y0+x2y0"",""B"":""x3y0+x0y25+x0y26"",""b"":""X"",""d"":24,""excl_opp_detectors"":""True"",""k"":12,""l"":6,""leak_heralds"":""False"",""leak_repump"":""True"",""leakage"":""True"",""loss"":""True"",""m"":30,""n"":360,""p"":0.001,""prllel_1q"":480,""prllel_2q"":120,""r"":20,""repump_cycles"":3,""seq_meas"":""True"",""seq_ops"":""True"",""swapLRC"":""False""}",
         2,         0,         0,   0.087,bposd,3c4eb901d8ffce3fe8833edec93e38bf71e098409fe53b1b0b91b28d03a184fc,"{""A"":""x0y3+x10y0+x17y0"",""B"":""x5y0+x0y3+x0y19"",""b"":""X"",""d"":18,""excl_opp_detectors"":""True"",""k"":16,""l"":9,""leak_heralds"":""False"",""leak_repump"":""True"",""leakage"":""True"",""loss"":""True"",""m"":21,""n"":378,""p"":0.001,""prllel_1q"":336,""prllel_2q"":84,""r"":20,""repump_cycles"":3,""seq_meas"":""True"",""seq_ops"":""True"",""swapLRC"":""False""}",
         1,         0,         0,   0.073,bposd,12d0a895c1c7d9606c3d9751922fb0f20325cd9c13cbfcbd27b3196db55e86e0,"{""A"":""x0y9+x1y0+x2y0"",""B"":""x3y0+x0y25+x0y26"",""b"":""X"",""d"":24,""excl_opp_detectors"":""True"",""k"":12,""l"":6,""leak_heralds"":""False"",""leak_repump"":""True"",""leakage"":""True"",""loss"":""True"",""m"":30,""n"":360,""p"":0.001,""prllel_1q"":480,""prllel_2q"":120,""r"":20,""repump_cycles"":3,""seq_meas"":""True"",""seq_ops"":""True"",""swapLRC"":""False""}",
         8,         0,         0,   0.170,bposd,3c4eb901d8ffce3fe8833edec93e38bf71e098409fe53b1b0b91b28d03a184fc,"{""A"":""x0y3+x10y0+x17y0"",""B"":""x5y0+x0y3+x0y19"",""b"":""X"",""d"":18,""excl_opp_detectors"":""True"",""k"":16,""l"":9,""leak_heralds"":""False"",""leak_repump"":""True"",""leakage"":""True"",""loss"":""True"",""m"":21,""n"":378,""p"":0.001,""prllel_1q"":336,""prllel_2q"":84,""r"":20,""repump_cycles"":3,""seq_meas"":""True"",""seq_ops"":""True"",""swapLRC"":""False""}",
         4,         0,         0,   0.202,bposd,3c4eb901d8ffce3fe8833edec93e38bf71e098409fe53b1b0b91b28d03a184fc,"{""A"":""x0y3+x10y0+x17y0"",""B"":""x5y0+x0y3+x0y19"",""b"":""X"",""d"":18,""excl_opp_detectors"":""True"",""k"":16,""l"":9,""leak_heralds"":""False"",""leak_repump"":""True"",""leakage"":""True"",""loss"":""True"",""m"":21,""n"":378,""p"":0.001,""prllel_1q"":336,""prllel_2q"":84,""r"":20,""repump_cycles"":3,""seq_meas"":""True"",""seq_ops"":""True"",""swapLRC"":""False""}",
         8,         0,         0,   0.173,bposd,12d0a895c1c7d9606c3d9751922fb0f20325cd9c13cbfcbd27b3196db55e86e0,"{""A"":""x0y9+x1y0+x2y0"",""B"":""x3y0+x0y25+x0y26"",""b"":""X"",""d"":24,""excl_opp_detectors"":""True"",""k"":12,""l"":6,""leak_heralds"":""False"",""leak_repump"":""True"",""leakage"":""True"",""loss"":""True"",""m"":30,""n"":360,""p"":0.001,""prllel_1q"":480,""prllel_2q"":120,""r"":20,""repump_cycles"":3,""seq_meas"":""True"",""seq_ops"":""True"",""swapLRC"":""False""}",
         8,         0,         0,   0.223,bposd,12d0a895c1c7d9606c3d9751922fb0f20325cd9c13cbfcbd27b3196db55e86e0,"{""A"":""x0y9+x1y0+x2y0"",""B"":""x3y0+x0y25+x0y26"",""b"":""X"",""d"":24,""excl_opp_detectors"":""True"",""k"":12,""l"":6,""leak_heralds"":""False"",""leak_repump"":""True"",""leakage"":""True"",""loss"":""True"",""m"":30,""n"":360,""p"":0.001,""prllel_1q"":480,""prllel_2q"":120,""r"":20,""repump_cycles"":3,""seq_meas"":""True"",""seq_ops"":""True"",""swapLRC"":""False""}",
         1,         0,         0,   0.068,bposd,12d0a895c1c7d9606c3d9751922fb0f20325cd9c13cbfcbd27b3196db55e86e0,"{""A"":""x0y9+x1y0+x2y0"",""B"":""x3y0+x0y25+x0y26"",""b"":""X"",""d"":24,""excl_opp_detectors"":""True"",""k"":12,""l"":6,""leak_heralds"":""False"",""leak_repump"":""True"",""leakage"":""True"",""loss"":""True"",""m"":30,""n"":360,""p"":0.001,""prllel_1q"":480,""prllel_2q"":120,""r"":20,""repump_cycles"":3,""seq_meas"":""True"",""seq_ops"":""True"",""swapLRC"":""False""}",
        10,         0,         0,   0.226,bposd,12d0a895c1c7d9606c3d9751922fb0f20325cd9c13cbfcbd27b3196db55e86e0,"{""A"":""x0y9+x1y0+x2y0"",""B"":""x3y0+x0y25+x0y26"",""b"":""X"",""d"":24,""excl_opp_detectors"":""True"",""k"":12,""l"":6,""leak_heralds"":""False"",""leak_repump"":""True"",""leakage"":""True"",""loss"":""True"",""m"":30,""n"":360,""p"":0.001,""prllel_1q"":480,""prllel_2q"":120,""r"":20,""repump_cycles"":3,""seq_meas"":""True"",""seq_ops"":""True"",""swapLRC"":""False""}",
         8,         0,         0,   0.163,bposd,12d0a895c1c7d9606c3d9751922fb0f20325cd9c13cbfcbd27b3196db55e86e0,"{""A"":""x0y9+x1y0+x2y0"",""B"":""x3y0+x0y25+x0y26"",""b"":""X"",""d"":24,""excl_opp_detectors"":""True"",""k"":12,""l"":6,""leak_heralds"":""False"",""leak_repump"":""True"",""leakage"":""True"",""loss"":""True"",""m"":30,""n"":360,""p"":0.001,""prllel_1q"":480,""prllel_2q"":120,""r"":20,""repump_cycles"":3,""seq_meas"":""True"",""seq_ops"":""True"",""swapLRC"":""False""}",
         8,         0,         0,   0.155,bposd,12d0a895c1c7d9606c3d9751922fb0f20325cd9c13cbfcbd27b3196db55e86e0,"{""A"":""x0y9+x1y0+x2y0"",""B"":""x3y0+x0y25+x0y26"",""b"":""X"",""d"":24,""excl_opp_detectors"":""True"",""k"":12,""l"":6,""leak_heralds"":""False"",""leak_repump"":""True"",""leakage"":""True"",""loss"":""True"",""m"":30,""n"":360,""p"":0.001,""prllel_1q"":480,""prllel_2q"":120,""r"":20,""repump_cycles"":3,""seq_meas"":""True"",""seq_ops"":""True"",""swapLRC"":""False""}",
         8,         0,         0,   0.154,bposd,12d0a895c1c7d9606c3d9751922fb0f20325cd9c13cbfcbd27b3196db55e86e0,"{""A"":""x0y9+x1y0+x2y0"",""B"":""x3y0+x0y25+x0y26"",""b"":""X"",""d"":24,""excl_opp_detectors"":""True"",""k"":12,""l"":6,""leak_heralds"":""False"",""leak_repump"":""True"",""leakage"":""True"",""loss"":""True"",""m"":30,""n"":360,""p"":0.001,""prllel_1q"":480,""prllel_2q"":120,""r"":20,""repump_cycles"":3,""seq_meas"":""True"",""seq_ops"":""True"",""swapLRC"":""False""}",
         1,         0,         0,   0.066,bposd,3c4eb901d8ffce3fe8833edec93e38bf71e098409fe53b1b0b91b28d03a184fc,"{""A"":""x0y3+x10y0+x17y0"",""B"":""x5y0+x0y3+x0y19"",""b"":""X"",""d"":18,""excl_opp_detectors"":""True"",""k"":16,""l"":9,""leak_heralds"":""False"",""leak_repump"":""True"",""leakage"":""True"",""loss"":""True"",""m"":21,""n"":378,""p"":0.001,""prllel_1q"":336,""prllel_2q"":84,""r"":20,""repump_cycles"":3,""seq_meas"":""True"",""seq_ops"":""True"",""swapLRC"":""False""}",
         4,         0,         0,   0.159,bposd,3c4eb901d8ffce3fe8833edec93e38bf71e098409fe53b1b0b91b28d03a184fc,"{""A"":""x0y3+x10y0+x17y0"",""B"":""x5y0+x0y3+x0y19"",""b"":""X"",""d"":18,""excl_opp_detectors"":""True"",""k"":16,""l"":9,""leak_heralds"":""False"",""leak_repump"":""True"",""leakage"":""True"",""loss"":""True"",""m"":21,""n"":378,""p"":0.001,""prllel_1q"":336,""prllel_2q"":84,""r"":20,""repump_cycles"":3,""seq_meas"":""True"",""seq_ops"":""True"",""swapLRC"":""False""}",
         2,         0,         0,   0.114,bposd,3c4eb901d8ffce3fe8833edec93e38bf71e098409fe53b1b0b91b28d03a184fc,"{""A"":""x0y3+x10y0+x17y0"",""B"":""x5y0+x0y3+x0y19"",""b"":""X"",""d"":18,""excl_opp_detectors"":""True"",""k"":16,""l"":9,""leak_heralds"":""False"",""leak_repump"":""True"",""leakage"":""True"",""loss"":""True"",""m"":21,""n"":378,""p"":0.001,""prllel_1q"":336,""prllel_2q"":84,""r"":20,""repump_cycles"":3,""seq_meas"":""True"",""seq_ops"":""True"",""swapLRC"":""False""}",
         1,         0,         0,   0.067,bposd,12d0a895c1c7d9606c3d9751922fb0f20325cd9c13cbfcbd27b3196db55e86e0,"{""A"":""x0y9+x1y0+x2y0"",""B"":""x3y0+x0y25+x0y26"",""b"":""X"",""d"":24,""excl_opp_detectors"":""True"",""k"":12,""l"":6,""leak_heralds"":""False"",""leak_repump"":""True"",""leakage"":""True"",""loss"":""True"",""m"":30,""n"":360,""p"":0.001,""prllel_1q"":480,""prllel_2q"":120,""r"":20,""repump_cycles"":3,""seq_meas"":""True"",""seq_ops"":""True"",""swapLRC"":""False""}",
         1,         0,         0,   0.061,bposd,3c4eb901d8ffce3fe8833edec93e38bf71e098409fe53b1b0b91b28d03a184fc,"{""A"":""x0y3+x10y0+x17y0"",""B"":""x5y0+x0y3+x0y19"",""b"":""X"",""d"":18,""excl_opp_detectors"":""True"",""k"":16,""l"":9,""leak_heralds"":""False"",""leak_repump"":""True"",""leakage"":""True"",""loss"":""True"",""m"":21,""n"":378,""p"":0.001,""prllel_1q"":336,""prllel_2q"":84,""r"":20,""repump_cycles"":3,""seq_meas"":""True"",""seq_ops"":""True"",""swapLRC"":""False""}",
         1,         0,         0,   0.062,bposd,3c4eb901d8ffce3fe8833edec93e38bf71e098409fe53b1b0b91b28d03a184fc,"{""A"":""x0y3+x10y0+x17y0"",""B"":""x5y0+x0y3+x0y19"",""b"":""X"",""d"":18,""excl_opp_detectors"":""True"",""k"":16,""l"":9,""leak_heralds"":""False"",""leak_repump"":""True"",""leakage"":""True"",""loss"":""True"",""m"":21,""n"":378,""p"":0.001,""prllel_1q"":336,""prllel_2q"":84,""r"":20,""repump_cycles"":3,""seq_meas"":""True"",""seq_ops"":""True"",""swapLRC"":""False""}",
         1,         0,         0,   0.058,bposd,12d0a895c1c7d9606c3d9751922fb0f20325cd9c13cbfcbd27b3196db55e86e0,"{""A"":""x0y9+x1y0+x2y0"",""B"":""x3y0+x0y25+x0y26"",""b"":""X"",""d"":24,""excl_opp_detectors"":""True"",""k"":12,""l"":6,""leak_heralds"":""False"",""leak_repump"":""True"",""leakage"":""True"",""loss"":""True"",""m"":30,""n"":360,""p"":0.001,""prllel_1q"":480,""prllel_2q"":120,""r"":20,""repump_cycles"":3,""seq_meas"":""True"",""seq_ops"":""True"",""swapLRC"":""False""}",
         3,         0,         0,   0.084,bposd,12d0a895c1c7d9606c3d9751922fb0f20325cd9c13cbfcbd27b3196db55e86e0,"{""A"":""x0y9+x1y0+x2y0"",""B"":""x3y0+x0y25+x0y26"",""b"":""X"",""d"":24,""excl_opp_detectors"":""True"",""k"":12,""l"":6,""leak_heralds"":""False"",""leak_repump"":""True"",""leakage"":""True"",""loss"":""True"",""m"":30,""n"":360,""p"":0.001,""prllel_1q"":480,""prllel_2q"":120,""r"":20,""repump_cycles"":3,""seq_meas"":""True"",""seq_ops"":""True"",""swapLRC"":""False""}",
         6,         0,         0,   0.301,bposd,3c4eb901d8ffce3fe8833edec93e38bf71e098409fe53b1b0b91b28d03a184fc,"{""A"":""x0y3+x10y0+x17y0"",""B"":""x5y0+x0y3+x0y19"",""b"":""X"",""d"":18,""excl_opp_detectors"":""True"",""k"":16,""l"":9,""leak_heralds"":""False"",""leak_repump"":""True"",""leakage"":""True"",""loss"":""True"",""m"":21,""n"":378,""p"":0.001,""prllel_1q"":336,""prllel_2q"":84,""r"":20,""repump_cycles"":3,""seq_meas"":""True"",""seq_ops"":""True"",""swapLRC"":""False""}",
         9,         0,         0,   0.221,bposd,12d0a895c1c7d9606c3d9751922fb0f20325cd9c13cbfcbd27b3196db55e86e0,"{""A"":""x0y9+x1y0+x2y0"",""B"":""x3y0+x0y25+x0y26"",""b"":""X"",""d"":24,""excl_opp_detectors"":""True"",""k"":12,""l"":6,""leak_heralds"":""False"",""leak_repump"":""True"",""leakage"":""True"",""loss"":""True"",""m"":30,""n"":360,""p"":0.001,""prllel_1q"":480,""prllel_2q"":120,""r"":20,""repump_cycles"":3,""seq_meas"":""True"",""seq_ops"":""True"",""swapLRC"":""False""}",
         1,         0,         0,   0.065,bposd,3c4eb901d8ffce3fe8833edec93e38bf71e098409fe53b1b0b91b28d03a184fc,"{""A"":""x0y3+x10y0+x17y0"",""B"":""x5y0+x0y3+x0y19"",""b"":""X"",""d"":18,""excl_opp_detectors"":""True"",""k"":16,""l"":9,""leak_heralds"":""False"",""leak_repump"":""True"",""leakage"":""True"",""loss"":""True"",""m"":21,""n"":378,""p"":0.001,""prllel_1q"":336,""prllel_2q"":84,""r"":20,""repump_cycles"":3,""seq_meas"":""True"",""seq_ops"":""True"",""swapLRC"":""False""}",
         1,         0,         0,   0.099,bposd,3c4eb901d8ffce3fe8833edec93e38bf71e098409fe53b1b0b91b28d03a184fc,"{""A"":""x0y3+x10y0+x17y0"",""B"":""x5y0+x0y3+x0y19"",""b"":""X"",""d"":18,""excl_opp_detectors"":""True"",""k"":16,""l"":9,""leak_heralds"":""False"",""leak_repump"":""True"",""leakage"":""True"",""loss"":""True"",""m"":21,""n"":378,""p"":0.001,""prllel_1q"":336,""prllel_2q"":84,""r"":20,""repump_cycles"":3,""seq_meas"":""True"",""seq_ops"":""True"",""swapLRC"":""False""}",
         1,         0,         0,   0.066,bposd,12d0a895c1c7d9606c3d9751922fb0f20325cd9c13cbfcbd27b3196db55e86e0,"{""A"":""x0y9+x1y0+x2y0"",""B"":""x3y0+x0y25+x0y26"",""b"":""X"",""d"":24,""excl_opp_detectors"":""True"",""k"":12,""l"":6,""leak_heralds"":""False"",""leak_repump"":""True"",""leakage"":""True"",""loss"":""True"",""m"":30,""n"":360,""p"":0.001,""prllel_1q"":480,""prllel_2q"":120,""r"":20,""repump_cycles"":3,""seq_meas"":""True"",""seq_ops"":""True"",""swapLRC"":""False""}",
        14,         0,         0,   0.275,bposd,3c4eb901d8ffce3fe8833edec93e38bf71e098409fe53b1b0b91b28d03a184fc,"{""A"":""x0y3+x10y0+x17y0"",""B"":""x5y0+x0y3+x0y19"",""b"":""X"",""d"":18,""excl_opp_detectors"":""True"",""k"":16,""l"":9,""leak_heralds"":""False"",""leak_repump"":""True"",""leakage"":""True"",""loss"":""True"",""m"":21,""n"":378,""p"":0.001,""prllel_1q"":336,""prllel_2q"":84,""r"":20,""repump_cycles"":3,""seq_meas"":""True"",""seq_ops"":""True"",""swapLRC"":""False""}",
         8,         0,         0,   0.203,bposd,3c4eb901d8ffce3fe8833edec93e38bf71e098409fe53b1b0b91b28d03a184fc,"{""A"":""x0y3+x10y0+x17y0"",""B"":""x5y0+x0y3+x0y19"",""b"":""X"",""d"":18,""excl_opp_detectors"":""True"",""k"":16,""l"":9,""leak_heralds"":""False"",""leak_repump"":""True"",""leakage"":""True"",""loss"":""True"",""m"":21,""n"":378,""p"":0.001,""prllel_1q"":336,""prllel_2q"":84,""r"":20,""repump_cycles"":3,""seq_meas"":""True"",""seq_ops"":""True"",""swapLRC"":""False""}",
         6,         0,         0,   0.110,bposd,3c4eb901d8ffce3fe8833edec93e38bf71e098409fe53b1b0b91b28d03a184fc,"{""A"":""x0y3+x10y0+x17y0"",""B"":""x5y0+x0y3+x0y19"",""b"":""X"",""d"":18,""excl_opp_detectors"":""True"",""k"":16,""l"":9,""leak_heralds"":""False"",""leak_repump"":""True"",""leakage"":""True"",""loss"":""True"",""m"":21,""n"":378,""p"":0.001,""prllel_1q"":336,""prllel_2q"":84,""r"":20,""repump_cycles"":3,""seq_meas"":""True"",""seq_ops"":""True"",""swapLRC"":""False""}",
         8,         0,         0,   0.473,bposd,3c4eb901d8ffce3fe8833edec93e38bf71e098409fe53b1b0b91b28d03a184fc,"{""A"":""x0y3+x10y0+x17y0"",""B"":""x5y0+x0y3+x0y19"",""b"":""X"",""d"":18,""excl_opp_detectors"":""True"",""k"":16,""l"":9,""leak_heralds"":""False"",""leak_repump"":""True"",""leakage"":""True"",""loss"":""True"",""m"":21,""n"":378,""p"":0.001,""prllel_1q"":336,""prllel_2q"":84,""r"":20,""repump_cycles"":3,""seq_meas"":""True"",""seq_ops"":""True"",""swapLRC"":""False""}",
        13,         0,         0,   0.224,bposd,3c4eb901d8ffce3fe8833edec93e38bf71e098409fe53b1b0b91b28d03a184fc,"{""A"":""x0y3+x10y0+x17y0"",""B"":""x5y0+x0y3+x0y19"",""b"":""X"",""d"":18,""excl_opp_detectors"":""True"",""k"":16,""l"":9,""leak_heralds"":""False"",""leak_repump"":""True"",""leakage"":""True"",""loss"":""True"",""m"":21,""n"":378,""p"":0.001,""prllel_1q"":336,""prllel_2q"":84,""r"":20,""repump_cycles"":3,""seq_meas"":""True"",""seq_ops"":""True"",""swapLRC"":""False""}",
        13,         0,         0,   0.220,bposd,3c4eb901d8ffce3fe8833edec93e38bf71e098409fe53b1b0b91b28d03a184fc,"{""A"":""x0y3+x10y0+x17y0"",""B"":""x5y0+x0y3+x0y19"",""b"":""X"",""d"":18,""excl_opp_detectors"":""True"",""k"":16,""l"":9,""leak_heralds"":""False"",""leak_repump"":""True"",""leakage"":""True"",""loss"":""True"",""m"":21,""n"":378,""p"":0.001,""prllel_1q"":336,""prllel_2q"":84,""r"":20,""repump_cycles"":3,""seq_meas"":""True"",""seq_ops"":""True"",""swapLRC"":""False""}",
         8,         0,         0,   0.206,bposd,3c4eb901d8ffce3fe8833edec93e38bf71e098409fe53b1b0b91b28d03a184fc,"{""A"":""x0y3+x10y0+x17y0"",""B"":""x5y0+x0y3+x0y19"",""b"":""X"",""d"":18,""excl_opp_detectors"":""True"",""k"":16,""l"":9,""leak_heralds"":""False"",""leak_repump"":""True"",""leakage"":""True"",""loss"":""True"",""m"":21,""n"":378,""p"":0.001,""prllel_1q"":336,""prllel_2q"":84,""r"":20,""repump_cycles"":3,""seq_meas"":""True"",""seq_ops"":""True"",""swapLRC"":""False""}",
        10,         0,         0,   0.162,bposd,3c4eb901d8ffce3fe8833edec93e38bf71e098409fe53b1b0b91b28d03a184fc,"{""A"":""x0y3+x10y0+x17y0"",""B"":""x5y0+x0y3+x0y19"",""b"":""X"",""d"":18,""excl_opp_detectors"":""True"",""k"":16,""l"":9,""leak_heralds"":""False"",""leak_repump"":""True"",""leakage"":""True"",""loss"":""True"",""m"":21,""n"":378,""p"":0.001,""prllel_1q"":336,""prllel_2q"":84,""r"":20,""repump_cycles"":3,""seq_meas"":""True"",""seq_ops"":""True"",""swapLRC"":""False""}",
         3,         0,         0,   0.129,bposd,12d0a895c1c7d9606c3d9751922fb0f20325cd9c13cbfcbd27b3196db55e86e0,"{""A"":""x0y9+x1y0+x2y0"",""B"":""x3y0+x0y25+x0y26"",""b"":""X"",""d"":24,""excl_opp_detectors"":""True"",""k"":12,""l"":6,""leak_heralds"":""False"",""leak_repump"":""True"",""leakage"":""True"",""loss"":""True"",""m"":30,""n"":360,""p"":0.001,""prllel_1q"":480,""prllel_2q"":120,""r"":20,""repump_cycles"":3,""seq_meas"":""True"",""seq_ops"":""True"",""swapLRC"":""False""}",
         1,         0,         0,   0.063,bposd,12d0a895c1c7d9606c3d9751922fb0f20325cd9c13cbfcbd27b3196db55e86e0,"{""A"":""x0y9+x1y0+x2y0"",""B"":""x3y0+x0y25+x0y26"",""b"":""X"",""d"":24,""excl_opp_detectors"":""True"",""k"":12,""l"":6,""leak_heralds"":""False"",""leak_repump"":""True"",""leakage"":""True"",""loss"":""True"",""m"":30,""n"":360,""p"":0.001,""prllel_1q"":480,""prllel_2q"":120,""r"":20,""repump_cycles"":3,""seq_meas"":""True"",""seq_ops"":""True"",""swapLRC"":""False""}",
         8,         0,         0,   0.209,bposd,12d0a895c1c7d9606c3d9751922fb0f20325cd9c13cbfcbd27b3196db55e86e0,"{""A"":""x0y9+x1y0+x2y0"",""B"":""x3y0+x0y25+x0y26"",""b"":""X"",""d"":24,""excl_opp_detectors"":""True"",""k"":12,""l"":6,""leak_heralds"":""False"",""leak_repump"":""True"",""leakage"":""True"",""loss"":""True"",""m"":30,""n"":360,""p"":0.001,""prllel_1q"":480,""prllel_2q"":120,""r"":20,""repump_cycles"":3,""seq_meas"":""True"",""seq_ops"":""True"",""swapLRC"":""False""}",
         1,         0,         0,   0.059,bposd,12d0a895c1c7d9606c3d9751922fb0f20325cd9c13cbfcbd27b3196db55e86e0,"{""A"":""x0y9+x1y0+x2y0"",""B"":""x3y0+x0y25+x0y26"",""b"":""X"",""d"":24,""excl_opp_detectors"":""True"",""k"":12,""l"":6,""leak_heralds"":""False"",""leak_repump"":""True"",""leakage"":""True"",""loss"":""True"",""m"":30,""n"":360,""p"":0.001,""prllel_1q"":480,""prllel_2q"":120,""r"":20,""repump_cycles"":3,""seq_meas"":""True"",""seq_ops"":""True"",""swapLRC"":""False""}",
         1,         0,         0,   0.282,bposd,3c4eb901d8ffce3fe8833edec93e38bf71e098409fe53b1b0b91b28d03a184fc,"{""A"":""x0y3+x10y0+x17y0"",""B"":""x5y0+x0y3+x0y19"",""b"":""X"",""d"":18,""excl_opp_detectors"":""True"",""k"":16,""l"":9,""leak_heralds"":""False"",""leak_repump"":""True"",""leakage"":""True"",""loss"":""True"",""m"":21,""n"":378,""p"":0.001,""prllel_1q"":336,""prllel_2q"":84,""r"":20,""repump_cycles"":3,""seq_meas"":""True"",""seq_ops"":""True"",""swapLRC"":""False""}",
         1,         0,         0,   0.092,bposd,3c4eb901d8ffce3fe8833edec93e38bf71e098409fe53b1b0b91b28d03a184fc,"{""A"":""x0y3+x10y0+x17y0"",""B"":""x5y0+x0y3+x0y19"",""b"":""X"",""d"":18,""excl_opp_detectors"":""True"",""k"":16,""l"":9,""leak_heralds"":""False"",""leak_repump"":""True"",""leakage"":""True"",""loss"":""True"",""m"":21,""n"":378,""p"":0.001,""prllel_1q"":336,""prllel_2q"":84,""r"":20,""repump_cycles"":3,""seq_meas"":""True"",""seq_ops"":""True"",""swapLRC"":""False""}",
         8,         0,         0,   0.172,bposd,12d0a895c1c7d9606c3d9751922fb0f20325cd9c13cbfcbd27b3196db55e86e0,"{""A"":""x0y9+x1y0+x2y0"",""B"":""x3y0+x0y25+x0y26"",""b"":""X"",""d"":24,""excl_opp_detectors"":""True"",""k"":12,""l"":6,""leak_heralds"":""False"",""leak_repump"":""True"",""leakage"":""True"",""loss"":""True"",""m"":30,""n"":360,""p"":0.001,""prllel_1q"":480,""prllel_2q"":120,""r"":20,""repump_cycles"":3,""seq_meas"":""True"",""seq_ops"":""True"",""swapLRC"":""False""}",
         1,         0,         0,   0.074,bposd,3c4eb901d8ffce3fe8833edec93e38bf71e098409fe53b1b0b91b28d03a184fc,"{""A"":""x0y3+x10y0+x17y0"",""B"":""x5y0+x0y3+x0y19"",""b"":""X"",""d"":18,""excl_opp_detectors"":""True"",""k"":16,""l"":9,""leak_heralds"":""False"",""leak_repump"":""True"",""leakage"":""True"",""loss"":""True"",""m"":21,""n"":378,""p"":0.001,""prllel_1q"":336,""prllel_2q"":84,""r"":20,""repump_cycles"":3,""seq_meas"":""True"",""seq_ops"":""True"",""swapLRC"":""False""}",
         5,         0,         0,   0.143,bposd,12d0a895c1c7d9606c3d9751922fb0f20325cd9c13cbfcbd27b3196db55e86e0,"{""A"":""x0y9+x1y0+x2y0"",""B"":""x3y0+x0y25+x0y26"",""b"":""X"",""d"":24,""excl_opp_detectors"":""True"",""k"":12,""l"":6,""leak_heralds"":""False"",""leak_repump"":""True"",""leakage"":""True"",""loss"":""True"",""m"":30,""n"":360,""p"":0.001,""prllel_1q"":480,""prllel_2q"":120,""r"":20,""repump_cycles"":3,""seq_meas"":""True"",""seq_ops"":""True"",""swapLRC"":""False""}",
         8,         0,         0,   0.231,bposd,3c4eb901d8ffce3fe8833edec93e38bf71e098409fe53b1b0b91b28d03a184fc,"{""A"":""x0y3+x10y0+x17y0"",""B"":""x5y0+x0y3+x0y19"",""b"":""X"",""d"":18,""excl_opp_detectors"":""True"",""k"":16,""l"":9,""leak_heralds"":""False"",""leak_repump"":""True"",""leakage"":""True"",""loss"":""True"",""m"":21,""n"":378,""p"":0.001,""prllel_1q"":336,""prllel_2q"":84,""r"":20,""repump_cycles"":3,""seq_meas"":""True"",""seq_ops"":""True"",""swapLRC"":""False""}",
         8,         0,         0,   0.146,bposd,3c4eb901d8ffce3fe8833edec93e38bf71e098409fe53b1b0b91b28d03a184fc,"{""A"":""x0y3+x10y0+x17y0"",""B"":""x5y0+x0y3+x0y19"",""b"":""X"",""d"":18,""excl_opp_detectors"":""True"",""k"":16,""l"":9,""leak_heralds"":""False"",""leak_repump"":""True"",""leakage"":""True"",""loss"":""True"",""m"":21,""n"":378,""p"":0.001,""prllel_1q"":336,""prllel_2q"":84,""r"":20,""repump_cycles"":3,""seq_meas"":""True"",""seq_ops"":""True"",""swapLRC"":""False""}",
         8,         0,         0,   0.166,bposd,12d0a895c1c7d9606c3d9751922fb0f20325cd9c13cbfcbd27b3196db55e86e0,"{""A"":""x0y9+x1y0+x2y0"",""B"":""x3y0+x0y25+x0y26"",""b"":""X"",""d"":24,""excl_opp_detectors"":""True"",""k"":12,""l"":6,""leak_heralds"":""False"",""leak_repump"":""True"",""leakage"":""True"",""loss"":""True"",""m"":30,""n"":360,""p"":0.001,""prllel_1q"":480,""prllel_2q"":120,""r"":20,""repump_cycles"":3,""seq_meas"":""True"",""seq_ops"":""True"",""swapLRC"":""False""}",
        10,         0,         0,   0.288,bposd,12d0a895c1c7d9606c3d9751922fb0f20325cd9c13cbfcbd27b3196db55e86e0,"{""A"":""x0y9+x1y0+x2y0"",""B"":""x3y0+x0y25+x0y26"",""b"":""X"",""d"":24,""excl_opp_detectors"":""True"",""k"":12,""l"":6,""leak_heralds"":""False"",""leak_repump"":""True"",""leakage"":""True"",""loss"":""True"",""m"":30,""n"":360,""p"":0.001,""prllel_1q"":480,""prllel_2q"":120,""r"":20,""repump_cycles"":3,""seq_meas"":""True"",""seq_ops"":""True"",""swapLRC"":""False""}",
         4,         0,         0,   0.081,bposd,3c4eb901d8ffce3fe8833edec93e38bf71e098409fe53b1b0b91b28d03a184fc,"{""A"":""x0y3+x10y0+x17y0"",""B"":""x5y0+x0y3+x0y19"",""b"":""X"",""d"":18,""excl_opp_detectors"":""True"",""k"":16,""l"":9,""leak_heralds"":""False"",""leak_repump"":""True"",""leakage"":""True"",""loss"":""True"",""m"":21,""n"":378,""p"":0.001,""prllel_1q"":336,""prllel_2q"":84,""r"":20,""repump_cycles"":3,""seq_meas"":""True"",""seq_ops"":""True"",""swapLRC"":""False""}",
         8,         0,         0,   0.172,bposd,3c4eb901d8ffce3fe8833edec93e38bf71e098409fe53b1b0b91b28d03a184fc,"{""A"":""x0y3+x10y0+x17y0"",""B"":""x5y0+x0y3+x0y19"",""b"":""X"",""d"":18,""excl_opp_detectors"":""True"",""k"":16,""l"":9,""leak_heralds"":""False"",""leak_repump"":""True"",""leakage"":""True"",""loss"":""True"",""m"":21,""n"":378,""p"":0.001,""prllel_1q"":336,""prllel_2q"":84,""r"":20,""repump_cycles"":3,""seq_meas"":""True"",""seq_ops"":""True"",""swapLRC"":""False""}",
         1,         0,         0,   0.064,bposd,3c4eb901d8ffce3fe8833edec93e38bf71e098409fe53b1b0b91b28d03a184fc,"{""A"":""x0y3+x10y0+x17y0"",""B"":""x5y0+x0y3+x0y19"",""b"":""X"",""d"":18,""excl_opp_detectors"":""True"",""k"":16,""l"":9,""leak_heralds"":""False"",""leak_repump"":""True"",""leakage"":""True"",""loss"":""True"",""m"":21,""n"":378,""p"":0.001,""prllel_1q"":336,""prllel_2q"":84,""r"":20,""repump_cycles"":3,""seq_meas"":""True"",""seq_ops"":""True"",""swapLRC"":""False""}",
        10,         0,         0,   0.183,bposd,3c4eb901d8ffce3fe8833edec93e38bf71e098409fe53b1b0b91b28d03a184fc,"{""A"":""x0y3+x10y0+x17y0"",""B"":""x5y0+x0y3+x0y19"",""b"":""X"",""d"":18,""excl_opp_detectors"":""True"",""k"":16,""l"":9,""leak_heralds"":""False"",""leak_repump"":""True"",""leakage"":""True"",""loss"":""True"",""m"":21,""n"":378,""p"":0.001,""prllel_1q"":336,""prllel_2q"":84,""r"":20,""repump_cycles"":3,""seq_meas"":""True"",""seq_ops"":""True"",""swapLRC"":""False""}",
         1,         0,         0,   0.059,bposd,12d0a895c1c7d9606c3d9751922fb0f20325cd9c13cbfcbd27b3196db55e86e0,"{""A"":""x0y9+x1y0+x2y0"",""B"":""x3y0+x0y25+x0y26"",""b"":""X"",""d"":24,""excl_opp_detectors"":""True"",""k"":12,""l"":6,""leak_heralds"":""False"",""leak_repump"":""True"",""leakage"":""True"",""loss"":""True"",""m"":30,""n"":360,""p"":0.001,""prllel_1q"":480,""prllel_2q"":120,""r"":20,""repump_cycles"":3,""seq_meas"":""True"",""seq_ops"":""True"",""swapLRC"":""False""}",
         1,         0,         0,   0.083,bposd,3c4eb901d8ffce3fe8833edec93e38bf71e098409fe53b1b0b91b28d03a184fc,"{""A"":""x0y3+x10y0+x17y0"",""B"":""x5y0+x0y3+x0y19"",""b"":""X"",""d"":18,""excl_opp_detectors"":""True"",""k"":16,""l"":9,""leak_heralds"":""False"",""leak_repump"":""True"",""leakage"":""True"",""loss"":""True"",""m"":21,""n"":378,""p"":0.001,""prllel_1q"":336,""prllel_2q"":84,""r"":20,""repump_cycles"":3,""seq_meas"":""True"",""seq_ops"":""True"",""swapLRC"":""False""}",
         8,         0,         0,   0.143,bposd,3c4eb901d8ffce3fe8833edec93e38bf71e098409fe53b1b0b91b28d03a184fc,"{""A"":""x0y3+x10y0+x17y0"",""B"":""x5y0+x0y3+x0y19"",""b"":""X"",""d"":18,""excl_opp_detectors"":""True"",""k"":16,""l"":9,""leak_heralds"":""False"",""leak_repump"":""True"",""leakage"":""True"",""loss"":""True"",""m"":21,""n"":378,""p"":0.001,""prllel_1q"":336,""prllel_2q"":84,""r"":20,""repump_cycles"":3,""seq_meas"":""True"",""seq_ops"":""True"",""swapLRC"":""False""}",
         7,         0,         0,   0.138,bposd,12d0a895c1c7d9606c3d9751922fb0f20325cd9c13cbfcbd27b3196db55e86e0,"{""A"":""x0y9+x1y0+x2y0"",""B"":""x3y0+x0y25+x0y26"",""b"":""X"",""d"":24,""excl_opp_detectors"":""True"",""k"":12,""l"":6,""leak_heralds"":""False"",""leak_repump"":""True"",""leakage"":""True"",""loss"":""True"",""m"":30,""n"":360,""p"":0.001,""prllel_1q"":480,""prllel_2q"":120,""r"":20,""repump_cycles"":3,""seq_meas"":""True"",""seq_ops"":""True"",""swapLRC"":""False""}",
         8,         0,         0,   0.160,bposd,12d0a895c1c7d9606c3d9751922fb0f20325cd9c13cbfcbd27b3196db55e86e0,"{""A"":""x0y9+x1y0+x2y0"",""B"":""x3y0+x0y25+x0y26"",""b"":""X"",""d"":24,""excl_opp_detectors"":""True"",""k"":12,""l"":6,""leak_heralds"":""False"",""leak_repump"":""True"",""leakage"":""True"",""loss"":""True"",""m"":30,""n"":360,""p"":0.001,""prllel_1q"":480,""prllel_2q"":120,""r"":20,""repump_cycles"":3,""seq_meas"":""True"",""seq_ops"":""True"",""swapLRC"":""False""}",
         1,         0,         0,   0.067,bposd,12d0a895c1c7d9606c3d9751922fb0f20325cd9c13cbfcbd27b3196db55e86e0,"{""A"":""x0y9+x1y0+x2y0"",""B"":""x3y0+x0y25+x0y26"",""b"":""X"",""d"":24,""excl_opp_detectors"":""True"",""k"":12,""l"":6,""leak_heralds"":""False"",""leak_repump"":""True"",""leakage"":""True"",""loss"":""True"",""m"":30,""n"":360,""p"":0.001,""prllel_1q"":480,""prllel_2q"":120,""r"":20,""repump_cycles"":3,""seq_meas"":""True"",""seq_ops"":""True"",""swapLRC"":""False""}",
        10,         0,         0,   0.247,bposd,12d0a895c1c7d9606c3d9751922fb0f20325cd9c13cbfcbd27b3196db55e86e0,"{""A"":""x0y9+x1y0+x2y0"",""B"":""x3y0+x0y25+x0y26"",""b"":""X"",""d"":24,""excl_opp_detectors"":""True"",""k"":12,""l"":6,""leak_heralds"":""False"",""leak_repump"":""True"",""leakage"":""True"",""loss"":""True"",""m"":30,""n"":360,""p"":0.001,""prllel_1q"":480,""prllel_2q"":120,""r"":20,""repump_cycles"":3,""seq_meas"":""True"",""seq_ops"":""True"",""swapLRC"":""False""}",
         1,         0,         0,   0.076,bposd,12d0a895c1c7d9606c3d9751922fb0f20325cd9c13cbfcbd27b3196db55e86e0,"{""A"":""x0y9+x1y0+x2y0"",""B"":""x3y0+x0y25+x0y26"",""b"":""X"",""d"":24,""excl_opp_detectors"":""True"",""k"":12,""l"":6,""leak_heralds"":""False"",""leak_repump"":""True"",""leakage"":""True"",""loss"":""True"",""m"":30,""n"":360,""p"":0.001,""prllel_1q"":480,""prllel_2q"":120,""r"":20,""repump_cycles"":3,""seq_meas"":""True"",""seq_ops"":""True"",""swapLRC"":""False""}",
         7,         0,         0,   0.161,bposd,12d0a895c1c7d9606c3d9751922fb0f20325cd9c13cbfcbd27b3196db55e86e0,"{""A"":""x0y9+x1y0+x2y0"",""B"":""x3y0+x0y25+x0y26"",""b"":""X"",""d"":24,""excl_opp_detectors"":""True"",""k"":12,""l"":6,""leak_heralds"":""False"",""leak_repump"":""True"",""leakage"":""True"",""loss"":""True"",""m"":30,""n"":360,""p"":0.001,""prllel_1q"":480,""prllel_2q"":120,""r"":20,""repump_cycles"":3,""seq_meas"":""True"",""seq_ops"":""True"",""swapLRC"":""False""}",
         1,         0,         0,   0.064,bposd,3c4eb901d8ffce3fe8833edec93e38bf71e098409fe53b1b0b91b28d03a184fc,"{""A"":""x0y3+x10y0+x17y0"",""B"":""x5y0+x0y3+x0y19"",""b"":""X"",""d"":18,""excl_opp_detectors"":""True"",""k"":16,""l"":9,""leak_heralds"":""False"",""leak_repump"":""True"",""leakage"":""True"",""loss"":""True"",""m"":21,""n"":378,""p"":0.001,""prllel_1q"":336,""prllel_2q"":84,""r"":20,""repump_cycles"":3,""seq_meas"":""True"",""seq_ops"":""True"",""swapLRC"":""False""}",
         2,         0,         0,   0.110,bposd,3c4eb901d8ffce3fe8833edec93e38bf71e098409fe53b1b0b91b28d03a184fc,"{""A"":""x0y3+x10y0+x17y0"",""B"":""x5y0+x0y3+x0y19"",""b"":""X"",""d"":18,""excl_opp_detectors"":""True"",""k"":16,""l"":9,""leak_heralds"":""False"",""leak_repump"":""True"",""leakage"":""True"",""loss"":""True"",""m"":21,""n"":378,""p"":0.001,""prllel_1q"":336,""prllel_2q"":84,""r"":20,""repump_cycles"":3,""seq_meas"":""True"",""seq_ops"":""True"",""swapLRC"":""False""}",
         8,         0,         0,   0.129,bposd,3c4eb901d8ffce3fe8833edec93e38bf71e098409fe53b1b0b91b28d03a184fc,"{""A"":""x0y3+x10y0+x17y0"",""B"":""x5y0+x0y3+x0y19"",""b"":""X"",""d"":18,""excl_opp_detectors"":""True"",""k"":16,""l"":9,""leak_heralds"":""False"",""leak_repump"":""True"",""leakage"":""True"",""loss"":""True"",""m"":21,""n"":378,""p"":0.001,""prllel_1q"":336,""prllel_2q"":84,""r"":20,""repump_cycles"":3,""seq_meas"":""True"",""seq_ops"":""True"",""swapLRC"":""False""}",
         7,         0,         0,   0.123,bposd,3c4eb901d8ffce3fe8833edec93e38bf71e098409fe53b1b0b91b28d03a184fc,"{""A"":""x0y3+x10y0+x17y0"",""B"":""x5y0+x0y3+x0y19"",""b"":""X"",""d"":18,""excl_opp_detectors"":""True"",""k"":16,""l"":9,""leak_heralds"":""False"",""leak_repump"":""True"",""leakage"":""True"",""loss"":""True"",""m"":21,""n"":378,""p"":0.001,""prllel_1q"":336,""prllel_2q"":84,""r"":20,""repump_cycles"":3,""seq_meas"":""True"",""seq_ops"":""True"",""swapLRC"":""False""}",
         5,         0,         0,   0.102,bposd,3c4eb901d8ffce3fe8833edec93e38bf71e098409fe53b1b0b91b28d03a184fc,"{""A"":""x0y3+x10y0+x17y0"",""B"":""x5y0+x0y3+x0y19"",""b"":""X"",""d"":18,""excl_opp_detectors"":""True"",""k"":16,""l"":9,""leak_heralds"":""False"",""leak_repump"":""True"",""leakage"":""True"",""loss"":""True"",""m"":21,""n"":378,""p"":0.001,""prllel_1q"":336,""prllel_2q"":84,""r"":20,""repump_cycles"":3,""seq_meas"":""True"",""seq_ops"":""True"",""swapLRC"":""False""}",
         1,         0,         0,   0.100,bposd,3c4eb901d8ffce3fe8833edec93e38bf71e098409fe53b1b0b91b28d03a184fc,"{""A"":""x0y3+x10y0+x17y0"",""B"":""x5y0+x0y3+x0y19"",""b"":""X"",""d"":18,""excl_opp_detectors"":""True"",""k"":16,""l"":9,""leak_heralds"":""False"",""leak_repump"":""True"",""leakage"":""True"",""loss"":""True"",""m"":21,""n"":378,""p"":0.001,""prllel_1q"":336,""prllel_2q"":84,""r"":20,""repump_cycles"":3,""seq_meas"":""True"",""seq_ops"":""True"",""swapLRC"":""False""}",
         1,         0,         0,   0.069,bposd,3c4eb901d8ffce3fe8833edec93e38bf71e098409fe53b1b0b91b28d03a184fc,"{""A"":""x0y3+x10y0+x17y0"",""B"":""x5y0+x0y3+x0y19"",""b"":""X"",""d"":18,""excl_opp_detectors"":""True"",""k"":16,""l"":9,""leak_heralds"":""False"",""leak_repump"":""True"",""leakage"":""True"",""loss"":""True"",""m"":21,""n"":378,""p"":0.001,""prllel_1q"":336,""prllel_2q"":84,""r"":20,""repump_cycles"":3,""seq_meas"":""True"",""seq_ops"":""True"",""swapLRC"":""False""}",
         4,         0,         0,   0.094,bposd,3c4eb901d8ffce3fe8833edec93e38bf71e098409fe53b1b0b91b28d03a184fc,"{""A"":""x0y3+x10y0+x17y0"",""B"":""x5y0+x0y3+x0y19"",""b"":""X"",""d"":18,""excl_opp_detectors"":""True"",""k"":16,""l"":9,""leak_heralds"":""False"",""leak_repump"":""True"",""leakage"":""True"",""loss"":""True"",""m"":21,""n"":378,""p"":0.001,""prllel_1q"":336,""prllel_2q"":84,""r"":20,""repump_cycles"":3,""seq_meas"":""True"",""seq_ops"":""True"",""swapLRC"":""False""}",
         1,         0,         0,   0.066,bposd,3c4eb901d8ffce3fe8833edec93e38bf71e098409fe53b1b0b91b28d03a184fc,"{""A"":""x0y3+x10y0+x17y0"",""B"":""x5y0+x0y3+x0y19"",""b"":""X"",""d"":18,""excl_opp_detectors"":""True"",""k"":16,""l"":9,""leak_heralds"":""False"",""leak_repump"":""True"",""leakage"":""True"",""loss"":""True"",""m"":21,""n"":378,""p"":0.001,""prllel_1q"":336,""prllel_2q"":84,""r"":20,""repump_cycles"":3,""seq_meas"":""True"",""seq_ops"":""True"",""swapLRC"":""False""}",
         1,         0,         0,   0.060,bposd,12d0a895c1c7d9606c3d9751922fb0f20325cd9c13cbfcbd27b3196db55e86e0,"{""A"":""x0y9+x1y0+x2y0"",""B"":""x3y0+x0y25+x0y26"",""b"":""X"",""d"":24,""excl_opp_detectors"":""True"",""k"":12,""l"":6,""leak_heralds"":""False"",""leak_repump"":""True"",""leakage"":""True"",""loss"":""True"",""m"":30,""n"":360,""p"":0.001,""prllel_1q"":480,""prllel_2q"":120,""r"":20,""repump_cycles"":3,""seq_meas"":""True"",""seq_ops"":""True"",""swapLRC"":""False""}",
         1,         0,         0,   0.073,bposd,3c4eb901d8ffce3fe8833edec93e38bf71e098409fe53b1b0b91b28d03a184fc,"{""A"":""x0y3+x10y0+x17y0"",""B"":""x5y0+x0y3+x0y19"",""b"":""X"",""d"":18,""excl_opp_detectors"":""True"",""k"":16,""l"":9,""leak_heralds"":""False"",""leak_repump"":""True"",""leakage"":""True"",""loss"":""True"",""m"":21,""n"":378,""p"":0.001,""prllel_1q"":336,""prllel_2q"":84,""r"":20,""repump_cycles"":3,""seq_meas"":""True"",""seq_ops"":""True"",""swapLRC"":""False""}",
         1,         0,         0,   0.063,bposd,3c4eb901d8ffce3fe8833edec93e38bf71e098409fe53b1b0b91b28d03a184fc,"{""A"":""x0y3+x10y0+x17y0"",""B"":""x5y0+x0y3+x0y19"",""b"":""X"",""d"":18,""excl_opp_detectors"":""True"",""k"":16,""l"":9,""leak_heralds"":""False"",""leak_repump"":""True"",""leakage"":""True"",""loss"":""True"",""m"":21,""n"":378,""p"":0.001,""prllel_1q"":336,""prllel_2q"":84,""r"":20,""repump_cycles"":3,""seq_meas"":""True"",""seq_ops"":""True"",""swapLRC"":""False""}",
         4,         0,         0,   0.095,bposd,3c4eb901d8ffce3fe8833edec93e38bf71e098409fe53b1b0b91b28d03a184fc,"{""A"":""x0y3+x10y0+x17y0"",""B"":""x5y0+x0y3+x0y19"",""b"":""X"",""d"":18,""excl_opp_detectors"":""True"",""k"":16,""l"":9,""leak_heralds"":""False"",""leak_repump"":""True"",""leakage"":""True"",""loss"":""True"",""m"":21,""n"":378,""p"":0.001,""prllel_1q"":336,""prllel_2q"":84,""r"":20,""repump_cycles"":3,""seq_meas"":""True"",""seq_ops"":""True"",""swapLRC"":""False""}",
         4,         0,         0,   0.110,bposd,3c4eb901d8ffce3fe8833edec93e38bf71e098409fe53b1b0b91b28d03a184fc,"{""A"":""x0y3+x10y0+x17y0"",""B"":""x5y0+x0y3+x0y19"",""b"":""X"",""d"":18,""excl_opp_detectors"":""True"",""k"":16,""l"":9,""leak_heralds"":""False"",""leak_repump"":""True"",""leakage"":""True"",""loss"":""True"",""m"":21,""n"":378,""p"":0.001,""prllel_1q"":336,""prllel_2q"":84,""r"":20,""repump_cycles"":3,""seq_meas"":""True"",""seq_ops"":""True"",""swapLRC"":""False""}",
         8,         0,         0,   0.200,bposd,3c4eb901d8ffce3fe8833edec93e38bf71e098409fe53b1b0b91b28d03a184fc,"{""A"":""x0y3+x10y0+x17y0"",""B"":""x5y0+x0y3+x0y19"",""b"":""X"",""d"":18,""excl_opp_detectors"":""True"",""k"":16,""l"":9,""leak_heralds"":""False"",""leak_repump"":""True"",""leakage"":""True"",""loss"":""True"",""m"":21,""n"":378,""p"":0.001,""prllel_1q"":336,""prllel_2q"":84,""r"":20,""repump_cycles"":3,""seq_meas"":""True"",""seq_ops"":""True"",""swapLRC"":""False""}",
         7,         0,         0,   0.181,bposd,3c4eb901d8ffce3fe8833edec93e38bf71e098409fe53b1b0b91b28d03a184fc,"{""A"":""x0y3+x10y0+x17y0"",""B"":""x5y0+x0y3+x0y19"",""b"":""X"",""d"":18,""excl_opp_detectors"":""True"",""k"":16,""l"":9,""leak_heralds"":""False"",""leak_repump"":""True"",""leakage"":""True"",""loss"":""True"",""m"":21,""n"":378,""p"":0.001,""prllel_1q"":336,""prllel_2q"":84,""r"":20,""repump_cycles"":3,""seq_meas"":""True"",""seq_ops"":""True"",""swapLRC"":""False""}",
         8,         0,         0,   0.145,bposd,3c4eb901d8ffce3fe8833edec93e38bf71e098409fe53b1b0b91b28d03a184fc,"{""A"":""x0y3+x10y0+x17y0"",""B"":""x5y0+x0y3+x0y19"",""b"":""X"",""d"":18,""excl_opp_detectors"":""True"",""k"":16,""l"":9,""leak_heralds"":""False"",""leak_repump"":""True"",""leakage"":""True"",""loss"":""True"",""m"":21,""n"":378,""p"":0.001,""prllel_1q"":336,""prllel_2q"":84,""r"":20,""repump_cycles"":3,""seq_meas"":""True"",""seq_ops"":""True"",""swapLRC"":""False""}",
         8,         0,         0,   0.123,bposd,3c4eb901d8ffce3fe8833edec93e38bf71e098409fe53b1b0b91b28d03a184fc,"{""A"":""x0y3+x10y0+x17y0"",""B"":""x5y0+x0y3+x0y19"",""b"":""X"",""d"":18,""excl_opp_detectors"":""True"",""k"":16,""l"":9,""leak_heralds"":""False"",""leak_repump"":""True"",""leakage"":""True"",""loss"":""True"",""m"":21,""n"":378,""p"":0.001,""prllel_1q"":336,""prllel_2q"":84,""r"":20,""repump_cycles"":3,""seq_meas"":""True"",""seq_ops"":""True"",""swapLRC"":""False""}",
         8,         0,         0,   0.143,bposd,3c4eb901d8ffce3fe8833edec93e38bf71e098409fe53b1b0b91b28d03a184fc,"{""A"":""x0y3+x10y0+x17y0"",""B"":""x5y0+x0y3+x0y19"",""b"":""X"",""d"":18,""excl_opp_detectors"":""True"",""k"":16,""l"":9,""leak_heralds"":""False"",""leak_repump"":""True"",""leakage"":""True"",""loss"":""True"",""m"":21,""n"":378,""p"":0.001,""prllel_1q"":336,""prllel_2q"":84,""r"":20,""repump_cycles"":3,""seq_meas"":""True"",""seq_ops"":""True"",""swapLRC"":""False""}",
         9,         0,         0,   0.164,bposd,3c4eb901d8ffce3fe8833edec93e38bf71e098409fe53b1b0b91b28d03a184fc,"{""A"":""x0y3+x10y0+x17y0"",""B"":""x5y0+x0y3+x0y19"",""b"":""X"",""d"":18,""excl_opp_detectors"":""True"",""k"":16,""l"":9,""leak_heralds"":""False"",""leak_repump"":""True"",""leakage"":""True"",""loss"":""True"",""m"":21,""n"":378,""p"":0.001,""prllel_1q"":336,""prllel_2q"":84,""r"":20,""repump_cycles"":3,""seq_meas"":""True"",""seq_ops"":""True"",""swapLRC"":""False""}",
         8,         0,         0,   0.749,bposd,12d0a895c1c7d9606c3d9751922fb0f20325cd9c13cbfcbd27b3196db55e86e0,"{""A"":""x0y9+x1y0+x2y0"",""B"":""x3y0+x0y25+x0y26"",""b"":""X"",""d"":24,""excl_opp_detectors"":""True"",""k"":12,""l"":6,""leak_heralds"":""False"",""leak_repump"":""True"",""leakage"":""True"",""loss"":""True"",""m"":30,""n"":360,""p"":0.001,""prllel_1q"":480,""prllel_2q"":120,""r"":20,""repump_cycles"":3,""seq_meas"":""True"",""seq_ops"":""True"",""swapLRC"":""False""}",
         2,         0,         0,   0.071,bposd,3c4eb901d8ffce3fe8833edec93e38bf71e098409fe53b1b0b91b28d03a184fc,"{""A"":""x0y3+x10y0+x17y0"",""B"":""x5y0+x0y3+x0y19"",""b"":""X"",""d"":18,""excl_opp_detectors"":""True"",""k"":16,""l"":9,""leak_heralds"":""False"",""leak_repump"":""True"",""leakage"":""True"",""loss"":""True"",""m"":21,""n"":378,""p"":0.001,""prllel_1q"":336,""prllel_2q"":84,""r"":20,""repump_cycles"":3,""seq_meas"":""True"",""seq_ops"":""True"",""swapLRC"":""False""}",
        10,         0,         0,   0.298,bposd,3c4eb901d8ffce3fe8833edec93e38bf71e098409fe53b1b0b91b28d03a184fc,"{""A"":""x0y3+x10y0+x17y0"",""B"":""x5y0+x0y3+x0y19"",""b"":""X"",""d"":18,""excl_opp_detectors"":""True"",""k"":16,""l"":9,""leak_heralds"":""False"",""leak_repump"":""True"",""leakage"":""True"",""loss"":""True"",""m"":21,""n"":378,""p"":0.001,""prllel_1q"":336,""prllel_2q"":84,""r"":20,""repump_cycles"":3,""seq_meas"":""True"",""seq_ops"":""True"",""swapLRC"":""False""}",
         8,         0,         0,    1.66,bposd,12d0a895c1c7d9606c3d9751922fb0f20325cd9c13cbfcbd27b3196db55e86e0,"{""A"":""x0y9+x1y0+x2y0"",""B"":""x3y0+x0y25+x0y26"",""b"":""X"",""d"":24,""excl_opp_detectors"":""True"",""k"":12,""l"":6,""leak_heralds"":""False"",""leak_repump"":""True"",""leakage"":""True"",""loss"":""True"",""m"":30,""n"":360,""p"":0.001,""prllel_1q"":480,""prllel_2q"":120,""r"":20,""repump_cycles"":3,""seq_meas"":""True"",""seq_ops"":""True"",""swapLRC"":""False""}",
         2,         0,         0,   0.080,bposd,3c4eb901d8ffce3fe8833edec93e38bf71e098409fe53b1b0b91b28d03a184fc,"{""A"":""x0y3+x10y0+x17y0"",""B"":""x5y0+x0y3+x0y19"",""b"":""X"",""d"":18,""excl_opp_detectors"":""True"",""k"":16,""l"":9,""leak_heralds"":""False"",""leak_repump"":""True"",""leakage"":""True"",""loss"":""True"",""m"":21,""n"":378,""p"":0.001,""prllel_1q"":336,""prllel_2q"":84,""r"":20,""repump_cycles"":3,""seq_meas"":""True"",""seq_ops"":""True"",""swapLRC"":""False""}",
         1,         0,         0,   0.060,bposd,3c4eb901d8ffce3fe8833edec93e38bf71e098409fe53b1b0b91b28d03a184fc,"{""A"":""x0y3+x10y0+x17y0"",""B"":""x5y0+x0y3+x0y19"",""b"":""X"",""d"":18,""excl_opp_detectors"":""True"",""k"":16,""l"":9,""leak_heralds"":""False"",""leak_repump"":""True"",""leakage"":""True"",""loss"":""True"",""m"":21,""n"":378,""p"":0.001,""prllel_1q"":336,""prllel_2q"":84,""r"":20,""repump_cycles"":3,""seq_meas"":""True"",""seq_ops"":""True"",""swapLRC"":""False""}",
        10,         0,         0,   0.287,bposd,3c4eb901d8ffce3fe8833edec93e38bf71e098409fe53b1b0b91b28d03a184fc,"{""A"":""x0y3+x10y0+x17y0"",""B"":""x5y0+x0y3+x0y19"",""b"":""X"",""d"":18,""excl_opp_detectors"":""True"",""k"":16,""l"":9,""leak_heralds"":""False"",""leak_repump"":""True"",""leakage"":""True"",""loss"":""True"",""m"":21,""n"":378,""p"":0.001,""prllel_1q"":336,""prllel_2q"":84,""r"":20,""repump_cycles"":3,""seq_meas"":""True"",""seq_ops"":""True"",""swapLRC"":""False""}",
         6,         0,         0,   0.135,bposd,3c4eb901d8ffce3fe8833edec93e38bf71e098409fe53b1b0b91b28d03a184fc,"{""A"":""x0y3+x10y0+x17y0"",""B"":""x5y0+x0y3+x0y19"",""b"":""X"",""d"":18,""excl_opp_detectors"":""True"",""k"":16,""l"":9,""leak_heralds"":""False"",""leak_repump"":""True"",""leakage"":""True"",""loss"":""True"",""m"":21,""n"":378,""p"":0.001,""prllel_1q"":336,""prllel_2q"":84,""r"":20,""repump_cycles"":3,""seq_meas"":""True"",""seq_ops"":""True"",""swapLRC"":""False""}",
         1,         0,         0,   0.065,bposd,3c4eb901d8ffce3fe8833edec93e38bf71e098409fe53b1b0b91b28d03a184fc,"{""A"":""x0y3+x10y0+x17y0"",""B"":""x5y0+x0y3+x0y19"",""b"":""X"",""d"":18,""excl_opp_detectors"":""True"",""k"":16,""l"":9,""leak_heralds"":""False"",""leak_repump"":""True"",""leakage"":""True"",""loss"":""True"",""m"":21,""n"":378,""p"":0.001,""prllel_1q"":336,""prllel_2q"":84,""r"":20,""repump_cycles"":3,""seq_meas"":""True"",""seq_ops"":""True"",""swapLRC"":""False""}",
         1,         0,         0,   0.064,bposd,3c4eb901d8ffce3fe8833edec93e38bf71e098409fe53b1b0b91b28d03a184fc,"{""A"":""x0y3+x10y0+x17y0"",""B"":""x5y0+x0y3+x0y19"",""b"":""X"",""d"":18,""excl_opp_detectors"":""True"",""k"":16,""l"":9,""leak_heralds"":""False"",""leak_repump"":""True"",""leakage"":""True"",""loss"":""True"",""m"":21,""n"":378,""p"":0.001,""prllel_1q"":336,""prllel_2q"":84,""r"":20,""repump_cycles"":3,""seq_meas"":""True"",""seq_ops"":""True"",""swapLRC"":""False""}",
         1,         0,         0,   0.060,bposd,3c4eb901d8ffce3fe8833edec93e38bf71e098409fe53b1b0b91b28d03a184fc,"{""A"":""x0y3+x10y0+x17y0"",""B"":""x5y0+x0y3+x0y19"",""b"":""X"",""d"":18,""excl_opp_detectors"":""True"",""k"":16,""l"":9,""leak_heralds"":""False"",""leak_repump"":""True"",""leakage"":""True"",""loss"":""True"",""m"":21,""n"":378,""p"":0.001,""prllel_1q"":336,""prllel_2q"":84,""r"":20,""repump_cycles"":3,""seq_meas"":""True"",""seq_ops"":""True"",""swapLRC"":""False""}",
         1,         0,         0,   0.065,bposd,3c4eb901d8ffce3fe8833edec93e38bf71e098409fe53b1b0b91b28d03a184fc,"{""A"":""x0y3+x10y0+x17y0"",""B"":""x5y0+x0y3+x0y19"",""b"":""X"",""d"":18,""excl_opp_detectors"":""True"",""k"":16,""l"":9,""leak_heralds"":""False"",""leak_repump"":""True"",""leakage"":""True"",""loss"":""True"",""m"":21,""n"":378,""p"":0.001,""prllel_1q"":336,""prllel_2q"":84,""r"":20,""repump_cycles"":3,""seq_meas"":""True"",""seq_ops"":""True"",""swapLRC"":""False""}",
         7,         0,         0,   0.122,bposd,3c4eb901d8ffce3fe8833edec93e38bf71e098409fe53b1b0b91b28d03a184fc,"{""A"":""x0y3+x10y0+x17y0"",""B"":""x5y0+x0y3+x0y19"",""b"":""X"",""d"":18,""excl_opp_detectors"":""True"",""k"":16,""l"":9,""leak_heralds"":""False"",""leak_repump"":""True"",""leakage"":""True"",""loss"":""True"",""m"":21,""n"":378,""p"":0.001,""prllel_1q"":336,""prllel_2q"":84,""r"":20,""repump_cycles"":3,""seq_meas"":""True"",""seq_ops"":""True"",""swapLRC"":""False""}",
        15,         0,         0,    1.14,bposd,12d0a895c1c7d9606c3d9751922fb0f20325cd9c13cbfcbd27b3196db55e86e0,"{""A"":""x0y9+x1y0+x2y0"",""B"":""x3y0+x0y25+x0y26"",""b"":""X"",""d"":24,""excl_opp_detectors"":""True"",""k"":12,""l"":6,""leak_heralds"":""False"",""leak_repump"":""True"",""leakage"":""True"",""loss"":""True"",""m"":30,""n"":360,""p"":0.001,""prllel_1q"":480,""prllel_2q"":120,""r"":20,""repump_cycles"":3,""seq_meas"":""True"",""seq_ops"":""True"",""swapLRC"":""False""}",
         7,         0,         0,   0.122,bposd,3c4eb901d8ffce3fe8833edec93e38bf71e098409fe53b1b0b91b28d03a184fc,"{""A"":""x0y3+x10y0+x17y0"",""B"":""x5y0+x0y3+x0y19"",""b"":""X"",""d"":18,""excl_opp_detectors"":""True"",""k"":16,""l"":9,""leak_heralds"":""False"",""leak_repump"":""True"",""leakage"":""True"",""loss"":""True"",""m"":21,""n"":378,""p"":0.001,""prllel_1q"":336,""prllel_2q"":84,""r"":20,""repump_cycles"":3,""seq_meas"":""True"",""seq_ops"":""True"",""swapLRC"":""False""}",
         7,         0,         0,   0.133,bposd,3c4eb901d8ffce3fe8833edec93e38bf71e098409fe53b1b0b91b28d03a184fc,"{""A"":""x0y3+x10y0+x17y0"",""B"":""x5y0+x0y3+x0y19"",""b"":""X"",""d"":18,""excl_opp_detectors"":""True"",""k"":16,""l"":9,""leak_heralds"":""False"",""leak_repump"":""True"",""leakage"":""True"",""loss"":""True"",""m"":21,""n"":378,""p"":0.001,""prllel_1q"":336,""prllel_2q"":84,""r"":20,""repump_cycles"":3,""seq_meas"":""True"",""seq_ops"":""True"",""swapLRC"":""False""}",
         7,         0,         0,   0.145,bposd,3c4eb901d8ffce3fe8833edec93e38bf71e098409fe53b1b0b91b28d03a184fc,"{""A"":""x0y3+x10y0+x17y0"",""B"":""x5y0+x0y3+x0y19"",""b"":""X"",""d"":18,""excl_opp_detectors"":""True"",""k"":16,""l"":9,""leak_heralds"":""False"",""leak_repump"":""True"",""leakage"":""True"",""loss"":""True"",""m"":21,""n"":378,""p"":0.001,""prllel_1q"":336,""prllel_2q"":84,""r"":20,""repump_cycles"":3,""seq_meas"":""True"",""seq_ops"":""True"",""swapLRC"":""False""}",
         8,         0,         0,   0.203,bposd,3c4eb901d8ffce3fe8833edec93e38bf71e098409fe53b1b0b91b28d03a184fc,"{""A"":""x0y3+x10y0+x17y0"",""B"":""x5y0+x0y3+x0y19"",""b"":""X"",""d"":18,""excl_opp_detectors"":""True"",""k"":16,""l"":9,""leak_heralds"":""False"",""leak_repump"":""True"",""leakage"":""True"",""loss"":""True"",""m"":21,""n"":378,""p"":0.001,""prllel_1q"":336,""prllel_2q"":84,""r"":20,""repump_cycles"":3,""seq_meas"":""True"",""seq_ops"":""True"",""swapLRC"":""False""}",
         5,         0,         0,   0.126,bposd,3c4eb901d8ffce3fe8833edec93e38bf71e098409fe53b1b0b91b28d03a184fc,"{""A"":""x0y3+x10y0+x17y0"",""B"":""x5y0+x0y3+x0y19"",""b"":""X"",""d"":18,""excl_opp_detectors"":""True"",""k"":16,""l"":9,""leak_heralds"":""False"",""leak_repump"":""True"",""leakage"":""True"",""loss"":""True"",""m"":21,""n"":378,""p"":0.001,""prllel_1q"":336,""prllel_2q"":84,""r"":20,""repump_cycles"":3,""seq_meas"":""True"",""seq_ops"":""True"",""swapLRC"":""False""}",
         7,         0,         0,   0.162,bposd,3c4eb901d8ffce3fe8833edec93e38bf71e098409fe53b1b0b91b28d03a184fc,"{""A"":""x0y3+x10y0+x17y0"",""B"":""x5y0+x0y3+x0y19"",""b"":""X"",""d"":18,""excl_opp_detectors"":""True"",""k"":16,""l"":9,""leak_heralds"":""False"",""leak_repump"":""True"",""leakage"":""True"",""loss"":""True"",""m"":21,""n"":378,""p"":0.001,""prllel_1q"":336,""prllel_2q"":84,""r"":20,""repump_cycles"":3,""seq_meas"":""True"",""seq_ops"":""True"",""swapLRC"":""False""}",
         1,         0,         0,   0.075,bposd,12d0a895c1c7d9606c3d9751922fb0f20325cd9c13cbfcbd27b3196db55e86e0,"{""A"":""x0y9+x1y0+x2y0"",""B"":""x3y0+x0y25+x0y26"",""b"":""X"",""d"":24,""excl_opp_detectors"":""True"",""k"":12,""l"":6,""leak_heralds"":""False"",""leak_repump"":""True"",""leakage"":""True"",""loss"":""True"",""m"":30,""n"":360,""p"":0.001,""prllel_1q"":480,""prllel_2q"":120,""r"":20,""repump_cycles"":3,""seq_meas"":""True"",""seq_ops"":""True"",""swapLRC"":""False""}",
         1,         0,         0,   0.070,bposd,3c4eb901d8ffce3fe8833edec93e38bf71e098409fe53b1b0b91b28d03a184fc,"{""A"":""x0y3+x10y0+x17y0"",""B"":""x5y0+x0y3+x0y19"",""b"":""X"",""d"":18,""excl_opp_detectors"":""True"",""k"":16,""l"":9,""leak_heralds"":""False"",""leak_repump"":""True"",""leakage"":""True"",""loss"":""True"",""m"":21,""n"":378,""p"":0.001,""prllel_1q"":336,""prllel_2q"":84,""r"":20,""repump_cycles"":3,""seq_meas"":""True"",""seq_ops"":""True"",""swapLRC"":""False""}",
         4,         0,         0,   0.253,bposd,3c4eb901d8ffce3fe8833edec93e38bf71e098409fe53b1b0b91b28d03a184fc,"{""A"":""x0y3+x10y0+x17y0"",""B"":""x5y0+x0y3+x0y19"",""b"":""X"",""d"":18,""excl_opp_detectors"":""True"",""k"":16,""l"":9,""leak_heralds"":""False"",""leak_repump"":""True"",""leakage"":""True"",""loss"":""True"",""m"":21,""n"":378,""p"":0.001,""prllel_1q"":336,""prllel_2q"":84,""r"":20,""repump_cycles"":3,""seq_meas"":""True"",""seq_ops"":""True"",""swapLRC"":""False""}",
         8,         0,         0,   0.217,bposd,3c4eb901d8ffce3fe8833edec93e38bf71e098409fe53b1b0b91b28d03a184fc,"{""A"":""x0y3+x10y0+x17y0"",""B"":""x5y0+x0y3+x0y19"",""b"":""X"",""d"":18,""excl_opp_detectors"":""True"",""k"":16,""l"":9,""leak_heralds"":""False"",""leak_repump"":""True"",""leakage"":""True"",""loss"":""True"",""m"":21,""n"":378,""p"":0.001,""prllel_1q"":336,""prllel_2q"":84,""r"":20,""repump_cycles"":3,""seq_meas"":""True"",""seq_ops"":""True"",""swapLRC"":""False""}",
         1,         0,         0,   0.061,bposd,3c4eb901d8ffce3fe8833edec93e38bf71e098409fe53b1b0b91b28d03a184fc,"{""A"":""x0y3+x10y0+x17y0"",""B"":""x5y0+x0y3+x0y19"",""b"":""X"",""d"":18,""excl_opp_detectors"":""True"",""k"":16,""l"":9,""leak_heralds"":""False"",""leak_repump"":""True"",""leakage"":""True"",""loss"":""True"",""m"":21,""n"":378,""p"":0.001,""prllel_1q"":336,""prllel_2q"":84,""r"":20,""repump_cycles"":3,""seq_meas"":""True"",""seq_ops"":""True"",""swapLRC"":""False""}",
         4,         0,         0,   0.103,bposd,12d0a895c1c7d9606c3d9751922fb0f20325cd9c13cbfcbd27b3196db55e86e0,"{""A"":""x0y9+x1y0+x2y0"",""B"":""x3y0+x0y25+x0y26"",""b"":""X"",""d"":24,""excl_opp_detectors"":""True"",""k"":12,""l"":6,""leak_heralds"":""False"",""leak_repump"":""True"",""leakage"":""True"",""loss"":""True"",""m"":30,""n"":360,""p"":0.001,""prllel_1q"":480,""prllel_2q"":120,""r"":20,""repump_cycles"":3,""seq_meas"":""True"",""seq_ops"":""True"",""swapLRC"":""False""}",
         3,         0,         0,   0.087,bposd,3c4eb901d8ffce3fe8833edec93e38bf71e098409fe53b1b0b91b28d03a184fc,"{""A"":""x0y3+x10y0+x17y0"",""B"":""x5y0+x0y3+x0y19"",""b"":""X"",""d"":18,""excl_opp_detectors"":""True"",""k"":16,""l"":9,""leak_heralds"":""False"",""leak_repump"":""True"",""leakage"":""True"",""loss"":""True"",""m"":21,""n"":378,""p"":0.001,""prllel_1q"":336,""prllel_2q"":84,""r"":20,""repump_cycles"":3,""seq_meas"":""True"",""seq_ops"":""True"",""swapLRC"":""False""}",
         8,         0,         0,   0.725,bposd,3c4eb901d8ffce3fe8833edec93e38bf71e098409fe53b1b0b91b28d03a184fc,"{""A"":""x0y3+x10y0+x17y0"",""B"":""x5y0+x0y3+x0y19"",""b"":""X"",""d"":18,""excl_opp_detectors"":""True"",""k"":16,""l"":9,""leak_heralds"":""False"",""leak_repump"":""True"",""leakage"":""True"",""loss"":""True"",""m"":21,""n"":378,""p"":0.001,""prllel_1q"":336,""prllel_2q"":84,""r"":20,""repump_cycles"":3,""seq_meas"":""True"",""seq_ops"":""True"",""swapLRC"":""False""}",
         3,         0,         0,   0.102,bposd,12d0a895c1c7d9606c3d9751922fb0f20325cd9c13cbfcbd27b3196db55e86e0,"{""A"":""x0y9+x1y0+x2y0"",""B"":""x3y0+x0y25+x0y26"",""b"":""X"",""d"":24,""excl_opp_detectors"":""True"",""k"":12,""l"":6,""leak_heralds"":""False"",""leak_repump"":""True"",""leakage"":""True"",""loss"":""True"",""m"":30,""n"":360,""p"":0.001,""prllel_1q"":480,""prllel_2q"":120,""r"":20,""repump_cycles"":3,""seq_meas"":""True"",""seq_ops"":""True"",""swapLRC"":""False""}",
         5,         0,         0,   0.103,bposd,3c4eb901d8ffce3fe8833edec93e38bf71e098409fe53b1b0b91b28d03a184fc,"{""A"":""x0y3+x10y0+x17y0"",""B"":""x5y0+x0y3+x0y19"",""b"":""X"",""d"":18,""excl_opp_detectors"":""True"",""k"":16,""l"":9,""leak_heralds"":""False"",""leak_repump"":""True"",""leakage"":""True"",""loss"":""True"",""m"":21,""n"":378,""p"":0.001,""prllel_1q"":336,""prllel_2q"":84,""r"":20,""repump_cycles"":3,""seq_meas"":""True"",""seq_ops"":""True"",""swapLRC"":""False""}",
         3,         0,         0,   0.139,bposd,12d0a895c1c7d9606c3d9751922fb0f20325cd9c13cbfcbd27b3196db55e86e0,"{""A"":""x0y9+x1y0+x2y0"",""B"":""x3y0+x0y25+x0y26"",""b"":""X"",""d"":24,""excl_opp_detectors"":""True"",""k"":12,""l"":6,""leak_heralds"":""False"",""leak_repump"":""True"",""leakage"":""True"",""loss"":""True"",""m"":30,""n"":360,""p"":0.001,""prllel_1q"":480,""prllel_2q"":120,""r"":20,""repump_cycles"":3,""seq_meas"":""True"",""seq_ops"":""True"",""swapLRC"":""False""}",
         5,         0,         0,   0.114,bposd,3c4eb901d8ffce3fe8833edec93e38bf71e098409fe53b1b0b91b28d03a184fc,"{""A"":""x0y3+x10y0+x17y0"",""B"":""x5y0+x0y3+x0y19"",""b"":""X"",""d"":18,""excl_opp_detectors"":""True"",""k"":16,""l"":9,""leak_heralds"":""False"",""leak_repump"":""True"",""leakage"":""True"",""loss"":""True"",""m"":21,""n"":378,""p"":0.001,""prllel_1q"":336,""prllel_2q"":84,""r"":20,""repump_cycles"":3,""seq_meas"":""True"",""seq_ops"":""True"",""swapLRC"":""False""}",
         7,         0,         0,   0.241,bposd,3c4eb901d8ffce3fe8833edec93e38bf71e098409fe53b1b0b91b28d03a184fc,"{""A"":""x0y3+x10y0+x17y0"",""B"":""x5y0+x0y3+x0y19"",""b"":""X"",""d"":18,""excl_opp_detectors"":""True"",""k"":16,""l"":9,""leak_heralds"":""False"",""leak_repump"":""True"",""leakage"":""True"",""loss"":""True"",""m"":21,""n"":378,""p"":0.001,""prllel_1q"":336,""prllel_2q"":84,""r"":20,""repump_cycles"":3,""seq_meas"":""True"",""seq_ops"":""True"",""swapLRC"":""False""}",
         1,         0,         0,   0.080,bposd,3c4eb901d8ffce3fe8833edec93e38bf71e098409fe53b1b0b91b28d03a184fc,"{""A"":""x0y3+x10y0+x17y0"",""B"":""x5y0+x0y3+x0y19"",""b"":""X"",""d"":18,""excl_opp_detectors"":""True"",""k"":16,""l"":9,""leak_heralds"":""False"",""leak_repump"":""True"",""leakage"":""True"",""loss"":""True"",""m"":21,""n"":378,""p"":0.001,""prllel_1q"":336,""prllel_2q"":84,""r"":20,""repump_cycles"":3,""seq_meas"":""True"",""seq_ops"":""True"",""swapLRC"":""False""}",
         3,         0,         0,   0.089,bposd,3c4eb901d8ffce3fe8833edec93e38bf71e098409fe53b1b0b91b28d03a184fc,"{""A"":""x0y3+x10y0+x17y0"",""B"":""x5y0+x0y3+x0y19"",""b"":""X"",""d"":18,""excl_opp_detectors"":""True"",""k"":16,""l"":9,""leak_heralds"":""False"",""leak_repump"":""True"",""leakage"":""True"",""loss"":""True"",""m"":21,""n"":378,""p"":0.001,""prllel_1q"":336,""prllel_2q"":84,""r"":20,""repump_cycles"":3,""seq_meas"":""True"",""seq_ops"":""True"",""swapLRC"":""False""}",
         3,         0,         0,   0.087,bposd,3c4eb901d8ffce3fe8833edec93e38bf71e098409fe53b1b0b91b28d03a184fc,"{""A"":""x0y3+x10y0+x17y0"",""B"":""x5y0+x0y3+x0y19"",""b"":""X"",""d"":18,""excl_opp_detectors"":""True"",""k"":16,""l"":9,""leak_heralds"":""False"",""leak_repump"":""True"",""leakage"":""True"",""loss"":""True"",""m"":21,""n"":378,""p"":0.001,""prllel_1q"":336,""prllel_2q"":84,""r"":20,""repump_cycles"":3,""seq_meas"":""True"",""seq_ops"":""True"",""swapLRC"":""False""}",
         3,         0,         0,   0.097,bposd,3c4eb901d8ffce3fe8833edec93e38bf71e098409fe53b1b0b91b28d03a184fc,"{""A"":""x0y3+x10y0+x17y0"",""B"":""x5y0+x0y3+x0y19"",""b"":""X"",""d"":18,""excl_opp_detectors"":""True"",""k"":16,""l"":9,""leak_heralds"":""False"",""leak_repump"":""True"",""leakage"":""True"",""loss"":""True"",""m"":21,""n"":378,""p"":0.001,""prllel_1q"":336,""prllel_2q"":84,""r"":20,""repump_cycles"":3,""seq_meas"":""True"",""seq_ops"":""True"",""swapLRC"":""False""}",
         3,         0,         0,   0.097,bposd,3c4eb901d8ffce3fe8833edec93e38bf71e098409fe53b1b0b91b28d03a184fc,"{""A"":""x0y3+x10y0+x17y0"",""B"":""x5y0+x0y3+x0y19"",""b"":""X"",""d"":18,""excl_opp_detectors"":""True"",""k"":16,""l"":9,""leak_heralds"":""False"",""leak_repump"":""True"",""leakage"":""True"",""loss"":""True"",""m"":21,""n"":378,""p"":0.001,""prllel_1q"":336,""prllel_2q"":84,""r"":20,""repump_cycles"":3,""seq_meas"":""True"",""seq_ops"":""True"",""swapLRC"":""False""}",
         3,         0,         0,   0.079,bposd,12d0a895c1c7d9606c3d9751922fb0f20325cd9c13cbfcbd27b3196db55e86e0,"{""A"":""x0y9+x1y0+x2y0"",""B"":""x3y0+x0y25+x0y26"",""b"":""X"",""d"":24,""excl_opp_detectors"":""True"",""k"":12,""l"":6,""leak_heralds"":""False"",""leak_repump"":""True"",""leakage"":""True"",""loss"":""True"",""m"":30,""n"":360,""p"":0.001,""prllel_1q"":480,""prllel_2q"":120,""r"":20,""repump_cycles"":3,""seq_meas"":""True"",""seq_ops"":""True"",""swapLRC"":""False""}",
         3,         0,         0,   0.120,bposd,3c4eb901d8ffce3fe8833edec93e38bf71e098409fe53b1b0b91b28d03a184fc,"{""A"":""x0y3+x10y0+x17y0"",""B"":""x5y0+x0y3+x0y19"",""b"":""X"",""d"":18,""excl_opp_detectors"":""True"",""k"":16,""l"":9,""leak_heralds"":""False"",""leak_repump"":""True"",""leakage"":""True"",""loss"":""True"",""m"":21,""n"":378,""p"":0.001,""prllel_1q"":336,""prllel_2q"":84,""r"":20,""repump_cycles"":3,""seq_meas"":""True"",""seq_ops"":""True"",""swapLRC"":""False""}",
         3,         0,         0,   0.100,bposd,12d0a895c1c7d9606c3d9751922fb0f20325cd9c13cbfcbd27b3196db55e86e0,"{""A"":""x0y9+x1y0+x2y0"",""B"":""x3y0+x0y25+x0y26"",""b"":""X"",""d"":24,""excl_opp_detectors"":""True"",""k"":12,""l"":6,""leak_heralds"":""False"",""leak_repump"":""True"",""leakage"":""True"",""loss"":""True"",""m"":30,""n"":360,""p"":0.001,""prllel_1q"":480,""prllel_2q"":120,""r"":20,""repump_cycles"":3,""seq_meas"":""True"",""seq_ops"":""True"",""swapLRC"":""False""}",
         3,         0,         0,   0.127,bposd,3c4eb901d8ffce3fe8833edec93e38bf71e098409fe53b1b0b91b28d03a184fc,"{""A"":""x0y3+x10y0+x17y0"",""B"":""x5y0+x0y3+x0y19"",""b"":""X"",""d"":18,""excl_opp_detectors"":""True"",""k"":16,""l"":9,""leak_heralds"":""False"",""leak_repump"":""True"",""leakage"":""True"",""loss"":""True"",""m"":21,""n"":378,""p"":0.001,""prllel_1q"":336,""prllel_2q"":84,""r"":20,""repump_cycles"":3,""seq_meas"":""True"",""seq_ops"":""True"",""swapLRC"":""False""}",
         3,         0,         0,   0.141,bposd,12d0a895c1c7d9606c3d9751922fb0f20325cd9c13cbfcbd27b3196db55e86e0,"{""A"":""x0y9+x1y0+x2y0"",""B"":""x3y0+x0y25+x0y26"",""b"":""X"",""d"":24,""excl_opp_detectors"":""True"",""k"":12,""l"":6,""leak_heralds"":""False"",""leak_repump"":""True"",""leakage"":""True"",""loss"":""True"",""m"":30,""n"":360,""p"":0.001,""prllel_1q"":480,""prllel_2q"":120,""r"":20,""repump_cycles"":3,""seq_meas"":""True"",""seq_ops"":""True"",""swapLRC"":""False""}",
         3,         0,         0,   0.147,bposd,12d0a895c1c7d9606c3d9751922fb0f20325cd9c13cbfcbd27b3196db55e86e0,"{""A"":""x0y9+x1y0+x2y0"",""B"":""x3y0+x0y25+x0y26"",""b"":""X"",""d"":24,""excl_opp_detectors"":""True"",""k"":12,""l"":6,""leak_heralds"":""False"",""leak_repump"":""True"",""leakage"":""True"",""loss"":""True"",""m"":30,""n"":360,""p"":0.001,""prllel_1q"":480,""prllel_2q"":120,""r"":20,""repump_cycles"":3,""seq_meas"":""True"",""seq_ops"":""True"",""swapLRC"":""False""}",
         4,         0,         0,   0.194,bposd,3c4eb901d8ffce3fe8833edec93e38bf71e098409fe53b1b0b91b28d03a184fc,"{""A"":""x0y3+x10y0+x17y0"",""B"":""x5y0+x0y3+x0y19"",""b"":""X"",""d"":18,""excl_opp_detectors"":""True"",""k"":16,""l"":9,""leak_heralds"":""False"",""leak_repump"":""True"",""leakage"":""True"",""loss"":""True"",""m"":21,""n"":378,""p"":0.001,""prllel_1q"":336,""prllel_2q"":84,""r"":20,""repump_cycles"":3,""seq_meas"":""True"",""seq_ops"":""True"",""swapLRC"":""False""}",
         8,         0,         0,   0.490,bposd,3c4eb901d8ffce3fe8833edec93e38bf71e098409fe53b1b0b91b28d03a184fc,"{""A"":""x0y3+x10y0+x17y0"",""B"":""x5y0+x0y3+x0y19"",""b"":""X"",""d"":18,""excl_opp_detectors"":""True"",""k"":16,""l"":9,""leak_heralds"":""False"",""leak_repump"":""True"",""leakage"":""True"",""loss"":""True"",""m"":21,""n"":378,""p"":0.001,""prllel_1q"":336,""prllel_2q"":84,""r"":20,""repump_cycles"":3,""seq_meas"":""True"",""seq_ops"":""True"",""swapLRC"":""False""}",
         8,         0,         0,   0.969,bposd,12d0a895c1c7d9606c3d9751922fb0f20325cd9c13cbfcbd27b3196db55e86e0,"{""A"":""x0y9+x1y0+x2y0"",""B"":""x3y0+x0y25+x0y26"",""b"":""X"",""d"":24,""excl_opp_detectors"":""True"",""k"":12,""l"":6,""leak_heralds"":""False"",""leak_repump"":""True"",""leakage"":""True"",""loss"":""True"",""m"":30,""n"":360,""p"":0.001,""prllel_1q"":480,""prllel_2q"":120,""r"":20,""repump_cycles"":3,""seq_meas"":""True"",""seq_ops"":""True"",""swapLRC"":""False""}",
         1,         0,         0,   0.058,bposd,12d0a895c1c7d9606c3d9751922fb0f20325cd9c13cbfcbd27b3196db55e86e0,"{""A"":""x0y9+x1y0+x2y0"",""B"":""x3y0+x0y25+x0y26"",""b"":""X"",""d"":24,""excl_opp_detectors"":""True"",""k"":12,""l"":6,""leak_heralds"":""False"",""leak_repump"":""True"",""leakage"":""True"",""loss"":""True"",""m"":30,""n"":360,""p"":0.001,""prllel_1q"":480,""prllel_2q"":120,""r"":20,""repump_cycles"":3,""seq_meas"":""True"",""seq_ops"":""True"",""swapLRC"":""False""}",
         4,         0,         0,   0.096,bposd,12d0a895c1c7d9606c3d9751922fb0f20325cd9c13cbfcbd27b3196db55e86e0,"{""A"":""x0y9+x1y0+x2y0"",""B"":""x3y0+x0y25+x0y26"",""b"":""X"",""d"":24,""excl_opp_detectors"":""True"",""k"":12,""l"":6,""leak_heralds"":""False"",""leak_repump"":""True"",""leakage"":""True"",""loss"":""True"",""m"":30,""n"":360,""p"":0.001,""prllel_1q"":480,""prllel_2q"":120,""r"":20,""repump_cycles"":3,""seq_meas"":""True"",""seq_ops"":""True"",""swapLRC"":""False""}",
         8,         0,         0,    1.32,bposd,12d0a895c1c7d9606c3d9751922fb0f20325cd9c13cbfcbd27b3196db55e86e0,"{""A"":""x0y9+x1y0+x2y0"",""B"":""x3y0+x0y25+x0y26"",""b"":""X"",""d"":24,""excl_opp_detectors"":""True"",""k"":12,""l"":6,""leak_heralds"":""False"",""leak_repump"":""True"",""leakage"":""True"",""loss"":""True"",""m"":30,""n"":360,""p"":0.001,""prllel_1q"":480,""prllel_2q"":120,""r"":20,""repump_cycles"":3,""seq_meas"":""True"",""seq_ops"":""True"",""swapLRC"":""False""}",
         9,         0,         0,    1.27,bposd,12d0a895c1c7d9606c3d9751922fb0f20325cd9c13cbfcbd27b3196db55e86e0,"{""A"":""x0y9+x1y0+x2y0"",""B"":""x3y0+x0y25+x0y26"",""b"":""X"",""d"":24,""excl_opp_detectors"":""True"",""k"":12,""l"":6,""leak_heralds"":""False"",""leak_repump"":""True"",""leakage"":""True"",""loss"":""True"",""m"":30,""n"":360,""p"":0.001,""prllel_1q"":480,""prllel_2q"":120,""r"":20,""repump_cycles"":3,""seq_meas"":""True"",""seq_ops"":""True"",""swapLRC"":""False""}",
         5,         0,         0,    1.05,bposd,12d0a895c1c7d9606c3d9751922fb0f20325cd9c13cbfcbd27b3196db55e86e0,"{""A"":""x0y9+x1y0+x2y0"",""B"":""x3y0+x0y25+x0y26"",""b"":""X"",""d"":24,""excl_opp_detectors"":""True"",""k"":12,""l"":6,""leak_heralds"":""False"",""leak_repump"":""True"",""leakage"":""True"",""loss"":""True"",""m"":30,""n"":360,""p"":0.001,""prllel_1q"":480,""prllel_2q"":120,""r"":20,""repump_cycles"":3,""seq_meas"":""True"",""seq_ops"":""True"",""swapLRC"":""False""}",
        23,         0,         0,    2.03,bposd,12d0a895c1c7d9606c3d9751922fb0f20325cd9c13cbfcbd27b3196db55e86e0,"{""A"":""x0y9+x1y0+x2y0"",""B"":""x3y0+x0y25+x0y26"",""b"":""X"",""d"":24,""excl_opp_detectors"":""True"",""k"":12,""l"":6,""leak_heralds"":""False"",""leak_repump"":""True"",""leakage"":""True"",""loss"":""True"",""m"":30,""n"":360,""p"":0.001,""prllel_1q"":480,""prllel_2q"":120,""r"":20,""repump_cycles"":3,""seq_meas"":""True"",""seq_ops"":""True"",""swapLRC"":""False""}",
         8,         0,         0,    7.75,bposd,3c4eb901d8ffce3fe8833edec93e38bf71e098409fe53b1b0b91b28d03a184fc,"{""A"":""x0y3+x10y0+x17y0"",""B"":""x5y0+x0y3+x0y19"",""b"":""X"",""d"":18,""excl_opp_detectors"":""True"",""k"":16,""l"":9,""leak_heralds"":""False"",""leak_repump"":""True"",""leakage"":""True"",""loss"":""True"",""m"":21,""n"":378,""p"":0.001,""prllel_1q"":336,""prllel_2q"":84,""r"":20,""repump_cycles"":3,""seq_meas"":""True"",""seq_ops"":""True"",""swapLRC"":""False""}",
         1,         0,         0,   0.064,bposd,3c4eb901d8ffce3fe8833edec93e38bf71e098409fe53b1b0b91b28d03a184fc,"{""A"":""x0y3+x10y0+x17y0"",""B"":""x5y0+x0y3+x0y19"",""b"":""X"",""d"":18,""excl_opp_detectors"":""True"",""k"":16,""l"":9,""leak_heralds"":""False"",""leak_repump"":""True"",""leakage"":""True"",""loss"":""True"",""m"":21,""n"":378,""p"":0.001,""prllel_1q"":336,""prllel_2q"":84,""r"":20,""repump_cycles"":3,""seq_meas"":""True"",""seq_ops"":""True"",""swapLRC"":""False""}",
         1,         0,         0,   0.063,bposd,12d0a895c1c7d9606c3d9751922fb0f20325cd9c13cbfcbd27b3196db55e86e0,"{""A"":""x0y9+x1y0+x2y0"",""B"":""x3y0+x0y25+x0y26"",""b"":""X"",""d"":24,""excl_opp_detectors"":""True"",""k"":12,""l"":6,""leak_heralds"":""False"",""leak_repump"":""True"",""leakage"":""True"",""loss"":""True"",""m"":30,""n"":360,""p"":0.001,""prllel_1q"":480,""prllel_2q"":120,""r"":20,""repump_cycles"":3,""seq_meas"":""True"",""seq_ops"":""True"",""swapLRC"":""False""}",
         1,         0,         0,   0.066,bposd,12d0a895c1c7d9606c3d9751922fb0f20325cd9c13cbfcbd27b3196db55e86e0,"{""A"":""x0y9+x1y0+x2y0"",""B"":""x3y0+x0y25+x0y26"",""b"":""X"",""d"":24,""excl_opp_detectors"":""True"",""k"":12,""l"":6,""leak_heralds"":""False"",""leak_repump"":""True"",""leakage"":""True"",""loss"":""True"",""m"":30,""n"":360,""p"":0.001,""prllel_1q"":480,""prllel_2q"":120,""r"":20,""repump_cycles"":3,""seq_meas"":""True"",""seq_ops"":""True"",""swapLRC"":""False""}",
         1,         0,         0,   0.064,bposd,3c4eb901d8ffce3fe8833edec93e38bf71e098409fe53b1b0b91b28d03a184fc,"{""A"":""x0y3+x10y0+x17y0"",""B"":""x5y0+x0y3+x0y19"",""b"":""X"",""d"":18,""excl_opp_detectors"":""True"",""k"":16,""l"":9,""leak_heralds"":""False"",""leak_repump"":""True"",""leakage"":""True"",""loss"":""True"",""m"":21,""n"":378,""p"":0.001,""prllel_1q"":336,""prllel_2q"":84,""r"":20,""repump_cycles"":3,""seq_meas"":""True"",""seq_ops"":""True"",""swapLRC"":""False""}",
         1,         0,         0,   0.062,bposd,12d0a895c1c7d9606c3d9751922fb0f20325cd9c13cbfcbd27b3196db55e86e0,"{""A"":""x0y9+x1y0+x2y0"",""B"":""x3y0+x0y25+x0y26"",""b"":""X"",""d"":24,""excl_opp_detectors"":""True"",""k"":12,""l"":6,""leak_heralds"":""False"",""leak_repump"":""True"",""leakage"":""True"",""loss"":""True"",""m"":30,""n"":360,""p"":0.001,""prllel_1q"":480,""prllel_2q"":120,""r"":20,""repump_cycles"":3,""seq_meas"":""True"",""seq_ops"":""True"",""swapLRC"":""False""}",
         1,         0,         0,   0.062,bposd,12d0a895c1c7d9606c3d9751922fb0f20325cd9c13cbfcbd27b3196db55e86e0,"{""A"":""x0y9+x1y0+x2y0"",""B"":""x3y0+x0y25+x0y26"",""b"":""X"",""d"":24,""excl_opp_detectors"":""True"",""k"":12,""l"":6,""leak_heralds"":""False"",""leak_repump"":""True"",""leakage"":""True"",""loss"":""True"",""m"":30,""n"":360,""p"":0.001,""prllel_1q"":480,""prllel_2q"":120,""r"":20,""repump_cycles"":3,""seq_meas"":""True"",""seq_ops"":""True"",""swapLRC"":""False""}",
         1,         0,         0,   0.062,bposd,3c4eb901d8ffce3fe8833edec93e38bf71e098409fe53b1b0b91b28d03a184fc,"{""A"":""x0y3+x10y0+x17y0"",""B"":""x5y0+x0y3+x0y19"",""b"":""X"",""d"":18,""excl_opp_detectors"":""True"",""k"":16,""l"":9,""leak_heralds"":""False"",""leak_repump"":""True"",""leakage"":""True"",""loss"":""True"",""m"":21,""n"":378,""p"":0.001,""prllel_1q"":336,""prllel_2q"":84,""r"":20,""repump_cycles"":3,""seq_meas"":""True"",""seq_ops"":""True"",""swapLRC"":""False""}",
         1,         0,         0,   0.064,bposd,3c4eb901d8ffce3fe8833edec93e38bf71e098409fe53b1b0b91b28d03a184fc,"{""A"":""x0y3+x10y0+x17y0"",""B"":""x5y0+x0y3+x0y19"",""b"":""X"",""d"":18,""excl_opp_detectors"":""True"",""k"":16,""l"":9,""leak_heralds"":""False"",""leak_repump"":""True"",""leakage"":""True"",""loss"":""True"",""m"":21,""n"":378,""p"":0.001,""prllel_1q"":336,""prllel_2q"":84,""r"":20,""repump_cycles"":3,""seq_meas"":""True"",""seq_ops"":""True"",""swapLRC"":""False""}",
         1,         0,         0,   0.062,bposd,12d0a895c1c7d9606c3d9751922fb0f20325cd9c13cbfcbd27b3196db55e86e0,"{""A"":""x0y9+x1y0+x2y0"",""B"":""x3y0+x0y25+x0y26"",""b"":""X"",""d"":24,""excl_opp_detectors"":""True"",""k"":12,""l"":6,""leak_heralds"":""False"",""leak_repump"":""True"",""leakage"":""True"",""loss"":""True"",""m"":30,""n"":360,""p"":0.001,""prllel_1q"":480,""prllel_2q"":120,""r"":20,""repump_cycles"":3,""seq_meas"":""True"",""seq_ops"":""True"",""swapLRC"":""False""}",
         1,         0,         0,   0.078,bposd,12d0a895c1c7d9606c3d9751922fb0f20325cd9c13cbfcbd27b3196db55e86e0,"{""A"":""x0y9+x1y0+x2y0"",""B"":""x3y0+x0y25+x0y26"",""b"":""X"",""d"":24,""excl_opp_detectors"":""True"",""k"":12,""l"":6,""leak_heralds"":""False"",""leak_repump"":""True"",""leakage"":""True"",""loss"":""True"",""m"":30,""n"":360,""p"":0.001,""prllel_1q"":480,""prllel_2q"":120,""r"":20,""repump_cycles"":3,""seq_meas"":""True"",""seq_ops"":""True"",""swapLRC"":""False""}",
         1,         0,         0,   0.071,bposd,12d0a895c1c7d9606c3d9751922fb0f20325cd9c13cbfcbd27b3196db55e86e0,"{""A"":""x0y9+x1y0+x2y0"",""B"":""x3y0+x0y25+x0y26"",""b"":""X"",""d"":24,""excl_opp_detectors"":""True"",""k"":12,""l"":6,""leak_heralds"":""False"",""leak_repump"":""True"",""leakage"":""True"",""loss"":""True"",""m"":30,""n"":360,""p"":0.001,""prllel_1q"":480,""prllel_2q"":120,""r"":20,""repump_cycles"":3,""seq_meas"":""True"",""seq_ops"":""True"",""swapLRC"":""False""}",
         1,         0,         0,   0.077,bposd,12d0a895c1c7d9606c3d9751922fb0f20325cd9c13cbfcbd27b3196db55e86e0,"{""A"":""x0y9+x1y0+x2y0"",""B"":""x3y0+x0y25+x0y26"",""b"":""X"",""d"":24,""excl_opp_detectors"":""True"",""k"":12,""l"":6,""leak_heralds"":""False"",""leak_repump"":""True"",""leakage"":""True"",""loss"":""True"",""m"":30,""n"":360,""p"":0.001,""prllel_1q"":480,""prllel_2q"":120,""r"":20,""repump_cycles"":3,""seq_meas"":""True"",""seq_ops"":""True"",""swapLRC"":""False""}",
         1,         0,         0,   0.069,bposd,12d0a895c1c7d9606c3d9751922fb0f20325cd9c13cbfcbd27b3196db55e86e0,"{""A"":""x0y9+x1y0+x2y0"",""B"":""x3y0+x0y25+x0y26"",""b"":""X"",""d"":24,""excl_opp_detectors"":""True"",""k"":12,""l"":6,""leak_heralds"":""False"",""leak_repump"":""True"",""leakage"":""True"",""loss"":""True"",""m"":30,""n"":360,""p"":0.001,""prllel_1q"":480,""prllel_2q"":120,""r"":20,""repump_cycles"":3,""seq_meas"":""True"",""seq_ops"":""True"",""swapLRC"":""False""}",
         1,         0,         0,   0.066,bposd,12d0a895c1c7d9606c3d9751922fb0f20325cd9c13cbfcbd27b3196db55e86e0,"{""A"":""x0y9+x1y0+x2y0"",""B"":""x3y0+x0y25+x0y26"",""b"":""X"",""d"":24,""excl_opp_detectors"":""True"",""k"":12,""l"":6,""leak_heralds"":""False"",""leak_repump"":""True"",""leakage"":""True"",""loss"":""True"",""m"":30,""n"":360,""p"":0.001,""prllel_1q"":480,""prllel_2q"":120,""r"":20,""repump_cycles"":3,""seq_meas"":""True"",""seq_ops"":""True"",""swapLRC"":""False""}",
         1,         0,         0,   0.110,bposd,12d0a895c1c7d9606c3d9751922fb0f20325cd9c13cbfcbd27b3196db55e86e0,"{""A"":""x0y9+x1y0+x2y0"",""B"":""x3y0+x0y25+x0y26"",""b"":""X"",""d"":24,""excl_opp_detectors"":""True"",""k"":12,""l"":6,""leak_heralds"":""False"",""leak_repump"":""True"",""leakage"":""True"",""loss"":""True"",""m"":30,""n"":360,""p"":0.001,""prllel_1q"":480,""prllel_2q"":120,""r"":20,""repump_cycles"":3,""seq_meas"":""True"",""seq_ops"":""True"",""swapLRC"":""False""}",
         1,         0,         0,   0.078,bposd,3c4eb901d8ffce3fe8833edec93e38bf71e098409fe53b1b0b91b28d03a184fc,"{""A"":""x0y3+x10y0+x17y0"",""B"":""x5y0+x0y3+x0y19"",""b"":""X"",""d"":18,""excl_opp_detectors"":""True"",""k"":16,""l"":9,""leak_heralds"":""False"",""leak_repump"":""True"",""leakage"":""True"",""loss"":""True"",""m"":21,""n"":378,""p"":0.001,""prllel_1q"":336,""prllel_2q"":84,""r"":20,""repump_cycles"":3,""seq_meas"":""True"",""seq_ops"":""True"",""swapLRC"":""False""}",
         1,         0,         0,   0.081,bposd,3c4eb901d8ffce3fe8833edec93e38bf71e098409fe53b1b0b91b28d03a184fc,"{""A"":""x0y3+x10y0+x17y0"",""B"":""x5y0+x0y3+x0y19"",""b"":""X"",""d"":18,""excl_opp_detectors"":""True"",""k"":16,""l"":9,""leak_heralds"":""False"",""leak_repump"":""True"",""leakage"":""True"",""loss"":""True"",""m"":21,""n"":378,""p"":0.001,""prllel_1q"":336,""prllel_2q"":84,""r"":20,""repump_cycles"":3,""seq_meas"":""True"",""seq_ops"":""True"",""swapLRC"":""False""}",
         4,         0,         0,   0.096,bposd,12d0a895c1c7d9606c3d9751922fb0f20325cd9c13cbfcbd27b3196db55e86e0,"{""A"":""x0y9+x1y0+x2y0"",""B"":""x3y0+x0y25+x0y26"",""b"":""X"",""d"":24,""excl_opp_detectors"":""True"",""k"":12,""l"":6,""leak_heralds"":""False"",""leak_repump"":""True"",""leakage"":""True"",""loss"":""True"",""m"":30,""n"":360,""p"":0.001,""prllel_1q"":480,""prllel_2q"":120,""r"":20,""repump_cycles"":3,""seq_meas"":""True"",""seq_ops"":""True"",""swapLRC"":""False""}",
         1,         0,         0,   0.065,bposd,3c4eb901d8ffce3fe8833edec93e38bf71e098409fe53b1b0b91b28d03a184fc,"{""A"":""x0y3+x10y0+x17y0"",""B"":""x5y0+x0y3+x0y19"",""b"":""X"",""d"":18,""excl_opp_detectors"":""True"",""k"":16,""l"":9,""leak_heralds"":""False"",""leak_repump"":""True"",""leakage"":""True"",""loss"":""True"",""m"":21,""n"":378,""p"":0.001,""prllel_1q"":336,""prllel_2q"":84,""r"":20,""repump_cycles"":3,""seq_meas"":""True"",""seq_ops"":""True"",""swapLRC"":""False""}",
         8,         0,         0,   0.164,bposd,3c4eb901d8ffce3fe8833edec93e38bf71e098409fe53b1b0b91b28d03a184fc,"{""A"":""x0y3+x10y0+x17y0"",""B"":""x5y0+x0y3+x0y19"",""b"":""X"",""d"":18,""excl_opp_detectors"":""True"",""k"":16,""l"":9,""leak_heralds"":""False"",""leak_repump"":""True"",""leakage"":""True"",""loss"":""True"",""m"":21,""n"":378,""p"":0.001,""prllel_1q"":336,""prllel_2q"":84,""r"":20,""repump_cycles"":3,""seq_meas"":""True"",""seq_ops"":""True"",""swapLRC"":""False""}",
         1,         0,         0,   0.066,bposd,3c4eb901d8ffce3fe8833edec93e38bf71e098409fe53b1b0b91b28d03a184fc,"{""A"":""x0y3+x10y0+x17y0"",""B"":""x5y0+x0y3+x0y19"",""b"":""X"",""d"":18,""excl_opp_detectors"":""True"",""k"":16,""l"":9,""leak_heralds"":""False"",""leak_repump"":""True"",""leakage"":""True"",""loss"":""True"",""m"":21,""n"":378,""p"":0.001,""prllel_1q"":336,""prllel_2q"":84,""r"":20,""repump_cycles"":3,""seq_meas"":""True"",""seq_ops"":""True"",""swapLRC"":""False""}",
         8,         0,         0,   0.148,bposd,3c4eb901d8ffce3fe8833edec93e38bf71e098409fe53b1b0b91b28d03a184fc,"{""A"":""x0y3+x10y0+x17y0"",""B"":""x5y0+x0y3+x0y19"",""b"":""X"",""d"":18,""excl_opp_detectors"":""True"",""k"":16,""l"":9,""leak_heralds"":""False"",""leak_repump"":""True"",""leakage"":""True"",""loss"":""True"",""m"":21,""n"":378,""p"":0.001,""prllel_1q"":336,""prllel_2q"":84,""r"":20,""repump_cycles"":3,""seq_meas"":""True"",""seq_ops"":""True"",""swapLRC"":""False""}",
         1,         0,         0,   0.079,bposd,12d0a895c1c7d9606c3d9751922fb0f20325cd9c13cbfcbd27b3196db55e86e0,"{""A"":""x0y9+x1y0+x2y0"",""B"":""x3y0+x0y25+x0y26"",""b"":""X"",""d"":24,""excl_opp_detectors"":""True"",""k"":12,""l"":6,""leak_heralds"":""False"",""leak_repump"":""True"",""leakage"":""True"",""loss"":""True"",""m"":30,""n"":360,""p"":0.001,""prllel_1q"":480,""prllel_2q"":120,""r"":20,""repump_cycles"":3,""seq_meas"":""True"",""seq_ops"":""True"",""swapLRC"":""False""}",
         8,         0,         0,   0.148,bposd,3c4eb901d8ffce3fe8833edec93e38bf71e098409fe53b1b0b91b28d03a184fc,"{""A"":""x0y3+x10y0+x17y0"",""B"":""x5y0+x0y3+x0y19"",""b"":""X"",""d"":18,""excl_opp_detectors"":""True"",""k"":16,""l"":9,""leak_heralds"":""False"",""leak_repump"":""True"",""leakage"":""True"",""loss"":""True"",""m"":21,""n"":378,""p"":0.001,""prllel_1q"":336,""prllel_2q"":84,""r"":20,""repump_cycles"":3,""seq_meas"":""True"",""seq_ops"":""True"",""swapLRC"":""False""}",
         4,         0,         0,   0.130,bposd,12d0a895c1c7d9606c3d9751922fb0f20325cd9c13cbfcbd27b3196db55e86e0,"{""A"":""x0y9+x1y0+x2y0"",""B"":""x3y0+x0y25+x0y26"",""b"":""X"",""d"":24,""excl_opp_detectors"":""True"",""k"":12,""l"":6,""leak_heralds"":""False"",""leak_repump"":""True"",""leakage"":""True"",""loss"":""True"",""m"":30,""n"":360,""p"":0.001,""prllel_1q"":480,""prllel_2q"":120,""r"":20,""repump_cycles"":3,""seq_meas"":""True"",""seq_ops"":""True"",""swapLRC"":""False""}",
         8,         0,         0,   0.169,bposd,12d0a895c1c7d9606c3d9751922fb0f20325cd9c13cbfcbd27b3196db55e86e0,"{""A"":""x0y9+x1y0+x2y0"",""B"":""x3y0+x0y25+x0y26"",""b"":""X"",""d"":24,""excl_opp_detectors"":""True"",""k"":12,""l"":6,""leak_heralds"":""False"",""leak_repump"":""True"",""leakage"":""True"",""loss"":""True"",""m"":30,""n"":360,""p"":0.001,""prllel_1q"":480,""prllel_2q"":120,""r"":20,""repump_cycles"":3,""seq_meas"":""True"",""seq_ops"":""True"",""swapLRC"":""False""}",
         1,         0,         0,   0.061,bposd,12d0a895c1c7d9606c3d9751922fb0f20325cd9c13cbfcbd27b3196db55e86e0,"{""A"":""x0y9+x1y0+x2y0"",""B"":""x3y0+x0y25+x0y26"",""b"":""X"",""d"":24,""excl_opp_detectors"":""True"",""k"":12,""l"":6,""leak_heralds"":""False"",""leak_repump"":""True"",""leakage"":""True"",""loss"":""True"",""m"":30,""n"":360,""p"":0.001,""prllel_1q"":480,""prllel_2q"":120,""r"":20,""repump_cycles"":3,""seq_meas"":""True"",""seq_ops"":""True"",""swapLRC"":""False""}",
         4,         0,         0,   0.122,bposd,3c4eb901d8ffce3fe8833edec93e38bf71e098409fe53b1b0b91b28d03a184fc,"{""A"":""x0y3+x10y0+x17y0"",""B"":""x5y0+x0y3+x0y19"",""b"":""X"",""d"":18,""excl_opp_detectors"":""True"",""k"":16,""l"":9,""leak_heralds"":""False"",""leak_repump"":""True"",""leakage"":""True"",""loss"":""True"",""m"":21,""n"":378,""p"":0.001,""prllel_1q"":336,""prllel_2q"":84,""r"":20,""repump_cycles"":3,""seq_meas"":""True"",""seq_ops"":""True"",""swapLRC"":""False""}",
         4,         0,         0,   0.130,bposd,3c4eb901d8ffce3fe8833edec93e38bf71e098409fe53b1b0b91b28d03a184fc,"{""A"":""x0y3+x10y0+x17y0"",""B"":""x5y0+x0y3+x0y19"",""b"":""X"",""d"":18,""excl_opp_detectors"":""True"",""k"":16,""l"":9,""leak_heralds"":""False"",""leak_repump"":""True"",""leakage"":""True"",""loss"":""True"",""m"":21,""n"":378,""p"":0.001,""prllel_1q"":336,""prllel_2q"":84,""r"":20,""repump_cycles"":3,""seq_meas"":""True"",""seq_ops"":""True"",""swapLRC"":""False""}",
         8,         0,         0,   0.212,bposd,12d0a895c1c7d9606c3d9751922fb0f20325cd9c13cbfcbd27b3196db55e86e0,"{""A"":""x0y9+x1y0+x2y0"",""B"":""x3y0+x0y25+x0y26"",""b"":""X"",""d"":24,""excl_opp_detectors"":""True"",""k"":12,""l"":6,""leak_heralds"":""False"",""leak_repump"":""True"",""leakage"":""True"",""loss"":""True"",""m"":30,""n"":360,""p"":0.001,""prllel_1q"":480,""prllel_2q"":120,""r"":20,""repump_cycles"":3,""seq_meas"":""True"",""seq_ops"":""True"",""swapLRC"":""False""}",
         8,         0,         0,   0.215,bposd,12d0a895c1c7d9606c3d9751922fb0f20325cd9c13cbfcbd27b3196db55e86e0,"{""A"":""x0y9+x1y0+x2y0"",""B"":""x3y0+x0y25+x0y26"",""b"":""X"",""d"":24,""excl_opp_detectors"":""True"",""k"":12,""l"":6,""leak_heralds"":""False"",""leak_repump"":""True"",""leakage"":""True"",""loss"":""True"",""m"":30,""n"":360,""p"":0.001,""prllel_1q"":480,""prllel_2q"":120,""r"":20,""repump_cycles"":3,""seq_meas"":""True"",""seq_ops"":""True"",""swapLRC"":""False""}",
         8,         0,         0,   0.214,bposd,12d0a895c1c7d9606c3d9751922fb0f20325cd9c13cbfcbd27b3196db55e86e0,"{""A"":""x0y9+x1y0+x2y0"",""B"":""x3y0+x0y25+x0y26"",""b"":""X"",""d"":24,""excl_opp_detectors"":""True"",""k"":12,""l"":6,""leak_heralds"":""False"",""leak_repump"":""True"",""leakage"":""True"",""loss"":""True"",""m"":30,""n"":360,""p"":0.001,""prllel_1q"":480,""prllel_2q"":120,""r"":20,""repump_cycles"":3,""seq_meas"":""True"",""seq_ops"":""True"",""swapLRC"":""False""}",
         8,         0,         0,   0.234,bposd,12d0a895c1c7d9606c3d9751922fb0f20325cd9c13cbfcbd27b3196db55e86e0,"{""A"":""x0y9+x1y0+x2y0"",""B"":""x3y0+x0y25+x0y26"",""b"":""X"",""d"":24,""excl_opp_detectors"":""True"",""k"":12,""l"":6,""leak_heralds"":""False"",""leak_repump"":""True"",""leakage"":""True"",""loss"":""True"",""m"":30,""n"":360,""p"":0.001,""prllel_1q"":480,""prllel_2q"":120,""r"":20,""repump_cycles"":3,""seq_meas"":""True"",""seq_ops"":""True"",""swapLRC"":""False""}",
         8,         0,         0,   0.200,bposd,12d0a895c1c7d9606c3d9751922fb0f20325cd9c13cbfcbd27b3196db55e86e0,"{""A"":""x0y9+x1y0+x2y0"",""B"":""x3y0+x0y25+x0y26"",""b"":""X"",""d"":24,""excl_opp_detectors"":""True"",""k"":12,""l"":6,""leak_heralds"":""False"",""leak_repump"":""True"",""leakage"":""True"",""loss"":""True"",""m"":30,""n"":360,""p"":0.001,""prllel_1q"":480,""prllel_2q"":120,""r"":20,""repump_cycles"":3,""seq_meas"":""True"",""seq_ops"":""True"",""swapLRC"":""False""}",
         4,         0,         0,   0.108,bposd,12d0a895c1c7d9606c3d9751922fb0f20325cd9c13cbfcbd27b3196db55e86e0,"{""A"":""x0y9+x1y0+x2y0"",""B"":""x3y0+x0y25+x0y26"",""b"":""X"",""d"":24,""excl_opp_detectors"":""True"",""k"":12,""l"":6,""leak_heralds"":""False"",""leak_repump"":""True"",""leakage"":""True"",""loss"":""True"",""m"":30,""n"":360,""p"":0.001,""prllel_1q"":480,""prllel_2q"":120,""r"":20,""repump_cycles"":3,""seq_meas"":""True"",""seq_ops"":""True"",""swapLRC"":""False""}",
         8,         0,         0,   0.260,bposd,12d0a895c1c7d9606c3d9751922fb0f20325cd9c13cbfcbd27b3196db55e86e0,"{""A"":""x0y9+x1y0+x2y0"",""B"":""x3y0+x0y25+x0y26"",""b"":""X"",""d"":24,""excl_opp_detectors"":""True"",""k"":12,""l"":6,""leak_heralds"":""False"",""leak_repump"":""True"",""leakage"":""True"",""loss"":""True"",""m"":30,""n"":360,""p"":0.001,""prllel_1q"":480,""prllel_2q"":120,""r"":20,""repump_cycles"":3,""seq_meas"":""True"",""seq_ops"":""True"",""swapLRC"":""False""}",
         8,         0,         0,   0.240,bposd,12d0a895c1c7d9606c3d9751922fb0f20325cd9c13cbfcbd27b3196db55e86e0,"{""A"":""x0y9+x1y0+x2y0"",""B"":""x3y0+x0y25+x0y26"",""b"":""X"",""d"":24,""excl_opp_detectors"":""True"",""k"":12,""l"":6,""leak_heralds"":""False"",""leak_repump"":""True"",""leakage"":""True"",""loss"":""True"",""m"":30,""n"":360,""p"":0.001,""prllel_1q"":480,""prllel_2q"":120,""r"":20,""repump_cycles"":3,""seq_meas"":""True"",""seq_ops"":""True"",""swapLRC"":""False""}",
         1,         0,         0,   0.075,bposd,12d0a895c1c7d9606c3d9751922fb0f20325cd9c13cbfcbd27b3196db55e86e0,"{""A"":""x0y9+x1y0+x2y0"",""B"":""x3y0+x0y25+x0y26"",""b"":""X"",""d"":24,""excl_opp_detectors"":""True"",""k"":12,""l"":6,""leak_heralds"":""False"",""leak_repump"":""True"",""leakage"":""True"",""loss"":""True"",""m"":30,""n"":360,""p"":0.001,""prllel_1q"":480,""prllel_2q"":120,""r"":20,""repump_cycles"":3,""seq_meas"":""True"",""seq_ops"":""True"",""swapLRC"":""False""}",
         1,         0,         0,   0.066,bposd,3c4eb901d8ffce3fe8833edec93e38bf71e098409fe53b1b0b91b28d03a184fc,"{""A"":""x0y3+x10y0+x17y0"",""B"":""x5y0+x0y3+x0y19"",""b"":""X"",""d"":18,""excl_opp_detectors"":""True"",""k"":16,""l"":9,""leak_heralds"":""False"",""leak_repump"":""True"",""leakage"":""True"",""loss"":""True"",""m"":21,""n"":378,""p"":0.001,""prllel_1q"":336,""prllel_2q"":84,""r"":20,""repump_cycles"":3,""seq_meas"":""True"",""seq_ops"":""True"",""swapLRC"":""False""}",
         1,         0,         0,   0.068,bposd,12d0a895c1c7d9606c3d9751922fb0f20325cd9c13cbfcbd27b3196db55e86e0,"{""A"":""x0y9+x1y0+x2y0"",""B"":""x3y0+x0y25+x0y26"",""b"":""X"",""d"":24,""excl_opp_detectors"":""True"",""k"":12,""l"":6,""leak_heralds"":""False"",""leak_repump"":""True"",""leakage"":""True"",""loss"":""True"",""m"":30,""n"":360,""p"":0.001,""prllel_1q"":480,""prllel_2q"":120,""r"":20,""repump_cycles"":3,""seq_meas"":""True"",""seq_ops"":""True"",""swapLRC"":""False""}",
         8,         0,         0,   0.312,bposd,3c4eb901d8ffce3fe8833edec93e38bf71e098409fe53b1b0b91b28d03a184fc,"{""A"":""x0y3+x10y0+x17y0"",""B"":""x5y0+x0y3+x0y19"",""b"":""X"",""d"":18,""excl_opp_detectors"":""True"",""k"":16,""l"":9,""leak_heralds"":""False"",""leak_repump"":""True"",""leakage"":""True"",""loss"":""True"",""m"":21,""n"":378,""p"":0.001,""prllel_1q"":336,""prllel_2q"":84,""r"":20,""repump_cycles"":3,""seq_meas"":""True"",""seq_ops"":""True"",""swapLRC"":""False""}",
         8,         0,         0,   0.162,bposd,12d0a895c1c7d9606c3d9751922fb0f20325cd9c13cbfcbd27b3196db55e86e0,"{""A"":""x0y9+x1y0+x2y0"",""B"":""x3y0+x0y25+x0y26"",""b"":""X"",""d"":24,""excl_opp_detectors"":""True"",""k"":12,""l"":6,""leak_heralds"":""False"",""leak_repump"":""True"",""leakage"":""True"",""loss"":""True"",""m"":30,""n"":360,""p"":0.001,""prllel_1q"":480,""prllel_2q"":120,""r"":20,""repump_cycles"":3,""seq_meas"":""True"",""seq_ops"":""True"",""swapLRC"":""False""}",
         8,         0,         0,   0.218,bposd,3c4eb901d8ffce3fe8833edec93e38bf71e098409fe53b1b0b91b28d03a184fc,"{""A"":""x0y3+x10y0+x17y0"",""B"":""x5y0+x0y3+x0y19"",""b"":""X"",""d"":18,""excl_opp_detectors"":""True"",""k"":16,""l"":9,""leak_heralds"":""False"",""leak_repump"":""True"",""leakage"":""True"",""loss"":""True"",""m"":21,""n"":378,""p"":0.001,""prllel_1q"":336,""prllel_2q"":84,""r"":20,""repump_cycles"":3,""seq_meas"":""True"",""seq_ops"":""True"",""swapLRC"":""False""}",
         1,         0,         0,   0.058,bposd,12d0a895c1c7d9606c3d9751922fb0f20325cd9c13cbfcbd27b3196db55e86e0,"{""A"":""x0y9+x1y0+x2y0"",""B"":""x3y0+x0y25+x0y26"",""b"":""X"",""d"":24,""excl_opp_detectors"":""True"",""k"":12,""l"":6,""leak_heralds"":""False"",""leak_repump"":""True"",""leakage"":""True"",""loss"":""True"",""m"":30,""n"":360,""p"":0.001,""prllel_1q"":480,""prllel_2q"":120,""r"":20,""repump_cycles"":3,""seq_meas"":""True"",""seq_ops"":""True"",""swapLRC"":""False""}",
         1,         0,         0,   0.072,bposd,3c4eb901d8ffce3fe8833edec93e38bf71e098409fe53b1b0b91b28d03a184fc,"{""A"":""x0y3+x10y0+x17y0"",""B"":""x5y0+x0y3+x0y19"",""b"":""X"",""d"":18,""excl_opp_detectors"":""True"",""k"":16,""l"":9,""leak_heralds"":""False"",""leak_repump"":""True"",""leakage"":""True"",""loss"":""True"",""m"":21,""n"":378,""p"":0.001,""prllel_1q"":336,""prllel_2q"":84,""r"":20,""repump_cycles"":3,""seq_meas"":""True"",""seq_ops"":""True"",""swapLRC"":""False""}",
         1,         0,         0,   0.062,bposd,12d0a895c1c7d9606c3d9751922fb0f20325cd9c13cbfcbd27b3196db55e86e0,"{""A"":""x0y9+x1y0+x2y0"",""B"":""x3y0+x0y25+x0y26"",""b"":""X"",""d"":24,""excl_opp_detectors"":""True"",""k"":12,""l"":6,""leak_heralds"":""False"",""leak_repump"":""True"",""leakage"":""True"",""loss"":""True"",""m"":30,""n"":360,""p"":0.001,""prllel_1q"":480,""prllel_2q"":120,""r"":20,""repump_cycles"":3,""seq_meas"":""True"",""seq_ops"":""True"",""swapLRC"":""False""}",
         4,         0,         0,   0.095,bposd,12d0a895c1c7d9606c3d9751922fb0f20325cd9c13cbfcbd27b3196db55e86e0,"{""A"":""x0y9+x1y0+x2y0"",""B"":""x3y0+x0y25+x0y26"",""b"":""X"",""d"":24,""excl_opp_detectors"":""True"",""k"":12,""l"":6,""leak_heralds"":""False"",""leak_repump"":""True"",""leakage"":""True"",""loss"":""True"",""m"":30,""n"":360,""p"":0.001,""prllel_1q"":480,""prllel_2q"":120,""r"":20,""repump_cycles"":3,""seq_meas"":""True"",""seq_ops"":""True"",""swapLRC"":""False""}",
         4,         0,         0,   0.356,bposd,12d0a895c1c7d9606c3d9751922fb0f20325cd9c13cbfcbd27b3196db55e86e0,"{""A"":""x0y9+x1y0+x2y0"",""B"":""x3y0+x0y25+x0y26"",""b"":""X"",""d"":24,""excl_opp_detectors"":""True"",""k"":12,""l"":6,""leak_heralds"":""False"",""leak_repump"":""True"",""leakage"":""True"",""loss"":""True"",""m"":30,""n"":360,""p"":0.001,""prllel_1q"":480,""prllel_2q"":120,""r"":20,""repump_cycles"":3,""seq_meas"":""True"",""seq_ops"":""True"",""swapLRC"":""False""}",
         1,         0,         0,   0.062,bposd,12d0a895c1c7d9606c3d9751922fb0f20325cd9c13cbfcbd27b3196db55e86e0,"{""A"":""x0y9+x1y0+x2y0"",""B"":""x3y0+x0y25+x0y26"",""b"":""X"",""d"":24,""excl_opp_detectors"":""True"",""k"":12,""l"":6,""leak_heralds"":""False"",""leak_repump"":""True"",""leakage"":""True"",""loss"":""True"",""m"":30,""n"":360,""p"":0.001,""prllel_1q"":480,""prllel_2q"":120,""r"":20,""repump_cycles"":3,""seq_meas"":""True"",""seq_ops"":""True"",""swapLRC"":""False""}",
         1,         0,         0,   0.064,bposd,3c4eb901d8ffce3fe8833edec93e38bf71e098409fe53b1b0b91b28d03a184fc,"{""A"":""x0y3+x10y0+x17y0"",""B"":""x5y0+x0y3+x0y19"",""b"":""X"",""d"":18,""excl_opp_detectors"":""True"",""k"":16,""l"":9,""leak_heralds"":""False"",""leak_repump"":""True"",""leakage"":""True"",""loss"":""True"",""m"":21,""n"":378,""p"":0.001,""prllel_1q"":336,""prllel_2q"":84,""r"":20,""repump_cycles"":3,""seq_meas"":""True"",""seq_ops"":""True"",""swapLRC"":""False""}",
        16,         0,         0,   0.320,bposd,3c4eb901d8ffce3fe8833edec93e38bf71e098409fe53b1b0b91b28d03a184fc,"{""A"":""x0y3+x10y0+x17y0"",""B"":""x5y0+x0y3+x0y19"",""b"":""X"",""d"":18,""excl_opp_detectors"":""True"",""k"":16,""l"":9,""leak_heralds"":""False"",""leak_repump"":""True"",""leakage"":""True"",""loss"":""True"",""m"":21,""n"":378,""p"":0.001,""prllel_1q"":336,""prllel_2q"":84,""r"":20,""repump_cycles"":3,""seq_meas"":""True"",""seq_ops"":""True"",""swapLRC"":""False""}",
         1,         0,         0,   0.068,bposd,3c4eb901d8ffce3fe8833edec93e38bf71e098409fe53b1b0b91b28d03a184fc,"{""A"":""x0y3+x10y0+x17y0"",""B"":""x5y0+x0y3+x0y19"",""b"":""X"",""d"":18,""excl_opp_detectors"":""True"",""k"":16,""l"":9,""leak_heralds"":""False"",""leak_repump"":""True"",""leakage"":""True"",""loss"":""True"",""m"":21,""n"":378,""p"":0.001,""prllel_1q"":336,""prllel_2q"":84,""r"":20,""repump_cycles"":3,""seq_meas"":""True"",""seq_ops"":""True"",""swapLRC"":""False""}",
         8,         0,         0,   0.176,bposd,3c4eb901d8ffce3fe8833edec93e38bf71e098409fe53b1b0b91b28d03a184fc,"{""A"":""x0y3+x10y0+x17y0"",""B"":""x5y0+x0y3+x0y19"",""b"":""X"",""d"":18,""excl_opp_detectors"":""True"",""k"":16,""l"":9,""leak_heralds"":""False"",""leak_repump"":""True"",""leakage"":""True"",""loss"":""True"",""m"":21,""n"":378,""p"":0.001,""prllel_1q"":336,""prllel_2q"":84,""r"":20,""repump_cycles"":3,""seq_meas"":""True"",""seq_ops"":""True"",""swapLRC"":""False""}",
        16,         0,         0,   0.281,bposd,12d0a895c1c7d9606c3d9751922fb0f20325cd9c13cbfcbd27b3196db55e86e0,"{""A"":""x0y9+x1y0+x2y0"",""B"":""x3y0+x0y25+x0y26"",""b"":""X"",""d"":24,""excl_opp_detectors"":""True"",""k"":12,""l"":6,""leak_heralds"":""False"",""leak_repump"":""True"",""leakage"":""True"",""loss"":""True"",""m"":30,""n"":360,""p"":0.001,""prllel_1q"":480,""prllel_2q"":120,""r"":20,""repump_cycles"":3,""seq_meas"":""True"",""seq_ops"":""True"",""swapLRC"":""False""}",
         1,         0,         0,   0.063,bposd,12d0a895c1c7d9606c3d9751922fb0f20325cd9c13cbfcbd27b3196db55e86e0,"{""A"":""x0y9+x1y0+x2y0"",""B"":""x3y0+x0y25+x0y26"",""b"":""X"",""d"":24,""excl_opp_detectors"":""True"",""k"":12,""l"":6,""leak_heralds"":""False"",""leak_repump"":""True"",""leakage"":""True"",""loss"":""True"",""m"":30,""n"":360,""p"":0.001,""prllel_1q"":480,""prllel_2q"":120,""r"":20,""repump_cycles"":3,""seq_meas"":""True"",""seq_ops"":""True"",""swapLRC"":""False""}",
         8,         0,         0,   0.204,bposd,3c4eb901d8ffce3fe8833edec93e38bf71e098409fe53b1b0b91b28d03a184fc,"{""A"":""x0y3+x10y0+x17y0"",""B"":""x5y0+x0y3+x0y19"",""b"":""X"",""d"":18,""excl_opp_detectors"":""True"",""k"":16,""l"":9,""leak_heralds"":""False"",""leak_repump"":""True"",""leakage"":""True"",""loss"":""True"",""m"":21,""n"":378,""p"":0.001,""prllel_1q"":336,""prllel_2q"":84,""r"":20,""repump_cycles"":3,""seq_meas"":""True"",""seq_ops"":""True"",""swapLRC"":""False""}",
         8,         0,         0,   0.200,bposd,12d0a895c1c7d9606c3d9751922fb0f20325cd9c13cbfcbd27b3196db55e86e0,"{""A"":""x0y9+x1y0+x2y0"",""B"":""x3y0+x0y25+x0y26"",""b"":""X"",""d"":24,""excl_opp_detectors"":""True"",""k"":12,""l"":6,""leak_heralds"":""False"",""leak_repump"":""True"",""leakage"":""True"",""loss"":""True"",""m"":30,""n"":360,""p"":0.001,""prllel_1q"":480,""prllel_2q"":120,""r"":20,""repump_cycles"":3,""seq_meas"":""True"",""seq_ops"":""True"",""swapLRC"":""False""}",
         4,         0,         0,   0.113,bposd,12d0a895c1c7d9606c3d9751922fb0f20325cd9c13cbfcbd27b3196db55e86e0,"{""A"":""x0y9+x1y0+x2y0"",""B"":""x3y0+x0y25+x0y26"",""b"":""X"",""d"":24,""excl_opp_detectors"":""True"",""k"":12,""l"":6,""leak_heralds"":""False"",""leak_repump"":""True"",""leakage"":""True"",""loss"":""True"",""m"":30,""n"":360,""p"":0.001,""prllel_1q"":480,""prllel_2q"":120,""r"":20,""repump_cycles"":3,""seq_meas"":""True"",""seq_ops"":""True"",""swapLRC"":""False""}",
        16,         0,         0,   0.363,bposd,12d0a895c1c7d9606c3d9751922fb0f20325cd9c13cbfcbd27b3196db55e86e0,"{""A"":""x0y9+x1y0+x2y0"",""B"":""x3y0+x0y25+x0y26"",""b"":""X"",""d"":24,""excl_opp_detectors"":""True"",""k"":12,""l"":6,""leak_heralds"":""False"",""leak_repump"":""True"",""leakage"":""True"",""loss"":""True"",""m"":30,""n"":360,""p"":0.001,""prllel_1q"":480,""prllel_2q"":120,""r"":20,""repump_cycles"":3,""seq_meas"":""True"",""seq_ops"":""True"",""swapLRC"":""False""}",
         1,         0,         0,   0.064,bposd,3c4eb901d8ffce3fe8833edec93e38bf71e098409fe53b1b0b91b28d03a184fc,"{""A"":""x0y3+x10y0+x17y0"",""B"":""x5y0+x0y3+x0y19"",""b"":""X"",""d"":18,""excl_opp_detectors"":""True"",""k"":16,""l"":9,""leak_heralds"":""False"",""leak_repump"":""True"",""leakage"":""True"",""loss"":""True"",""m"":21,""n"":378,""p"":0.001,""prllel_1q"":336,""prllel_2q"":84,""r"":20,""repump_cycles"":3,""seq_meas"":""True"",""seq_ops"":""True"",""swapLRC"":""False""}",
        16,         0,         0,   0.450,bposd,12d0a895c1c7d9606c3d9751922fb0f20325cd9c13cbfcbd27b3196db55e86e0,"{""A"":""x0y9+x1y0+x2y0"",""B"":""x3y0+x0y25+x0y26"",""b"":""X"",""d"":24,""excl_opp_detectors"":""True"",""k"":12,""l"":6,""leak_heralds"":""False"",""leak_repump"":""True"",""leakage"":""True"",""loss"":""True"",""m"":30,""n"":360,""p"":0.001,""prllel_1q"":480,""prllel_2q"":120,""r"":20,""repump_cycles"":3,""seq_meas"":""True"",""seq_ops"":""True"",""swapLRC"":""False""}",
        16,         0,         0,   0.304,bposd,12d0a895c1c7d9606c3d9751922fb0f20325cd9c13cbfcbd27b3196db55e86e0,"{""A"":""x0y9+x1y0+x2y0"",""B"":""x3y0+x0y25+x0y26"",""b"":""X"",""d"":24,""excl_opp_detectors"":""True"",""k"":12,""l"":6,""leak_heralds"":""False"",""leak_repump"":""True"",""leakage"":""True"",""loss"":""True"",""m"":30,""n"":360,""p"":0.001,""prllel_1q"":480,""prllel_2q"":120,""r"":20,""repump_cycles"":3,""seq_meas"":""True"",""seq_ops"":""True"",""swapLRC"":""False""}",
         8,         0,         0,   0.185,bposd,3c4eb901d8ffce3fe8833edec93e38bf71e098409fe53b1b0b91b28d03a184fc,"{""A"":""x0y3+x10y0+x17y0"",""B"":""x5y0+x0y3+x0y19"",""b"":""X"",""d"":18,""excl_opp_detectors"":""True"",""k"":16,""l"":9,""leak_heralds"":""False"",""leak_repump"":""True"",""leakage"":""True"",""loss"":""True"",""m"":21,""n"":378,""p"":0.001,""prllel_1q"":336,""prllel_2q"":84,""r"":20,""repump_cycles"":3,""seq_meas"":""True"",""seq_ops"":""True"",""swapLRC"":""False""}",
        16,         0,         0,   0.344,bposd,12d0a895c1c7d9606c3d9751922fb0f20325cd9c13cbfcbd27b3196db55e86e0,"{""A"":""x0y9+x1y0+x2y0"",""B"":""x3y0+x0y25+x0y26"",""b"":""X"",""d"":24,""excl_opp_detectors"":""True"",""k"":12,""l"":6,""leak_heralds"":""False"",""leak_repump"":""True"",""leakage"":""True"",""loss"":""True"",""m"":30,""n"":360,""p"":0.001,""prllel_1q"":480,""prllel_2q"":120,""r"":20,""repump_cycles"":3,""seq_meas"":""True"",""seq_ops"":""True"",""swapLRC"":""False""}",
         1,         0,         0,   0.064,bposd,3c4eb901d8ffce3fe8833edec93e38bf71e098409fe53b1b0b91b28d03a184fc,"{""A"":""x0y3+x10y0+x17y0"",""B"":""x5y0+x0y3+x0y19"",""b"":""X"",""d"":18,""excl_opp_detectors"":""True"",""k"":16,""l"":9,""leak_heralds"":""False"",""leak_repump"":""True"",""leakage"":""True"",""loss"":""True"",""m"":21,""n"":378,""p"":0.001,""prllel_1q"":336,""prllel_2q"":84,""r"":20,""repump_cycles"":3,""seq_meas"":""True"",""seq_ops"":""True"",""swapLRC"":""False""}",
         8,         0,         0,   0.197,bposd,12d0a895c1c7d9606c3d9751922fb0f20325cd9c13cbfcbd27b3196db55e86e0,"{""A"":""x0y9+x1y0+x2y0"",""B"":""x3y0+x0y25+x0y26"",""b"":""X"",""d"":24,""excl_opp_detectors"":""True"",""k"":12,""l"":6,""leak_heralds"":""False"",""leak_repump"":""True"",""leakage"":""True"",""loss"":""True"",""m"":30,""n"":360,""p"":0.001,""prllel_1q"":480,""prllel_2q"":120,""r"":20,""repump_cycles"":3,""seq_meas"":""True"",""seq_ops"":""True"",""swapLRC"":""False""}",
        16,         0,         0,   0.384,bposd,12d0a895c1c7d9606c3d9751922fb0f20325cd9c13cbfcbd27b3196db55e86e0,"{""A"":""x0y9+x1y0+x2y0"",""B"":""x3y0+x0y25+x0y26"",""b"":""X"",""d"":24,""excl_opp_detectors"":""True"",""k"":12,""l"":6,""leak_heralds"":""False"",""leak_repump"":""True"",""leakage"":""True"",""loss"":""True"",""m"":30,""n"":360,""p"":0.001,""prllel_1q"":480,""prllel_2q"":120,""r"":20,""repump_cycles"":3,""seq_meas"":""True"",""seq_ops"":""True"",""swapLRC"":""False""}",
         8,         0,         0,   0.241,bposd,12d0a895c1c7d9606c3d9751922fb0f20325cd9c13cbfcbd27b3196db55e86e0,"{""A"":""x0y9+x1y0+x2y0"",""B"":""x3y0+x0y25+x0y26"",""b"":""X"",""d"":24,""excl_opp_detectors"":""True"",""k"":12,""l"":6,""leak_heralds"":""False"",""leak_repump"":""True"",""leakage"":""True"",""loss"":""True"",""m"":30,""n"":360,""p"":0.001,""prllel_1q"":480,""prllel_2q"":120,""r"":20,""repump_cycles"":3,""seq_meas"":""True"",""seq_ops"":""True"",""swapLRC"":""False""}",
         8,         0,         0,   0.137,bposd,3c4eb901d8ffce3fe8833edec93e38bf71e098409fe53b1b0b91b28d03a184fc,"{""A"":""x0y3+x10y0+x17y0"",""B"":""x5y0+x0y3+x0y19"",""b"":""X"",""d"":18,""excl_opp_detectors"":""True"",""k"":16,""l"":9,""leak_heralds"":""False"",""leak_repump"":""True"",""leakage"":""True"",""loss"":""True"",""m"":21,""n"":378,""p"":0.001,""prllel_1q"":336,""prllel_2q"":84,""r"":20,""repump_cycles"":3,""seq_meas"":""True"",""seq_ops"":""True"",""swapLRC"":""False""}",
         8,         0,         0,   0.168,bposd,12d0a895c1c7d9606c3d9751922fb0f20325cd9c13cbfcbd27b3196db55e86e0,"{""A"":""x0y9+x1y0+x2y0"",""B"":""x3y0+x0y25+x0y26"",""b"":""X"",""d"":24,""excl_opp_detectors"":""True"",""k"":12,""l"":6,""leak_heralds"":""False"",""leak_repump"":""True"",""leakage"":""True"",""loss"":""True"",""m"":30,""n"":360,""p"":0.001,""prllel_1q"":480,""prllel_2q"":120,""r"":20,""repump_cycles"":3,""seq_meas"":""True"",""seq_ops"":""True"",""swapLRC"":""False""}",
        16,         0,         0,   0.398,bposd,12d0a895c1c7d9606c3d9751922fb0f20325cd9c13cbfcbd27b3196db55e86e0,"{""A"":""x0y9+x1y0+x2y0"",""B"":""x3y0+x0y25+x0y26"",""b"":""X"",""d"":24,""excl_opp_detectors"":""True"",""k"":12,""l"":6,""leak_heralds"":""False"",""leak_repump"":""True"",""leakage"":""True"",""loss"":""True"",""m"":30,""n"":360,""p"":0.001,""prllel_1q"":480,""prllel_2q"":120,""r"":20,""repump_cycles"":3,""seq_meas"":""True"",""seq_ops"":""True"",""swapLRC"":""False""}",
        16,         0,         0,   0.348,bposd,12d0a895c1c7d9606c3d9751922fb0f20325cd9c13cbfcbd27b3196db55e86e0,"{""A"":""x0y9+x1y0+x2y0"",""B"":""x3y0+x0y25+x0y26"",""b"":""X"",""d"":24,""excl_opp_detectors"":""True"",""k"":12,""l"":6,""leak_heralds"":""False"",""leak_repump"":""True"",""leakage"":""True"",""loss"":""True"",""m"":30,""n"":360,""p"":0.001,""prllel_1q"":480,""prllel_2q"":120,""r"":20,""repump_cycles"":3,""seq_meas"":""True"",""seq_ops"":""True"",""swapLRC"":""False""}",
         8,         0,         0,   0.500,bposd,3c4eb901d8ffce3fe8833edec93e38bf71e098409fe53b1b0b91b28d03a184fc,"{""A"":""x0y3+x10y0+x17y0"",""B"":""x5y0+x0y3+x0y19"",""b"":""X"",""d"":18,""excl_opp_detectors"":""True"",""k"":16,""l"":9,""leak_heralds"":""False"",""leak_repump"":""True"",""leakage"":""True"",""loss"":""True"",""m"":21,""n"":378,""p"":0.001,""prllel_1q"":336,""prllel_2q"":84,""r"":20,""repump_cycles"":3,""seq_meas"":""True"",""seq_ops"":""True"",""swapLRC"":""False""}",
         1,         0,         0,   0.065,bposd,12d0a895c1c7d9606c3d9751922fb0f20325cd9c13cbfcbd27b3196db55e86e0,"{""A"":""x0y9+x1y0+x2y0"",""B"":""x3y0+x0y25+x0y26"",""b"":""X"",""d"":24,""excl_opp_detectors"":""True"",""k"":12,""l"":6,""leak_heralds"":""False"",""leak_repump"":""True"",""leakage"":""True"",""loss"":""True"",""m"":30,""n"":360,""p"":0.001,""prllel_1q"":480,""prllel_2q"":120,""r"":20,""repump_cycles"":3,""seq_meas"":""True"",""seq_ops"":""True"",""swapLRC"":""False""}",
        16,         0,         0,   0.376,bposd,12d0a895c1c7d9606c3d9751922fb0f20325cd9c13cbfcbd27b3196db55e86e0,"{""A"":""x0y9+x1y0+x2y0"",""B"":""x3y0+x0y25+x0y26"",""b"":""X"",""d"":24,""excl_opp_detectors"":""True"",""k"":12,""l"":6,""leak_heralds"":""False"",""leak_repump"":""True"",""leakage"":""True"",""loss"":""True"",""m"":30,""n"":360,""p"":0.001,""prllel_1q"":480,""prllel_2q"":120,""r"":20,""repump_cycles"":3,""seq_meas"":""True"",""seq_ops"":""True"",""swapLRC"":""False""}",
         8,         0,         0,   0.157,bposd,12d0a895c1c7d9606c3d9751922fb0f20325cd9c13cbfcbd27b3196db55e86e0,"{""A"":""x0y9+x1y0+x2y0"",""B"":""x3y0+x0y25+x0y26"",""b"":""X"",""d"":24,""excl_opp_detectors"":""True"",""k"":12,""l"":6,""leak_heralds"":""False"",""leak_repump"":""True"",""leakage"":""True"",""loss"":""True"",""m"":30,""n"":360,""p"":0.001,""prllel_1q"":480,""prllel_2q"":120,""r"":20,""repump_cycles"":3,""seq_meas"":""True"",""seq_ops"":""True"",""swapLRC"":""False""}",
         8,         0,         0,   0.196,bposd,3c4eb901d8ffce3fe8833edec93e38bf71e098409fe53b1b0b91b28d03a184fc,"{""A"":""x0y3+x10y0+x17y0"",""B"":""x5y0+x0y3+x0y19"",""b"":""X"",""d"":18,""excl_opp_detectors"":""True"",""k"":16,""l"":9,""leak_heralds"":""False"",""leak_repump"":""True"",""leakage"":""True"",""loss"":""True"",""m"":21,""n"":378,""p"":0.001,""prllel_1q"":336,""prllel_2q"":84,""r"":20,""repump_cycles"":3,""seq_meas"":""True"",""seq_ops"":""True"",""swapLRC"":""False""}",
        16,         0,         0,   0.462,bposd,3c4eb901d8ffce3fe8833edec93e38bf71e098409fe53b1b0b91b28d03a184fc,"{""A"":""x0y3+x10y0+x17y0"",""B"":""x5y0+x0y3+x0y19"",""b"":""X"",""d"":18,""excl_opp_detectors"":""True"",""k"":16,""l"":9,""leak_heralds"":""False"",""leak_repump"":""True"",""leakage"":""True"",""loss"":""True"",""m"":21,""n"":378,""p"":0.001,""prllel_1q"":336,""prllel_2q"":84,""r"":20,""repump_cycles"":3,""seq_meas"":""True"",""seq_ops"":""True"",""swapLRC"":""False""}",
         1,         0,         0,   0.065,bposd,3c4eb901d8ffce3fe8833edec93e38bf71e098409fe53b1b0b91b28d03a184fc,"{""A"":""x0y3+x10y0+x17y0"",""B"":""x5y0+x0y3+x0y19"",""b"":""X"",""d"":18,""excl_opp_detectors"":""True"",""k"":16,""l"":9,""leak_heralds"":""False"",""leak_repump"":""True"",""leakage"":""True"",""loss"":""True"",""m"":21,""n"":378,""p"":0.001,""prllel_1q"":336,""prllel_2q"":84,""r"":20,""repump_cycles"":3,""seq_meas"":""True"",""seq_ops"":""True"",""swapLRC"":""False""}",
         1,         0,         0,   0.082,bposd,12d0a895c1c7d9606c3d9751922fb0f20325cd9c13cbfcbd27b3196db55e86e0,"{""A"":""x0y9+x1y0+x2y0"",""B"":""x3y0+x0y25+x0y26"",""b"":""X"",""d"":24,""excl_opp_detectors"":""True"",""k"":12,""l"":6,""leak_heralds"":""False"",""leak_repump"":""True"",""leakage"":""True"",""loss"":""True"",""m"":30,""n"":360,""p"":0.001,""prllel_1q"":480,""prllel_2q"":120,""r"":20,""repump_cycles"":3,""seq_meas"":""True"",""seq_ops"":""True"",""swapLRC"":""False""}",
         1,         0,         0,   0.104,bposd,3c4eb901d8ffce3fe8833edec93e38bf71e098409fe53b1b0b91b28d03a184fc,"{""A"":""x0y3+x10y0+x17y0"",""B"":""x5y0+x0y3+x0y19"",""b"":""X"",""d"":18,""excl_opp_detectors"":""True"",""k"":16,""l"":9,""leak_heralds"":""False"",""leak_repump"":""True"",""leakage"":""True"",""loss"":""True"",""m"":21,""n"":378,""p"":0.001,""prllel_1q"":336,""prllel_2q"":84,""r"":20,""repump_cycles"":3,""seq_meas"":""True"",""seq_ops"":""True"",""swapLRC"":""False""}",
        16,         0,         0,   0.327,bposd,3c4eb901d8ffce3fe8833edec93e38bf71e098409fe53b1b0b91b28d03a184fc,"{""A"":""x0y3+x10y0+x17y0"",""B"":""x5y0+x0y3+x0y19"",""b"":""X"",""d"":18,""excl_opp_detectors"":""True"",""k"":16,""l"":9,""leak_heralds"":""False"",""leak_repump"":""True"",""leakage"":""True"",""loss"":""True"",""m"":21,""n"":378,""p"":0.001,""prllel_1q"":336,""prllel_2q"":84,""r"":20,""repump_cycles"":3,""seq_meas"":""True"",""seq_ops"":""True"",""swapLRC"":""False""}",
        16,         0,         0,   0.482,bposd,12d0a895c1c7d9606c3d9751922fb0f20325cd9c13cbfcbd27b3196db55e86e0,"{""A"":""x0y9+x1y0+x2y0"",""B"":""x3y0+x0y25+x0y26"",""b"":""X"",""d"":24,""excl_opp_detectors"":""True"",""k"":12,""l"":6,""leak_heralds"":""False"",""leak_repump"":""True"",""leakage"":""True"",""loss"":""True"",""m"":30,""n"":360,""p"":0.001,""prllel_1q"":480,""prllel_2q"":120,""r"":20,""repump_cycles"":3,""seq_meas"":""True"",""seq_ops"":""True"",""swapLRC"":""False""}",
         1,         0,         0,   0.069,bposd,12d0a895c1c7d9606c3d9751922fb0f20325cd9c13cbfcbd27b3196db55e86e0,"{""A"":""x0y9+x1y0+x2y0"",""B"":""x3y0+x0y25+x0y26"",""b"":""X"",""d"":24,""excl_opp_detectors"":""True"",""k"":12,""l"":6,""leak_heralds"":""False"",""leak_repump"":""True"",""leakage"":""True"",""loss"":""True"",""m"":30,""n"":360,""p"":0.001,""prllel_1q"":480,""prllel_2q"":120,""r"":20,""repump_cycles"":3,""seq_meas"":""True"",""seq_ops"":""True"",""swapLRC"":""False""}",
        16,         0,         0,   0.378,bposd,12d0a895c1c7d9606c3d9751922fb0f20325cd9c13cbfcbd27b3196db55e86e0,"{""A"":""x0y9+x1y0+x2y0"",""B"":""x3y0+x0y25+x0y26"",""b"":""X"",""d"":24,""excl_opp_detectors"":""True"",""k"":12,""l"":6,""leak_heralds"":""False"",""leak_repump"":""True"",""leakage"":""True"",""loss"":""True"",""m"":30,""n"":360,""p"":0.001,""prllel_1q"":480,""prllel_2q"":120,""r"":20,""repump_cycles"":3,""seq_meas"":""True"",""seq_ops"":""True"",""swapLRC"":""False""}",
         8,         0,         0,   0.250,bposd,3c4eb901d8ffce3fe8833edec93e38bf71e098409fe53b1b0b91b28d03a184fc,"{""A"":""x0y3+x10y0+x17y0"",""B"":""x5y0+x0y3+x0y19"",""b"":""X"",""d"":18,""excl_opp_detectors"":""True"",""k"":16,""l"":9,""leak_heralds"":""False"",""leak_repump"":""True"",""leakage"":""True"",""loss"":""True"",""m"":21,""n"":378,""p"":0.001,""prllel_1q"":336,""prllel_2q"":84,""r"":20,""repump_cycles"":3,""seq_meas"":""True"",""seq_ops"":""True"",""swapLRC"":""False""}",
         4,         0,         0,   0.111,bposd,12d0a895c1c7d9606c3d9751922fb0f20325cd9c13cbfcbd27b3196db55e86e0,"{""A"":""x0y9+x1y0+x2y0"",""B"":""x3y0+x0y25+x0y26"",""b"":""X"",""d"":24,""excl_opp_detectors"":""True"",""k"":12,""l"":6,""leak_heralds"":""False"",""leak_repump"":""True"",""leakage"":""True"",""loss"":""True"",""m"":30,""n"":360,""p"":0.001,""prllel_1q"":480,""prllel_2q"":120,""r"":20,""repump_cycles"":3,""seq_meas"":""True"",""seq_ops"":""True"",""swapLRC"":""False""}",
         1,         0,         0,   0.083,bposd,12d0a895c1c7d9606c3d9751922fb0f20325cd9c13cbfcbd27b3196db55e86e0,"{""A"":""x0y9+x1y0+x2y0"",""B"":""x3y0+x0y25+x0y26"",""b"":""X"",""d"":24,""excl_opp_detectors"":""True"",""k"":12,""l"":6,""leak_heralds"":""False"",""leak_repump"":""True"",""leakage"":""True"",""loss"":""True"",""m"":30,""n"":360,""p"":0.001,""prllel_1q"":480,""prllel_2q"":120,""r"":20,""repump_cycles"":3,""seq_meas"":""True"",""seq_ops"":""True"",""swapLRC"":""False""}",
        32,         0,         0,   0.658,bposd,3c4eb901d8ffce3fe8833edec93e38bf71e098409fe53b1b0b91b28d03a184fc,"{""A"":""x0y3+x10y0+x17y0"",""B"":""x5y0+x0y3+x0y19"",""b"":""X"",""d"":18,""excl_opp_detectors"":""True"",""k"":16,""l"":9,""leak_heralds"":""False"",""leak_repump"":""True"",""leakage"":""True"",""loss"":""True"",""m"":21,""n"":378,""p"":0.001,""prllel_1q"":336,""prllel_2q"":84,""r"":20,""repump_cycles"":3,""seq_meas"":""True"",""seq_ops"":""True"",""swapLRC"":""False""}",
         4,         0,         0,   0.141,bposd,3c4eb901d8ffce3fe8833edec93e38bf71e098409fe53b1b0b91b28d03a184fc,"{""A"":""x0y3+x10y0+x17y0"",""B"":""x5y0+x0y3+x0y19"",""b"":""X"",""d"":18,""excl_opp_detectors"":""True"",""k"":16,""l"":9,""leak_heralds"":""False"",""leak_repump"":""True"",""leakage"":""True"",""loss"":""True"",""m"":21,""n"":378,""p"":0.001,""prllel_1q"":336,""prllel_2q"":84,""r"":20,""repump_cycles"":3,""seq_meas"":""True"",""seq_ops"":""True"",""swapLRC"":""False""}",
         8,         0,         0,   0.194,bposd,3c4eb901d8ffce3fe8833edec93e38bf71e098409fe53b1b0b91b28d03a184fc,"{""A"":""x0y3+x10y0+x17y0"",""B"":""x5y0+x0y3+x0y19"",""b"":""X"",""d"":18,""excl_opp_detectors"":""True"",""k"":16,""l"":9,""leak_heralds"":""False"",""leak_repump"":""True"",""leakage"":""True"",""loss"":""True"",""m"":21,""n"":378,""p"":0.001,""prllel_1q"":336,""prllel_2q"":84,""r"":20,""repump_cycles"":3,""seq_meas"":""True"",""seq_ops"":""True"",""swapLRC"":""False""}",
         8,         0,         0,   0.205,bposd,12d0a895c1c7d9606c3d9751922fb0f20325cd9c13cbfcbd27b3196db55e86e0,"{""A"":""x0y9+x1y0+x2y0"",""B"":""x3y0+x0y25+x0y26"",""b"":""X"",""d"":24,""excl_opp_detectors"":""True"",""k"":12,""l"":6,""leak_heralds"":""False"",""leak_repump"":""True"",""leakage"":""True"",""loss"":""True"",""m"":30,""n"":360,""p"":0.001,""prllel_1q"":480,""prllel_2q"":120,""r"":20,""repump_cycles"":3,""seq_meas"":""True"",""seq_ops"":""True"",""swapLRC"":""False""}",
         1,         0,         0,   0.070,bposd,12d0a895c1c7d9606c3d9751922fb0f20325cd9c13cbfcbd27b3196db55e86e0,"{""A"":""x0y9+x1y0+x2y0"",""B"":""x3y0+x0y25+x0y26"",""b"":""X"",""d"":24,""excl_opp_detectors"":""True"",""k"":12,""l"":6,""leak_heralds"":""False"",""leak_repump"":""True"",""leakage"":""True"",""loss"":""True"",""m"":30,""n"":360,""p"":0.001,""prllel_1q"":480,""prllel_2q"":120,""r"":20,""repump_cycles"":3,""seq_meas"":""True"",""seq_ops"":""True"",""swapLRC"":""False""}",
        16,         0,         0,   0.341,bposd,12d0a895c1c7d9606c3d9751922fb0f20325cd9c13cbfcbd27b3196db55e86e0,"{""A"":""x0y9+x1y0+x2y0"",""B"":""x3y0+x0y25+x0y26"",""b"":""X"",""d"":24,""excl_opp_detectors"":""True"",""k"":12,""l"":6,""leak_heralds"":""False"",""leak_repump"":""True"",""leakage"":""True"",""loss"":""True"",""m"":30,""n"":360,""p"":0.001,""prllel_1q"":480,""prllel_2q"":120,""r"":20,""repump_cycles"":3,""seq_meas"":""True"",""seq_ops"":""True"",""swapLRC"":""False""}",
        32,         0,         0,   0.699,bposd,3c4eb901d8ffce3fe8833edec93e38bf71e098409fe53b1b0b91b28d03a184fc,"{""A"":""x0y3+x10y0+x17y0"",""B"":""x5y0+x0y3+x0y19"",""b"":""X"",""d"":18,""excl_opp_detectors"":""True"",""k"":16,""l"":9,""leak_heralds"":""False"",""leak_repump"":""True"",""leakage"":""True"",""loss"":""True"",""m"":21,""n"":378,""p"":0.001,""prllel_1q"":336,""prllel_2q"":84,""r"":20,""repump_cycles"":3,""seq_meas"":""True"",""seq_ops"":""True"",""swapLRC"":""False""}",
         8,         0,         0,   0.185,bposd,3c4eb901d8ffce3fe8833edec93e38bf71e098409fe53b1b0b91b28d03a184fc,"{""A"":""x0y3+x10y0+x17y0"",""B"":""x5y0+x0y3+x0y19"",""b"":""X"",""d"":18,""excl_opp_detectors"":""True"",""k"":16,""l"":9,""leak_heralds"":""False"",""leak_repump"":""True"",""leakage"":""True"",""loss"":""True"",""m"":21,""n"":378,""p"":0.001,""prllel_1q"":336,""prllel_2q"":84,""r"":20,""repump_cycles"":3,""seq_meas"":""True"",""seq_ops"":""True"",""swapLRC"":""False""}",
        16,         0,         0,   0.340,bposd,12d0a895c1c7d9606c3d9751922fb0f20325cd9c13cbfcbd27b3196db55e86e0,"{""A"":""x0y9+x1y0+x2y0"",""B"":""x3y0+x0y25+x0y26"",""b"":""X"",""d"":24,""excl_opp_detectors"":""True"",""k"":12,""l"":6,""leak_heralds"":""False"",""leak_repump"":""True"",""leakage"":""True"",""loss"":""True"",""m"":30,""n"":360,""p"":0.001,""prllel_1q"":480,""prllel_2q"":120,""r"":20,""repump_cycles"":3,""seq_meas"":""True"",""seq_ops"":""True"",""swapLRC"":""False""}",
         8,         0,         0,   0.281,bposd,3c4eb901d8ffce3fe8833edec93e38bf71e098409fe53b1b0b91b28d03a184fc,"{""A"":""x0y3+x10y0+x17y0"",""B"":""x5y0+x0y3+x0y19"",""b"":""X"",""d"":18,""excl_opp_detectors"":""True"",""k"":16,""l"":9,""leak_heralds"":""False"",""leak_repump"":""True"",""leakage"":""True"",""loss"":""True"",""m"":21,""n"":378,""p"":0.001,""prllel_1q"":336,""prllel_2q"":84,""r"":20,""repump_cycles"":3,""seq_meas"":""True"",""seq_ops"":""True"",""swapLRC"":""False""}",
        16,         0,         0,   0.346,bposd,12d0a895c1c7d9606c3d9751922fb0f20325cd9c13cbfcbd27b3196db55e86e0,"{""A"":""x0y9+x1y0+x2y0"",""B"":""x3y0+x0y25+x0y26"",""b"":""X"",""d"":24,""excl_opp_detectors"":""True"",""k"":12,""l"":6,""leak_heralds"":""False"",""leak_repump"":""True"",""leakage"":""True"",""loss"":""True"",""m"":30,""n"":360,""p"":0.001,""prllel_1q"":480,""prllel_2q"":120,""r"":20,""repump_cycles"":3,""seq_meas"":""True"",""seq_ops"":""True"",""swapLRC"":""False""}",
         1,         0,         0,   0.080,bposd,3c4eb901d8ffce3fe8833edec93e38bf71e098409fe53b1b0b91b28d03a184fc,"{""A"":""x0y3+x10y0+x17y0"",""B"":""x5y0+x0y3+x0y19"",""b"":""X"",""d"":18,""excl_opp_detectors"":""True"",""k"":16,""l"":9,""leak_heralds"":""False"",""leak_repump"":""True"",""leakage"":""True"",""loss"":""True"",""m"":21,""n"":378,""p"":0.001,""prllel_1q"":336,""prllel_2q"":84,""r"":20,""repump_cycles"":3,""seq_meas"":""True"",""seq_ops"":""True"",""swapLRC"":""False""}",
        16,         0,         0,   0.541,bposd,12d0a895c1c7d9606c3d9751922fb0f20325cd9c13cbfcbd27b3196db55e86e0,"{""A"":""x0y9+x1y0+x2y0"",""B"":""x3y0+x0y25+x0y26"",""b"":""X"",""d"":24,""excl_opp_detectors"":""True"",""k"":12,""l"":6,""leak_heralds"":""False"",""leak_repump"":""True"",""leakage"":""True"",""loss"":""True"",""m"":30,""n"":360,""p"":0.001,""prllel_1q"":480,""prllel_2q"":120,""r"":20,""repump_cycles"":3,""seq_meas"":""True"",""seq_ops"":""True"",""swapLRC"":""False""}",
        16,         0,         0,   0.433,bposd,3c4eb901d8ffce3fe8833edec93e38bf71e098409fe53b1b0b91b28d03a184fc,"{""A"":""x0y3+x10y0+x17y0"",""B"":""x5y0+x0y3+x0y19"",""b"":""X"",""d"":18,""excl_opp_detectors"":""True"",""k"":16,""l"":9,""leak_heralds"":""False"",""leak_repump"":""True"",""leakage"":""True"",""loss"":""True"",""m"":21,""n"":378,""p"":0.001,""prllel_1q"":336,""prllel_2q"":84,""r"":20,""repump_cycles"":3,""seq_meas"":""True"",""seq_ops"":""True"",""swapLRC"":""False""}",
        16,         0,         0,   0.346,bposd,12d0a895c1c7d9606c3d9751922fb0f20325cd9c13cbfcbd27b3196db55e86e0,"{""A"":""x0y9+x1y0+x2y0"",""B"":""x3y0+x0y25+x0y26"",""b"":""X"",""d"":24,""excl_opp_detectors"":""True"",""k"":12,""l"":6,""leak_heralds"":""False"",""leak_repump"":""True"",""leakage"":""True"",""loss"":""True"",""m"":30,""n"":360,""p"":0.001,""prllel_1q"":480,""prllel_2q"":120,""r"":20,""repump_cycles"":3,""seq_meas"":""True"",""seq_ops"":""True"",""swapLRC"":""False""}",
         1,         0,         0,   0.065,bposd,12d0a895c1c7d9606c3d9751922fb0f20325cd9c13cbfcbd27b3196db55e86e0,"{""A"":""x0y9+x1y0+x2y0"",""B"":""x3y0+x0y25+x0y26"",""b"":""X"",""d"":24,""excl_opp_detectors"":""True"",""k"":12,""l"":6,""leak_heralds"":""False"",""leak_repump"":""True"",""leakage"":""True"",""loss"":""True"",""m"":30,""n"":360,""p"":0.001,""prllel_1q"":480,""prllel_2q"":120,""r"":20,""repump_cycles"":3,""seq_meas"":""True"",""seq_ops"":""True"",""swapLRC"":""False""}",
        16,         0,         0,   0.339,bposd,12d0a895c1c7d9606c3d9751922fb0f20325cd9c13cbfcbd27b3196db55e86e0,"{""A"":""x0y9+x1y0+x2y0"",""B"":""x3y0+x0y25+x0y26"",""b"":""X"",""d"":24,""excl_opp_detectors"":""True"",""k"":12,""l"":6,""leak_heralds"":""False"",""leak_repump"":""True"",""leakage"":""True"",""loss"":""True"",""m"":30,""n"":360,""p"":0.001,""prllel_1q"":480,""prllel_2q"":120,""r"":20,""repump_cycles"":3,""seq_meas"":""True"",""seq_ops"":""True"",""swapLRC"":""False""}",
        16,         0,         0,   0.359,bposd,12d0a895c1c7d9606c3d9751922fb0f20325cd9c13cbfcbd27b3196db55e86e0,"{""A"":""x0y9+x1y0+x2y0"",""B"":""x3y0+x0y25+x0y26"",""b"":""X"",""d"":24,""excl_opp_detectors"":""True"",""k"":12,""l"":6,""leak_heralds"":""False"",""leak_repump"":""True"",""leakage"":""True"",""loss"":""True"",""m"":30,""n"":360,""p"":0.001,""prllel_1q"":480,""prllel_2q"":120,""r"":20,""repump_cycles"":3,""seq_meas"":""True"",""seq_ops"":""True"",""swapLRC"":""False""}",
        16,         0,         0,   0.302,bposd,12d0a895c1c7d9606c3d9751922fb0f20325cd9c13cbfcbd27b3196db55e86e0,"{""A"":""x0y9+x1y0+x2y0"",""B"":""x3y0+x0y25+x0y26"",""b"":""X"",""d"":24,""excl_opp_detectors"":""True"",""k"":12,""l"":6,""leak_heralds"":""False"",""leak_repump"":""True"",""leakage"":""True"",""loss"":""True"",""m"":30,""n"":360,""p"":0.001,""prllel_1q"":480,""prllel_2q"":120,""r"":20,""repump_cycles"":3,""seq_meas"":""True"",""seq_ops"":""True"",""swapLRC"":""False""}",
        16,         0,         0,   0.365,bposd,3c4eb901d8ffce3fe8833edec93e38bf71e098409fe53b1b0b91b28d03a184fc,"{""A"":""x0y3+x10y0+x17y0"",""B"":""x5y0+x0y3+x0y19"",""b"":""X"",""d"":18,""excl_opp_detectors"":""True"",""k"":16,""l"":9,""leak_heralds"":""False"",""leak_repump"":""True"",""leakage"":""True"",""loss"":""True"",""m"":21,""n"":378,""p"":0.001,""prllel_1q"":336,""prllel_2q"":84,""r"":20,""repump_cycles"":3,""seq_meas"":""True"",""seq_ops"":""True"",""swapLRC"":""False""}",
        16,         0,         0,   0.299,bposd,12d0a895c1c7d9606c3d9751922fb0f20325cd9c13cbfcbd27b3196db55e86e0,"{""A"":""x0y9+x1y0+x2y0"",""B"":""x3y0+x0y25+x0y26"",""b"":""X"",""d"":24,""excl_opp_detectors"":""True"",""k"":12,""l"":6,""leak_heralds"":""False"",""leak_repump"":""True"",""leakage"":""True"",""loss"":""True"",""m"":30,""n"":360,""p"":0.001,""prllel_1q"":480,""prllel_2q"":120,""r"":20,""repump_cycles"":3,""seq_meas"":""True"",""seq_ops"":""True"",""swapLRC"":""False""}",
        16,         0,         0,   0.320,bposd,12d0a895c1c7d9606c3d9751922fb0f20325cd9c13cbfcbd27b3196db55e86e0,"{""A"":""x0y9+x1y0+x2y0"",""B"":""x3y0+x0y25+x0y26"",""b"":""X"",""d"":24,""excl_opp_detectors"":""True"",""k"":12,""l"":6,""leak_heralds"":""False"",""leak_repump"":""True"",""leakage"":""True"",""loss"":""True"",""m"":30,""n"":360,""p"":0.001,""prllel_1q"":480,""prllel_2q"":120,""r"":20,""repump_cycles"":3,""seq_meas"":""True"",""seq_ops"":""True"",""swapLRC"":""False""}",
         1,         0,         0,   0.064,bposd,12d0a895c1c7d9606c3d9751922fb0f20325cd9c13cbfcbd27b3196db55e86e0,"{""A"":""x0y9+x1y0+x2y0"",""B"":""x3y0+x0y25+x0y26"",""b"":""X"",""d"":24,""excl_opp_detectors"":""True"",""k"":12,""l"":6,""leak_heralds"":""False"",""leak_repump"":""True"",""leakage"":""True"",""loss"":""True"",""m"":30,""n"":360,""p"":0.001,""prllel_1q"":480,""prllel_2q"":120,""r"":20,""repump_cycles"":3,""seq_meas"":""True"",""seq_ops"":""True"",""swapLRC"":""False""}",
         1,         0,         0,   0.061,bposd,3c4eb901d8ffce3fe8833edec93e38bf71e098409fe53b1b0b91b28d03a184fc,"{""A"":""x0y3+x10y0+x17y0"",""B"":""x5y0+x0y3+x0y19"",""b"":""X"",""d"":18,""excl_opp_detectors"":""True"",""k"":16,""l"":9,""leak_heralds"":""False"",""leak_repump"":""True"",""leakage"":""True"",""loss"":""True"",""m"":21,""n"":378,""p"":0.001,""prllel_1q"":336,""prllel_2q"":84,""r"":20,""repump_cycles"":3,""seq_meas"":""True"",""seq_ops"":""True"",""swapLRC"":""False""}",
         1,         0,         0,   0.077,bposd,12d0a895c1c7d9606c3d9751922fb0f20325cd9c13cbfcbd27b3196db55e86e0,"{""A"":""x0y9+x1y0+x2y0"",""B"":""x3y0+x0y25+x0y26"",""b"":""X"",""d"":24,""excl_opp_detectors"":""True"",""k"":12,""l"":6,""leak_heralds"":""False"",""leak_repump"":""True"",""leakage"":""True"",""loss"":""True"",""m"":30,""n"":360,""p"":0.001,""prllel_1q"":480,""prllel_2q"":120,""r"":20,""repump_cycles"":3,""seq_meas"":""True"",""seq_ops"":""True"",""swapLRC"":""False""}",
         1,         0,         0,   0.063,bposd,3c4eb901d8ffce3fe8833edec93e38bf71e098409fe53b1b0b91b28d03a184fc,"{""A"":""x0y3+x10y0+x17y0"",""B"":""x5y0+x0y3+x0y19"",""b"":""X"",""d"":18,""excl_opp_detectors"":""True"",""k"":16,""l"":9,""leak_heralds"":""False"",""leak_repump"":""True"",""leakage"":""True"",""loss"":""True"",""m"":21,""n"":378,""p"":0.001,""prllel_1q"":336,""prllel_2q"":84,""r"":20,""repump_cycles"":3,""seq_meas"":""True"",""seq_ops"":""True"",""swapLRC"":""False""}",
         4,         0,         0,   0.180,bposd,12d0a895c1c7d9606c3d9751922fb0f20325cd9c13cbfcbd27b3196db55e86e0,"{""A"":""x0y9+x1y0+x2y0"",""B"":""x3y0+x0y25+x0y26"",""b"":""X"",""d"":24,""excl_opp_detectors"":""True"",""k"":12,""l"":6,""leak_heralds"":""False"",""leak_repump"":""True"",""leakage"":""True"",""loss"":""True"",""m"":30,""n"":360,""p"":0.001,""prllel_1q"":480,""prllel_2q"":120,""r"":20,""repump_cycles"":3,""seq_meas"":""True"",""seq_ops"":""True"",""swapLRC"":""False""}",
         4,         0,         0,   0.110,bposd,3c4eb901d8ffce3fe8833edec93e38bf71e098409fe53b1b0b91b28d03a184fc,"{""A"":""x0y3+x10y0+x17y0"",""B"":""x5y0+x0y3+x0y19"",""b"":""X"",""d"":18,""excl_opp_detectors"":""True"",""k"":16,""l"":9,""leak_heralds"":""False"",""leak_repump"":""True"",""leakage"":""True"",""loss"":""True"",""m"":21,""n"":378,""p"":0.001,""prllel_1q"":336,""prllel_2q"":84,""r"":20,""repump_cycles"":3,""seq_meas"":""True"",""seq_ops"":""True"",""swapLRC"":""False""}",
        16,         0,         0,   0.486,bposd,3c4eb901d8ffce3fe8833edec93e38bf71e098409fe53b1b0b91b28d03a184fc,"{""A"":""x0y3+x10y0+x17y0"",""B"":""x5y0+x0y3+x0y19"",""b"":""X"",""d"":18,""excl_opp_detectors"":""True"",""k"":16,""l"":9,""leak_heralds"":""False"",""leak_repump"":""True"",""leakage"":""True"",""loss"":""True"",""m"":21,""n"":378,""p"":0.001,""prllel_1q"":336,""prllel_2q"":84,""r"":20,""repump_cycles"":3,""seq_meas"":""True"",""seq_ops"":""True"",""swapLRC"":""False""}",
         8,         0,         0,   0.236,bposd,12d0a895c1c7d9606c3d9751922fb0f20325cd9c13cbfcbd27b3196db55e86e0,"{""A"":""x0y9+x1y0+x2y0"",""B"":""x3y0+x0y25+x0y26"",""b"":""X"",""d"":24,""excl_opp_detectors"":""True"",""k"":12,""l"":6,""leak_heralds"":""False"",""leak_repump"":""True"",""leakage"":""True"",""loss"":""True"",""m"":30,""n"":360,""p"":0.001,""prllel_1q"":480,""prllel_2q"":120,""r"":20,""repump_cycles"":3,""seq_meas"":""True"",""seq_ops"":""True"",""swapLRC"":""False""}",
        16,         0,         0,   0.432,bposd,12d0a895c1c7d9606c3d9751922fb0f20325cd9c13cbfcbd27b3196db55e86e0,"{""A"":""x0y9+x1y0+x2y0"",""B"":""x3y0+x0y25+x0y26"",""b"":""X"",""d"":24,""excl_opp_detectors"":""True"",""k"":12,""l"":6,""leak_heralds"":""False"",""leak_repump"":""True"",""leakage"":""True"",""loss"":""True"",""m"":30,""n"":360,""p"":0.001,""prllel_1q"":480,""prllel_2q"":120,""r"":20,""repump_cycles"":3,""seq_meas"":""True"",""seq_ops"":""True"",""swapLRC"":""False""}",
         8,         0,         0,   0.172,bposd,12d0a895c1c7d9606c3d9751922fb0f20325cd9c13cbfcbd27b3196db55e86e0,"{""A"":""x0y9+x1y0+x2y0"",""B"":""x3y0+x0y25+x0y26"",""b"":""X"",""d"":24,""excl_opp_detectors"":""True"",""k"":12,""l"":6,""leak_heralds"":""False"",""leak_repump"":""True"",""leakage"":""True"",""loss"":""True"",""m"":30,""n"":360,""p"":0.001,""prllel_1q"":480,""prllel_2q"":120,""r"":20,""repump_cycles"":3,""seq_meas"":""True"",""seq_ops"":""True"",""swapLRC"":""False""}",
         1,         0,         0,   0.063,bposd,3c4eb901d8ffce3fe8833edec93e38bf71e098409fe53b1b0b91b28d03a184fc,"{""A"":""x0y3+x10y0+x17y0"",""B"":""x5y0+x0y3+x0y19"",""b"":""X"",""d"":18,""excl_opp_detectors"":""True"",""k"":16,""l"":9,""leak_heralds"":""False"",""leak_repump"":""True"",""leakage"":""True"",""loss"":""True"",""m"":21,""n"":378,""p"":0.001,""prllel_1q"":336,""prllel_2q"":84,""r"":20,""repump_cycles"":3,""seq_meas"":""True"",""seq_ops"":""True"",""swapLRC"":""False""}",
        16,         0,         0,   0.415,bposd,12d0a895c1c7d9606c3d9751922fb0f20325cd9c13cbfcbd27b3196db55e86e0,"{""A"":""x0y9+x1y0+x2y0"",""B"":""x3y0+x0y25+x0y26"",""b"":""X"",""d"":24,""excl_opp_detectors"":""True"",""k"":12,""l"":6,""leak_heralds"":""False"",""leak_repump"":""True"",""leakage"":""True"",""loss"":""True"",""m"":30,""n"":360,""p"":0.001,""prllel_1q"":480,""prllel_2q"":120,""r"":20,""repump_cycles"":3,""seq_meas"":""True"",""seq_ops"":""True"",""swapLRC"":""False""}",
         1,         0,         0,   0.063,bposd,3c4eb901d8ffce3fe8833edec93e38bf71e098409fe53b1b0b91b28d03a184fc,"{""A"":""x0y3+x10y0+x17y0"",""B"":""x5y0+x0y3+x0y19"",""b"":""X"",""d"":18,""excl_opp_detectors"":""True"",""k"":16,""l"":9,""leak_heralds"":""False"",""leak_repump"":""True"",""leakage"":""True"",""loss"":""True"",""m"":21,""n"":378,""p"":0.001,""prllel_1q"":336,""prllel_2q"":84,""r"":20,""repump_cycles"":3,""seq_meas"":""True"",""seq_ops"":""True"",""swapLRC"":""False""}",
        16,         0,         0,   0.455,bposd,12d0a895c1c7d9606c3d9751922fb0f20325cd9c13cbfcbd27b3196db55e86e0,"{""A"":""x0y9+x1y0+x2y0"",""B"":""x3y0+x0y25+x0y26"",""b"":""X"",""d"":24,""excl_opp_detectors"":""True"",""k"":12,""l"":6,""leak_heralds"":""False"",""leak_repump"":""True"",""leakage"":""True"",""loss"":""True"",""m"":30,""n"":360,""p"":0.001,""prllel_1q"":480,""prllel_2q"":120,""r"":20,""repump_cycles"":3,""seq_meas"":""True"",""seq_ops"":""True"",""swapLRC"":""False""}",
         8,         0,         0,   0.165,bposd,12d0a895c1c7d9606c3d9751922fb0f20325cd9c13cbfcbd27b3196db55e86e0,"{""A"":""x0y9+x1y0+x2y0"",""B"":""x3y0+x0y25+x0y26"",""b"":""X"",""d"":24,""excl_opp_detectors"":""True"",""k"":12,""l"":6,""leak_heralds"":""False"",""leak_repump"":""True"",""leakage"":""True"",""loss"":""True"",""m"":30,""n"":360,""p"":0.001,""prllel_1q"":480,""prllel_2q"":120,""r"":20,""repump_cycles"":3,""seq_meas"":""True"",""seq_ops"":""True"",""swapLRC"":""False""}",
        16,         0,         0,   0.263,bposd,3c4eb901d8ffce3fe8833edec93e38bf71e098409fe53b1b0b91b28d03a184fc,"{""A"":""x0y3+x10y0+x17y0"",""B"":""x5y0+x0y3+x0y19"",""b"":""X"",""d"":18,""excl_opp_detectors"":""True"",""k"":16,""l"":9,""leak_heralds"":""False"",""leak_repump"":""True"",""leakage"":""True"",""loss"":""True"",""m"":21,""n"":378,""p"":0.001,""prllel_1q"":336,""prllel_2q"":84,""r"":20,""repump_cycles"":3,""seq_meas"":""True"",""seq_ops"":""True"",""swapLRC"":""False""}",
         1,         0,         0,   0.067,bposd,3c4eb901d8ffce3fe8833edec93e38bf71e098409fe53b1b0b91b28d03a184fc,"{""A"":""x0y3+x10y0+x17y0"",""B"":""x5y0+x0y3+x0y19"",""b"":""X"",""d"":18,""excl_opp_detectors"":""True"",""k"":16,""l"":9,""leak_heralds"":""False"",""leak_repump"":""True"",""leakage"":""True"",""loss"":""True"",""m"":21,""n"":378,""p"":0.001,""prllel_1q"":336,""prllel_2q"":84,""r"":20,""repump_cycles"":3,""seq_meas"":""True"",""seq_ops"":""True"",""swapLRC"":""False""}",
         4,         0,         0,   0.126,bposd,12d0a895c1c7d9606c3d9751922fb0f20325cd9c13cbfcbd27b3196db55e86e0,"{""A"":""x0y9+x1y0+x2y0"",""B"":""x3y0+x0y25+x0y26"",""b"":""X"",""d"":24,""excl_opp_detectors"":""True"",""k"":12,""l"":6,""leak_heralds"":""False"",""leak_repump"":""True"",""leakage"":""True"",""loss"":""True"",""m"":30,""n"":360,""p"":0.001,""prllel_1q"":480,""prllel_2q"":120,""r"":20,""repump_cycles"":3,""seq_meas"":""True"",""seq_ops"":""True"",""swapLRC"":""False""}",
        16,         0,         0,   0.403,bposd,12d0a895c1c7d9606c3d9751922fb0f20325cd9c13cbfcbd27b3196db55e86e0,"{""A"":""x0y9+x1y0+x2y0"",""B"":""x3y0+x0y25+x0y26"",""b"":""X"",""d"":24,""excl_opp_detectors"":""True"",""k"":12,""l"":6,""leak_heralds"":""False"",""leak_repump"":""True"",""leakage"":""True"",""loss"":""True"",""m"":30,""n"":360,""p"":0.001,""prllel_1q"":480,""prllel_2q"":120,""r"":20,""repump_cycles"":3,""seq_meas"":""True"",""seq_ops"":""True"",""swapLRC"":""False""}",
         8,         0,         0,   0.150,bposd,12d0a895c1c7d9606c3d9751922fb0f20325cd9c13cbfcbd27b3196db55e86e0,"{""A"":""x0y9+x1y0+x2y0"",""B"":""x3y0+x0y25+x0y26"",""b"":""X"",""d"":24,""excl_opp_detectors"":""True"",""k"":12,""l"":6,""leak_heralds"":""False"",""leak_repump"":""True"",""leakage"":""True"",""loss"":""True"",""m"":30,""n"":360,""p"":0.001,""prllel_1q"":480,""prllel_2q"":120,""r"":20,""repump_cycles"":3,""seq_meas"":""True"",""seq_ops"":""True"",""swapLRC"":""False""}",
        16,         0,         0,   0.474,bposd,3c4eb901d8ffce3fe8833edec93e38bf71e098409fe53b1b0b91b28d03a184fc,"{""A"":""x0y3+x10y0+x17y0"",""B"":""x5y0+x0y3+x0y19"",""b"":""X"",""d"":18,""excl_opp_detectors"":""True"",""k"":16,""l"":9,""leak_heralds"":""False"",""leak_repump"":""True"",""leakage"":""True"",""loss"":""True"",""m"":21,""n"":378,""p"":0.001,""prllel_1q"":336,""prllel_2q"":84,""r"":20,""repump_cycles"":3,""seq_meas"":""True"",""seq_ops"":""True"",""swapLRC"":""False""}",
         1,         0,         0,   0.071,bposd,3c4eb901d8ffce3fe8833edec93e38bf71e098409fe53b1b0b91b28d03a184fc,"{""A"":""x0y3+x10y0+x17y0"",""B"":""x5y0+x0y3+x0y19"",""b"":""X"",""d"":18,""excl_opp_detectors"":""True"",""k"":16,""l"":9,""leak_heralds"":""False"",""leak_repump"":""True"",""leakage"":""True"",""loss"":""True"",""m"":21,""n"":378,""p"":0.001,""prllel_1q"":336,""prllel_2q"":84,""r"":20,""repump_cycles"":3,""seq_meas"":""True"",""seq_ops"":""True"",""swapLRC"":""False""}",
         1,         0,         0,   0.097,bposd,12d0a895c1c7d9606c3d9751922fb0f20325cd9c13cbfcbd27b3196db55e86e0,"{""A"":""x0y9+x1y0+x2y0"",""B"":""x3y0+x0y25+x0y26"",""b"":""X"",""d"":24,""excl_opp_detectors"":""True"",""k"":12,""l"":6,""leak_heralds"":""False"",""leak_repump"":""True"",""leakage"":""True"",""loss"":""True"",""m"":30,""n"":360,""p"":0.001,""prllel_1q"":480,""prllel_2q"":120,""r"":20,""repump_cycles"":3,""seq_meas"":""True"",""seq_ops"":""True"",""swapLRC"":""False""}",
        16,         0,         0,   0.325,bposd,12d0a895c1c7d9606c3d9751922fb0f20325cd9c13cbfcbd27b3196db55e86e0,"{""A"":""x0y9+x1y0+x2y0"",""B"":""x3y0+x0y25+x0y26"",""b"":""X"",""d"":24,""excl_opp_detectors"":""True"",""k"":12,""l"":6,""leak_heralds"":""False"",""leak_repump"":""True"",""leakage"":""True"",""loss"":""True"",""m"":30,""n"":360,""p"":0.001,""prllel_1q"":480,""prllel_2q"":120,""r"":20,""repump_cycles"":3,""seq_meas"":""True"",""seq_ops"":""True"",""swapLRC"":""False""}",
        16,         0,         0,   0.395,bposd,3c4eb901d8ffce3fe8833edec93e38bf71e098409fe53b1b0b91b28d03a184fc,"{""A"":""x0y3+x10y0+x17y0"",""B"":""x5y0+x0y3+x0y19"",""b"":""X"",""d"":18,""excl_opp_detectors"":""True"",""k"":16,""l"":9,""leak_heralds"":""False"",""leak_repump"":""True"",""leakage"":""True"",""loss"":""True"",""m"":21,""n"":378,""p"":0.001,""prllel_1q"":336,""prllel_2q"":84,""r"":20,""repump_cycles"":3,""seq_meas"":""True"",""seq_ops"":""True"",""swapLRC"":""False""}",
         1,         0,         0,   0.061,bposd,3c4eb901d8ffce3fe8833edec93e38bf71e098409fe53b1b0b91b28d03a184fc,"{""A"":""x0y3+x10y0+x17y0"",""B"":""x5y0+x0y3+x0y19"",""b"":""X"",""d"":18,""excl_opp_detectors"":""True"",""k"":16,""l"":9,""leak_heralds"":""False"",""leak_repump"":""True"",""leakage"":""True"",""loss"":""True"",""m"":21,""n"":378,""p"":0.001,""prllel_1q"":336,""prllel_2q"":84,""r"":20,""repump_cycles"":3,""seq_meas"":""True"",""seq_ops"":""True"",""swapLRC"":""False""}",
         1,         0,         0,   0.077,bposd,12d0a895c1c7d9606c3d9751922fb0f20325cd9c13cbfcbd27b3196db55e86e0,"{""A"":""x0y9+x1y0+x2y0"",""B"":""x3y0+x0y25+x0y26"",""b"":""X"",""d"":24,""excl_opp_detectors"":""True"",""k"":12,""l"":6,""leak_heralds"":""False"",""leak_repump"":""True"",""leakage"":""True"",""loss"":""True"",""m"":30,""n"":360,""p"":0.001,""prllel_1q"":480,""prllel_2q"":120,""r"":20,""repump_cycles"":3,""seq_meas"":""True"",""seq_ops"":""True"",""swapLRC"":""False""}",
         8,         0,         0,   0.219,bposd,12d0a895c1c7d9606c3d9751922fb0f20325cd9c13cbfcbd27b3196db55e86e0,"{""A"":""x0y9+x1y0+x2y0"",""B"":""x3y0+x0y25+x0y26"",""b"":""X"",""d"":24,""excl_opp_detectors"":""True"",""k"":12,""l"":6,""leak_heralds"":""False"",""leak_repump"":""True"",""leakage"":""True"",""loss"":""True"",""m"":30,""n"":360,""p"":0.001,""prllel_1q"":480,""prllel_2q"":120,""r"":20,""repump_cycles"":3,""seq_meas"":""True"",""seq_ops"":""True"",""swapLRC"":""False""}",
        32,         0,         0,   0.702,bposd,12d0a895c1c7d9606c3d9751922fb0f20325cd9c13cbfcbd27b3196db55e86e0,"{""A"":""x0y9+x1y0+x2y0"",""B"":""x3y0+x0y25+x0y26"",""b"":""X"",""d"":24,""excl_opp_detectors"":""True"",""k"":12,""l"":6,""leak_heralds"":""False"",""leak_repump"":""True"",""leakage"":""True"",""loss"":""True"",""m"":30,""n"":360,""p"":0.001,""prllel_1q"":480,""prllel_2q"":120,""r"":20,""repump_cycles"":3,""seq_meas"":""True"",""seq_ops"":""True"",""swapLRC"":""False""}",
        16,         0,         0,   0.345,bposd,12d0a895c1c7d9606c3d9751922fb0f20325cd9c13cbfcbd27b3196db55e86e0,"{""A"":""x0y9+x1y0+x2y0"",""B"":""x3y0+x0y25+x0y26"",""b"":""X"",""d"":24,""excl_opp_detectors"":""True"",""k"":12,""l"":6,""leak_heralds"":""False"",""leak_repump"":""True"",""leakage"":""True"",""loss"":""True"",""m"":30,""n"":360,""p"":0.001,""prllel_1q"":480,""prllel_2q"":120,""r"":20,""repump_cycles"":3,""seq_meas"":""True"",""seq_ops"":""True"",""swapLRC"":""False""}",
         8,         0,         0,   0.174,bposd,3c4eb901d8ffce3fe8833edec93e38bf71e098409fe53b1b0b91b28d03a184fc,"{""A"":""x0y3+x10y0+x17y0"",""B"":""x5y0+x0y3+x0y19"",""b"":""X"",""d"":18,""excl_opp_detectors"":""True"",""k"":16,""l"":9,""leak_heralds"":""False"",""leak_repump"":""True"",""leakage"":""True"",""loss"":""True"",""m"":21,""n"":378,""p"":0.001,""prllel_1q"":336,""prllel_2q"":84,""r"":20,""repump_cycles"":3,""seq_meas"":""True"",""seq_ops"":""True"",""swapLRC"":""False""}",
        16,         0,         0,   0.345,bposd,3c4eb901d8ffce3fe8833edec93e38bf71e098409fe53b1b0b91b28d03a184fc,"{""A"":""x0y3+x10y0+x17y0"",""B"":""x5y0+x0y3+x0y19"",""b"":""X"",""d"":18,""excl_opp_detectors"":""True"",""k"":16,""l"":9,""leak_heralds"":""False"",""leak_repump"":""True"",""leakage"":""True"",""loss"":""True"",""m"":21,""n"":378,""p"":0.001,""prllel_1q"":336,""prllel_2q"":84,""r"":20,""repump_cycles"":3,""seq_meas"":""True"",""seq_ops"":""True"",""swapLRC"":""False""}",
         8,         0,         0,   0.247,bposd,3c4eb901d8ffce3fe8833edec93e38bf71e098409fe53b1b0b91b28d03a184fc,"{""A"":""x0y3+x10y0+x17y0"",""B"":""x5y0+x0y3+x0y19"",""b"":""X"",""d"":18,""excl_opp_detectors"":""True"",""k"":16,""l"":9,""leak_heralds"":""False"",""leak_repump"":""True"",""leakage"":""True"",""loss"":""True"",""m"":21,""n"":378,""p"":0.001,""prllel_1q"":336,""prllel_2q"":84,""r"":20,""repump_cycles"":3,""seq_meas"":""True"",""seq_ops"":""True"",""swapLRC"":""False""}",
        16,         0,         0,   0.467,bposd,12d0a895c1c7d9606c3d9751922fb0f20325cd9c13cbfcbd27b3196db55e86e0,"{""A"":""x0y9+x1y0+x2y0"",""B"":""x3y0+x0y25+x0y26"",""b"":""X"",""d"":24,""excl_opp_detectors"":""True"",""k"":12,""l"":6,""leak_heralds"":""False"",""leak_repump"":""True"",""leakage"":""True"",""loss"":""True"",""m"":30,""n"":360,""p"":0.001,""prllel_1q"":480,""prllel_2q"":120,""r"":20,""repump_cycles"":3,""seq_meas"":""True"",""seq_ops"":""True"",""swapLRC"":""False""}",
        16,         0,         0,   0.394,bposd,12d0a895c1c7d9606c3d9751922fb0f20325cd9c13cbfcbd27b3196db55e86e0,"{""A"":""x0y9+x1y0+x2y0"",""B"":""x3y0+x0y25+x0y26"",""b"":""X"",""d"":24,""excl_opp_detectors"":""True"",""k"":12,""l"":6,""leak_heralds"":""False"",""leak_repump"":""True"",""leakage"":""True"",""loss"":""True"",""m"":30,""n"":360,""p"":0.001,""prllel_1q"":480,""prllel_2q"":120,""r"":20,""repump_cycles"":3,""seq_meas"":""True"",""seq_ops"":""True"",""swapLRC"":""False""}",
        16,         0,         0,   0.405,bposd,3c4eb901d8ffce3fe8833edec93e38bf71e098409fe53b1b0b91b28d03a184fc,"{""A"":""x0y3+x10y0+x17y0"",""B"":""x5y0+x0y3+x0y19"",""b"":""X"",""d"":18,""excl_opp_detectors"":""True"",""k"":16,""l"":9,""leak_heralds"":""False"",""leak_repump"":""True"",""leakage"":""True"",""loss"":""True"",""m"":21,""n"":378,""p"":0.001,""prllel_1q"":336,""prllel_2q"":84,""r"":20,""repump_cycles"":3,""seq_meas"":""True"",""seq_ops"":""True"",""swapLRC"":""False""}",
         1,         0,         0,   0.059,bposd,12d0a895c1c7d9606c3d9751922fb0f20325cd9c13cbfcbd27b3196db55e86e0,"{""A"":""x0y9+x1y0+x2y0"",""B"":""x3y0+x0y25+x0y26"",""b"":""X"",""d"":24,""excl_opp_detectors"":""True"",""k"":12,""l"":6,""leak_heralds"":""False"",""leak_repump"":""True"",""leakage"":""True"",""loss"":""True"",""m"":30,""n"":360,""p"":0.001,""prllel_1q"":480,""prllel_2q"":120,""r"":20,""repump_cycles"":3,""seq_meas"":""True"",""seq_ops"":""True"",""swapLRC"":""False""}",
        16,         0,         0,   0.387,bposd,12d0a895c1c7d9606c3d9751922fb0f20325cd9c13cbfcbd27b3196db55e86e0,"{""A"":""x0y9+x1y0+x2y0"",""B"":""x3y0+x0y25+x0y26"",""b"":""X"",""d"":24,""excl_opp_detectors"":""True"",""k"":12,""l"":6,""leak_heralds"":""False"",""leak_repump"":""True"",""leakage"":""True"",""loss"":""True"",""m"":30,""n"":360,""p"":0.001,""prllel_1q"":480,""prllel_2q"":120,""r"":20,""repump_cycles"":3,""seq_meas"":""True"",""seq_ops"":""True"",""swapLRC"":""False""}",
         4,         0,         0,   0.093,bposd,12d0a895c1c7d9606c3d9751922fb0f20325cd9c13cbfcbd27b3196db55e86e0,"{""A"":""x0y9+x1y0+x2y0"",""B"":""x3y0+x0y25+x0y26"",""b"":""X"",""d"":24,""excl_opp_detectors"":""True"",""k"":12,""l"":6,""leak_heralds"":""False"",""leak_repump"":""True"",""leakage"":""True"",""loss"":""True"",""m"":30,""n"":360,""p"":0.001,""prllel_1q"":480,""prllel_2q"":120,""r"":20,""repump_cycles"":3,""seq_meas"":""True"",""seq_ops"":""True"",""swapLRC"":""False""}",
        16,         0,         0,   0.260,bposd,12d0a895c1c7d9606c3d9751922fb0f20325cd9c13cbfcbd27b3196db55e86e0,"{""A"":""x0y9+x1y0+x2y0"",""B"":""x3y0+x0y25+x0y26"",""b"":""X"",""d"":24,""excl_opp_detectors"":""True"",""k"":12,""l"":6,""leak_heralds"":""False"",""leak_repump"":""True"",""leakage"":""True"",""loss"":""True"",""m"":30,""n"":360,""p"":0.001,""prllel_1q"":480,""prllel_2q"":120,""r"":20,""repump_cycles"":3,""seq_meas"":""True"",""seq_ops"":""True"",""swapLRC"":""False""}",
        16,         0,         0,   0.290,bposd,3c4eb901d8ffce3fe8833edec93e38bf71e098409fe53b1b0b91b28d03a184fc,"{""A"":""x0y3+x10y0+x17y0"",""B"":""x5y0+x0y3+x0y19"",""b"":""X"",""d"":18,""excl_opp_detectors"":""True"",""k"":16,""l"":9,""leak_heralds"":""False"",""leak_repump"":""True"",""leakage"":""True"",""loss"":""True"",""m"":21,""n"":378,""p"":0.001,""prllel_1q"":336,""prllel_2q"":84,""r"":20,""repump_cycles"":3,""seq_meas"":""True"",""seq_ops"":""True"",""swapLRC"":""False""}",
         8,         0,         0,   0.225,bposd,3c4eb901d8ffce3fe8833edec93e38bf71e098409fe53b1b0b91b28d03a184fc,"{""A"":""x0y3+x10y0+x17y0"",""B"":""x5y0+x0y3+x0y19"",""b"":""X"",""d"":18,""excl_opp_detectors"":""True"",""k"":16,""l"":9,""leak_heralds"":""False"",""leak_repump"":""True"",""leakage"":""True"",""loss"":""True"",""m"":21,""n"":378,""p"":0.001,""prllel_1q"":336,""prllel_2q"":84,""r"":20,""repump_cycles"":3,""seq_meas"":""True"",""seq_ops"":""True"",""swapLRC"":""False""}",
        16,         0,         0,   0.635,bposd,3c4eb901d8ffce3fe8833edec93e38bf71e098409fe53b1b0b91b28d03a184fc,"{""A"":""x0y3+x10y0+x17y0"",""B"":""x5y0+x0y3+x0y19"",""b"":""X"",""d"":18,""excl_opp_detectors"":""True"",""k"":16,""l"":9,""leak_heralds"":""False"",""leak_repump"":""True"",""leakage"":""True"",""loss"":""True"",""m"":21,""n"":378,""p"":0.001,""prllel_1q"":336,""prllel_2q"":84,""r"":20,""repump_cycles"":3,""seq_meas"":""True"",""seq_ops"":""True"",""swapLRC"":""False""}",
        16,         0,         0,   0.306,bposd,12d0a895c1c7d9606c3d9751922fb0f20325cd9c13cbfcbd27b3196db55e86e0,"{""A"":""x0y9+x1y0+x2y0"",""B"":""x3y0+x0y25+x0y26"",""b"":""X"",""d"":24,""excl_opp_detectors"":""True"",""k"":12,""l"":6,""leak_heralds"":""False"",""leak_repump"":""True"",""leakage"":""True"",""loss"":""True"",""m"":30,""n"":360,""p"":0.001,""prllel_1q"":480,""prllel_2q"":120,""r"":20,""repump_cycles"":3,""seq_meas"":""True"",""seq_ops"":""True"",""swapLRC"":""False""}",
         4,         0,         0,   0.150,bposd,12d0a895c1c7d9606c3d9751922fb0f20325cd9c13cbfcbd27b3196db55e86e0,"{""A"":""x0y9+x1y0+x2y0"",""B"":""x3y0+x0y25+x0y26"",""b"":""X"",""d"":24,""excl_opp_detectors"":""True"",""k"":12,""l"":6,""leak_heralds"":""False"",""leak_repump"":""True"",""leakage"":""True"",""loss"":""True"",""m"":30,""n"":360,""p"":0.001,""prllel_1q"":480,""prllel_2q"":120,""r"":20,""repump_cycles"":3,""seq_meas"":""True"",""seq_ops"":""True"",""swapLRC"":""False""}",
         8,         0,         0,   0.202,bposd,3c4eb901d8ffce3fe8833edec93e38bf71e098409fe53b1b0b91b28d03a184fc,"{""A"":""x0y3+x10y0+x17y0"",""B"":""x5y0+x0y3+x0y19"",""b"":""X"",""d"":18,""excl_opp_detectors"":""True"",""k"":16,""l"":9,""leak_heralds"":""False"",""leak_repump"":""True"",""leakage"":""True"",""loss"":""True"",""m"":21,""n"":378,""p"":0.001,""prllel_1q"":336,""prllel_2q"":84,""r"":20,""repump_cycles"":3,""seq_meas"":""True"",""seq_ops"":""True"",""swapLRC"":""False""}",
         1,         0,         0,   0.062,bposd,3c4eb901d8ffce3fe8833edec93e38bf71e098409fe53b1b0b91b28d03a184fc,"{""A"":""x0y3+x10y0+x17y0"",""B"":""x5y0+x0y3+x0y19"",""b"":""X"",""d"":18,""excl_opp_detectors"":""True"",""k"":16,""l"":9,""leak_heralds"":""False"",""leak_repump"":""True"",""leakage"":""True"",""loss"":""True"",""m"":21,""n"":378,""p"":0.001,""prllel_1q"":336,""prllel_2q"":84,""r"":20,""repump_cycles"":3,""seq_meas"":""True"",""seq_ops"":""True"",""swapLRC"":""False""}",
        16,         0,         0,   0.385,bposd,3c4eb901d8ffce3fe8833edec93e38bf71e098409fe53b1b0b91b28d03a184fc,"{""A"":""x0y3+x10y0+x17y0"",""B"":""x5y0+x0y3+x0y19"",""b"":""X"",""d"":18,""excl_opp_detectors"":""True"",""k"":16,""l"":9,""leak_heralds"":""False"",""leak_repump"":""True"",""leakage"":""True"",""loss"":""True"",""m"":21,""n"":378,""p"":0.001,""prllel_1q"":336,""prllel_2q"":84,""r"":20,""repump_cycles"":3,""seq_meas"":""True"",""seq_ops"":""True"",""swapLRC"":""False""}",
         8,         0,         0,   0.176,bposd,3c4eb901d8ffce3fe8833edec93e38bf71e098409fe53b1b0b91b28d03a184fc,"{""A"":""x0y3+x10y0+x17y0"",""B"":""x5y0+x0y3+x0y19"",""b"":""X"",""d"":18,""excl_opp_detectors"":""True"",""k"":16,""l"":9,""leak_heralds"":""False"",""leak_repump"":""True"",""leakage"":""True"",""loss"":""True"",""m"":21,""n"":378,""p"":0.001,""prllel_1q"":336,""prllel_2q"":84,""r"":20,""repump_cycles"":3,""seq_meas"":""True"",""seq_ops"":""True"",""swapLRC"":""False""}",
         1,         0,         0,   0.063,bposd,3c4eb901d8ffce3fe8833edec93e38bf71e098409fe53b1b0b91b28d03a184fc,"{""A"":""x0y3+x10y0+x17y0"",""B"":""x5y0+x0y3+x0y19"",""b"":""X"",""d"":18,""excl_opp_detectors"":""True"",""k"":16,""l"":9,""leak_heralds"":""False"",""leak_repump"":""True"",""leakage"":""True"",""loss"":""True"",""m"":21,""n"":378,""p"":0.001,""prllel_1q"":336,""prllel_2q"":84,""r"":20,""repump_cycles"":3,""seq_meas"":""True"",""seq_ops"":""True"",""swapLRC"":""False""}",
         1,         0,         0,   0.071,bposd,12d0a895c1c7d9606c3d9751922fb0f20325cd9c13cbfcbd27b3196db55e86e0,"{""A"":""x0y9+x1y0+x2y0"",""B"":""x3y0+x0y25+x0y26"",""b"":""X"",""d"":24,""excl_opp_detectors"":""True"",""k"":12,""l"":6,""leak_heralds"":""False"",""leak_repump"":""True"",""leakage"":""True"",""loss"":""True"",""m"":30,""n"":360,""p"":0.001,""prllel_1q"":480,""prllel_2q"":120,""r"":20,""repump_cycles"":3,""seq_meas"":""True"",""seq_ops"":""True"",""swapLRC"":""False""}",
        16,         0,         0,   0.297,bposd,12d0a895c1c7d9606c3d9751922fb0f20325cd9c13cbfcbd27b3196db55e86e0,"{""A"":""x0y9+x1y0+x2y0"",""B"":""x3y0+x0y25+x0y26"",""b"":""X"",""d"":24,""excl_opp_detectors"":""True"",""k"":12,""l"":6,""leak_heralds"":""False"",""leak_repump"":""True"",""leakage"":""True"",""loss"":""True"",""m"":30,""n"":360,""p"":0.001,""prllel_1q"":480,""prllel_2q"":120,""r"":20,""repump_cycles"":3,""seq_meas"":""True"",""seq_ops"":""True"",""swapLRC"":""False""}",
        16,         0,         0,   0.501,bposd,12d0a895c1c7d9606c3d9751922fb0f20325cd9c13cbfcbd27b3196db55e86e0,"{""A"":""x0y9+x1y0+x2y0"",""B"":""x3y0+x0y25+x0y26"",""b"":""X"",""d"":24,""excl_opp_detectors"":""True"",""k"":12,""l"":6,""leak_heralds"":""False"",""leak_repump"":""True"",""leakage"":""True"",""loss"":""True"",""m"":30,""n"":360,""p"":0.001,""prllel_1q"":480,""prllel_2q"":120,""r"":20,""repump_cycles"":3,""seq_meas"":""True"",""seq_ops"":""True"",""swapLRC"":""False""}",
        16,         0,         0,   0.450,bposd,12d0a895c1c7d9606c3d9751922fb0f20325cd9c13cbfcbd27b3196db55e86e0,"{""A"":""x0y9+x1y0+x2y0"",""B"":""x3y0+x0y25+x0y26"",""b"":""X"",""d"":24,""excl_opp_detectors"":""True"",""k"":12,""l"":6,""leak_heralds"":""False"",""leak_repump"":""True"",""leakage"":""True"",""loss"":""True"",""m"":30,""n"":360,""p"":0.001,""prllel_1q"":480,""prllel_2q"":120,""r"":20,""repump_cycles"":3,""seq_meas"":""True"",""seq_ops"":""True"",""swapLRC"":""False""}",
         8,         0,         0,   0.204,bposd,3c4eb901d8ffce3fe8833edec93e38bf71e098409fe53b1b0b91b28d03a184fc,"{""A"":""x0y3+x10y0+x17y0"",""B"":""x5y0+x0y3+x0y19"",""b"":""X"",""d"":18,""excl_opp_detectors"":""True"",""k"":16,""l"":9,""leak_heralds"":""False"",""leak_repump"":""True"",""leakage"":""True"",""loss"":""True"",""m"":21,""n"":378,""p"":0.001,""prllel_1q"":336,""prllel_2q"":84,""r"":20,""repump_cycles"":3,""seq_meas"":""True"",""seq_ops"":""True"",""swapLRC"":""False""}",
        16,         0,         0,   0.379,bposd,12d0a895c1c7d9606c3d9751922fb0f20325cd9c13cbfcbd27b3196db55e86e0,"{""A"":""x0y9+x1y0+x2y0"",""B"":""x3y0+x0y25+x0y26"",""b"":""X"",""d"":24,""excl_opp_detectors"":""True"",""k"":12,""l"":6,""leak_heralds"":""False"",""leak_repump"":""True"",""leakage"":""True"",""loss"":""True"",""m"":30,""n"":360,""p"":0.001,""prllel_1q"":480,""prllel_2q"":120,""r"":20,""repump_cycles"":3,""seq_meas"":""True"",""seq_ops"":""True"",""swapLRC"":""False""}",
        16,         0,         0,   0.490,bposd,12d0a895c1c7d9606c3d9751922fb0f20325cd9c13cbfcbd27b3196db55e86e0,"{""A"":""x0y9+x1y0+x2y0"",""B"":""x3y0+x0y25+x0y26"",""b"":""X"",""d"":24,""excl_opp_detectors"":""True"",""k"":12,""l"":6,""leak_heralds"":""False"",""leak_repump"":""True"",""leakage"":""True"",""loss"":""True"",""m"":30,""n"":360,""p"":0.001,""prllel_1q"":480,""prllel_2q"":120,""r"":20,""repump_cycles"":3,""seq_meas"":""True"",""seq_ops"":""True"",""swapLRC"":""False""}",
        16,         0,         0,   0.910,bposd,3c4eb901d8ffce3fe8833edec93e38bf71e098409fe53b1b0b91b28d03a184fc,"{""A"":""x0y3+x10y0+x17y0"",""B"":""x5y0+x0y3+x0y19"",""b"":""X"",""d"":18,""excl_opp_detectors"":""True"",""k"":16,""l"":9,""leak_heralds"":""False"",""leak_repump"":""True"",""leakage"":""True"",""loss"":""True"",""m"":21,""n"":378,""p"":0.001,""prllel_1q"":336,""prllel_2q"":84,""r"":20,""repump_cycles"":3,""seq_meas"":""True"",""seq_ops"":""True"",""swapLRC"":""False""}",
        16,         0,         0,    1.24,bposd,12d0a895c1c7d9606c3d9751922fb0f20325cd9c13cbfcbd27b3196db55e86e0,"{""A"":""x0y9+x1y0+x2y0"",""B"":""x3y0+x0y25+x0y26"",""b"":""X"",""d"":24,""excl_opp_detectors"":""True"",""k"":12,""l"":6,""leak_heralds"":""False"",""leak_repump"":""True"",""leakage"":""True"",""loss"":""True"",""m"":30,""n"":360,""p"":0.001,""prllel_1q"":480,""prllel_2q"":120,""r"":20,""repump_cycles"":3,""seq_meas"":""True"",""seq_ops"":""True"",""swapLRC"":""False""}",
        16,         0,         0,   0.527,bposd,3c4eb901d8ffce3fe8833edec93e38bf71e098409fe53b1b0b91b28d03a184fc,"{""A"":""x0y3+x10y0+x17y0"",""B"":""x5y0+x0y3+x0y19"",""b"":""X"",""d"":18,""excl_opp_detectors"":""True"",""k"":16,""l"":9,""leak_heralds"":""False"",""leak_repump"":""True"",""leakage"":""True"",""loss"":""True"",""m"":21,""n"":378,""p"":0.001,""prllel_1q"":336,""prllel_2q"":84,""r"":20,""repump_cycles"":3,""seq_meas"":""True"",""seq_ops"":""True"",""swapLRC"":""False""}",
         8,         0,         0,   0.169,bposd,12d0a895c1c7d9606c3d9751922fb0f20325cd9c13cbfcbd27b3196db55e86e0,"{""A"":""x0y9+x1y0+x2y0"",""B"":""x3y0+x0y25+x0y26"",""b"":""X"",""d"":24,""excl_opp_detectors"":""True"",""k"":12,""l"":6,""leak_heralds"":""False"",""leak_repump"":""True"",""leakage"":""True"",""loss"":""True"",""m"":30,""n"":360,""p"":0.001,""prllel_1q"":480,""prllel_2q"":120,""r"":20,""repump_cycles"":3,""seq_meas"":""True"",""seq_ops"":""True"",""swapLRC"":""False""}",
        16,         0,         0,   0.343,bposd,12d0a895c1c7d9606c3d9751922fb0f20325cd9c13cbfcbd27b3196db55e86e0,"{""A"":""x0y9+x1y0+x2y0"",""B"":""x3y0+x0y25+x0y26"",""b"":""X"",""d"":24,""excl_opp_detectors"":""True"",""k"":12,""l"":6,""leak_heralds"":""False"",""leak_repump"":""True"",""leakage"":""True"",""loss"":""True"",""m"":30,""n"":360,""p"":0.001,""prllel_1q"":480,""prllel_2q"":120,""r"":20,""repump_cycles"":3,""seq_meas"":""True"",""seq_ops"":""True"",""swapLRC"":""False""}",
         1,         0,         0,   0.073,bposd,3c4eb901d8ffce3fe8833edec93e38bf71e098409fe53b1b0b91b28d03a184fc,"{""A"":""x0y3+x10y0+x17y0"",""B"":""x5y0+x0y3+x0y19"",""b"":""X"",""d"":18,""excl_opp_detectors"":""True"",""k"":16,""l"":9,""leak_heralds"":""False"",""leak_repump"":""True"",""leakage"":""True"",""loss"":""True"",""m"":21,""n"":378,""p"":0.001,""prllel_1q"":336,""prllel_2q"":84,""r"":20,""repump_cycles"":3,""seq_meas"":""True"",""seq_ops"":""True"",""swapLRC"":""False""}",
         1,         0,         0,   0.069,bposd,3c4eb901d8ffce3fe8833edec93e38bf71e098409fe53b1b0b91b28d03a184fc,"{""A"":""x0y3+x10y0+x17y0"",""B"":""x5y0+x0y3+x0y19"",""b"":""X"",""d"":18,""excl_opp_detectors"":""True"",""k"":16,""l"":9,""leak_heralds"":""False"",""leak_repump"":""True"",""leakage"":""True"",""loss"":""True"",""m"":21,""n"":378,""p"":0.001,""prllel_1q"":336,""prllel_2q"":84,""r"":20,""repump_cycles"":3,""seq_meas"":""True"",""seq_ops"":""True"",""swapLRC"":""False""}",
        16,         0,         0,   0.639,bposd,3c4eb901d8ffce3fe8833edec93e38bf71e098409fe53b1b0b91b28d03a184fc,"{""A"":""x0y3+x10y0+x17y0"",""B"":""x5y0+x0y3+x0y19"",""b"":""X"",""d"":18,""excl_opp_detectors"":""True"",""k"":16,""l"":9,""leak_heralds"":""False"",""leak_repump"":""True"",""leakage"":""True"",""loss"":""True"",""m"":21,""n"":378,""p"":0.001,""prllel_1q"":336,""prllel_2q"":84,""r"":20,""repump_cycles"":3,""seq_meas"":""True"",""seq_ops"":""True"",""swapLRC"":""False""}",
        16,         0,         0,   0.344,bposd,12d0a895c1c7d9606c3d9751922fb0f20325cd9c13cbfcbd27b3196db55e86e0,"{""A"":""x0y9+x1y0+x2y0"",""B"":""x3y0+x0y25+x0y26"",""b"":""X"",""d"":24,""excl_opp_detectors"":""True"",""k"":12,""l"":6,""leak_heralds"":""False"",""leak_repump"":""True"",""leakage"":""True"",""loss"":""True"",""m"":30,""n"":360,""p"":0.001,""prllel_1q"":480,""prllel_2q"":120,""r"":20,""repump_cycles"":3,""seq_meas"":""True"",""seq_ops"":""True"",""swapLRC"":""False""}",
        16,         0,         0,   0.432,bposd,12d0a895c1c7d9606c3d9751922fb0f20325cd9c13cbfcbd27b3196db55e86e0,"{""A"":""x0y9+x1y0+x2y0"",""B"":""x3y0+x0y25+x0y26"",""b"":""X"",""d"":24,""excl_opp_detectors"":""True"",""k"":12,""l"":6,""leak_heralds"":""False"",""leak_repump"":""True"",""leakage"":""True"",""loss"":""True"",""m"":30,""n"":360,""p"":0.001,""prllel_1q"":480,""prllel_2q"":120,""r"":20,""repump_cycles"":3,""seq_meas"":""True"",""seq_ops"":""True"",""swapLRC"":""False""}",
        16,         0,         0,   0.279,bposd,3c4eb901d8ffce3fe8833edec93e38bf71e098409fe53b1b0b91b28d03a184fc,"{""A"":""x0y3+x10y0+x17y0"",""B"":""x5y0+x0y3+x0y19"",""b"":""X"",""d"":18,""excl_opp_detectors"":""True"",""k"":16,""l"":9,""leak_heralds"":""False"",""leak_repump"":""True"",""leakage"":""True"",""loss"":""True"",""m"":21,""n"":378,""p"":0.001,""prllel_1q"":336,""prllel_2q"":84,""r"":20,""repump_cycles"":3,""seq_meas"":""True"",""seq_ops"":""True"",""swapLRC"":""False""}",
        32,         0,         0,   0.689,bposd,3c4eb901d8ffce3fe8833edec93e38bf71e098409fe53b1b0b91b28d03a184fc,"{""A"":""x0y3+x10y0+x17y0"",""B"":""x5y0+x0y3+x0y19"",""b"":""X"",""d"":18,""excl_opp_detectors"":""True"",""k"":16,""l"":9,""leak_heralds"":""False"",""leak_repump"":""True"",""leakage"":""True"",""loss"":""True"",""m"":21,""n"":378,""p"":0.001,""prllel_1q"":336,""prllel_2q"":84,""r"":20,""repump_cycles"":3,""seq_meas"":""True"",""seq_ops"":""True"",""swapLRC"":""False""}",
        16,         0,         0,   0.432,bposd,12d0a895c1c7d9606c3d9751922fb0f20325cd9c13cbfcbd27b3196db55e86e0,"{""A"":""x0y9+x1y0+x2y0"",""B"":""x3y0+x0y25+x0y26"",""b"":""X"",""d"":24,""excl_opp_detectors"":""True"",""k"":12,""l"":6,""leak_heralds"":""False"",""leak_repump"":""True"",""leakage"":""True"",""loss"":""True"",""m"":30,""n"":360,""p"":0.001,""prllel_1q"":480,""prllel_2q"":120,""r"":20,""repump_cycles"":3,""seq_meas"":""True"",""seq_ops"":""True"",""swapLRC"":""False""}",
        32,         0,         0,   0.890,bposd,3c4eb901d8ffce3fe8833edec93e38bf71e098409fe53b1b0b91b28d03a184fc,"{""A"":""x0y3+x10y0+x17y0"",""B"":""x5y0+x0y3+x0y19"",""b"":""X"",""d"":18,""excl_opp_detectors"":""True"",""k"":16,""l"":9,""leak_heralds"":""False"",""leak_repump"":""True"",""leakage"":""True"",""loss"":""True"",""m"":21,""n"":378,""p"":0.001,""prllel_1q"":336,""prllel_2q"":84,""r"":20,""repump_cycles"":3,""seq_meas"":""True"",""seq_ops"":""True"",""swapLRC"":""False""}",
        16,         0,         0,   0.360,bposd,3c4eb901d8ffce3fe8833edec93e38bf71e098409fe53b1b0b91b28d03a184fc,"{""A"":""x0y3+x10y0+x17y0"",""B"":""x5y0+x0y3+x0y19"",""b"":""X"",""d"":18,""excl_opp_detectors"":""True"",""k"":16,""l"":9,""leak_heralds"":""False"",""leak_repump"":""True"",""leakage"":""True"",""loss"":""True"",""m"":21,""n"":378,""p"":0.001,""prllel_1q"":336,""prllel_2q"":84,""r"":20,""repump_cycles"":3,""seq_meas"":""True"",""seq_ops"":""True"",""swapLRC"":""False""}",
         8,         0,         0,   0.553,bposd,3c4eb901d8ffce3fe8833edec93e38bf71e098409fe53b1b0b91b28d03a184fc,"{""A"":""x0y3+x10y0+x17y0"",""B"":""x5y0+x0y3+x0y19"",""b"":""X"",""d"":18,""excl_opp_detectors"":""True"",""k"":16,""l"":9,""leak_heralds"":""False"",""leak_repump"":""True"",""leakage"":""True"",""loss"":""True"",""m"":21,""n"":378,""p"":0.001,""prllel_1q"":336,""prllel_2q"":84,""r"":20,""repump_cycles"":3,""seq_meas"":""True"",""seq_ops"":""True"",""swapLRC"":""False""}",
         1,         0,         0,   0.067,bposd,3c4eb901d8ffce3fe8833edec93e38bf71e098409fe53b1b0b91b28d03a184fc,"{""A"":""x0y3+x10y0+x17y0"",""B"":""x5y0+x0y3+x0y19"",""b"":""X"",""d"":18,""excl_opp_detectors"":""True"",""k"":16,""l"":9,""leak_heralds"":""False"",""leak_repump"":""True"",""leakage"":""True"",""loss"":""True"",""m"":21,""n"":378,""p"":0.001,""prllel_1q"":336,""prllel_2q"":84,""r"":20,""repump_cycles"":3,""seq_meas"":""True"",""seq_ops"":""True"",""swapLRC"":""False""}",
        16,         0,         0,   0.304,bposd,12d0a895c1c7d9606c3d9751922fb0f20325cd9c13cbfcbd27b3196db55e86e0,"{""A"":""x0y9+x1y0+x2y0"",""B"":""x3y0+x0y25+x0y26"",""b"":""X"",""d"":24,""excl_opp_detectors"":""True"",""k"":12,""l"":6,""leak_heralds"":""False"",""leak_repump"":""True"",""leakage"":""True"",""loss"":""True"",""m"":30,""n"":360,""p"":0.001,""prllel_1q"":480,""prllel_2q"":120,""r"":20,""repump_cycles"":3,""seq_meas"":""True"",""seq_ops"":""True"",""swapLRC"":""False""}",
        16,         0,         0,   0.340,bposd,3c4eb901d8ffce3fe8833edec93e38bf71e098409fe53b1b0b91b28d03a184fc,"{""A"":""x0y3+x10y0+x17y0"",""B"":""x5y0+x0y3+x0y19"",""b"":""X"",""d"":18,""excl_opp_detectors"":""True"",""k"":16,""l"":9,""leak_heralds"":""False"",""leak_repump"":""True"",""leakage"":""True"",""loss"":""True"",""m"":21,""n"":378,""p"":0.001,""prllel_1q"":336,""prllel_2q"":84,""r"":20,""repump_cycles"":3,""seq_meas"":""True"",""seq_ops"":""True"",""swapLRC"":""False""}",
         8,         0,         0,   0.219,bposd,3c4eb901d8ffce3fe8833edec93e38bf71e098409fe53b1b0b91b28d03a184fc,"{""A"":""x0y3+x10y0+x17y0"",""B"":""x5y0+x0y3+x0y19"",""b"":""X"",""d"":18,""excl_opp_detectors"":""True"",""k"":16,""l"":9,""leak_heralds"":""False"",""leak_repump"":""True"",""leakage"":""True"",""loss"":""True"",""m"":21,""n"":378,""p"":0.001,""prllel_1q"":336,""prllel_2q"":84,""r"":20,""repump_cycles"":3,""seq_meas"":""True"",""seq_ops"":""True"",""swapLRC"":""False""}",
        16,         0,         0,   0.589,bposd,12d0a895c1c7d9606c3d9751922fb0f20325cd9c13cbfcbd27b3196db55e86e0,"{""A"":""x0y9+x1y0+x2y0"",""B"":""x3y0+x0y25+x0y26"",""b"":""X"",""d"":24,""excl_opp_detectors"":""True"",""k"":12,""l"":6,""leak_heralds"":""False"",""leak_repump"":""True"",""leakage"":""True"",""loss"":""True"",""m"":30,""n"":360,""p"":0.001,""prllel_1q"":480,""prllel_2q"":120,""r"":20,""repump_cycles"":3,""seq_meas"":""True"",""seq_ops"":""True"",""swapLRC"":""False""}",
        16,         0,         0,   0.238,bposd,3c4eb901d8ffce3fe8833edec93e38bf71e098409fe53b1b0b91b28d03a184fc,"{""A"":""x0y3+x10y0+x17y0"",""B"":""x5y0+x0y3+x0y19"",""b"":""X"",""d"":18,""excl_opp_detectors"":""True"",""k"":16,""l"":9,""leak_heralds"":""False"",""leak_repump"":""True"",""leakage"":""True"",""loss"":""True"",""m"":21,""n"":378,""p"":0.001,""prllel_1q"":336,""prllel_2q"":84,""r"":20,""repump_cycles"":3,""seq_meas"":""True"",""seq_ops"":""True"",""swapLRC"":""False""}",
        16,         0,         0,   0.929,bposd,12d0a895c1c7d9606c3d9751922fb0f20325cd9c13cbfcbd27b3196db55e86e0,"{""A"":""x0y9+x1y0+x2y0"",""B"":""x3y0+x0y25+x0y26"",""b"":""X"",""d"":24,""excl_opp_detectors"":""True"",""k"":12,""l"":6,""leak_heralds"":""False"",""leak_repump"":""True"",""leakage"":""True"",""loss"":""True"",""m"":30,""n"":360,""p"":0.001,""prllel_1q"":480,""prllel_2q"":120,""r"":20,""repump_cycles"":3,""seq_meas"":""True"",""seq_ops"":""True"",""swapLRC"":""False""}",
        16,         0,         0,   0.787,bposd,12d0a895c1c7d9606c3d9751922fb0f20325cd9c13cbfcbd27b3196db55e86e0,"{""A"":""x0y9+x1y0+x2y0"",""B"":""x3y0+x0y25+x0y26"",""b"":""X"",""d"":24,""excl_opp_detectors"":""True"",""k"":12,""l"":6,""leak_heralds"":""False"",""leak_repump"":""True"",""leakage"":""True"",""loss"":""True"",""m"":30,""n"":360,""p"":0.001,""prllel_1q"":480,""prllel_2q"":120,""r"":20,""repump_cycles"":3,""seq_meas"":""True"",""seq_ops"":""True"",""swapLRC"":""False""}",
         1,         0,         0,   0.066,bposd,3c4eb901d8ffce3fe8833edec93e38bf71e098409fe53b1b0b91b28d03a184fc,"{""A"":""x0y3+x10y0+x17y0"",""B"":""x5y0+x0y3+x0y19"",""b"":""X"",""d"":18,""excl_opp_detectors"":""True"",""k"":16,""l"":9,""leak_heralds"":""False"",""leak_repump"":""True"",""leakage"":""True"",""loss"":""True"",""m"":21,""n"":378,""p"":0.001,""prllel_1q"":336,""prllel_2q"":84,""r"":20,""repump_cycles"":3,""seq_meas"":""True"",""seq_ops"":""True"",""swapLRC"":""False""}",
         1,         0,         0,   0.059,bposd,12d0a895c1c7d9606c3d9751922fb0f20325cd9c13cbfcbd27b3196db55e86e0,"{""A"":""x0y9+x1y0+x2y0"",""B"":""x3y0+x0y25+x0y26"",""b"":""X"",""d"":24,""excl_opp_detectors"":""True"",""k"":12,""l"":6,""leak_heralds"":""False"",""leak_repump"":""True"",""leakage"":""True"",""loss"":""True"",""m"":30,""n"":360,""p"":0.001,""prllel_1q"":480,""prllel_2q"":120,""r"":20,""repump_cycles"":3,""seq_meas"":""True"",""seq_ops"":""True"",""swapLRC"":""False""}",
        16,         0,         0,   0.314,bposd,12d0a895c1c7d9606c3d9751922fb0f20325cd9c13cbfcbd27b3196db55e86e0,"{""A"":""x0y9+x1y0+x2y0"",""B"":""x3y0+x0y25+x0y26"",""b"":""X"",""d"":24,""excl_opp_detectors"":""True"",""k"":12,""l"":6,""leak_heralds"":""False"",""leak_repump"":""True"",""leakage"":""True"",""loss"":""True"",""m"":30,""n"":360,""p"":0.001,""prllel_1q"":480,""prllel_2q"":120,""r"":20,""repump_cycles"":3,""seq_meas"":""True"",""seq_ops"":""True"",""swapLRC"":""False""}",
        16,         0,         0,   0.405,bposd,12d0a895c1c7d9606c3d9751922fb0f20325cd9c13cbfcbd27b3196db55e86e0,"{""A"":""x0y9+x1y0+x2y0"",""B"":""x3y0+x0y25+x0y26"",""b"":""X"",""d"":24,""excl_opp_detectors"":""True"",""k"":12,""l"":6,""leak_heralds"":""False"",""leak_repump"":""True"",""leakage"":""True"",""loss"":""True"",""m"":30,""n"":360,""p"":0.001,""prllel_1q"":480,""prllel_2q"":120,""r"":20,""repump_cycles"":3,""seq_meas"":""True"",""seq_ops"":""True"",""swapLRC"":""False""}",
        16,         0,         0,   0.359,bposd,3c4eb901d8ffce3fe8833edec93e38bf71e098409fe53b1b0b91b28d03a184fc,"{""A"":""x0y3+x10y0+x17y0"",""B"":""x5y0+x0y3+x0y19"",""b"":""X"",""d"":18,""excl_opp_detectors"":""True"",""k"":16,""l"":9,""leak_heralds"":""False"",""leak_repump"":""True"",""leakage"":""True"",""loss"":""True"",""m"":21,""n"":378,""p"":0.001,""prllel_1q"":336,""prllel_2q"":84,""r"":20,""repump_cycles"":3,""seq_meas"":""True"",""seq_ops"":""True"",""swapLRC"":""False""}",
         8,         0,         0,   0.249,bposd,12d0a895c1c7d9606c3d9751922fb0f20325cd9c13cbfcbd27b3196db55e86e0,"{""A"":""x0y9+x1y0+x2y0"",""B"":""x3y0+x0y25+x0y26"",""b"":""X"",""d"":24,""excl_opp_detectors"":""True"",""k"":12,""l"":6,""leak_heralds"":""False"",""leak_repump"":""True"",""leakage"":""True"",""loss"":""True"",""m"":30,""n"":360,""p"":0.001,""prllel_1q"":480,""prllel_2q"":120,""r"":20,""repump_cycles"":3,""seq_meas"":""True"",""seq_ops"":""True"",""swapLRC"":""False""}",
        16,         0,         0,   0.297,bposd,12d0a895c1c7d9606c3d9751922fb0f20325cd9c13cbfcbd27b3196db55e86e0,"{""A"":""x0y9+x1y0+x2y0"",""B"":""x3y0+x0y25+x0y26"",""b"":""X"",""d"":24,""excl_opp_detectors"":""True"",""k"":12,""l"":6,""leak_heralds"":""False"",""leak_repump"":""True"",""leakage"":""True"",""loss"":""True"",""m"":30,""n"":360,""p"":0.001,""prllel_1q"":480,""prllel_2q"":120,""r"":20,""repump_cycles"":3,""seq_meas"":""True"",""seq_ops"":""True"",""swapLRC"":""False""}",
        16,         0,         0,   0.318,bposd,3c4eb901d8ffce3fe8833edec93e38bf71e098409fe53b1b0b91b28d03a184fc,"{""A"":""x0y3+x10y0+x17y0"",""B"":""x5y0+x0y3+x0y19"",""b"":""X"",""d"":18,""excl_opp_detectors"":""True"",""k"":16,""l"":9,""leak_heralds"":""False"",""leak_repump"":""True"",""leakage"":""True"",""loss"":""True"",""m"":21,""n"":378,""p"":0.001,""prllel_1q"":336,""prllel_2q"":84,""r"":20,""repump_cycles"":3,""seq_meas"":""True"",""seq_ops"":""True"",""swapLRC"":""False""}",
         8,         0,         0,   0.297,bposd,3c4eb901d8ffce3fe8833edec93e38bf71e098409fe53b1b0b91b28d03a184fc,"{""A"":""x0y3+x10y0+x17y0"",""B"":""x5y0+x0y3+x0y19"",""b"":""X"",""d"":18,""excl_opp_detectors"":""True"",""k"":16,""l"":9,""leak_heralds"":""False"",""leak_repump"":""True"",""leakage"":""True"",""loss"":""True"",""m"":21,""n"":378,""p"":0.001,""prllel_1q"":336,""prllel_2q"":84,""r"":20,""repump_cycles"":3,""seq_meas"":""True"",""seq_ops"":""True"",""swapLRC"":""False""}",
        16,         0,         0,   0.926,bposd,3c4eb901d8ffce3fe8833edec93e38bf71e098409fe53b1b0b91b28d03a184fc,"{""A"":""x0y3+x10y0+x17y0"",""B"":""x5y0+x0y3+x0y19"",""b"":""X"",""d"":18,""excl_opp_detectors"":""True"",""k"":16,""l"":9,""leak_heralds"":""False"",""leak_repump"":""True"",""leakage"":""True"",""loss"":""True"",""m"":21,""n"":378,""p"":0.001,""prllel_1q"":336,""prllel_2q"":84,""r"":20,""repump_cycles"":3,""seq_meas"":""True"",""seq_ops"":""True"",""swapLRC"":""False""}",
        16,         0,         0,   0.488,bposd,12d0a895c1c7d9606c3d9751922fb0f20325cd9c13cbfcbd27b3196db55e86e0,"{""A"":""x0y9+x1y0+x2y0"",""B"":""x3y0+x0y25+x0y26"",""b"":""X"",""d"":24,""excl_opp_detectors"":""True"",""k"":12,""l"":6,""leak_heralds"":""False"",""leak_repump"":""True"",""leakage"":""True"",""loss"":""True"",""m"":30,""n"":360,""p"":0.001,""prllel_1q"":480,""prllel_2q"":120,""r"":20,""repump_cycles"":3,""seq_meas"":""True"",""seq_ops"":""True"",""swapLRC"":""False""}",
        16,         0,         0,   0.323,bposd,12d0a895c1c7d9606c3d9751922fb0f20325cd9c13cbfcbd27b3196db55e86e0,"{""A"":""x0y9+x1y0+x2y0"",""B"":""x3y0+x0y25+x0y26"",""b"":""X"",""d"":24,""excl_opp_detectors"":""True"",""k"":12,""l"":6,""leak_heralds"":""False"",""leak_repump"":""True"",""leakage"":""True"",""loss"":""True"",""m"":30,""n"":360,""p"":0.001,""prllel_1q"":480,""prllel_2q"":120,""r"":20,""repump_cycles"":3,""seq_meas"":""True"",""seq_ops"":""True"",""swapLRC"":""False""}",
        32,         0,         0,   0.771,bposd,3c4eb901d8ffce3fe8833edec93e38bf71e098409fe53b1b0b91b28d03a184fc,"{""A"":""x0y3+x10y0+x17y0"",""B"":""x5y0+x0y3+x0y19"",""b"":""X"",""d"":18,""excl_opp_detectors"":""True"",""k"":16,""l"":9,""leak_heralds"":""False"",""leak_repump"":""True"",""leakage"":""True"",""loss"":""True"",""m"":21,""n"":378,""p"":0.001,""prllel_1q"":336,""prllel_2q"":84,""r"":20,""repump_cycles"":3,""seq_meas"":""True"",""seq_ops"":""True"",""swapLRC"":""False""}",
        16,         0,         0,   0.482,bposd,3c4eb901d8ffce3fe8833edec93e38bf71e098409fe53b1b0b91b28d03a184fc,"{""A"":""x0y3+x10y0+x17y0"",""B"":""x5y0+x0y3+x0y19"",""b"":""X"",""d"":18,""excl_opp_detectors"":""True"",""k"":16,""l"":9,""leak_heralds"":""False"",""leak_repump"":""True"",""leakage"":""True"",""loss"":""True"",""m"":21,""n"":378,""p"":0.001,""prllel_1q"":336,""prllel_2q"":84,""r"":20,""repump_cycles"":3,""seq_meas"":""True"",""seq_ops"":""True"",""swapLRC"":""False""}",
        16,         0,         0,   0.338,bposd,3c4eb901d8ffce3fe8833edec93e38bf71e098409fe53b1b0b91b28d03a184fc,"{""A"":""x0y3+x10y0+x17y0"",""B"":""x5y0+x0y3+x0y19"",""b"":""X"",""d"":18,""excl_opp_detectors"":""True"",""k"":16,""l"":9,""leak_heralds"":""False"",""leak_repump"":""True"",""leakage"":""True"",""loss"":""True"",""m"":21,""n"":378,""p"":0.001,""prllel_1q"":336,""prllel_2q"":84,""r"":20,""repump_cycles"":3,""seq_meas"":""True"",""seq_ops"":""True"",""swapLRC"":""False""}",
        16,         0,         0,   0.406,bposd,12d0a895c1c7d9606c3d9751922fb0f20325cd9c13cbfcbd27b3196db55e86e0,"{""A"":""x0y9+x1y0+x2y0"",""B"":""x3y0+x0y25+x0y26"",""b"":""X"",""d"":24,""excl_opp_detectors"":""True"",""k"":12,""l"":6,""leak_heralds"":""False"",""leak_repump"":""True"",""leakage"":""True"",""loss"":""True"",""m"":30,""n"":360,""p"":0.001,""prllel_1q"":480,""prllel_2q"":120,""r"":20,""repump_cycles"":3,""seq_meas"":""True"",""seq_ops"":""True"",""swapLRC"":""False""}",
        16,         0,         0,   0.373,bposd,3c4eb901d8ffce3fe8833edec93e38bf71e098409fe53b1b0b91b28d03a184fc,"{""A"":""x0y3+x10y0+x17y0"",""B"":""x5y0+x0y3+x0y19"",""b"":""X"",""d"":18,""excl_opp_detectors"":""True"",""k"":16,""l"":9,""leak_heralds"":""False"",""leak_repump"":""True"",""leakage"":""True"",""loss"":""True"",""m"":21,""n"":378,""p"":0.001,""prllel_1q"":336,""prllel_2q"":84,""r"":20,""repump_cycles"":3,""seq_meas"":""True"",""seq_ops"":""True"",""swapLRC"":""False""}",
         1,         0,         0,   0.070,bposd,3c4eb901d8ffce3fe8833edec93e38bf71e098409fe53b1b0b91b28d03a184fc,"{""A"":""x0y3+x10y0+x17y0"",""B"":""x5y0+x0y3+x0y19"",""b"":""X"",""d"":18,""excl_opp_detectors"":""True"",""k"":16,""l"":9,""leak_heralds"":""False"",""leak_repump"":""True"",""leakage"":""True"",""loss"":""True"",""m"":21,""n"":378,""p"":0.001,""prllel_1q"":336,""prllel_2q"":84,""r"":20,""repump_cycles"":3,""seq_meas"":""True"",""seq_ops"":""True"",""swapLRC"":""False""}",
         8,         0,         0,   0.232,bposd,3c4eb901d8ffce3fe8833edec93e38bf71e098409fe53b1b0b91b28d03a184fc,"{""A"":""x0y3+x10y0+x17y0"",""B"":""x5y0+x0y3+x0y19"",""b"":""X"",""d"":18,""excl_opp_detectors"":""True"",""k"":16,""l"":9,""leak_heralds"":""False"",""leak_repump"":""True"",""leakage"":""True"",""loss"":""True"",""m"":21,""n"":378,""p"":0.001,""prllel_1q"":336,""prllel_2q"":84,""r"":20,""repump_cycles"":3,""seq_meas"":""True"",""seq_ops"":""True"",""swapLRC"":""False""}",
        16,         0,         0,   0.437,bposd,3c4eb901d8ffce3fe8833edec93e38bf71e098409fe53b1b0b91b28d03a184fc,"{""A"":""x0y3+x10y0+x17y0"",""B"":""x5y0+x0y3+x0y19"",""b"":""X"",""d"":18,""excl_opp_detectors"":""True"",""k"":16,""l"":9,""leak_heralds"":""False"",""leak_repump"":""True"",""leakage"":""True"",""loss"":""True"",""m"":21,""n"":378,""p"":0.001,""prllel_1q"":336,""prllel_2q"":84,""r"":20,""repump_cycles"":3,""seq_meas"":""True"",""seq_ops"":""True"",""swapLRC"":""False""}",
        16,         0,         0,   0.347,bposd,12d0a895c1c7d9606c3d9751922fb0f20325cd9c13cbfcbd27b3196db55e86e0,"{""A"":""x0y9+x1y0+x2y0"",""B"":""x3y0+x0y25+x0y26"",""b"":""X"",""d"":24,""excl_opp_detectors"":""True"",""k"":12,""l"":6,""leak_heralds"":""False"",""leak_repump"":""True"",""leakage"":""True"",""loss"":""True"",""m"":30,""n"":360,""p"":0.001,""prllel_1q"":480,""prllel_2q"":120,""r"":20,""repump_cycles"":3,""seq_meas"":""True"",""seq_ops"":""True"",""swapLRC"":""False""}",
        16,         0,         0,   0.397,bposd,3c4eb901d8ffce3fe8833edec93e38bf71e098409fe53b1b0b91b28d03a184fc,"{""A"":""x0y3+x10y0+x17y0"",""B"":""x5y0+x0y3+x0y19"",""b"":""X"",""d"":18,""excl_opp_detectors"":""True"",""k"":16,""l"":9,""leak_heralds"":""False"",""leak_repump"":""True"",""leakage"":""True"",""loss"":""True"",""m"":21,""n"":378,""p"":0.001,""prllel_1q"":336,""prllel_2q"":84,""r"":20,""repump_cycles"":3,""seq_meas"":""True"",""seq_ops"":""True"",""swapLRC"":""False""}",
        16,         0,         0,   0.316,bposd,12d0a895c1c7d9606c3d9751922fb0f20325cd9c13cbfcbd27b3196db55e86e0,"{""A"":""x0y9+x1y0+x2y0"",""B"":""x3y0+x0y25+x0y26"",""b"":""X"",""d"":24,""excl_opp_detectors"":""True"",""k"":12,""l"":6,""leak_heralds"":""False"",""leak_repump"":""True"",""leakage"":""True"",""loss"":""True"",""m"":30,""n"":360,""p"":0.001,""prllel_1q"":480,""prllel_2q"":120,""r"":20,""repump_cycles"":3,""seq_meas"":""True"",""seq_ops"":""True"",""swapLRC"":""False""}",
         8,         0,         0,   0.142,bposd,12d0a895c1c7d9606c3d9751922fb0f20325cd9c13cbfcbd27b3196db55e86e0,"{""A"":""x0y9+x1y0+x2y0"",""B"":""x3y0+x0y25+x0y26"",""b"":""X"",""d"":24,""excl_opp_detectors"":""True"",""k"":12,""l"":6,""leak_heralds"":""False"",""leak_repump"":""True"",""leakage"":""True"",""loss"":""True"",""m"":30,""n"":360,""p"":0.001,""prllel_1q"":480,""prllel_2q"":120,""r"":20,""repump_cycles"":3,""seq_meas"":""True"",""seq_ops"":""True"",""swapLRC"":""False""}",
        16,         0,         0,   0.343,bposd,12d0a895c1c7d9606c3d9751922fb0f20325cd9c13cbfcbd27b3196db55e86e0,"{""A"":""x0y9+x1y0+x2y0"",""B"":""x3y0+x0y25+x0y26"",""b"":""X"",""d"":24,""excl_opp_detectors"":""True"",""k"":12,""l"":6,""leak_heralds"":""False"",""leak_repump"":""True"",""leakage"":""True"",""loss"":""True"",""m"":30,""n"":360,""p"":0.001,""prllel_1q"":480,""prllel_2q"":120,""r"":20,""repump_cycles"":3,""seq_meas"":""True"",""seq_ops"":""True"",""swapLRC"":""False""}",
        16,         0,         0,   0.750,bposd,3c4eb901d8ffce3fe8833edec93e38bf71e098409fe53b1b0b91b28d03a184fc,"{""A"":""x0y3+x10y0+x17y0"",""B"":""x5y0+x0y3+x0y19"",""b"":""X"",""d"":18,""excl_opp_detectors"":""True"",""k"":16,""l"":9,""leak_heralds"":""False"",""leak_repump"":""True"",""leakage"":""True"",""loss"":""True"",""m"":21,""n"":378,""p"":0.001,""prllel_1q"":336,""prllel_2q"":84,""r"":20,""repump_cycles"":3,""seq_meas"":""True"",""seq_ops"":""True"",""swapLRC"":""False""}",
        16,         0,         0,   0.306,bposd,12d0a895c1c7d9606c3d9751922fb0f20325cd9c13cbfcbd27b3196db55e86e0,"{""A"":""x0y9+x1y0+x2y0"",""B"":""x3y0+x0y25+x0y26"",""b"":""X"",""d"":24,""excl_opp_detectors"":""True"",""k"":12,""l"":6,""leak_heralds"":""False"",""leak_repump"":""True"",""leakage"":""True"",""loss"":""True"",""m"":30,""n"":360,""p"":0.001,""prllel_1q"":480,""prllel_2q"":120,""r"":20,""repump_cycles"":3,""seq_meas"":""True"",""seq_ops"":""True"",""swapLRC"":""False""}",
        16,         0,         0,   0.346,bposd,12d0a895c1c7d9606c3d9751922fb0f20325cd9c13cbfcbd27b3196db55e86e0,"{""A"":""x0y9+x1y0+x2y0"",""B"":""x3y0+x0y25+x0y26"",""b"":""X"",""d"":24,""excl_opp_detectors"":""True"",""k"":12,""l"":6,""leak_heralds"":""False"",""leak_repump"":""True"",""leakage"":""True"",""loss"":""True"",""m"":30,""n"":360,""p"":0.001,""prllel_1q"":480,""prllel_2q"":120,""r"":20,""repump_cycles"":3,""seq_meas"":""True"",""seq_ops"":""True"",""swapLRC"":""False""}",
        32,         0,         0,   0.664,bposd,3c4eb901d8ffce3fe8833edec93e38bf71e098409fe53b1b0b91b28d03a184fc,"{""A"":""x0y3+x10y0+x17y0"",""B"":""x5y0+x0y3+x0y19"",""b"":""X"",""d"":18,""excl_opp_detectors"":""True"",""k"":16,""l"":9,""leak_heralds"":""False"",""leak_repump"":""True"",""leakage"":""True"",""loss"":""True"",""m"":21,""n"":378,""p"":0.001,""prllel_1q"":336,""prllel_2q"":84,""r"":20,""repump_cycles"":3,""seq_meas"":""True"",""seq_ops"":""True"",""swapLRC"":""False""}",
        16,         0,         0,   0.355,bposd,3c4eb901d8ffce3fe8833edec93e38bf71e098409fe53b1b0b91b28d03a184fc,"{""A"":""x0y3+x10y0+x17y0"",""B"":""x5y0+x0y3+x0y19"",""b"":""X"",""d"":18,""excl_opp_detectors"":""True"",""k"":16,""l"":9,""leak_heralds"":""False"",""leak_repump"":""True"",""leakage"":""True"",""loss"":""True"",""m"":21,""n"":378,""p"":0.001,""prllel_1q"":336,""prllel_2q"":84,""r"":20,""repump_cycles"":3,""seq_meas"":""True"",""seq_ops"":""True"",""swapLRC"":""False""}",
        16,         0,         0,   0.392,bposd,12d0a895c1c7d9606c3d9751922fb0f20325cd9c13cbfcbd27b3196db55e86e0,"{""A"":""x0y9+x1y0+x2y0"",""B"":""x3y0+x0y25+x0y26"",""b"":""X"",""d"":24,""excl_opp_detectors"":""True"",""k"":12,""l"":6,""leak_heralds"":""False"",""leak_repump"":""True"",""leakage"":""True"",""loss"":""True"",""m"":30,""n"":360,""p"":0.001,""prllel_1q"":480,""prllel_2q"":120,""r"":20,""repump_cycles"":3,""seq_meas"":""True"",""seq_ops"":""True"",""swapLRC"":""False""}",
        16,         0,         0,   0.351,bposd,3c4eb901d8ffce3fe8833edec93e38bf71e098409fe53b1b0b91b28d03a184fc,"{""A"":""x0y3+x10y0+x17y0"",""B"":""x5y0+x0y3+x0y19"",""b"":""X"",""d"":18,""excl_opp_detectors"":""True"",""k"":16,""l"":9,""leak_heralds"":""False"",""leak_repump"":""True"",""leakage"":""True"",""loss"":""True"",""m"":21,""n"":378,""p"":0.001,""prllel_1q"":336,""prllel_2q"":84,""r"":20,""repump_cycles"":3,""seq_meas"":""True"",""seq_ops"":""True"",""swapLRC"":""False""}",
        16,         0,         0,   0.867,bposd,12d0a895c1c7d9606c3d9751922fb0f20325cd9c13cbfcbd27b3196db55e86e0,"{""A"":""x0y9+x1y0+x2y0"",""B"":""x3y0+x0y25+x0y26"",""b"":""X"",""d"":24,""excl_opp_detectors"":""True"",""k"":12,""l"":6,""leak_heralds"":""False"",""leak_repump"":""True"",""leakage"":""True"",""loss"":""True"",""m"":30,""n"":360,""p"":0.001,""prllel_1q"":480,""prllel_2q"":120,""r"":20,""repump_cycles"":3,""seq_meas"":""True"",""seq_ops"":""True"",""swapLRC"":""False""}",
         8,         0,         0,   0.221,bposd,3c4eb901d8ffce3fe8833edec93e38bf71e098409fe53b1b0b91b28d03a184fc,"{""A"":""x0y3+x10y0+x17y0"",""B"":""x5y0+x0y3+x0y19"",""b"":""X"",""d"":18,""excl_opp_detectors"":""True"",""k"":16,""l"":9,""leak_heralds"":""False"",""leak_repump"":""True"",""leakage"":""True"",""loss"":""True"",""m"":21,""n"":378,""p"":0.001,""prllel_1q"":336,""prllel_2q"":84,""r"":20,""repump_cycles"":3,""seq_meas"":""True"",""seq_ops"":""True"",""swapLRC"":""False""}",
         8,         0,         0,   0.271,bposd,3c4eb901d8ffce3fe8833edec93e38bf71e098409fe53b1b0b91b28d03a184fc,"{""A"":""x0y3+x10y0+x17y0"",""B"":""x5y0+x0y3+x0y19"",""b"":""X"",""d"":18,""excl_opp_detectors"":""True"",""k"":16,""l"":9,""leak_heralds"":""False"",""leak_repump"":""True"",""leakage"":""True"",""loss"":""True"",""m"":21,""n"":378,""p"":0.001,""prllel_1q"":336,""prllel_2q"":84,""r"":20,""repump_cycles"":3,""seq_meas"":""True"",""seq_ops"":""True"",""swapLRC"":""False""}",
        16,         0,         0,   0.547,bposd,12d0a895c1c7d9606c3d9751922fb0f20325cd9c13cbfcbd27b3196db55e86e0,"{""A"":""x0y9+x1y0+x2y0"",""B"":""x3y0+x0y25+x0y26"",""b"":""X"",""d"":24,""excl_opp_detectors"":""True"",""k"":12,""l"":6,""leak_heralds"":""False"",""leak_repump"":""True"",""leakage"":""True"",""loss"":""True"",""m"":30,""n"":360,""p"":0.001,""prllel_1q"":480,""prllel_2q"":120,""r"":20,""repump_cycles"":3,""seq_meas"":""True"",""seq_ops"":""True"",""swapLRC"":""False""}",
         8,         0,         0,   0.148,bposd,3c4eb901d8ffce3fe8833edec93e38bf71e098409fe53b1b0b91b28d03a184fc,"{""A"":""x0y3+x10y0+x17y0"",""B"":""x5y0+x0y3+x0y19"",""b"":""X"",""d"":18,""excl_opp_detectors"":""True"",""k"":16,""l"":9,""leak_heralds"":""False"",""leak_repump"":""True"",""leakage"":""True"",""loss"":""True"",""m"":21,""n"":378,""p"":0.001,""prllel_1q"":336,""prllel_2q"":84,""r"":20,""repump_cycles"":3,""seq_meas"":""True"",""seq_ops"":""True"",""swapLRC"":""False""}",
        32,         0,         0,   0.556,bposd,3c4eb901d8ffce3fe8833edec93e38bf71e098409fe53b1b0b91b28d03a184fc,"{""A"":""x0y3+x10y0+x17y0"",""B"":""x5y0+x0y3+x0y19"",""b"":""X"",""d"":18,""excl_opp_detectors"":""True"",""k"":16,""l"":9,""leak_heralds"":""False"",""leak_repump"":""True"",""leakage"":""True"",""loss"":""True"",""m"":21,""n"":378,""p"":0.001,""prllel_1q"":336,""prllel_2q"":84,""r"":20,""repump_cycles"":3,""seq_meas"":""True"",""seq_ops"":""True"",""swapLRC"":""False""}",
        16,         0,         0,   0.364,bposd,12d0a895c1c7d9606c3d9751922fb0f20325cd9c13cbfcbd27b3196db55e86e0,"{""A"":""x0y9+x1y0+x2y0"",""B"":""x3y0+x0y25+x0y26"",""b"":""X"",""d"":24,""excl_opp_detectors"":""True"",""k"":12,""l"":6,""leak_heralds"":""False"",""leak_repump"":""True"",""leakage"":""True"",""loss"":""True"",""m"":30,""n"":360,""p"":0.001,""prllel_1q"":480,""prllel_2q"":120,""r"":20,""repump_cycles"":3,""seq_meas"":""True"",""seq_ops"":""True"",""swapLRC"":""False""}",
        16,         0,         0,   0.353,bposd,12d0a895c1c7d9606c3d9751922fb0f20325cd9c13cbfcbd27b3196db55e86e0,"{""A"":""x0y9+x1y0+x2y0"",""B"":""x3y0+x0y25+x0y26"",""b"":""X"",""d"":24,""excl_opp_detectors"":""True"",""k"":12,""l"":6,""leak_heralds"":""False"",""leak_repump"":""True"",""leakage"":""True"",""loss"":""True"",""m"":30,""n"":360,""p"":0.001,""prllel_1q"":480,""prllel_2q"":120,""r"":20,""repump_cycles"":3,""seq_meas"":""True"",""seq_ops"":""True"",""swapLRC"":""False""}",
        16,         0,         0,   0.334,bposd,3c4eb901d8ffce3fe8833edec93e38bf71e098409fe53b1b0b91b28d03a184fc,"{""A"":""x0y3+x10y0+x17y0"",""B"":""x5y0+x0y3+x0y19"",""b"":""X"",""d"":18,""excl_opp_detectors"":""True"",""k"":16,""l"":9,""leak_heralds"":""False"",""leak_repump"":""True"",""leakage"":""True"",""loss"":""True"",""m"":21,""n"":378,""p"":0.001,""prllel_1q"":336,""prllel_2q"":84,""r"":20,""repump_cycles"":3,""seq_meas"":""True"",""seq_ops"":""True"",""swapLRC"":""False""}",
        16,         0,         0,   0.283,bposd,12d0a895c1c7d9606c3d9751922fb0f20325cd9c13cbfcbd27b3196db55e86e0,"{""A"":""x0y9+x1y0+x2y0"",""B"":""x3y0+x0y25+x0y26"",""b"":""X"",""d"":24,""excl_opp_detectors"":""True"",""k"":12,""l"":6,""leak_heralds"":""False"",""leak_repump"":""True"",""leakage"":""True"",""loss"":""True"",""m"":30,""n"":360,""p"":0.001,""prllel_1q"":480,""prllel_2q"":120,""r"":20,""repump_cycles"":3,""seq_meas"":""True"",""seq_ops"":""True"",""swapLRC"":""False""}",
        16,         0,         0,   0.354,bposd,3c4eb901d8ffce3fe8833edec93e38bf71e098409fe53b1b0b91b28d03a184fc,"{""A"":""x0y3+x10y0+x17y0"",""B"":""x5y0+x0y3+x0y19"",""b"":""X"",""d"":18,""excl_opp_detectors"":""True"",""k"":16,""l"":9,""leak_heralds"":""False"",""leak_repump"":""True"",""leakage"":""True"",""loss"":""True"",""m"":21,""n"":378,""p"":0.001,""prllel_1q"":336,""prllel_2q"":84,""r"":20,""repump_cycles"":3,""seq_meas"":""True"",""seq_ops"":""True"",""swapLRC"":""False""}",
        16,         0,         0,   0.476,bposd,12d0a895c1c7d9606c3d9751922fb0f20325cd9c13cbfcbd27b3196db55e86e0,"{""A"":""x0y9+x1y0+x2y0"",""B"":""x3y0+x0y25+x0y26"",""b"":""X"",""d"":24,""excl_opp_detectors"":""True"",""k"":12,""l"":6,""leak_heralds"":""False"",""leak_repump"":""True"",""leakage"":""True"",""loss"":""True"",""m"":30,""n"":360,""p"":0.001,""prllel_1q"":480,""prllel_2q"":120,""r"":20,""repump_cycles"":3,""seq_meas"":""True"",""seq_ops"":""True"",""swapLRC"":""False""}",
        16,         0,         0,   0.381,bposd,12d0a895c1c7d9606c3d9751922fb0f20325cd9c13cbfcbd27b3196db55e86e0,"{""A"":""x0y9+x1y0+x2y0"",""B"":""x3y0+x0y25+x0y26"",""b"":""X"",""d"":24,""excl_opp_detectors"":""True"",""k"":12,""l"":6,""leak_heralds"":""False"",""leak_repump"":""True"",""leakage"":""True"",""loss"":""True"",""m"":30,""n"":360,""p"":0.001,""prllel_1q"":480,""prllel_2q"":120,""r"":20,""repump_cycles"":3,""seq_meas"":""True"",""seq_ops"":""True"",""swapLRC"":""False""}",
        32,         0,         0,   0.671,bposd,12d0a895c1c7d9606c3d9751922fb0f20325cd9c13cbfcbd27b3196db55e86e0,"{""A"":""x0y9+x1y0+x2y0"",""B"":""x3y0+x0y25+x0y26"",""b"":""X"",""d"":24,""excl_opp_detectors"":""True"",""k"":12,""l"":6,""leak_heralds"":""False"",""leak_repump"":""True"",""leakage"":""True"",""loss"":""True"",""m"":30,""n"":360,""p"":0.001,""prllel_1q"":480,""prllel_2q"":120,""r"":20,""repump_cycles"":3,""seq_meas"":""True"",""seq_ops"":""True"",""swapLRC"":""False""}",
        16,         0,         0,   0.364,bposd,3c4eb901d8ffce3fe8833edec93e38bf71e098409fe53b1b0b91b28d03a184fc,"{""A"":""x0y3+x10y0+x17y0"",""B"":""x5y0+x0y3+x0y19"",""b"":""X"",""d"":18,""excl_opp_detectors"":""True"",""k"":16,""l"":9,""leak_heralds"":""False"",""leak_repump"":""True"",""leakage"":""True"",""loss"":""True"",""m"":21,""n"":378,""p"":0.001,""prllel_1q"":336,""prllel_2q"":84,""r"":20,""repump_cycles"":3,""seq_meas"":""True"",""seq_ops"":""True"",""swapLRC"":""False""}",
        16,         0,         0,   0.433,bposd,12d0a895c1c7d9606c3d9751922fb0f20325cd9c13cbfcbd27b3196db55e86e0,"{""A"":""x0y9+x1y0+x2y0"",""B"":""x3y0+x0y25+x0y26"",""b"":""X"",""d"":24,""excl_opp_detectors"":""True"",""k"":12,""l"":6,""leak_heralds"":""False"",""leak_repump"":""True"",""leakage"":""True"",""loss"":""True"",""m"":30,""n"":360,""p"":0.001,""prllel_1q"":480,""prllel_2q"":120,""r"":20,""repump_cycles"":3,""seq_meas"":""True"",""seq_ops"":""True"",""swapLRC"":""False""}",
        32,         0,         0,   0.780,bposd,12d0a895c1c7d9606c3d9751922fb0f20325cd9c13cbfcbd27b3196db55e86e0,"{""A"":""x0y9+x1y0+x2y0"",""B"":""x3y0+x0y25+x0y26"",""b"":""X"",""d"":24,""excl_opp_detectors"":""True"",""k"":12,""l"":6,""leak_heralds"":""False"",""leak_repump"":""True"",""leakage"":""True"",""loss"":""True"",""m"":30,""n"":360,""p"":0.001,""prllel_1q"":480,""prllel_2q"":120,""r"":20,""repump_cycles"":3,""seq_meas"":""True"",""seq_ops"":""True"",""swapLRC"":""False""}",
        16,         0,         0,   0.344,bposd,3c4eb901d8ffce3fe8833edec93e38bf71e098409fe53b1b0b91b28d03a184fc,"{""A"":""x0y3+x10y0+x17y0"",""B"":""x5y0+x0y3+x0y19"",""b"":""X"",""d"":18,""excl_opp_detectors"":""True"",""k"":16,""l"":9,""leak_heralds"":""False"",""leak_repump"":""True"",""leakage"":""True"",""loss"":""True"",""m"":21,""n"":378,""p"":0.001,""prllel_1q"":336,""prllel_2q"":84,""r"":20,""repump_cycles"":3,""seq_meas"":""True"",""seq_ops"":""True"",""swapLRC"":""False""}",
        16,         0,         0,   0.425,bposd,12d0a895c1c7d9606c3d9751922fb0f20325cd9c13cbfcbd27b3196db55e86e0,"{""A"":""x0y9+x1y0+x2y0"",""B"":""x3y0+x0y25+x0y26"",""b"":""X"",""d"":24,""excl_opp_detectors"":""True"",""k"":12,""l"":6,""leak_heralds"":""False"",""leak_repump"":""True"",""leakage"":""True"",""loss"":""True"",""m"":30,""n"":360,""p"":0.001,""prllel_1q"":480,""prllel_2q"":120,""r"":20,""repump_cycles"":3,""seq_meas"":""True"",""seq_ops"":""True"",""swapLRC"":""False""}",
        16,         0,         0,   0.297,bposd,3c4eb901d8ffce3fe8833edec93e38bf71e098409fe53b1b0b91b28d03a184fc,"{""A"":""x0y3+x10y0+x17y0"",""B"":""x5y0+x0y3+x0y19"",""b"":""X"",""d"":18,""excl_opp_detectors"":""True"",""k"":16,""l"":9,""leak_heralds"":""False"",""leak_repump"":""True"",""leakage"":""True"",""loss"":""True"",""m"":21,""n"":378,""p"":0.001,""prllel_1q"":336,""prllel_2q"":84,""r"":20,""repump_cycles"":3,""seq_meas"":""True"",""seq_ops"":""True"",""swapLRC"":""False""}",
         8,         0,         0,   0.535,bposd,3c4eb901d8ffce3fe8833edec93e38bf71e098409fe53b1b0b91b28d03a184fc,"{""A"":""x0y3+x10y0+x17y0"",""B"":""x5y0+x0y3+x0y19"",""b"":""X"",""d"":18,""excl_opp_detectors"":""True"",""k"":16,""l"":9,""leak_heralds"":""False"",""leak_repump"":""True"",""leakage"":""True"",""loss"":""True"",""m"":21,""n"":378,""p"":0.001,""prllel_1q"":336,""prllel_2q"":84,""r"":20,""repump_cycles"":3,""seq_meas"":""True"",""seq_ops"":""True"",""swapLRC"":""False""}",
        16,         0,         0,   0.388,bposd,12d0a895c1c7d9606c3d9751922fb0f20325cd9c13cbfcbd27b3196db55e86e0,"{""A"":""x0y9+x1y0+x2y0"",""B"":""x3y0+x0y25+x0y26"",""b"":""X"",""d"":24,""excl_opp_detectors"":""True"",""k"":12,""l"":6,""leak_heralds"":""False"",""leak_repump"":""True"",""leakage"":""True"",""loss"":""True"",""m"":30,""n"":360,""p"":0.001,""prllel_1q"":480,""prllel_2q"":120,""r"":20,""repump_cycles"":3,""seq_meas"":""True"",""seq_ops"":""True"",""swapLRC"":""False""}",
         1,         0,         0,   0.067,bposd,3c4eb901d8ffce3fe8833edec93e38bf71e098409fe53b1b0b91b28d03a184fc,"{""A"":""x0y3+x10y0+x17y0"",""B"":""x5y0+x0y3+x0y19"",""b"":""X"",""d"":18,""excl_opp_detectors"":""True"",""k"":16,""l"":9,""leak_heralds"":""False"",""leak_repump"":""True"",""leakage"":""True"",""loss"":""True"",""m"":21,""n"":378,""p"":0.001,""prllel_1q"":336,""prllel_2q"":84,""r"":20,""repump_cycles"":3,""seq_meas"":""True"",""seq_ops"":""True"",""swapLRC"":""False""}",
        16,         0,         0,   0.406,bposd,3c4eb901d8ffce3fe8833edec93e38bf71e098409fe53b1b0b91b28d03a184fc,"{""A"":""x0y3+x10y0+x17y0"",""B"":""x5y0+x0y3+x0y19"",""b"":""X"",""d"":18,""excl_opp_detectors"":""True"",""k"":16,""l"":9,""leak_heralds"":""False"",""leak_repump"":""True"",""leakage"":""True"",""loss"":""True"",""m"":21,""n"":378,""p"":0.001,""prllel_1q"":336,""prllel_2q"":84,""r"":20,""repump_cycles"":3,""seq_meas"":""True"",""seq_ops"":""True"",""swapLRC"":""False""}",
        16,         0,         0,   0.369,bposd,3c4eb901d8ffce3fe8833edec93e38bf71e098409fe53b1b0b91b28d03a184fc,"{""A"":""x0y3+x10y0+x17y0"",""B"":""x5y0+x0y3+x0y19"",""b"":""X"",""d"":18,""excl_opp_detectors"":""True"",""k"":16,""l"":9,""leak_heralds"":""False"",""leak_repump"":""True"",""leakage"":""True"",""loss"":""True"",""m"":21,""n"":378,""p"":0.001,""prllel_1q"":336,""prllel_2q"":84,""r"":20,""repump_cycles"":3,""seq_meas"":""True"",""seq_ops"":""True"",""swapLRC"":""False""}",
        16,         0,         0,   0.314,bposd,12d0a895c1c7d9606c3d9751922fb0f20325cd9c13cbfcbd27b3196db55e86e0,"{""A"":""x0y9+x1y0+x2y0"",""B"":""x3y0+x0y25+x0y26"",""b"":""X"",""d"":24,""excl_opp_detectors"":""True"",""k"":12,""l"":6,""leak_heralds"":""False"",""leak_repump"":""True"",""leakage"":""True"",""loss"":""True"",""m"":30,""n"":360,""p"":0.001,""prllel_1q"":480,""prllel_2q"":120,""r"":20,""repump_cycles"":3,""seq_meas"":""True"",""seq_ops"":""True"",""swapLRC"":""False""}",
        16,         0,         0,   0.371,bposd,3c4eb901d8ffce3fe8833edec93e38bf71e098409fe53b1b0b91b28d03a184fc,"{""A"":""x0y3+x10y0+x17y0"",""B"":""x5y0+x0y3+x0y19"",""b"":""X"",""d"":18,""excl_opp_detectors"":""True"",""k"":16,""l"":9,""leak_heralds"":""False"",""leak_repump"":""True"",""leakage"":""True"",""loss"":""True"",""m"":21,""n"":378,""p"":0.001,""prllel_1q"":336,""prllel_2q"":84,""r"":20,""repump_cycles"":3,""seq_meas"":""True"",""seq_ops"":""True"",""swapLRC"":""False""}",
        16,         0,         0,   0.528,bposd,3c4eb901d8ffce3fe8833edec93e38bf71e098409fe53b1b0b91b28d03a184fc,"{""A"":""x0y3+x10y0+x17y0"",""B"":""x5y0+x0y3+x0y19"",""b"":""X"",""d"":18,""excl_opp_detectors"":""True"",""k"":16,""l"":9,""leak_heralds"":""False"",""leak_repump"":""True"",""leakage"":""True"",""loss"":""True"",""m"":21,""n"":378,""p"":0.001,""prllel_1q"":336,""prllel_2q"":84,""r"":20,""repump_cycles"":3,""seq_meas"":""True"",""seq_ops"":""True"",""swapLRC"":""False""}",
        16,         0,         0,   0.468,bposd,3c4eb901d8ffce3fe8833edec93e38bf71e098409fe53b1b0b91b28d03a184fc,"{""A"":""x0y3+x10y0+x17y0"",""B"":""x5y0+x0y3+x0y19"",""b"":""X"",""d"":18,""excl_opp_detectors"":""True"",""k"":16,""l"":9,""leak_heralds"":""False"",""leak_repump"":""True"",""leakage"":""True"",""loss"":""True"",""m"":21,""n"":378,""p"":0.001,""prllel_1q"":336,""prllel_2q"":84,""r"":20,""repump_cycles"":3,""seq_meas"":""True"",""seq_ops"":""True"",""swapLRC"":""False""}",
        16,         0,         0,   0.604,bposd,12d0a895c1c7d9606c3d9751922fb0f20325cd9c13cbfcbd27b3196db55e86e0,"{""A"":""x0y9+x1y0+x2y0"",""B"":""x3y0+x0y25+x0y26"",""b"":""X"",""d"":24,""excl_opp_detectors"":""True"",""k"":12,""l"":6,""leak_heralds"":""False"",""leak_repump"":""True"",""leakage"":""True"",""loss"":""True"",""m"":30,""n"":360,""p"":0.001,""prllel_1q"":480,""prllel_2q"":120,""r"":20,""repump_cycles"":3,""seq_meas"":""True"",""seq_ops"":""True"",""swapLRC"":""False""}",
        16,         0,         0,   0.526,bposd,12d0a895c1c7d9606c3d9751922fb0f20325cd9c13cbfcbd27b3196db55e86e0,"{""A"":""x0y9+x1y0+x2y0"",""B"":""x3y0+x0y25+x0y26"",""b"":""X"",""d"":24,""excl_opp_detectors"":""True"",""k"":12,""l"":6,""leak_heralds"":""False"",""leak_repump"":""True"",""leakage"":""True"",""loss"":""True"",""m"":30,""n"":360,""p"":0.001,""prllel_1q"":480,""prllel_2q"":120,""r"":20,""repump_cycles"":3,""seq_meas"":""True"",""seq_ops"":""True"",""swapLRC"":""False""}",
        16,         0,         0,   0.508,bposd,12d0a895c1c7d9606c3d9751922fb0f20325cd9c13cbfcbd27b3196db55e86e0,"{""A"":""x0y9+x1y0+x2y0"",""B"":""x3y0+x0y25+x0y26"",""b"":""X"",""d"":24,""excl_opp_detectors"":""True"",""k"":12,""l"":6,""leak_heralds"":""False"",""leak_repump"":""True"",""leakage"":""True"",""loss"":""True"",""m"":30,""n"":360,""p"":0.001,""prllel_1q"":480,""prllel_2q"":120,""r"":20,""repump_cycles"":3,""seq_meas"":""True"",""seq_ops"":""True"",""swapLRC"":""False""}",
        16,         0,         0,   0.275,bposd,12d0a895c1c7d9606c3d9751922fb0f20325cd9c13cbfcbd27b3196db55e86e0,"{""A"":""x0y9+x1y0+x2y0"",""B"":""x3y0+x0y25+x0y26"",""b"":""X"",""d"":24,""excl_opp_detectors"":""True"",""k"":12,""l"":6,""leak_heralds"":""False"",""leak_repump"":""True"",""leakage"":""True"",""loss"":""True"",""m"":30,""n"":360,""p"":0.001,""prllel_1q"":480,""prllel_2q"":120,""r"":20,""repump_cycles"":3,""seq_meas"":""True"",""seq_ops"":""True"",""swapLRC"":""False""}",
        16,         0,         0,   0.353,bposd,3c4eb901d8ffce3fe8833edec93e38bf71e098409fe53b1b0b91b28d03a184fc,"{""A"":""x0y3+x10y0+x17y0"",""B"":""x5y0+x0y3+x0y19"",""b"":""X"",""d"":18,""excl_opp_detectors"":""True"",""k"":16,""l"":9,""leak_heralds"":""False"",""leak_repump"":""True"",""leakage"":""True"",""loss"":""True"",""m"":21,""n"":378,""p"":0.001,""prllel_1q"":336,""prllel_2q"":84,""r"":20,""repump_cycles"":3,""seq_meas"":""True"",""seq_ops"":""True"",""swapLRC"":""False""}",
        16,         0,         0,    1.91,bposd,3c4eb901d8ffce3fe8833edec93e38bf71e098409fe53b1b0b91b28d03a184fc,"{""A"":""x0y3+x10y0+x17y0"",""B"":""x5y0+x0y3+x0y19"",""b"":""X"",""d"":18,""excl_opp_detectors"":""True"",""k"":16,""l"":9,""leak_heralds"":""False"",""leak_repump"":""True"",""leakage"":""True"",""loss"":""True"",""m"":21,""n"":378,""p"":0.001,""prllel_1q"":336,""prllel_2q"":84,""r"":20,""repump_cycles"":3,""seq_meas"":""True"",""seq_ops"":""True"",""swapLRC"":""False""}",
        16,         0,         0,   0.917,bposd,12d0a895c1c7d9606c3d9751922fb0f20325cd9c13cbfcbd27b3196db55e86e0,"{""A"":""x0y9+x1y0+x2y0"",""B"":""x3y0+x0y25+x0y26"",""b"":""X"",""d"":24,""excl_opp_detectors"":""True"",""k"":12,""l"":6,""leak_heralds"":""False"",""leak_repump"":""True"",""leakage"":""True"",""loss"":""True"",""m"":30,""n"":360,""p"":0.001,""prllel_1q"":480,""prllel_2q"":120,""r"":20,""repump_cycles"":3,""seq_meas"":""True"",""seq_ops"":""True"",""swapLRC"":""False""}",
        16,         0,         0,   0.539,bposd,3c4eb901d8ffce3fe8833edec93e38bf71e098409fe53b1b0b91b28d03a184fc,"{""A"":""x0y3+x10y0+x17y0"",""B"":""x5y0+x0y3+x0y19"",""b"":""X"",""d"":18,""excl_opp_detectors"":""True"",""k"":16,""l"":9,""leak_heralds"":""False"",""leak_repump"":""True"",""leakage"":""True"",""loss"":""True"",""m"":21,""n"":378,""p"":0.001,""prllel_1q"":336,""prllel_2q"":84,""r"":20,""repump_cycles"":3,""seq_meas"":""True"",""seq_ops"":""True"",""swapLRC"":""False""}",
        16,         0,         0,   0.361,bposd,3c4eb901d8ffce3fe8833edec93e38bf71e098409fe53b1b0b91b28d03a184fc,"{""A"":""x0y3+x10y0+x17y0"",""B"":""x5y0+x0y3+x0y19"",""b"":""X"",""d"":18,""excl_opp_detectors"":""True"",""k"":16,""l"":9,""leak_heralds"":""False"",""leak_repump"":""True"",""leakage"":""True"",""loss"":""True"",""m"":21,""n"":378,""p"":0.001,""prllel_1q"":336,""prllel_2q"":84,""r"":20,""repump_cycles"":3,""seq_meas"":""True"",""seq_ops"":""True"",""swapLRC"":""False""}",
        16,         0,         0,   0.395,bposd,12d0a895c1c7d9606c3d9751922fb0f20325cd9c13cbfcbd27b3196db55e86e0,"{""A"":""x0y9+x1y0+x2y0"",""B"":""x3y0+x0y25+x0y26"",""b"":""X"",""d"":24,""excl_opp_detectors"":""True"",""k"":12,""l"":6,""leak_heralds"":""False"",""leak_repump"":""True"",""leakage"":""True"",""loss"":""True"",""m"":30,""n"":360,""p"":0.001,""prllel_1q"":480,""prllel_2q"":120,""r"":20,""repump_cycles"":3,""seq_meas"":""True"",""seq_ops"":""True"",""swapLRC"":""False""}",
        16,         0,         0,   0.424,bposd,3c4eb901d8ffce3fe8833edec93e38bf71e098409fe53b1b0b91b28d03a184fc,"{""A"":""x0y3+x10y0+x17y0"",""B"":""x5y0+x0y3+x0y19"",""b"":""X"",""d"":18,""excl_opp_detectors"":""True"",""k"":16,""l"":9,""leak_heralds"":""False"",""leak_repump"":""True"",""leakage"":""True"",""loss"":""True"",""m"":21,""n"":378,""p"":0.001,""prllel_1q"":336,""prllel_2q"":84,""r"":20,""repump_cycles"":3,""seq_meas"":""True"",""seq_ops"":""True"",""swapLRC"":""False""}",
        16,         0,         0,   0.412,bposd,12d0a895c1c7d9606c3d9751922fb0f20325cd9c13cbfcbd27b3196db55e86e0,"{""A"":""x0y9+x1y0+x2y0"",""B"":""x3y0+x0y25+x0y26"",""b"":""X"",""d"":24,""excl_opp_detectors"":""True"",""k"":12,""l"":6,""leak_heralds"":""False"",""leak_repump"":""True"",""leakage"":""True"",""loss"":""True"",""m"":30,""n"":360,""p"":0.001,""prllel_1q"":480,""prllel_2q"":120,""r"":20,""repump_cycles"":3,""seq_meas"":""True"",""seq_ops"":""True"",""swapLRC"":""False""}",
        16,         0,         0,   0.686,bposd,3c4eb901d8ffce3fe8833edec93e38bf71e098409fe53b1b0b91b28d03a184fc,"{""A"":""x0y3+x10y0+x17y0"",""B"":""x5y0+x0y3+x0y19"",""b"":""X"",""d"":18,""excl_opp_detectors"":""True"",""k"":16,""l"":9,""leak_heralds"":""False"",""leak_repump"":""True"",""leakage"":""True"",""loss"":""True"",""m"":21,""n"":378,""p"":0.001,""prllel_1q"":336,""prllel_2q"":84,""r"":20,""repump_cycles"":3,""seq_meas"":""True"",""seq_ops"":""True"",""swapLRC"":""False""}",
        32,         0,         0,   0.564,bposd,12d0a895c1c7d9606c3d9751922fb0f20325cd9c13cbfcbd27b3196db55e86e0,"{""A"":""x0y9+x1y0+x2y0"",""B"":""x3y0+x0y25+x0y26"",""b"":""X"",""d"":24,""excl_opp_detectors"":""True"",""k"":12,""l"":6,""leak_heralds"":""False"",""leak_repump"":""True"",""leakage"":""True"",""loss"":""True"",""m"":30,""n"":360,""p"":0.001,""prllel_1q"":480,""prllel_2q"":120,""r"":20,""repump_cycles"":3,""seq_meas"":""True"",""seq_ops"":""True"",""swapLRC"":""False""}",
        16,         0,         0,   0.452,bposd,12d0a895c1c7d9606c3d9751922fb0f20325cd9c13cbfcbd27b3196db55e86e0,"{""A"":""x0y9+x1y0+x2y0"",""B"":""x3y0+x0y25+x0y26"",""b"":""X"",""d"":24,""excl_opp_detectors"":""True"",""k"":12,""l"":6,""leak_heralds"":""False"",""leak_repump"":""True"",""leakage"":""True"",""loss"":""True"",""m"":30,""n"":360,""p"":0.001,""prllel_1q"":480,""prllel_2q"":120,""r"":20,""repump_cycles"":3,""seq_meas"":""True"",""seq_ops"":""True"",""swapLRC"":""False""}",
         8,         0,         0,   0.172,bposd,3c4eb901d8ffce3fe8833edec93e38bf71e098409fe53b1b0b91b28d03a184fc,"{""A"":""x0y3+x10y0+x17y0"",""B"":""x5y0+x0y3+x0y19"",""b"":""X"",""d"":18,""excl_opp_detectors"":""True"",""k"":16,""l"":9,""leak_heralds"":""False"",""leak_repump"":""True"",""leakage"":""True"",""loss"":""True"",""m"":21,""n"":378,""p"":0.001,""prllel_1q"":336,""prllel_2q"":84,""r"":20,""repump_cycles"":3,""seq_meas"":""True"",""seq_ops"":""True"",""swapLRC"":""False""}",
        16,         0,         0,   0.410,bposd,3c4eb901d8ffce3fe8833edec93e38bf71e098409fe53b1b0b91b28d03a184fc,"{""A"":""x0y3+x10y0+x17y0"",""B"":""x5y0+x0y3+x0y19"",""b"":""X"",""d"":18,""excl_opp_detectors"":""True"",""k"":16,""l"":9,""leak_heralds"":""False"",""leak_repump"":""True"",""leakage"":""True"",""loss"":""True"",""m"":21,""n"":378,""p"":0.001,""prllel_1q"":336,""prllel_2q"":84,""r"":20,""repump_cycles"":3,""seq_meas"":""True"",""seq_ops"":""True"",""swapLRC"":""False""}",
        16,         0,         0,   0.305,bposd,3c4eb901d8ffce3fe8833edec93e38bf71e098409fe53b1b0b91b28d03a184fc,"{""A"":""x0y3+x10y0+x17y0"",""B"":""x5y0+x0y3+x0y19"",""b"":""X"",""d"":18,""excl_opp_detectors"":""True"",""k"":16,""l"":9,""leak_heralds"":""False"",""leak_repump"":""True"",""leakage"":""True"",""loss"":""True"",""m"":21,""n"":378,""p"":0.001,""prllel_1q"":336,""prllel_2q"":84,""r"":20,""repump_cycles"":3,""seq_meas"":""True"",""seq_ops"":""True"",""swapLRC"":""False""}",
        16,         0,         0,   0.423,bposd,12d0a895c1c7d9606c3d9751922fb0f20325cd9c13cbfcbd27b3196db55e86e0,"{""A"":""x0y9+x1y0+x2y0"",""B"":""x3y0+x0y25+x0y26"",""b"":""X"",""d"":24,""excl_opp_detectors"":""True"",""k"":12,""l"":6,""leak_heralds"":""False"",""leak_repump"":""True"",""leakage"":""True"",""loss"":""True"",""m"":30,""n"":360,""p"":0.001,""prllel_1q"":480,""prllel_2q"":120,""r"":20,""repump_cycles"":3,""seq_meas"":""True"",""seq_ops"":""True"",""swapLRC"":""False""}",
        32,         0,         0,   0.852,bposd,12d0a895c1c7d9606c3d9751922fb0f20325cd9c13cbfcbd27b3196db55e86e0,"{""A"":""x0y9+x1y0+x2y0"",""B"":""x3y0+x0y25+x0y26"",""b"":""X"",""d"":24,""excl_opp_detectors"":""True"",""k"":12,""l"":6,""leak_heralds"":""False"",""leak_repump"":""True"",""leakage"":""True"",""loss"":""True"",""m"":30,""n"":360,""p"":0.001,""prllel_1q"":480,""prllel_2q"":120,""r"":20,""repump_cycles"":3,""seq_meas"":""True"",""seq_ops"":""True"",""swapLRC"":""False""}",
        32,         0,         0,   0.727,bposd,3c4eb901d8ffce3fe8833edec93e38bf71e098409fe53b1b0b91b28d03a184fc,"{""A"":""x0y3+x10y0+x17y0"",""B"":""x5y0+x0y3+x0y19"",""b"":""X"",""d"":18,""excl_opp_detectors"":""True"",""k"":16,""l"":9,""leak_heralds"":""False"",""leak_repump"":""True"",""leakage"":""True"",""loss"":""True"",""m"":21,""n"":378,""p"":0.001,""prllel_1q"":336,""prllel_2q"":84,""r"":20,""repump_cycles"":3,""seq_meas"":""True"",""seq_ops"":""True"",""swapLRC"":""False""}",
        16,         0,         0,   0.308,bposd,12d0a895c1c7d9606c3d9751922fb0f20325cd9c13cbfcbd27b3196db55e86e0,"{""A"":""x0y9+x1y0+x2y0"",""B"":""x3y0+x0y25+x0y26"",""b"":""X"",""d"":24,""excl_opp_detectors"":""True"",""k"":12,""l"":6,""leak_heralds"":""False"",""leak_repump"":""True"",""leakage"":""True"",""loss"":""True"",""m"":30,""n"":360,""p"":0.001,""prllel_1q"":480,""prllel_2q"":120,""r"":20,""repump_cycles"":3,""seq_meas"":""True"",""seq_ops"":""True"",""swapLRC"":""False""}",
        16,         0,         0,   0.283,bposd,12d0a895c1c7d9606c3d9751922fb0f20325cd9c13cbfcbd27b3196db55e86e0,"{""A"":""x0y9+x1y0+x2y0"",""B"":""x3y0+x0y25+x0y26"",""b"":""X"",""d"":24,""excl_opp_detectors"":""True"",""k"":12,""l"":6,""leak_heralds"":""False"",""leak_repump"":""True"",""leakage"":""True"",""loss"":""True"",""m"":30,""n"":360,""p"":0.001,""prllel_1q"":480,""prllel_2q"":120,""r"":20,""repump_cycles"":3,""seq_meas"":""True"",""seq_ops"":""True"",""swapLRC"":""False""}",
        32,         0,         0,   0.769,bposd,3c4eb901d8ffce3fe8833edec93e38bf71e098409fe53b1b0b91b28d03a184fc,"{""A"":""x0y3+x10y0+x17y0"",""B"":""x5y0+x0y3+x0y19"",""b"":""X"",""d"":18,""excl_opp_detectors"":""True"",""k"":16,""l"":9,""leak_heralds"":""False"",""leak_repump"":""True"",""leakage"":""True"",""loss"":""True"",""m"":21,""n"":378,""p"":0.001,""prllel_1q"":336,""prllel_2q"":84,""r"":20,""repump_cycles"":3,""seq_meas"":""True"",""seq_ops"":""True"",""swapLRC"":""False""}",
        16,         0,         0,   0.665,bposd,3c4eb901d8ffce3fe8833edec93e38bf71e098409fe53b1b0b91b28d03a184fc,"{""A"":""x0y3+x10y0+x17y0"",""B"":""x5y0+x0y3+x0y19"",""b"":""X"",""d"":18,""excl_opp_detectors"":""True"",""k"":16,""l"":9,""leak_heralds"":""False"",""leak_repump"":""True"",""leakage"":""True"",""loss"":""True"",""m"":21,""n"":378,""p"":0.001,""prllel_1q"":336,""prllel_2q"":84,""r"":20,""repump_cycles"":3,""seq_meas"":""True"",""seq_ops"":""True"",""swapLRC"":""False""}",
         8,         0,         0,   0.281,bposd,3c4eb901d8ffce3fe8833edec93e38bf71e098409fe53b1b0b91b28d03a184fc,"{""A"":""x0y3+x10y0+x17y0"",""B"":""x5y0+x0y3+x0y19"",""b"":""X"",""d"":18,""excl_opp_detectors"":""True"",""k"":16,""l"":9,""leak_heralds"":""False"",""leak_repump"":""True"",""leakage"":""True"",""loss"":""True"",""m"":21,""n"":378,""p"":0.001,""prllel_1q"":336,""prllel_2q"":84,""r"":20,""repump_cycles"":3,""seq_meas"":""True"",""seq_ops"":""True"",""swapLRC"":""False""}",
        16,         0,         0,   0.435,bposd,3c4eb901d8ffce3fe8833edec93e38bf71e098409fe53b1b0b91b28d03a184fc,"{""A"":""x0y3+x10y0+x17y0"",""B"":""x5y0+x0y3+x0y19"",""b"":""X"",""d"":18,""excl_opp_detectors"":""True"",""k"":16,""l"":9,""leak_heralds"":""False"",""leak_repump"":""True"",""leakage"":""True"",""loss"":""True"",""m"":21,""n"":378,""p"":0.001,""prllel_1q"":336,""prllel_2q"":84,""r"":20,""repump_cycles"":3,""seq_meas"":""True"",""seq_ops"":""True"",""swapLRC"":""False""}",
         8,         0,         0,   0.215,bposd,3c4eb901d8ffce3fe8833edec93e38bf71e098409fe53b1b0b91b28d03a184fc,"{""A"":""x0y3+x10y0+x17y0"",""B"":""x5y0+x0y3+x0y19"",""b"":""X"",""d"":18,""excl_opp_detectors"":""True"",""k"":16,""l"":9,""leak_heralds"":""False"",""leak_repump"":""True"",""leakage"":""True"",""loss"":""True"",""m"":21,""n"":378,""p"":0.001,""prllel_1q"":336,""prllel_2q"":84,""r"":20,""repump_cycles"":3,""seq_meas"":""True"",""seq_ops"":""True"",""swapLRC"":""False""}",
        16,         0,         0,   0.488,bposd,12d0a895c1c7d9606c3d9751922fb0f20325cd9c13cbfcbd27b3196db55e86e0,"{""A"":""x0y9+x1y0+x2y0"",""B"":""x3y0+x0y25+x0y26"",""b"":""X"",""d"":24,""excl_opp_detectors"":""True"",""k"":12,""l"":6,""leak_heralds"":""False"",""leak_repump"":""True"",""leakage"":""True"",""loss"":""True"",""m"":30,""n"":360,""p"":0.001,""prllel_1q"":480,""prllel_2q"":120,""r"":20,""repump_cycles"":3,""seq_meas"":""True"",""seq_ops"":""True"",""swapLRC"":""False""}",
        16,         0,         0,   0.475,bposd,12d0a895c1c7d9606c3d9751922fb0f20325cd9c13cbfcbd27b3196db55e86e0,"{""A"":""x0y9+x1y0+x2y0"",""B"":""x3y0+x0y25+x0y26"",""b"":""X"",""d"":24,""excl_opp_detectors"":""True"",""k"":12,""l"":6,""leak_heralds"":""False"",""leak_repump"":""True"",""leakage"":""True"",""loss"":""True"",""m"":30,""n"":360,""p"":0.001,""prllel_1q"":480,""prllel_2q"":120,""r"":20,""repump_cycles"":3,""seq_meas"":""True"",""seq_ops"":""True"",""swapLRC"":""False""}",
        16,         0,         0,   0.258,bposd,3c4eb901d8ffce3fe8833edec93e38bf71e098409fe53b1b0b91b28d03a184fc,"{""A"":""x0y3+x10y0+x17y0"",""B"":""x5y0+x0y3+x0y19"",""b"":""X"",""d"":18,""excl_opp_detectors"":""True"",""k"":16,""l"":9,""leak_heralds"":""False"",""leak_repump"":""True"",""leakage"":""True"",""loss"":""True"",""m"":21,""n"":378,""p"":0.001,""prllel_1q"":336,""prllel_2q"":84,""r"":20,""repump_cycles"":3,""seq_meas"":""True"",""seq_ops"":""True"",""swapLRC"":""False""}",
        16,         0,         0,   0.364,bposd,12d0a895c1c7d9606c3d9751922fb0f20325cd9c13cbfcbd27b3196db55e86e0,"{""A"":""x0y9+x1y0+x2y0"",""B"":""x3y0+x0y25+x0y26"",""b"":""X"",""d"":24,""excl_opp_detectors"":""True"",""k"":12,""l"":6,""leak_heralds"":""False"",""leak_repump"":""True"",""leakage"":""True"",""loss"":""True"",""m"":30,""n"":360,""p"":0.001,""prllel_1q"":480,""prllel_2q"":120,""r"":20,""repump_cycles"":3,""seq_meas"":""True"",""seq_ops"":""True"",""swapLRC"":""False""}",
        16,         0,         0,   0.745,bposd,12d0a895c1c7d9606c3d9751922fb0f20325cd9c13cbfcbd27b3196db55e86e0,"{""A"":""x0y9+x1y0+x2y0"",""B"":""x3y0+x0y25+x0y26"",""b"":""X"",""d"":24,""excl_opp_detectors"":""True"",""k"":12,""l"":6,""leak_heralds"":""False"",""leak_repump"":""True"",""leakage"":""True"",""loss"":""True"",""m"":30,""n"":360,""p"":0.001,""prllel_1q"":480,""prllel_2q"":120,""r"":20,""repump_cycles"":3,""seq_meas"":""True"",""seq_ops"":""True"",""swapLRC"":""False""}",
        16,         0,         0,   0.388,bposd,3c4eb901d8ffce3fe8833edec93e38bf71e098409fe53b1b0b91b28d03a184fc,"{""A"":""x0y3+x10y0+x17y0"",""B"":""x5y0+x0y3+x0y19"",""b"":""X"",""d"":18,""excl_opp_detectors"":""True"",""k"":16,""l"":9,""leak_heralds"":""False"",""leak_repump"":""True"",""leakage"":""True"",""loss"":""True"",""m"":21,""n"":378,""p"":0.001,""prllel_1q"":336,""prllel_2q"":84,""r"":20,""repump_cycles"":3,""seq_meas"":""True"",""seq_ops"":""True"",""swapLRC"":""False""}",
        16,         0,         0,   0.344,bposd,12d0a895c1c7d9606c3d9751922fb0f20325cd9c13cbfcbd27b3196db55e86e0,"{""A"":""x0y9+x1y0+x2y0"",""B"":""x3y0+x0y25+x0y26"",""b"":""X"",""d"":24,""excl_opp_detectors"":""True"",""k"":12,""l"":6,""leak_heralds"":""False"",""leak_repump"":""True"",""leakage"":""True"",""loss"":""True"",""m"":30,""n"":360,""p"":0.001,""prllel_1q"":480,""prllel_2q"":120,""r"":20,""repump_cycles"":3,""seq_meas"":""True"",""seq_ops"":""True"",""swapLRC"":""False""}",
         8,         0,         0,   0.855,bposd,3c4eb901d8ffce3fe8833edec93e38bf71e098409fe53b1b0b91b28d03a184fc,"{""A"":""x0y3+x10y0+x17y0"",""B"":""x5y0+x0y3+x0y19"",""b"":""X"",""d"":18,""excl_opp_detectors"":""True"",""k"":16,""l"":9,""leak_heralds"":""False"",""leak_repump"":""True"",""leakage"":""True"",""loss"":""True"",""m"":21,""n"":378,""p"":0.001,""prllel_1q"":336,""prllel_2q"":84,""r"":20,""repump_cycles"":3,""seq_meas"":""True"",""seq_ops"":""True"",""swapLRC"":""False""}",
        16,         0,         0,   0.465,bposd,12d0a895c1c7d9606c3d9751922fb0f20325cd9c13cbfcbd27b3196db55e86e0,"{""A"":""x0y9+x1y0+x2y0"",""B"":""x3y0+x0y25+x0y26"",""b"":""X"",""d"":24,""excl_opp_detectors"":""True"",""k"":12,""l"":6,""leak_heralds"":""False"",""leak_repump"":""True"",""leakage"":""True"",""loss"":""True"",""m"":30,""n"":360,""p"":0.001,""prllel_1q"":480,""prllel_2q"":120,""r"":20,""repump_cycles"":3,""seq_meas"":""True"",""seq_ops"":""True"",""swapLRC"":""False""}",
        16,         0,         0,   0.348,bposd,3c4eb901d8ffce3fe8833edec93e38bf71e098409fe53b1b0b91b28d03a184fc,"{""A"":""x0y3+x10y0+x17y0"",""B"":""x5y0+x0y3+x0y19"",""b"":""X"",""d"":18,""excl_opp_detectors"":""True"",""k"":16,""l"":9,""leak_heralds"":""False"",""leak_repump"":""True"",""leakage"":""True"",""loss"":""True"",""m"":21,""n"":378,""p"":0.001,""prllel_1q"":336,""prllel_2q"":84,""r"":20,""repump_cycles"":3,""seq_meas"":""True"",""seq_ops"":""True"",""swapLRC"":""False""}",
        16,         0,         0,   0.318,bposd,12d0a895c1c7d9606c3d9751922fb0f20325cd9c13cbfcbd27b3196db55e86e0,"{""A"":""x0y9+x1y0+x2y0"",""B"":""x3y0+x0y25+x0y26"",""b"":""X"",""d"":24,""excl_opp_detectors"":""True"",""k"":12,""l"":6,""leak_heralds"":""False"",""leak_repump"":""True"",""leakage"":""True"",""loss"":""True"",""m"":30,""n"":360,""p"":0.001,""prllel_1q"":480,""prllel_2q"":120,""r"":20,""repump_cycles"":3,""seq_meas"":""True"",""seq_ops"":""True"",""swapLRC"":""False""}",
        16,         0,         0,   0.393,bposd,3c4eb901d8ffce3fe8833edec93e38bf71e098409fe53b1b0b91b28d03a184fc,"{""A"":""x0y3+x10y0+x17y0"",""B"":""x5y0+x0y3+x0y19"",""b"":""X"",""d"":18,""excl_opp_detectors"":""True"",""k"":16,""l"":9,""leak_heralds"":""False"",""leak_repump"":""True"",""leakage"":""True"",""loss"":""True"",""m"":21,""n"":378,""p"":0.001,""prllel_1q"":336,""prllel_2q"":84,""r"":20,""repump_cycles"":3,""seq_meas"":""True"",""seq_ops"":""True"",""swapLRC"":""False""}",
        16,         0,         0,   0.638,bposd,3c4eb901d8ffce3fe8833edec93e38bf71e098409fe53b1b0b91b28d03a184fc,"{""A"":""x0y3+x10y0+x17y0"",""B"":""x5y0+x0y3+x0y19"",""b"":""X"",""d"":18,""excl_opp_detectors"":""True"",""k"":16,""l"":9,""leak_heralds"":""False"",""leak_repump"":""True"",""leakage"":""True"",""loss"":""True"",""m"":21,""n"":378,""p"":0.001,""prllel_1q"":336,""prllel_2q"":84,""r"":20,""repump_cycles"":3,""seq_meas"":""True"",""seq_ops"":""True"",""swapLRC"":""False""}",
        16,         0,         0,   0.307,bposd,12d0a895c1c7d9606c3d9751922fb0f20325cd9c13cbfcbd27b3196db55e86e0,"{""A"":""x0y9+x1y0+x2y0"",""B"":""x3y0+x0y25+x0y26"",""b"":""X"",""d"":24,""excl_opp_detectors"":""True"",""k"":12,""l"":6,""leak_heralds"":""False"",""leak_repump"":""True"",""leakage"":""True"",""loss"":""True"",""m"":30,""n"":360,""p"":0.001,""prllel_1q"":480,""prllel_2q"":120,""r"":20,""repump_cycles"":3,""seq_meas"":""True"",""seq_ops"":""True"",""swapLRC"":""False""}",
        16,         0,         0,   0.309,bposd,3c4eb901d8ffce3fe8833edec93e38bf71e098409fe53b1b0b91b28d03a184fc,"{""A"":""x0y3+x10y0+x17y0"",""B"":""x5y0+x0y3+x0y19"",""b"":""X"",""d"":18,""excl_opp_detectors"":""True"",""k"":16,""l"":9,""leak_heralds"":""False"",""leak_repump"":""True"",""leakage"":""True"",""loss"":""True"",""m"":21,""n"":378,""p"":0.001,""prllel_1q"":336,""prllel_2q"":84,""r"":20,""repump_cycles"":3,""seq_meas"":""True"",""seq_ops"":""True"",""swapLRC"":""False""}",
        16,         0,         0,   0.362,bposd,12d0a895c1c7d9606c3d9751922fb0f20325cd9c13cbfcbd27b3196db55e86e0,"{""A"":""x0y9+x1y0+x2y0"",""B"":""x3y0+x0y25+x0y26"",""b"":""X"",""d"":24,""excl_opp_detectors"":""True"",""k"":12,""l"":6,""leak_heralds"":""False"",""leak_repump"":""True"",""leakage"":""True"",""loss"":""True"",""m"":30,""n"":360,""p"":0.001,""prllel_1q"":480,""prllel_2q"":120,""r"":20,""repump_cycles"":3,""seq_meas"":""True"",""seq_ops"":""True"",""swapLRC"":""False""}",
        16,         0,         0,   0.298,bposd,3c4eb901d8ffce3fe8833edec93e38bf71e098409fe53b1b0b91b28d03a184fc,"{""A"":""x0y3+x10y0+x17y0"",""B"":""x5y0+x0y3+x0y19"",""b"":""X"",""d"":18,""excl_opp_detectors"":""True"",""k"":16,""l"":9,""leak_heralds"":""False"",""leak_repump"":""True"",""leakage"":""True"",""loss"":""True"",""m"":21,""n"":378,""p"":0.001,""prllel_1q"":336,""prllel_2q"":84,""r"":20,""repump_cycles"":3,""seq_meas"":""True"",""seq_ops"":""True"",""swapLRC"":""False""}",
        16,         0,         0,   0.497,bposd,3c4eb901d8ffce3fe8833edec93e38bf71e098409fe53b1b0b91b28d03a184fc,"{""A"":""x0y3+x10y0+x17y0"",""B"":""x5y0+x0y3+x0y19"",""b"":""X"",""d"":18,""excl_opp_detectors"":""True"",""k"":16,""l"":9,""leak_heralds"":""False"",""leak_repump"":""True"",""leakage"":""True"",""loss"":""True"",""m"":21,""n"":378,""p"":0.001,""prllel_1q"":336,""prllel_2q"":84,""r"":20,""repump_cycles"":3,""seq_meas"":""True"",""seq_ops"":""True"",""swapLRC"":""False""}",
        16,         0,         0,   0.822,bposd,12d0a895c1c7d9606c3d9751922fb0f20325cd9c13cbfcbd27b3196db55e86e0,"{""A"":""x0y9+x1y0+x2y0"",""B"":""x3y0+x0y25+x0y26"",""b"":""X"",""d"":24,""excl_opp_detectors"":""True"",""k"":12,""l"":6,""leak_heralds"":""False"",""leak_repump"":""True"",""leakage"":""True"",""loss"":""True"",""m"":30,""n"":360,""p"":0.001,""prllel_1q"":480,""prllel_2q"":120,""r"":20,""repump_cycles"":3,""seq_meas"":""True"",""seq_ops"":""True"",""swapLRC"":""False""}",
        16,         0,         0,   0.350,bposd,3c4eb901d8ffce3fe8833edec93e38bf71e098409fe53b1b0b91b28d03a184fc,"{""A"":""x0y3+x10y0+x17y0"",""B"":""x5y0+x0y3+x0y19"",""b"":""X"",""d"":18,""excl_opp_detectors"":""True"",""k"":16,""l"":9,""leak_heralds"":""False"",""leak_repump"":""True"",""leakage"":""True"",""loss"":""True"",""m"":21,""n"":378,""p"":0.001,""prllel_1q"":336,""prllel_2q"":84,""r"":20,""repump_cycles"":3,""seq_meas"":""True"",""seq_ops"":""True"",""swapLRC"":""False""}",
        16,         0,         0,   0.515,bposd,12d0a895c1c7d9606c3d9751922fb0f20325cd9c13cbfcbd27b3196db55e86e0,"{""A"":""x0y9+x1y0+x2y0"",""B"":""x3y0+x0y25+x0y26"",""b"":""X"",""d"":24,""excl_opp_detectors"":""True"",""k"":12,""l"":6,""leak_heralds"":""False"",""leak_repump"":""True"",""leakage"":""True"",""loss"":""True"",""m"":30,""n"":360,""p"":0.001,""prllel_1q"":480,""prllel_2q"":120,""r"":20,""repump_cycles"":3,""seq_meas"":""True"",""seq_ops"":""True"",""swapLRC"":""False""}",
        16,         0,         0,   0.395,bposd,3c4eb901d8ffce3fe8833edec93e38bf71e098409fe53b1b0b91b28d03a184fc,"{""A"":""x0y3+x10y0+x17y0"",""B"":""x5y0+x0y3+x0y19"",""b"":""X"",""d"":18,""excl_opp_detectors"":""True"",""k"":16,""l"":9,""leak_heralds"":""False"",""leak_repump"":""True"",""leakage"":""True"",""loss"":""True"",""m"":21,""n"":378,""p"":0.001,""prllel_1q"":336,""prllel_2q"":84,""r"":20,""repump_cycles"":3,""seq_meas"":""True"",""seq_ops"":""True"",""swapLRC"":""False""}",
        16,         0,         0,   0.361,bposd,3c4eb901d8ffce3fe8833edec93e38bf71e098409fe53b1b0b91b28d03a184fc,"{""A"":""x0y3+x10y0+x17y0"",""B"":""x5y0+x0y3+x0y19"",""b"":""X"",""d"":18,""excl_opp_detectors"":""True"",""k"":16,""l"":9,""leak_heralds"":""False"",""leak_repump"":""True"",""leakage"":""True"",""loss"":""True"",""m"":21,""n"":378,""p"":0.001,""prllel_1q"":336,""prllel_2q"":84,""r"":20,""repump_cycles"":3,""seq_meas"":""True"",""seq_ops"":""True"",""swapLRC"":""False""}",
        16,         0,         0,   0.453,bposd,3c4eb901d8ffce3fe8833edec93e38bf71e098409fe53b1b0b91b28d03a184fc,"{""A"":""x0y3+x10y0+x17y0"",""B"":""x5y0+x0y3+x0y19"",""b"":""X"",""d"":18,""excl_opp_detectors"":""True"",""k"":16,""l"":9,""leak_heralds"":""False"",""leak_repump"":""True"",""leakage"":""True"",""loss"":""True"",""m"":21,""n"":378,""p"":0.001,""prllel_1q"":336,""prllel_2q"":84,""r"":20,""repump_cycles"":3,""seq_meas"":""True"",""seq_ops"":""True"",""swapLRC"":""False""}",
        16,         0,         0,   0.374,bposd,12d0a895c1c7d9606c3d9751922fb0f20325cd9c13cbfcbd27b3196db55e86e0,"{""A"":""x0y9+x1y0+x2y0"",""B"":""x3y0+x0y25+x0y26"",""b"":""X"",""d"":24,""excl_opp_detectors"":""True"",""k"":12,""l"":6,""leak_heralds"":""False"",""leak_repump"":""True"",""leakage"":""True"",""loss"":""True"",""m"":30,""n"":360,""p"":0.001,""prllel_1q"":480,""prllel_2q"":120,""r"":20,""repump_cycles"":3,""seq_meas"":""True"",""seq_ops"":""True"",""swapLRC"":""False""}",
        16,         0,         0,   0.426,bposd,12d0a895c1c7d9606c3d9751922fb0f20325cd9c13cbfcbd27b3196db55e86e0,"{""A"":""x0y9+x1y0+x2y0"",""B"":""x3y0+x0y25+x0y26"",""b"":""X"",""d"":24,""excl_opp_detectors"":""True"",""k"":12,""l"":6,""leak_heralds"":""False"",""leak_repump"":""True"",""leakage"":""True"",""loss"":""True"",""m"":30,""n"":360,""p"":0.001,""prllel_1q"":480,""prllel_2q"":120,""r"":20,""repump_cycles"":3,""seq_meas"":""True"",""seq_ops"":""True"",""swapLRC"":""False""}",
        16,         0,         0,   0.465,bposd,12d0a895c1c7d9606c3d9751922fb0f20325cd9c13cbfcbd27b3196db55e86e0,"{""A"":""x0y9+x1y0+x2y0"",""B"":""x3y0+x0y25+x0y26"",""b"":""X"",""d"":24,""excl_opp_detectors"":""True"",""k"":12,""l"":6,""leak_heralds"":""False"",""leak_repump"":""True"",""leakage"":""True"",""loss"":""True"",""m"":30,""n"":360,""p"":0.001,""prllel_1q"":480,""prllel_2q"":120,""r"":20,""repump_cycles"":3,""seq_meas"":""True"",""seq_ops"":""True"",""swapLRC"":""False""}",
        16,         0,         0,    1.19,bposd,3c4eb901d8ffce3fe8833edec93e38bf71e098409fe53b1b0b91b28d03a184fc,"{""A"":""x0y3+x10y0+x17y0"",""B"":""x5y0+x0y3+x0y19"",""b"":""X"",""d"":18,""excl_opp_detectors"":""True"",""k"":16,""l"":9,""leak_heralds"":""False"",""leak_repump"":""True"",""leakage"":""True"",""loss"":""True"",""m"":21,""n"":378,""p"":0.001,""prllel_1q"":336,""prllel_2q"":84,""r"":20,""repump_cycles"":3,""seq_meas"":""True"",""seq_ops"":""True"",""swapLRC"":""False""}",
        32,         0,         0,    1.09,bposd,3c4eb901d8ffce3fe8833edec93e38bf71e098409fe53b1b0b91b28d03a184fc,"{""A"":""x0y3+x10y0+x17y0"",""B"":""x5y0+x0y3+x0y19"",""b"":""X"",""d"":18,""excl_opp_detectors"":""True"",""k"":16,""l"":9,""leak_heralds"":""False"",""leak_repump"":""True"",""leakage"":""True"",""loss"":""True"",""m"":21,""n"":378,""p"":0.001,""prllel_1q"":336,""prllel_2q"":84,""r"":20,""repump_cycles"":3,""seq_meas"":""True"",""seq_ops"":""True"",""swapLRC"":""False""}",
        16,         0,         0,   0.370,bposd,12d0a895c1c7d9606c3d9751922fb0f20325cd9c13cbfcbd27b3196db55e86e0,"{""A"":""x0y9+x1y0+x2y0"",""B"":""x3y0+x0y25+x0y26"",""b"":""X"",""d"":24,""excl_opp_detectors"":""True"",""k"":12,""l"":6,""leak_heralds"":""False"",""leak_repump"":""True"",""leakage"":""True"",""loss"":""True"",""m"":30,""n"":360,""p"":0.001,""prllel_1q"":480,""prllel_2q"":120,""r"":20,""repump_cycles"":3,""seq_meas"":""True"",""seq_ops"":""True"",""swapLRC"":""False""}",
        16,         0,         0,   0.445,bposd,12d0a895c1c7d9606c3d9751922fb0f20325cd9c13cbfcbd27b3196db55e86e0,"{""A"":""x0y9+x1y0+x2y0"",""B"":""x3y0+x0y25+x0y26"",""b"":""X"",""d"":24,""excl_opp_detectors"":""True"",""k"":12,""l"":6,""leak_heralds"":""False"",""leak_repump"":""True"",""leakage"":""True"",""loss"":""True"",""m"":30,""n"":360,""p"":0.001,""prllel_1q"":480,""prllel_2q"":120,""r"":20,""repump_cycles"":3,""seq_meas"":""True"",""seq_ops"":""True"",""swapLRC"":""False""}",
         8,         0,         0,   0.198,bposd,3c4eb901d8ffce3fe8833edec93e38bf71e098409fe53b1b0b91b28d03a184fc,"{""A"":""x0y3+x10y0+x17y0"",""B"":""x5y0+x0y3+x0y19"",""b"":""X"",""d"":18,""excl_opp_detectors"":""True"",""k"":16,""l"":9,""leak_heralds"":""False"",""leak_repump"":""True"",""leakage"":""True"",""loss"":""True"",""m"":21,""n"":378,""p"":0.001,""prllel_1q"":336,""prllel_2q"":84,""r"":20,""repump_cycles"":3,""seq_meas"":""True"",""seq_ops"":""True"",""swapLRC"":""False""}",
        16,         0,         0,   0.332,bposd,3c4eb901d8ffce3fe8833edec93e38bf71e098409fe53b1b0b91b28d03a184fc,"{""A"":""x0y3+x10y0+x17y0"",""B"":""x5y0+x0y3+x0y19"",""b"":""X"",""d"":18,""excl_opp_detectors"":""True"",""k"":16,""l"":9,""leak_heralds"":""False"",""leak_repump"":""True"",""leakage"":""True"",""loss"":""True"",""m"":21,""n"":378,""p"":0.001,""prllel_1q"":336,""prllel_2q"":84,""r"":20,""repump_cycles"":3,""seq_meas"":""True"",""seq_ops"":""True"",""swapLRC"":""False""}",
        16,         0,         0,   0.853,bposd,12d0a895c1c7d9606c3d9751922fb0f20325cd9c13cbfcbd27b3196db55e86e0,"{""A"":""x0y9+x1y0+x2y0"",""B"":""x3y0+x0y25+x0y26"",""b"":""X"",""d"":24,""excl_opp_detectors"":""True"",""k"":12,""l"":6,""leak_heralds"":""False"",""leak_repump"":""True"",""leakage"":""True"",""loss"":""True"",""m"":30,""n"":360,""p"":0.001,""prllel_1q"":480,""prllel_2q"":120,""r"":20,""repump_cycles"":3,""seq_meas"":""True"",""seq_ops"":""True"",""swapLRC"":""False""}",
        16,         0,         0,   0.836,bposd,3c4eb901d8ffce3fe8833edec93e38bf71e098409fe53b1b0b91b28d03a184fc,"{""A"":""x0y3+x10y0+x17y0"",""B"":""x5y0+x0y3+x0y19"",""b"":""X"",""d"":18,""excl_opp_detectors"":""True"",""k"":16,""l"":9,""leak_heralds"":""False"",""leak_repump"":""True"",""leakage"":""True"",""loss"":""True"",""m"":21,""n"":378,""p"":0.001,""prllel_1q"":336,""prllel_2q"":84,""r"":20,""repump_cycles"":3,""seq_meas"":""True"",""seq_ops"":""True"",""swapLRC"":""False""}",
        16,         0,         0,   0.425,bposd,3c4eb901d8ffce3fe8833edec93e38bf71e098409fe53b1b0b91b28d03a184fc,"{""A"":""x0y3+x10y0+x17y0"",""B"":""x5y0+x0y3+x0y19"",""b"":""X"",""d"":18,""excl_opp_detectors"":""True"",""k"":16,""l"":9,""leak_heralds"":""False"",""leak_repump"":""True"",""leakage"":""True"",""loss"":""True"",""m"":21,""n"":378,""p"":0.001,""prllel_1q"":336,""prllel_2q"":84,""r"":20,""repump_cycles"":3,""seq_meas"":""True"",""seq_ops"":""True"",""swapLRC"":""False""}",
        16,         0,         0,   0.298,bposd,12d0a895c1c7d9606c3d9751922fb0f20325cd9c13cbfcbd27b3196db55e86e0,"{""A"":""x0y9+x1y0+x2y0"",""B"":""x3y0+x0y25+x0y26"",""b"":""X"",""d"":24,""excl_opp_detectors"":""True"",""k"":12,""l"":6,""leak_heralds"":""False"",""leak_repump"":""True"",""leakage"":""True"",""loss"":""True"",""m"":30,""n"":360,""p"":0.001,""prllel_1q"":480,""prllel_2q"":120,""r"":20,""repump_cycles"":3,""seq_meas"":""True"",""seq_ops"":""True"",""swapLRC"":""False""}",
        32,         0,         0,   0.682,bposd,12d0a895c1c7d9606c3d9751922fb0f20325cd9c13cbfcbd27b3196db55e86e0,"{""A"":""x0y9+x1y0+x2y0"",""B"":""x3y0+x0y25+x0y26"",""b"":""X"",""d"":24,""excl_opp_detectors"":""True"",""k"":12,""l"":6,""leak_heralds"":""False"",""leak_repump"":""True"",""leakage"":""True"",""loss"":""True"",""m"":30,""n"":360,""p"":0.001,""prllel_1q"":480,""prllel_2q"":120,""r"":20,""repump_cycles"":3,""seq_meas"":""True"",""seq_ops"":""True"",""swapLRC"":""False""}",
        16,         0,         0,   0.342,bposd,3c4eb901d8ffce3fe8833edec93e38bf71e098409fe53b1b0b91b28d03a184fc,"{""A"":""x0y3+x10y0+x17y0"",""B"":""x5y0+x0y3+x0y19"",""b"":""X"",""d"":18,""excl_opp_detectors"":""True"",""k"":16,""l"":9,""leak_heralds"":""False"",""leak_repump"":""True"",""leakage"":""True"",""loss"":""True"",""m"":21,""n"":378,""p"":0.001,""prllel_1q"":336,""prllel_2q"":84,""r"":20,""repump_cycles"":3,""seq_meas"":""True"",""seq_ops"":""True"",""swapLRC"":""False""}",
        32,         0,         0,   0.818,bposd,3c4eb901d8ffce3fe8833edec93e38bf71e098409fe53b1b0b91b28d03a184fc,"{""A"":""x0y3+x10y0+x17y0"",""B"":""x5y0+x0y3+x0y19"",""b"":""X"",""d"":18,""excl_opp_detectors"":""True"",""k"":16,""l"":9,""leak_heralds"":""False"",""leak_repump"":""True"",""leakage"":""True"",""loss"":""True"",""m"":21,""n"":378,""p"":0.001,""prllel_1q"":336,""prllel_2q"":84,""r"":20,""repump_cycles"":3,""seq_meas"":""True"",""seq_ops"":""True"",""swapLRC"":""False""}",
        16,         0,         0,   0.505,bposd,3c4eb901d8ffce3fe8833edec93e38bf71e098409fe53b1b0b91b28d03a184fc,"{""A"":""x0y3+x10y0+x17y0"",""B"":""x5y0+x0y3+x0y19"",""b"":""X"",""d"":18,""excl_opp_detectors"":""True"",""k"":16,""l"":9,""leak_heralds"":""False"",""leak_repump"":""True"",""leakage"":""True"",""loss"":""True"",""m"":21,""n"":378,""p"":0.001,""prllel_1q"":336,""prllel_2q"":84,""r"":20,""repump_cycles"":3,""seq_meas"":""True"",""seq_ops"":""True"",""swapLRC"":""False""}",
        16,         0,         0,   0.345,bposd,12d0a895c1c7d9606c3d9751922fb0f20325cd9c13cbfcbd27b3196db55e86e0,"{""A"":""x0y9+x1y0+x2y0"",""B"":""x3y0+x0y25+x0y26"",""b"":""X"",""d"":24,""excl_opp_detectors"":""True"",""k"":12,""l"":6,""leak_heralds"":""False"",""leak_repump"":""True"",""leakage"":""True"",""loss"":""True"",""m"":30,""n"":360,""p"":0.001,""prllel_1q"":480,""prllel_2q"":120,""r"":20,""repump_cycles"":3,""seq_meas"":""True"",""seq_ops"":""True"",""swapLRC"":""False""}",
        32,         0,         0,   0.909,bposd,3c4eb901d8ffce3fe8833edec93e38bf71e098409fe53b1b0b91b28d03a184fc,"{""A"":""x0y3+x10y0+x17y0"",""B"":""x5y0+x0y3+x0y19"",""b"":""X"",""d"":18,""excl_opp_detectors"":""True"",""k"":16,""l"":9,""leak_heralds"":""False"",""leak_repump"":""True"",""leakage"":""True"",""loss"":""True"",""m"":21,""n"":378,""p"":0.001,""prllel_1q"":336,""prllel_2q"":84,""r"":20,""repump_cycles"":3,""seq_meas"":""True"",""seq_ops"":""True"",""swapLRC"":""False""}",
        16,         0,         0,   0.378,bposd,12d0a895c1c7d9606c3d9751922fb0f20325cd9c13cbfcbd27b3196db55e86e0,"{""A"":""x0y9+x1y0+x2y0"",""B"":""x3y0+x0y25+x0y26"",""b"":""X"",""d"":24,""excl_opp_detectors"":""True"",""k"":12,""l"":6,""leak_heralds"":""False"",""leak_repump"":""True"",""leakage"":""True"",""loss"":""True"",""m"":30,""n"":360,""p"":0.001,""prllel_1q"":480,""prllel_2q"":120,""r"":20,""repump_cycles"":3,""seq_meas"":""True"",""seq_ops"":""True"",""swapLRC"":""False""}",
        16,         0,         0,   0.353,bposd,12d0a895c1c7d9606c3d9751922fb0f20325cd9c13cbfcbd27b3196db55e86e0,"{""A"":""x0y9+x1y0+x2y0"",""B"":""x3y0+x0y25+x0y26"",""b"":""X"",""d"":24,""excl_opp_detectors"":""True"",""k"":12,""l"":6,""leak_heralds"":""False"",""leak_repump"":""True"",""leakage"":""True"",""loss"":""True"",""m"":30,""n"":360,""p"":0.001,""prllel_1q"":480,""prllel_2q"":120,""r"":20,""repump_cycles"":3,""seq_meas"":""True"",""seq_ops"":""True"",""swapLRC"":""False""}",
        32,         0,         0,   0.778,bposd,12d0a895c1c7d9606c3d9751922fb0f20325cd9c13cbfcbd27b3196db55e86e0,"{""A"":""x0y9+x1y0+x2y0"",""B"":""x3y0+x0y25+x0y26"",""b"":""X"",""d"":24,""excl_opp_detectors"":""True"",""k"":12,""l"":6,""leak_heralds"":""False"",""leak_repump"":""True"",""leakage"":""True"",""loss"":""True"",""m"":30,""n"":360,""p"":0.001,""prllel_1q"":480,""prllel_2q"":120,""r"":20,""repump_cycles"":3,""seq_meas"":""True"",""seq_ops"":""True"",""swapLRC"":""False""}",
        16,         0,         0,   0.349,bposd,12d0a895c1c7d9606c3d9751922fb0f20325cd9c13cbfcbd27b3196db55e86e0,"{""A"":""x0y9+x1y0+x2y0"",""B"":""x3y0+x0y25+x0y26"",""b"":""X"",""d"":24,""excl_opp_detectors"":""True"",""k"":12,""l"":6,""leak_heralds"":""False"",""leak_repump"":""True"",""leakage"":""True"",""loss"":""True"",""m"":30,""n"":360,""p"":0.001,""prllel_1q"":480,""prllel_2q"":120,""r"":20,""repump_cycles"":3,""seq_meas"":""True"",""seq_ops"":""True"",""swapLRC"":""False""}",
        16,         0,         0,   0.314,bposd,12d0a895c1c7d9606c3d9751922fb0f20325cd9c13cbfcbd27b3196db55e86e0,"{""A"":""x0y9+x1y0+x2y0"",""B"":""x3y0+x0y25+x0y26"",""b"":""X"",""d"":24,""excl_opp_detectors"":""True"",""k"":12,""l"":6,""leak_heralds"":""False"",""leak_repump"":""True"",""leakage"":""True"",""loss"":""True"",""m"":30,""n"":360,""p"":0.001,""prllel_1q"":480,""prllel_2q"":120,""r"":20,""repump_cycles"":3,""seq_meas"":""True"",""seq_ops"":""True"",""swapLRC"":""False""}",
        16,         0,         0,   0.395,bposd,3c4eb901d8ffce3fe8833edec93e38bf71e098409fe53b1b0b91b28d03a184fc,"{""A"":""x0y3+x10y0+x17y0"",""B"":""x5y0+x0y3+x0y19"",""b"":""X"",""d"":18,""excl_opp_detectors"":""True"",""k"":16,""l"":9,""leak_heralds"":""False"",""leak_repump"":""True"",""leakage"":""True"",""loss"":""True"",""m"":21,""n"":378,""p"":0.001,""prllel_1q"":336,""prllel_2q"":84,""r"":20,""repump_cycles"":3,""seq_meas"":""True"",""seq_ops"":""True"",""swapLRC"":""False""}",
        16,         0,         0,   0.373,bposd,3c4eb901d8ffce3fe8833edec93e38bf71e098409fe53b1b0b91b28d03a184fc,"{""A"":""x0y3+x10y0+x17y0"",""B"":""x5y0+x0y3+x0y19"",""b"":""X"",""d"":18,""excl_opp_detectors"":""True"",""k"":16,""l"":9,""leak_heralds"":""False"",""leak_repump"":""True"",""leakage"":""True"",""loss"":""True"",""m"":21,""n"":378,""p"":0.001,""prllel_1q"":336,""prllel_2q"":84,""r"":20,""repump_cycles"":3,""seq_meas"":""True"",""seq_ops"":""True"",""swapLRC"":""False""}",
        16,         0,         0,   0.413,bposd,12d0a895c1c7d9606c3d9751922fb0f20325cd9c13cbfcbd27b3196db55e86e0,"{""A"":""x0y9+x1y0+x2y0"",""B"":""x3y0+x0y25+x0y26"",""b"":""X"",""d"":24,""excl_opp_detectors"":""True"",""k"":12,""l"":6,""leak_heralds"":""False"",""leak_repump"":""True"",""leakage"":""True"",""loss"":""True"",""m"":30,""n"":360,""p"":0.001,""prllel_1q"":480,""prllel_2q"":120,""r"":20,""repump_cycles"":3,""seq_meas"":""True"",""seq_ops"":""True"",""swapLRC"":""False""}",
        16,         0,         0,   0.332,bposd,12d0a895c1c7d9606c3d9751922fb0f20325cd9c13cbfcbd27b3196db55e86e0,"{""A"":""x0y9+x1y0+x2y0"",""B"":""x3y0+x0y25+x0y26"",""b"":""X"",""d"":24,""excl_opp_detectors"":""True"",""k"":12,""l"":6,""leak_heralds"":""False"",""leak_repump"":""True"",""leakage"":""True"",""loss"":""True"",""m"":30,""n"":360,""p"":0.001,""prllel_1q"":480,""prllel_2q"":120,""r"":20,""repump_cycles"":3,""seq_meas"":""True"",""seq_ops"":""True"",""swapLRC"":""False""}",
        32,         0,         0,   0.620,bposd,12d0a895c1c7d9606c3d9751922fb0f20325cd9c13cbfcbd27b3196db55e86e0,"{""A"":""x0y9+x1y0+x2y0"",""B"":""x3y0+x0y25+x0y26"",""b"":""X"",""d"":24,""excl_opp_detectors"":""True"",""k"":12,""l"":6,""leak_heralds"":""False"",""leak_repump"":""True"",""leakage"":""True"",""loss"":""True"",""m"":30,""n"":360,""p"":0.001,""prllel_1q"":480,""prllel_2q"":120,""r"":20,""repump_cycles"":3,""seq_meas"":""True"",""seq_ops"":""True"",""swapLRC"":""False""}",
        16,         0,         0,   0.343,bposd,3c4eb901d8ffce3fe8833edec93e38bf71e098409fe53b1b0b91b28d03a184fc,"{""A"":""x0y3+x10y0+x17y0"",""B"":""x5y0+x0y3+x0y19"",""b"":""X"",""d"":18,""excl_opp_detectors"":""True"",""k"":16,""l"":9,""leak_heralds"":""False"",""leak_repump"":""True"",""leakage"":""True"",""loss"":""True"",""m"":21,""n"":378,""p"":0.001,""prllel_1q"":336,""prllel_2q"":84,""r"":20,""repump_cycles"":3,""seq_meas"":""True"",""seq_ops"":""True"",""swapLRC"":""False""}",
        16,         0,         0,   0.367,bposd,3c4eb901d8ffce3fe8833edec93e38bf71e098409fe53b1b0b91b28d03a184fc,"{""A"":""x0y3+x10y0+x17y0"",""B"":""x5y0+x0y3+x0y19"",""b"":""X"",""d"":18,""excl_opp_detectors"":""True"",""k"":16,""l"":9,""leak_heralds"":""False"",""leak_repump"":""True"",""leakage"":""True"",""loss"":""True"",""m"":21,""n"":378,""p"":0.001,""prllel_1q"":336,""prllel_2q"":84,""r"":20,""repump_cycles"":3,""seq_meas"":""True"",""seq_ops"":""True"",""swapLRC"":""False""}",
        16,         0,         0,   0.345,bposd,3c4eb901d8ffce3fe8833edec93e38bf71e098409fe53b1b0b91b28d03a184fc,"{""A"":""x0y3+x10y0+x17y0"",""B"":""x5y0+x0y3+x0y19"",""b"":""X"",""d"":18,""excl_opp_detectors"":""True"",""k"":16,""l"":9,""leak_heralds"":""False"",""leak_repump"":""True"",""leakage"":""True"",""loss"":""True"",""m"":21,""n"":378,""p"":0.001,""prllel_1q"":336,""prllel_2q"":84,""r"":20,""repump_cycles"":3,""seq_meas"":""True"",""seq_ops"":""True"",""swapLRC"":""False""}",
        16,         0,         0,   0.434,bposd,12d0a895c1c7d9606c3d9751922fb0f20325cd9c13cbfcbd27b3196db55e86e0,"{""A"":""x0y9+x1y0+x2y0"",""B"":""x3y0+x0y25+x0y26"",""b"":""X"",""d"":24,""excl_opp_detectors"":""True"",""k"":12,""l"":6,""leak_heralds"":""False"",""leak_repump"":""True"",""leakage"":""True"",""loss"":""True"",""m"":30,""n"":360,""p"":0.001,""prllel_1q"":480,""prllel_2q"":120,""r"":20,""repump_cycles"":3,""seq_meas"":""True"",""seq_ops"":""True"",""swapLRC"":""False""}",
        16,         0,         0,   0.605,bposd,12d0a895c1c7d9606c3d9751922fb0f20325cd9c13cbfcbd27b3196db55e86e0,"{""A"":""x0y9+x1y0+x2y0"",""B"":""x3y0+x0y25+x0y26"",""b"":""X"",""d"":24,""excl_opp_detectors"":""True"",""k"":12,""l"":6,""leak_heralds"":""False"",""leak_repump"":""True"",""leakage"":""True"",""loss"":""True"",""m"":30,""n"":360,""p"":0.001,""prllel_1q"":480,""prllel_2q"":120,""r"":20,""repump_cycles"":3,""seq_meas"":""True"",""seq_ops"":""True"",""swapLRC"":""False""}",
        32,         0,         0,   0.863,bposd,3c4eb901d8ffce3fe8833edec93e38bf71e098409fe53b1b0b91b28d03a184fc,"{""A"":""x0y3+x10y0+x17y0"",""B"":""x5y0+x0y3+x0y19"",""b"":""X"",""d"":18,""excl_opp_detectors"":""True"",""k"":16,""l"":9,""leak_heralds"":""False"",""leak_repump"":""True"",""leakage"":""True"",""loss"":""True"",""m"":21,""n"":378,""p"":0.001,""prllel_1q"":336,""prllel_2q"":84,""r"":20,""repump_cycles"":3,""seq_meas"":""True"",""seq_ops"":""True"",""swapLRC"":""False""}",
        16,         0,         0,   0.550,bposd,3c4eb901d8ffce3fe8833edec93e38bf71e098409fe53b1b0b91b28d03a184fc,"{""A"":""x0y3+x10y0+x17y0"",""B"":""x5y0+x0y3+x0y19"",""b"":""X"",""d"":18,""excl_opp_detectors"":""True"",""k"":16,""l"":9,""leak_heralds"":""False"",""leak_repump"":""True"",""leakage"":""True"",""loss"":""True"",""m"":21,""n"":378,""p"":0.001,""prllel_1q"":336,""prllel_2q"":84,""r"":20,""repump_cycles"":3,""seq_meas"":""True"",""seq_ops"":""True"",""swapLRC"":""False""}",
        16,         0,         0,   0.337,bposd,12d0a895c1c7d9606c3d9751922fb0f20325cd9c13cbfcbd27b3196db55e86e0,"{""A"":""x0y9+x1y0+x2y0"",""B"":""x3y0+x0y25+x0y26"",""b"":""X"",""d"":24,""excl_opp_detectors"":""True"",""k"":12,""l"":6,""leak_heralds"":""False"",""leak_repump"":""True"",""leakage"":""True"",""loss"":""True"",""m"":30,""n"":360,""p"":0.001,""prllel_1q"":480,""prllel_2q"":120,""r"":20,""repump_cycles"":3,""seq_meas"":""True"",""seq_ops"":""True"",""swapLRC"":""False""}",
        32,         0,         0,    1.17,bposd,12d0a895c1c7d9606c3d9751922fb0f20325cd9c13cbfcbd27b3196db55e86e0,"{""A"":""x0y9+x1y0+x2y0"",""B"":""x3y0+x0y25+x0y26"",""b"":""X"",""d"":24,""excl_opp_detectors"":""True"",""k"":12,""l"":6,""leak_heralds"":""False"",""leak_repump"":""True"",""leakage"":""True"",""loss"":""True"",""m"":30,""n"":360,""p"":0.001,""prllel_1q"":480,""prllel_2q"":120,""r"":20,""repump_cycles"":3,""seq_meas"":""True"",""seq_ops"":""True"",""swapLRC"":""False""}",
        16,         0,         0,   0.384,bposd,12d0a895c1c7d9606c3d9751922fb0f20325cd9c13cbfcbd27b3196db55e86e0,"{""A"":""x0y9+x1y0+x2y0"",""B"":""x3y0+x0y25+x0y26"",""b"":""X"",""d"":24,""excl_opp_detectors"":""True"",""k"":12,""l"":6,""leak_heralds"":""False"",""leak_repump"":""True"",""leakage"":""True"",""loss"":""True"",""m"":30,""n"":360,""p"":0.001,""prllel_1q"":480,""prllel_2q"":120,""r"":20,""repump_cycles"":3,""seq_meas"":""True"",""seq_ops"":""True"",""swapLRC"":""False""}",
        16,         0,         0,   0.380,bposd,3c4eb901d8ffce3fe8833edec93e38bf71e098409fe53b1b0b91b28d03a184fc,"{""A"":""x0y3+x10y0+x17y0"",""B"":""x5y0+x0y3+x0y19"",""b"":""X"",""d"":18,""excl_opp_detectors"":""True"",""k"":16,""l"":9,""leak_heralds"":""False"",""leak_repump"":""True"",""leakage"":""True"",""loss"":""True"",""m"":21,""n"":378,""p"":0.001,""prllel_1q"":336,""prllel_2q"":84,""r"":20,""repump_cycles"":3,""seq_meas"":""True"",""seq_ops"":""True"",""swapLRC"":""False""}",
        16,         0,         0,   0.333,bposd,12d0a895c1c7d9606c3d9751922fb0f20325cd9c13cbfcbd27b3196db55e86e0,"{""A"":""x0y9+x1y0+x2y0"",""B"":""x3y0+x0y25+x0y26"",""b"":""X"",""d"":24,""excl_opp_detectors"":""True"",""k"":12,""l"":6,""leak_heralds"":""False"",""leak_repump"":""True"",""leakage"":""True"",""loss"":""True"",""m"":30,""n"":360,""p"":0.001,""prllel_1q"":480,""prllel_2q"":120,""r"":20,""repump_cycles"":3,""seq_meas"":""True"",""seq_ops"":""True"",""swapLRC"":""False""}",
        16,         0,         0,   0.460,bposd,12d0a895c1c7d9606c3d9751922fb0f20325cd9c13cbfcbd27b3196db55e86e0,"{""A"":""x0y9+x1y0+x2y0"",""B"":""x3y0+x0y25+x0y26"",""b"":""X"",""d"":24,""excl_opp_detectors"":""True"",""k"":12,""l"":6,""leak_heralds"":""False"",""leak_repump"":""True"",""leakage"":""True"",""loss"":""True"",""m"":30,""n"":360,""p"":0.001,""prllel_1q"":480,""prllel_2q"":120,""r"":20,""repump_cycles"":3,""seq_meas"":""True"",""seq_ops"":""True"",""swapLRC"":""False""}",
        16,         0,         0,   0.325,bposd,3c4eb901d8ffce3fe8833edec93e38bf71e098409fe53b1b0b91b28d03a184fc,"{""A"":""x0y3+x10y0+x17y0"",""B"":""x5y0+x0y3+x0y19"",""b"":""X"",""d"":18,""excl_opp_detectors"":""True"",""k"":16,""l"":9,""leak_heralds"":""False"",""leak_repump"":""True"",""leakage"":""True"",""loss"":""True"",""m"":21,""n"":378,""p"":0.001,""prllel_1q"":336,""prllel_2q"":84,""r"":20,""repump_cycles"":3,""seq_meas"":""True"",""seq_ops"":""True"",""swapLRC"":""False""}",
        16,         0,         0,   0.545,bposd,3c4eb901d8ffce3fe8833edec93e38bf71e098409fe53b1b0b91b28d03a184fc,"{""A"":""x0y3+x10y0+x17y0"",""B"":""x5y0+x0y3+x0y19"",""b"":""X"",""d"":18,""excl_opp_detectors"":""True"",""k"":16,""l"":9,""leak_heralds"":""False"",""leak_repump"":""True"",""leakage"":""True"",""loss"":""True"",""m"":21,""n"":378,""p"":0.001,""prllel_1q"":336,""prllel_2q"":84,""r"":20,""repump_cycles"":3,""seq_meas"":""True"",""seq_ops"":""True"",""swapLRC"":""False""}",
        32,         0,         0,   0.530,bposd,3c4eb901d8ffce3fe8833edec93e38bf71e098409fe53b1b0b91b28d03a184fc,"{""A"":""x0y3+x10y0+x17y0"",""B"":""x5y0+x0y3+x0y19"",""b"":""X"",""d"":18,""excl_opp_detectors"":""True"",""k"":16,""l"":9,""leak_heralds"":""False"",""leak_repump"":""True"",""leakage"":""True"",""loss"":""True"",""m"":21,""n"":378,""p"":0.001,""prllel_1q"":336,""prllel_2q"":84,""r"":20,""repump_cycles"":3,""seq_meas"":""True"",""seq_ops"":""True"",""swapLRC"":""False""}",
        16,         0,         0,   0.408,bposd,12d0a895c1c7d9606c3d9751922fb0f20325cd9c13cbfcbd27b3196db55e86e0,"{""A"":""x0y9+x1y0+x2y0"",""B"":""x3y0+x0y25+x0y26"",""b"":""X"",""d"":24,""excl_opp_detectors"":""True"",""k"":12,""l"":6,""leak_heralds"":""False"",""leak_repump"":""True"",""leakage"":""True"",""loss"":""True"",""m"":30,""n"":360,""p"":0.001,""prllel_1q"":480,""prllel_2q"":120,""r"":20,""repump_cycles"":3,""seq_meas"":""True"",""seq_ops"":""True"",""swapLRC"":""False""}",
        16,         0,         0,   0.377,bposd,3c4eb901d8ffce3fe8833edec93e38bf71e098409fe53b1b0b91b28d03a184fc,"{""A"":""x0y3+x10y0+x17y0"",""B"":""x5y0+x0y3+x0y19"",""b"":""X"",""d"":18,""excl_opp_detectors"":""True"",""k"":16,""l"":9,""leak_heralds"":""False"",""leak_repump"":""True"",""leakage"":""True"",""loss"":""True"",""m"":21,""n"":378,""p"":0.001,""prllel_1q"":336,""prllel_2q"":84,""r"":20,""repump_cycles"":3,""seq_meas"":""True"",""seq_ops"":""True"",""swapLRC"":""False""}",
        16,         0,         0,   0.502,bposd,3c4eb901d8ffce3fe8833edec93e38bf71e098409fe53b1b0b91b28d03a184fc,"{""A"":""x0y3+x10y0+x17y0"",""B"":""x5y0+x0y3+x0y19"",""b"":""X"",""d"":18,""excl_opp_detectors"":""True"",""k"":16,""l"":9,""leak_heralds"":""False"",""leak_repump"":""True"",""leakage"":""True"",""loss"":""True"",""m"":21,""n"":378,""p"":0.001,""prllel_1q"":336,""prllel_2q"":84,""r"":20,""repump_cycles"":3,""seq_meas"":""True"",""seq_ops"":""True"",""swapLRC"":""False""}",
        16,         0,         0,   0.444,bposd,3c4eb901d8ffce3fe8833edec93e38bf71e098409fe53b1b0b91b28d03a184fc,"{""A"":""x0y3+x10y0+x17y0"",""B"":""x5y0+x0y3+x0y19"",""b"":""X"",""d"":18,""excl_opp_detectors"":""True"",""k"":16,""l"":9,""leak_heralds"":""False"",""leak_repump"":""True"",""leakage"":""True"",""loss"":""True"",""m"":21,""n"":378,""p"":0.001,""prllel_1q"":336,""prllel_2q"":84,""r"":20,""repump_cycles"":3,""seq_meas"":""True"",""seq_ops"":""True"",""swapLRC"":""False""}",
        16,         0,         0,   0.420,bposd,3c4eb901d8ffce3fe8833edec93e38bf71e098409fe53b1b0b91b28d03a184fc,"{""A"":""x0y3+x10y0+x17y0"",""B"":""x5y0+x0y3+x0y19"",""b"":""X"",""d"":18,""excl_opp_detectors"":""True"",""k"":16,""l"":9,""leak_heralds"":""False"",""leak_repump"":""True"",""leakage"":""True"",""loss"":""True"",""m"":21,""n"":378,""p"":0.001,""prllel_1q"":336,""prllel_2q"":84,""r"":20,""repump_cycles"":3,""seq_meas"":""True"",""seq_ops"":""True"",""swapLRC"":""False""}",
        32,         0,         0,   0.818,bposd,3c4eb901d8ffce3fe8833edec93e38bf71e098409fe53b1b0b91b28d03a184fc,"{""A"":""x0y3+x10y0+x17y0"",""B"":""x5y0+x0y3+x0y19"",""b"":""X"",""d"":18,""excl_opp_detectors"":""True"",""k"":16,""l"":9,""leak_heralds"":""False"",""leak_repump"":""True"",""leakage"":""True"",""loss"":""True"",""m"":21,""n"":378,""p"":0.001,""prllel_1q"":336,""prllel_2q"":84,""r"":20,""repump_cycles"":3,""seq_meas"":""True"",""seq_ops"":""True"",""swapLRC"":""False""}",
        16,         0,         0,   0.510,bposd,12d0a895c1c7d9606c3d9751922fb0f20325cd9c13cbfcbd27b3196db55e86e0,"{""A"":""x0y9+x1y0+x2y0"",""B"":""x3y0+x0y25+x0y26"",""b"":""X"",""d"":24,""excl_opp_detectors"":""True"",""k"":12,""l"":6,""leak_heralds"":""False"",""leak_repump"":""True"",""leakage"":""True"",""loss"":""True"",""m"":30,""n"":360,""p"":0.001,""prllel_1q"":480,""prllel_2q"":120,""r"":20,""repump_cycles"":3,""seq_meas"":""True"",""seq_ops"":""True"",""swapLRC"":""False""}",
        16,         0,         0,   0.510,bposd,3c4eb901d8ffce3fe8833edec93e38bf71e098409fe53b1b0b91b28d03a184fc,"{""A"":""x0y3+x10y0+x17y0"",""B"":""x5y0+x0y3+x0y19"",""b"":""X"",""d"":18,""excl_opp_detectors"":""True"",""k"":16,""l"":9,""leak_heralds"":""False"",""leak_repump"":""True"",""leakage"":""True"",""loss"":""True"",""m"":21,""n"":378,""p"":0.001,""prllel_1q"":336,""prllel_2q"":84,""r"":20,""repump_cycles"":3,""seq_meas"":""True"",""seq_ops"":""True"",""swapLRC"":""False""}",
        16,         0,         0,   0.583,bposd,3c4eb901d8ffce3fe8833edec93e38bf71e098409fe53b1b0b91b28d03a184fc,"{""A"":""x0y3+x10y0+x17y0"",""B"":""x5y0+x0y3+x0y19"",""b"":""X"",""d"":18,""excl_opp_detectors"":""True"",""k"":16,""l"":9,""leak_heralds"":""False"",""leak_repump"":""True"",""leakage"":""True"",""loss"":""True"",""m"":21,""n"":378,""p"":0.001,""prllel_1q"":336,""prllel_2q"":84,""r"":20,""repump_cycles"":3,""seq_meas"":""True"",""seq_ops"":""True"",""swapLRC"":""False""}",
        16,         0,         0,   0.384,bposd,12d0a895c1c7d9606c3d9751922fb0f20325cd9c13cbfcbd27b3196db55e86e0,"{""A"":""x0y9+x1y0+x2y0"",""B"":""x3y0+x0y25+x0y26"",""b"":""X"",""d"":24,""excl_opp_detectors"":""True"",""k"":12,""l"":6,""leak_heralds"":""False"",""leak_repump"":""True"",""leakage"":""True"",""loss"":""True"",""m"":30,""n"":360,""p"":0.001,""prllel_1q"":480,""prllel_2q"":120,""r"":20,""repump_cycles"":3,""seq_meas"":""True"",""seq_ops"":""True"",""swapLRC"":""False""}",
        16,         0,         0,   0.502,bposd,12d0a895c1c7d9606c3d9751922fb0f20325cd9c13cbfcbd27b3196db55e86e0,"{""A"":""x0y9+x1y0+x2y0"",""B"":""x3y0+x0y25+x0y26"",""b"":""X"",""d"":24,""excl_opp_detectors"":""True"",""k"":12,""l"":6,""leak_heralds"":""False"",""leak_repump"":""True"",""leakage"":""True"",""loss"":""True"",""m"":30,""n"":360,""p"":0.001,""prllel_1q"":480,""prllel_2q"":120,""r"":20,""repump_cycles"":3,""seq_meas"":""True"",""seq_ops"":""True"",""swapLRC"":""False""}",
        16,         0,         0,   0.363,bposd,12d0a895c1c7d9606c3d9751922fb0f20325cd9c13cbfcbd27b3196db55e86e0,"{""A"":""x0y9+x1y0+x2y0"",""B"":""x3y0+x0y25+x0y26"",""b"":""X"",""d"":24,""excl_opp_detectors"":""True"",""k"":12,""l"":6,""leak_heralds"":""False"",""leak_repump"":""True"",""leakage"":""True"",""loss"":""True"",""m"":30,""n"":360,""p"":0.001,""prllel_1q"":480,""prllel_2q"":120,""r"":20,""repump_cycles"":3,""seq_meas"":""True"",""seq_ops"":""True"",""swapLRC"":""False""}",
        16,         0,         0,   0.354,bposd,12d0a895c1c7d9606c3d9751922fb0f20325cd9c13cbfcbd27b3196db55e86e0,"{""A"":""x0y9+x1y0+x2y0"",""B"":""x3y0+x0y25+x0y26"",""b"":""X"",""d"":24,""excl_opp_detectors"":""True"",""k"":12,""l"":6,""leak_heralds"":""False"",""leak_repump"":""True"",""leakage"":""True"",""loss"":""True"",""m"":30,""n"":360,""p"":0.001,""prllel_1q"":480,""prllel_2q"":120,""r"":20,""repump_cycles"":3,""seq_meas"":""True"",""seq_ops"":""True"",""swapLRC"":""False""}",
        16,         0,         0,   0.603,bposd,12d0a895c1c7d9606c3d9751922fb0f20325cd9c13cbfcbd27b3196db55e86e0,"{""A"":""x0y9+x1y0+x2y0"",""B"":""x3y0+x0y25+x0y26"",""b"":""X"",""d"":24,""excl_opp_detectors"":""True"",""k"":12,""l"":6,""leak_heralds"":""False"",""leak_repump"":""True"",""leakage"":""True"",""loss"":""True"",""m"":30,""n"":360,""p"":0.001,""prllel_1q"":480,""prllel_2q"":120,""r"":20,""repump_cycles"":3,""seq_meas"":""True"",""seq_ops"":""True"",""swapLRC"":""False""}",
        16,         0,         0,   0.372,bposd,12d0a895c1c7d9606c3d9751922fb0f20325cd9c13cbfcbd27b3196db55e86e0,"{""A"":""x0y9+x1y0+x2y0"",""B"":""x3y0+x0y25+x0y26"",""b"":""X"",""d"":24,""excl_opp_detectors"":""True"",""k"":12,""l"":6,""leak_heralds"":""False"",""leak_repump"":""True"",""leakage"":""True"",""loss"":""True"",""m"":30,""n"":360,""p"":0.001,""prllel_1q"":480,""prllel_2q"":120,""r"":20,""repump_cycles"":3,""seq_meas"":""True"",""seq_ops"":""True"",""swapLRC"":""False""}",
        16,         0,         0,   0.481,bposd,12d0a895c1c7d9606c3d9751922fb0f20325cd9c13cbfcbd27b3196db55e86e0,"{""A"":""x0y9+x1y0+x2y0"",""B"":""x3y0+x0y25+x0y26"",""b"":""X"",""d"":24,""excl_opp_detectors"":""True"",""k"":12,""l"":6,""leak_heralds"":""False"",""leak_repump"":""True"",""leakage"":""True"",""loss"":""True"",""m"":30,""n"":360,""p"":0.001,""prllel_1q"":480,""prllel_2q"":120,""r"":20,""repump_cycles"":3,""seq_meas"":""True"",""seq_ops"":""True"",""swapLRC"":""False""}",
        32,         0,         0,   0.818,bposd,3c4eb901d8ffce3fe8833edec93e38bf71e098409fe53b1b0b91b28d03a184fc,"{""A"":""x0y3+x10y0+x17y0"",""B"":""x5y0+x0y3+x0y19"",""b"":""X"",""d"":18,""excl_opp_detectors"":""True"",""k"":16,""l"":9,""leak_heralds"":""False"",""leak_repump"":""True"",""leakage"":""True"",""loss"":""True"",""m"":21,""n"":378,""p"":0.001,""prllel_1q"":336,""prllel_2q"":84,""r"":20,""repump_cycles"":3,""seq_meas"":""True"",""seq_ops"":""True"",""swapLRC"":""False""}",
        16,         0,         0,   0.365,bposd,3c4eb901d8ffce3fe8833edec93e38bf71e098409fe53b1b0b91b28d03a184fc,"{""A"":""x0y3+x10y0+x17y0"",""B"":""x5y0+x0y3+x0y19"",""b"":""X"",""d"":18,""excl_opp_detectors"":""True"",""k"":16,""l"":9,""leak_heralds"":""False"",""leak_repump"":""True"",""leakage"":""True"",""loss"":""True"",""m"":21,""n"":378,""p"":0.001,""prllel_1q"":336,""prllel_2q"":84,""r"":20,""repump_cycles"":3,""seq_meas"":""True"",""seq_ops"":""True"",""swapLRC"":""False""}",
        16,         0,         0,   0.528,bposd,3c4eb901d8ffce3fe8833edec93e38bf71e098409fe53b1b0b91b28d03a184fc,"{""A"":""x0y3+x10y0+x17y0"",""B"":""x5y0+x0y3+x0y19"",""b"":""X"",""d"":18,""excl_opp_detectors"":""True"",""k"":16,""l"":9,""leak_heralds"":""False"",""leak_repump"":""True"",""leakage"":""True"",""loss"":""True"",""m"":21,""n"":378,""p"":0.001,""prllel_1q"":336,""prllel_2q"":84,""r"":20,""repump_cycles"":3,""seq_meas"":""True"",""seq_ops"":""True"",""swapLRC"":""False""}",
        16,         0,         0,   0.387,bposd,3c4eb901d8ffce3fe8833edec93e38bf71e098409fe53b1b0b91b28d03a184fc,"{""A"":""x0y3+x10y0+x17y0"",""B"":""x5y0+x0y3+x0y19"",""b"":""X"",""d"":18,""excl_opp_detectors"":""True"",""k"":16,""l"":9,""leak_heralds"":""False"",""leak_repump"":""True"",""leakage"":""True"",""loss"":""True"",""m"":21,""n"":378,""p"":0.001,""prllel_1q"":336,""prllel_2q"":84,""r"":20,""repump_cycles"":3,""seq_meas"":""True"",""seq_ops"":""True"",""swapLRC"":""False""}",
        16,         0,         0,   0.386,bposd,3c4eb901d8ffce3fe8833edec93e38bf71e098409fe53b1b0b91b28d03a184fc,"{""A"":""x0y3+x10y0+x17y0"",""B"":""x5y0+x0y3+x0y19"",""b"":""X"",""d"":18,""excl_opp_detectors"":""True"",""k"":16,""l"":9,""leak_heralds"":""False"",""leak_repump"":""True"",""leakage"":""True"",""loss"":""True"",""m"":21,""n"":378,""p"":0.001,""prllel_1q"":336,""prllel_2q"":84,""r"":20,""repump_cycles"":3,""seq_meas"":""True"",""seq_ops"":""True"",""swapLRC"":""False""}",
        16,         0,         0,   0.450,bposd,3c4eb901d8ffce3fe8833edec93e38bf71e098409fe53b1b0b91b28d03a184fc,"{""A"":""x0y3+x10y0+x17y0"",""B"":""x5y0+x0y3+x0y19"",""b"":""X"",""d"":18,""excl_opp_detectors"":""True"",""k"":16,""l"":9,""leak_heralds"":""False"",""leak_repump"":""True"",""leakage"":""True"",""loss"":""True"",""m"":21,""n"":378,""p"":0.001,""prllel_1q"":336,""prllel_2q"":84,""r"":20,""repump_cycles"":3,""seq_meas"":""True"",""seq_ops"":""True"",""swapLRC"":""False""}",
        16,         0,         0,    1.16,bposd,3c4eb901d8ffce3fe8833edec93e38bf71e098409fe53b1b0b91b28d03a184fc,"{""A"":""x0y3+x10y0+x17y0"",""B"":""x5y0+x0y3+x0y19"",""b"":""X"",""d"":18,""excl_opp_detectors"":""True"",""k"":16,""l"":9,""leak_heralds"":""False"",""leak_repump"":""True"",""leakage"":""True"",""loss"":""True"",""m"":21,""n"":378,""p"":0.001,""prllel_1q"":336,""prllel_2q"":84,""r"":20,""repump_cycles"":3,""seq_meas"":""True"",""seq_ops"":""True"",""swapLRC"":""False""}",
        16,         0,         0,   0.421,bposd,12d0a895c1c7d9606c3d9751922fb0f20325cd9c13cbfcbd27b3196db55e86e0,"{""A"":""x0y9+x1y0+x2y0"",""B"":""x3y0+x0y25+x0y26"",""b"":""X"",""d"":24,""excl_opp_detectors"":""True"",""k"":12,""l"":6,""leak_heralds"":""False"",""leak_repump"":""True"",""leakage"":""True"",""loss"":""True"",""m"":30,""n"":360,""p"":0.001,""prllel_1q"":480,""prllel_2q"":120,""r"":20,""repump_cycles"":3,""seq_meas"":""True"",""seq_ops"":""True"",""swapLRC"":""False""}",
        16,         0,         0,   0.381,bposd,12d0a895c1c7d9606c3d9751922fb0f20325cd9c13cbfcbd27b3196db55e86e0,"{""A"":""x0y9+x1y0+x2y0"",""B"":""x3y0+x0y25+x0y26"",""b"":""X"",""d"":24,""excl_opp_detectors"":""True"",""k"":12,""l"":6,""leak_heralds"":""False"",""leak_repump"":""True"",""leakage"":""True"",""loss"":""True"",""m"":30,""n"":360,""p"":0.001,""prllel_1q"":480,""prllel_2q"":120,""r"":20,""repump_cycles"":3,""seq_meas"":""True"",""seq_ops"":""True"",""swapLRC"":""False""}",
        16,         0,         0,   0.422,bposd,12d0a895c1c7d9606c3d9751922fb0f20325cd9c13cbfcbd27b3196db55e86e0,"{""A"":""x0y9+x1y0+x2y0"",""B"":""x3y0+x0y25+x0y26"",""b"":""X"",""d"":24,""excl_opp_detectors"":""True"",""k"":12,""l"":6,""leak_heralds"":""False"",""leak_repump"":""True"",""leakage"":""True"",""loss"":""True"",""m"":30,""n"":360,""p"":0.001,""prllel_1q"":480,""prllel_2q"":120,""r"":20,""repump_cycles"":3,""seq_meas"":""True"",""seq_ops"":""True"",""swapLRC"":""False""}",
        16,         0,         0,   0.383,bposd,12d0a895c1c7d9606c3d9751922fb0f20325cd9c13cbfcbd27b3196db55e86e0,"{""A"":""x0y9+x1y0+x2y0"",""B"":""x3y0+x0y25+x0y26"",""b"":""X"",""d"":24,""excl_opp_detectors"":""True"",""k"":12,""l"":6,""leak_heralds"":""False"",""leak_repump"":""True"",""leakage"":""True"",""loss"":""True"",""m"":30,""n"":360,""p"":0.001,""prllel_1q"":480,""prllel_2q"":120,""r"":20,""repump_cycles"":3,""seq_meas"":""True"",""seq_ops"":""True"",""swapLRC"":""False""}",
        32,         0,         0,    1.05,bposd,12d0a895c1c7d9606c3d9751922fb0f20325cd9c13cbfcbd27b3196db55e86e0,"{""A"":""x0y9+x1y0+x2y0"",""B"":""x3y0+x0y25+x0y26"",""b"":""X"",""d"":24,""excl_opp_detectors"":""True"",""k"":12,""l"":6,""leak_heralds"":""False"",""leak_repump"":""True"",""leakage"":""True"",""loss"":""True"",""m"":30,""n"":360,""p"":0.001,""prllel_1q"":480,""prllel_2q"":120,""r"":20,""repump_cycles"":3,""seq_meas"":""True"",""seq_ops"":""True"",""swapLRC"":""False""}",
        32,         0,         0,   0.685,bposd,12d0a895c1c7d9606c3d9751922fb0f20325cd9c13cbfcbd27b3196db55e86e0,"{""A"":""x0y9+x1y0+x2y0"",""B"":""x3y0+x0y25+x0y26"",""b"":""X"",""d"":24,""excl_opp_detectors"":""True"",""k"":12,""l"":6,""leak_heralds"":""False"",""leak_repump"":""True"",""leakage"":""True"",""loss"":""True"",""m"":30,""n"":360,""p"":0.001,""prllel_1q"":480,""prllel_2q"":120,""r"":20,""repump_cycles"":3,""seq_meas"":""True"",""seq_ops"":""True"",""swapLRC"":""False""}",
        16,         0,         0,   0.372,bposd,3c4eb901d8ffce3fe8833edec93e38bf71e098409fe53b1b0b91b28d03a184fc,"{""A"":""x0y3+x10y0+x17y0"",""B"":""x5y0+x0y3+x0y19"",""b"":""X"",""d"":18,""excl_opp_detectors"":""True"",""k"":16,""l"":9,""leak_heralds"":""False"",""leak_repump"":""True"",""leakage"":""True"",""loss"":""True"",""m"":21,""n"":378,""p"":0.001,""prllel_1q"":336,""prllel_2q"":84,""r"":20,""repump_cycles"":3,""seq_meas"":""True"",""seq_ops"":""True"",""swapLRC"":""False""}",
        32,         0,         0,   0.758,bposd,3c4eb901d8ffce3fe8833edec93e38bf71e098409fe53b1b0b91b28d03a184fc,"{""A"":""x0y3+x10y0+x17y0"",""B"":""x5y0+x0y3+x0y19"",""b"":""X"",""d"":18,""excl_opp_detectors"":""True"",""k"":16,""l"":9,""leak_heralds"":""False"",""leak_repump"":""True"",""leakage"":""True"",""loss"":""True"",""m"":21,""n"":378,""p"":0.001,""prllel_1q"":336,""prllel_2q"":84,""r"":20,""repump_cycles"":3,""seq_meas"":""True"",""seq_ops"":""True"",""swapLRC"":""False""}",
        16,         0,         0,   0.694,bposd,3c4eb901d8ffce3fe8833edec93e38bf71e098409fe53b1b0b91b28d03a184fc,"{""A"":""x0y3+x10y0+x17y0"",""B"":""x5y0+x0y3+x0y19"",""b"":""X"",""d"":18,""excl_opp_detectors"":""True"",""k"":16,""l"":9,""leak_heralds"":""False"",""leak_repump"":""True"",""leakage"":""True"",""loss"":""True"",""m"":21,""n"":378,""p"":0.001,""prllel_1q"":336,""prllel_2q"":84,""r"":20,""repump_cycles"":3,""seq_meas"":""True"",""seq_ops"":""True"",""swapLRC"":""False""}",
        16,         0,         0,   0.316,bposd,3c4eb901d8ffce3fe8833edec93e38bf71e098409fe53b1b0b91b28d03a184fc,"{""A"":""x0y3+x10y0+x17y0"",""B"":""x5y0+x0y3+x0y19"",""b"":""X"",""d"":18,""excl_opp_detectors"":""True"",""k"":16,""l"":9,""leak_heralds"":""False"",""leak_repump"":""True"",""leakage"":""True"",""loss"":""True"",""m"":21,""n"":378,""p"":0.001,""prllel_1q"":336,""prllel_2q"":84,""r"":20,""repump_cycles"":3,""seq_meas"":""True"",""seq_ops"":""True"",""swapLRC"":""False""}",
        16,         0,         0,   0.444,bposd,12d0a895c1c7d9606c3d9751922fb0f20325cd9c13cbfcbd27b3196db55e86e0,"{""A"":""x0y9+x1y0+x2y0"",""B"":""x3y0+x0y25+x0y26"",""b"":""X"",""d"":24,""excl_opp_detectors"":""True"",""k"":12,""l"":6,""leak_heralds"":""False"",""leak_repump"":""True"",""leakage"":""True"",""loss"":""True"",""m"":30,""n"":360,""p"":0.001,""prllel_1q"":480,""prllel_2q"":120,""r"":20,""repump_cycles"":3,""seq_meas"":""True"",""seq_ops"":""True"",""swapLRC"":""False""}",
        32,         0,         0,    1.78,bposd,3c4eb901d8ffce3fe8833edec93e38bf71e098409fe53b1b0b91b28d03a184fc,"{""A"":""x0y3+x10y0+x17y0"",""B"":""x5y0+x0y3+x0y19"",""b"":""X"",""d"":18,""excl_opp_detectors"":""True"",""k"":16,""l"":9,""leak_heralds"":""False"",""leak_repump"":""True"",""leakage"":""True"",""loss"":""True"",""m"":21,""n"":378,""p"":0.001,""prllel_1q"":336,""prllel_2q"":84,""r"":20,""repump_cycles"":3,""seq_meas"":""True"",""seq_ops"":""True"",""swapLRC"":""False""}",
        32,         0,         0,   0.760,bposd,3c4eb901d8ffce3fe8833edec93e38bf71e098409fe53b1b0b91b28d03a184fc,"{""A"":""x0y3+x10y0+x17y0"",""B"":""x5y0+x0y3+x0y19"",""b"":""X"",""d"":18,""excl_opp_detectors"":""True"",""k"":16,""l"":9,""leak_heralds"":""False"",""leak_repump"":""True"",""leakage"":""True"",""loss"":""True"",""m"":21,""n"":378,""p"":0.001,""prllel_1q"":336,""prllel_2q"":84,""r"":20,""repump_cycles"":3,""seq_meas"":""True"",""seq_ops"":""True"",""swapLRC"":""False""}",
        16,         0,         0,   0.994,bposd,3c4eb901d8ffce3fe8833edec93e38bf71e098409fe53b1b0b91b28d03a184fc,"{""A"":""x0y3+x10y0+x17y0"",""B"":""x5y0+x0y3+x0y19"",""b"":""X"",""d"":18,""excl_opp_detectors"":""True"",""k"":16,""l"":9,""leak_heralds"":""False"",""leak_repump"":""True"",""leakage"":""True"",""loss"":""True"",""m"":21,""n"":378,""p"":0.001,""prllel_1q"":336,""prllel_2q"":84,""r"":20,""repump_cycles"":3,""seq_meas"":""True"",""seq_ops"":""True"",""swapLRC"":""False""}",
        16,         0,         0,   0.562,bposd,3c4eb901d8ffce3fe8833edec93e38bf71e098409fe53b1b0b91b28d03a184fc,"{""A"":""x0y3+x10y0+x17y0"",""B"":""x5y0+x0y3+x0y19"",""b"":""X"",""d"":18,""excl_opp_detectors"":""True"",""k"":16,""l"":9,""leak_heralds"":""False"",""leak_repump"":""True"",""leakage"":""True"",""loss"":""True"",""m"":21,""n"":378,""p"":0.001,""prllel_1q"":336,""prllel_2q"":84,""r"":20,""repump_cycles"":3,""seq_meas"":""True"",""seq_ops"":""True"",""swapLRC"":""False""}",
        16,         0,         0,   0.305,bposd,3c4eb901d8ffce3fe8833edec93e38bf71e098409fe53b1b0b91b28d03a184fc,"{""A"":""x0y3+x10y0+x17y0"",""B"":""x5y0+x0y3+x0y19"",""b"":""X"",""d"":18,""excl_opp_detectors"":""True"",""k"":16,""l"":9,""leak_heralds"":""False"",""leak_repump"":""True"",""leakage"":""True"",""loss"":""True"",""m"":21,""n"":378,""p"":0.001,""prllel_1q"":336,""prllel_2q"":84,""r"":20,""repump_cycles"":3,""seq_meas"":""True"",""seq_ops"":""True"",""swapLRC"":""False""}",
        32,         0,         0,   0.846,bposd,12d0a895c1c7d9606c3d9751922fb0f20325cd9c13cbfcbd27b3196db55e86e0,"{""A"":""x0y9+x1y0+x2y0"",""B"":""x3y0+x0y25+x0y26"",""b"":""X"",""d"":24,""excl_opp_detectors"":""True"",""k"":12,""l"":6,""leak_heralds"":""False"",""leak_repump"":""True"",""leakage"":""True"",""loss"":""True"",""m"":30,""n"":360,""p"":0.001,""prllel_1q"":480,""prllel_2q"":120,""r"":20,""repump_cycles"":3,""seq_meas"":""True"",""seq_ops"":""True"",""swapLRC"":""False""}",
        16,         0,         0,   0.357,bposd,12d0a895c1c7d9606c3d9751922fb0f20325cd9c13cbfcbd27b3196db55e86e0,"{""A"":""x0y9+x1y0+x2y0"",""B"":""x3y0+x0y25+x0y26"",""b"":""X"",""d"":24,""excl_opp_detectors"":""True"",""k"":12,""l"":6,""leak_heralds"":""False"",""leak_repump"":""True"",""leakage"":""True"",""loss"":""True"",""m"":30,""n"":360,""p"":0.001,""prllel_1q"":480,""prllel_2q"":120,""r"":20,""repump_cycles"":3,""seq_meas"":""True"",""seq_ops"":""True"",""swapLRC"":""False""}",
        16,         0,         0,   0.328,bposd,12d0a895c1c7d9606c3d9751922fb0f20325cd9c13cbfcbd27b3196db55e86e0,"{""A"":""x0y9+x1y0+x2y0"",""B"":""x3y0+x0y25+x0y26"",""b"":""X"",""d"":24,""excl_opp_detectors"":""True"",""k"":12,""l"":6,""leak_heralds"":""False"",""leak_repump"":""True"",""leakage"":""True"",""loss"":""True"",""m"":30,""n"":360,""p"":0.001,""prllel_1q"":480,""prllel_2q"":120,""r"":20,""repump_cycles"":3,""seq_meas"":""True"",""seq_ops"":""True"",""swapLRC"":""False""}",
        16,         0,         0,   0.410,bposd,3c4eb901d8ffce3fe8833edec93e38bf71e098409fe53b1b0b91b28d03a184fc,"{""A"":""x0y3+x10y0+x17y0"",""B"":""x5y0+x0y3+x0y19"",""b"":""X"",""d"":18,""excl_opp_detectors"":""True"",""k"":16,""l"":9,""leak_heralds"":""False"",""leak_repump"":""True"",""leakage"":""True"",""loss"":""True"",""m"":21,""n"":378,""p"":0.001,""prllel_1q"":336,""prllel_2q"":84,""r"":20,""repump_cycles"":3,""seq_meas"":""True"",""seq_ops"":""True"",""swapLRC"":""False""}",
        16,         0,         0,   0.505,bposd,3c4eb901d8ffce3fe8833edec93e38bf71e098409fe53b1b0b91b28d03a184fc,"{""A"":""x0y3+x10y0+x17y0"",""B"":""x5y0+x0y3+x0y19"",""b"":""X"",""d"":18,""excl_opp_detectors"":""True"",""k"":16,""l"":9,""leak_heralds"":""False"",""leak_repump"":""True"",""leakage"":""True"",""loss"":""True"",""m"":21,""n"":378,""p"":0.001,""prllel_1q"":336,""prllel_2q"":84,""r"":20,""repump_cycles"":3,""seq_meas"":""True"",""seq_ops"":""True"",""swapLRC"":""False""}",
        16,         0,         0,   0.383,bposd,3c4eb901d8ffce3fe8833edec93e38bf71e098409fe53b1b0b91b28d03a184fc,"{""A"":""x0y3+x10y0+x17y0"",""B"":""x5y0+x0y3+x0y19"",""b"":""X"",""d"":18,""excl_opp_detectors"":""True"",""k"":16,""l"":9,""leak_heralds"":""False"",""leak_repump"":""True"",""leakage"":""True"",""loss"":""True"",""m"":21,""n"":378,""p"":0.001,""prllel_1q"":336,""prllel_2q"":84,""r"":20,""repump_cycles"":3,""seq_meas"":""True"",""seq_ops"":""True"",""swapLRC"":""False""}",
        16,         0,         0,   0.501,bposd,3c4eb901d8ffce3fe8833edec93e38bf71e098409fe53b1b0b91b28d03a184fc,"{""A"":""x0y3+x10y0+x17y0"",""B"":""x5y0+x0y3+x0y19"",""b"":""X"",""d"":18,""excl_opp_detectors"":""True"",""k"":16,""l"":9,""leak_heralds"":""False"",""leak_repump"":""True"",""leakage"":""True"",""loss"":""True"",""m"":21,""n"":378,""p"":0.001,""prllel_1q"":336,""prllel_2q"":84,""r"":20,""repump_cycles"":3,""seq_meas"":""True"",""seq_ops"":""True"",""swapLRC"":""False""}",
        32,         0,         0,   0.756,bposd,12d0a895c1c7d9606c3d9751922fb0f20325cd9c13cbfcbd27b3196db55e86e0,"{""A"":""x0y9+x1y0+x2y0"",""B"":""x3y0+x0y25+x0y26"",""b"":""X"",""d"":24,""excl_opp_detectors"":""True"",""k"":12,""l"":6,""leak_heralds"":""False"",""leak_repump"":""True"",""leakage"":""True"",""loss"":""True"",""m"":30,""n"":360,""p"":0.001,""prllel_1q"":480,""prllel_2q"":120,""r"":20,""repump_cycles"":3,""seq_meas"":""True"",""seq_ops"":""True"",""swapLRC"":""False""}",
        16,         0,         0,   0.337,bposd,3c4eb901d8ffce3fe8833edec93e38bf71e098409fe53b1b0b91b28d03a184fc,"{""A"":""x0y3+x10y0+x17y0"",""B"":""x5y0+x0y3+x0y19"",""b"":""X"",""d"":18,""excl_opp_detectors"":""True"",""k"":16,""l"":9,""leak_heralds"":""False"",""leak_repump"":""True"",""leakage"":""True"",""loss"":""True"",""m"":21,""n"":378,""p"":0.001,""prllel_1q"":336,""prllel_2q"":84,""r"":20,""repump_cycles"":3,""seq_meas"":""True"",""seq_ops"":""True"",""swapLRC"":""False""}",
        16,         0,         0,   0.399,bposd,12d0a895c1c7d9606c3d9751922fb0f20325cd9c13cbfcbd27b3196db55e86e0,"{""A"":""x0y9+x1y0+x2y0"",""B"":""x3y0+x0y25+x0y26"",""b"":""X"",""d"":24,""excl_opp_detectors"":""True"",""k"":12,""l"":6,""leak_heralds"":""False"",""leak_repump"":""True"",""leakage"":""True"",""loss"":""True"",""m"":30,""n"":360,""p"":0.001,""prllel_1q"":480,""prllel_2q"":120,""r"":20,""repump_cycles"":3,""seq_meas"":""True"",""seq_ops"":""True"",""swapLRC"":""False""}",
        16,         0,         0,   0.339,bposd,3c4eb901d8ffce3fe8833edec93e38bf71e098409fe53b1b0b91b28d03a184fc,"{""A"":""x0y3+x10y0+x17y0"",""B"":""x5y0+x0y3+x0y19"",""b"":""X"",""d"":18,""excl_opp_detectors"":""True"",""k"":16,""l"":9,""leak_heralds"":""False"",""leak_repump"":""True"",""leakage"":""True"",""loss"":""True"",""m"":21,""n"":378,""p"":0.001,""prllel_1q"":336,""prllel_2q"":84,""r"":20,""repump_cycles"":3,""seq_meas"":""True"",""seq_ops"":""True"",""swapLRC"":""False""}",
        16,         0,         0,   0.458,bposd,12d0a895c1c7d9606c3d9751922fb0f20325cd9c13cbfcbd27b3196db55e86e0,"{""A"":""x0y9+x1y0+x2y0"",""B"":""x3y0+x0y25+x0y26"",""b"":""X"",""d"":24,""excl_opp_detectors"":""True"",""k"":12,""l"":6,""leak_heralds"":""False"",""leak_repump"":""True"",""leakage"":""True"",""loss"":""True"",""m"":30,""n"":360,""p"":0.001,""prllel_1q"":480,""prllel_2q"":120,""r"":20,""repump_cycles"":3,""seq_meas"":""True"",""seq_ops"":""True"",""swapLRC"":""False""}",
        32,         0,         0,    2.63,bposd,12d0a895c1c7d9606c3d9751922fb0f20325cd9c13cbfcbd27b3196db55e86e0,"{""A"":""x0y9+x1y0+x2y0"",""B"":""x3y0+x0y25+x0y26"",""b"":""X"",""d"":24,""excl_opp_detectors"":""True"",""k"":12,""l"":6,""leak_heralds"":""False"",""leak_repump"":""True"",""leakage"":""True"",""loss"":""True"",""m"":30,""n"":360,""p"":0.001,""prllel_1q"":480,""prllel_2q"":120,""r"":20,""repump_cycles"":3,""seq_meas"":""True"",""seq_ops"":""True"",""swapLRC"":""False""}",
        16,         0,         0,   0.439,bposd,12d0a895c1c7d9606c3d9751922fb0f20325cd9c13cbfcbd27b3196db55e86e0,"{""A"":""x0y9+x1y0+x2y0"",""B"":""x3y0+x0y25+x0y26"",""b"":""X"",""d"":24,""excl_opp_detectors"":""True"",""k"":12,""l"":6,""leak_heralds"":""False"",""leak_repump"":""True"",""leakage"":""True"",""loss"":""True"",""m"":30,""n"":360,""p"":0.001,""prllel_1q"":480,""prllel_2q"":120,""r"":20,""repump_cycles"":3,""seq_meas"":""True"",""seq_ops"":""True"",""swapLRC"":""False""}",
        16,         0,         0,    1.85,bposd,12d0a895c1c7d9606c3d9751922fb0f20325cd9c13cbfcbd27b3196db55e86e0,"{""A"":""x0y9+x1y0+x2y0"",""B"":""x3y0+x0y25+x0y26"",""b"":""X"",""d"":24,""excl_opp_detectors"":""True"",""k"":12,""l"":6,""leak_heralds"":""False"",""leak_repump"":""True"",""leakage"":""True"",""loss"":""True"",""m"":30,""n"":360,""p"":0.001,""prllel_1q"":480,""prllel_2q"":120,""r"":20,""repump_cycles"":3,""seq_meas"":""True"",""seq_ops"":""True"",""swapLRC"":""False""}",
        16,         0,         0,   0.353,bposd,3c4eb901d8ffce3fe8833edec93e38bf71e098409fe53b1b0b91b28d03a184fc,"{""A"":""x0y3+x10y0+x17y0"",""B"":""x5y0+x0y3+x0y19"",""b"":""X"",""d"":18,""excl_opp_detectors"":""True"",""k"":16,""l"":9,""leak_heralds"":""False"",""leak_repump"":""True"",""leakage"":""True"",""loss"":""True"",""m"":21,""n"":378,""p"":0.001,""prllel_1q"":336,""prllel_2q"":84,""r"":20,""repump_cycles"":3,""seq_meas"":""True"",""seq_ops"":""True"",""swapLRC"":""False""}",
        16,         0,         0,   0.591,bposd,3c4eb901d8ffce3fe8833edec93e38bf71e098409fe53b1b0b91b28d03a184fc,"{""A"":""x0y3+x10y0+x17y0"",""B"":""x5y0+x0y3+x0y19"",""b"":""X"",""d"":18,""excl_opp_detectors"":""True"",""k"":16,""l"":9,""leak_heralds"":""False"",""leak_repump"":""True"",""leakage"":""True"",""loss"":""True"",""m"":21,""n"":378,""p"":0.001,""prllel_1q"":336,""prllel_2q"":84,""r"":20,""repump_cycles"":3,""seq_meas"":""True"",""seq_ops"":""True"",""swapLRC"":""False""}",
        16,         0,         0,   0.504,bposd,12d0a895c1c7d9606c3d9751922fb0f20325cd9c13cbfcbd27b3196db55e86e0,"{""A"":""x0y9+x1y0+x2y0"",""B"":""x3y0+x0y25+x0y26"",""b"":""X"",""d"":24,""excl_opp_detectors"":""True"",""k"":12,""l"":6,""leak_heralds"":""False"",""leak_repump"":""True"",""leakage"":""True"",""loss"":""True"",""m"":30,""n"":360,""p"":0.001,""prllel_1q"":480,""prllel_2q"":120,""r"":20,""repump_cycles"":3,""seq_meas"":""True"",""seq_ops"":""True"",""swapLRC"":""False""}",
        16,         0,         0,   0.700,bposd,12d0a895c1c7d9606c3d9751922fb0f20325cd9c13cbfcbd27b3196db55e86e0,"{""A"":""x0y9+x1y0+x2y0"",""B"":""x3y0+x0y25+x0y26"",""b"":""X"",""d"":24,""excl_opp_detectors"":""True"",""k"":12,""l"":6,""leak_heralds"":""False"",""leak_repump"":""True"",""leakage"":""True"",""loss"":""True"",""m"":30,""n"":360,""p"":0.001,""prllel_1q"":480,""prllel_2q"":120,""r"":20,""repump_cycles"":3,""seq_meas"":""True"",""seq_ops"":""True"",""swapLRC"":""False""}",
        16,         0,         0,   0.336,bposd,3c4eb901d8ffce3fe8833edec93e38bf71e098409fe53b1b0b91b28d03a184fc,"{""A"":""x0y3+x10y0+x17y0"",""B"":""x5y0+x0y3+x0y19"",""b"":""X"",""d"":18,""excl_opp_detectors"":""True"",""k"":16,""l"":9,""leak_heralds"":""False"",""leak_repump"":""True"",""leakage"":""True"",""loss"":""True"",""m"":21,""n"":378,""p"":0.001,""prllel_1q"":336,""prllel_2q"":84,""r"":20,""repump_cycles"":3,""seq_meas"":""True"",""seq_ops"":""True"",""swapLRC"":""False""}",
        16,         0,         0,   0.425,bposd,12d0a895c1c7d9606c3d9751922fb0f20325cd9c13cbfcbd27b3196db55e86e0,"{""A"":""x0y9+x1y0+x2y0"",""B"":""x3y0+x0y25+x0y26"",""b"":""X"",""d"":24,""excl_opp_detectors"":""True"",""k"":12,""l"":6,""leak_heralds"":""False"",""leak_repump"":""True"",""leakage"":""True"",""loss"":""True"",""m"":30,""n"":360,""p"":0.001,""prllel_1q"":480,""prllel_2q"":120,""r"":20,""repump_cycles"":3,""seq_meas"":""True"",""seq_ops"":""True"",""swapLRC"":""False""}",
        16,         0,         0,   0.653,bposd,3c4eb901d8ffce3fe8833edec93e38bf71e098409fe53b1b0b91b28d03a184fc,"{""A"":""x0y3+x10y0+x17y0"",""B"":""x5y0+x0y3+x0y19"",""b"":""X"",""d"":18,""excl_opp_detectors"":""True"",""k"":16,""l"":9,""leak_heralds"":""False"",""leak_repump"":""True"",""leakage"":""True"",""loss"":""True"",""m"":21,""n"":378,""p"":0.001,""prllel_1q"":336,""prllel_2q"":84,""r"":20,""repump_cycles"":3,""seq_meas"":""True"",""seq_ops"":""True"",""swapLRC"":""False""}",
        16,         0,         0,   0.335,bposd,12d0a895c1c7d9606c3d9751922fb0f20325cd9c13cbfcbd27b3196db55e86e0,"{""A"":""x0y9+x1y0+x2y0"",""B"":""x3y0+x0y25+x0y26"",""b"":""X"",""d"":24,""excl_opp_detectors"":""True"",""k"":12,""l"":6,""leak_heralds"":""False"",""leak_repump"":""True"",""leakage"":""True"",""loss"":""True"",""m"":30,""n"":360,""p"":0.001,""prllel_1q"":480,""prllel_2q"":120,""r"":20,""repump_cycles"":3,""seq_meas"":""True"",""seq_ops"":""True"",""swapLRC"":""False""}",
        16,         0,         0,   0.363,bposd,3c4eb901d8ffce3fe8833edec93e38bf71e098409fe53b1b0b91b28d03a184fc,"{""A"":""x0y3+x10y0+x17y0"",""B"":""x5y0+x0y3+x0y19"",""b"":""X"",""d"":18,""excl_opp_detectors"":""True"",""k"":16,""l"":9,""leak_heralds"":""False"",""leak_repump"":""True"",""leakage"":""True"",""loss"":""True"",""m"":21,""n"":378,""p"":0.001,""prllel_1q"":336,""prllel_2q"":84,""r"":20,""repump_cycles"":3,""seq_meas"":""True"",""seq_ops"":""True"",""swapLRC"":""False""}",
        16,         0,         0,   0.378,bposd,3c4eb901d8ffce3fe8833edec93e38bf71e098409fe53b1b0b91b28d03a184fc,"{""A"":""x0y3+x10y0+x17y0"",""B"":""x5y0+x0y3+x0y19"",""b"":""X"",""d"":18,""excl_opp_detectors"":""True"",""k"":16,""l"":9,""leak_heralds"":""False"",""leak_repump"":""True"",""leakage"":""True"",""loss"":""True"",""m"":21,""n"":378,""p"":0.001,""prllel_1q"":336,""prllel_2q"":84,""r"":20,""repump_cycles"":3,""seq_meas"":""True"",""seq_ops"":""True"",""swapLRC"":""False""}",
        16,         0,         0,   0.456,bposd,12d0a895c1c7d9606c3d9751922fb0f20325cd9c13cbfcbd27b3196db55e86e0,"{""A"":""x0y9+x1y0+x2y0"",""B"":""x3y0+x0y25+x0y26"",""b"":""X"",""d"":24,""excl_opp_detectors"":""True"",""k"":12,""l"":6,""leak_heralds"":""False"",""leak_repump"":""True"",""leakage"":""True"",""loss"":""True"",""m"":30,""n"":360,""p"":0.001,""prllel_1q"":480,""prllel_2q"":120,""r"":20,""repump_cycles"":3,""seq_meas"":""True"",""seq_ops"":""True"",""swapLRC"":""False""}",
        32,         0,         0,   0.964,bposd,12d0a895c1c7d9606c3d9751922fb0f20325cd9c13cbfcbd27b3196db55e86e0,"{""A"":""x0y9+x1y0+x2y0"",""B"":""x3y0+x0y25+x0y26"",""b"":""X"",""d"":24,""excl_opp_detectors"":""True"",""k"":12,""l"":6,""leak_heralds"":""False"",""leak_repump"":""True"",""leakage"":""True"",""loss"":""True"",""m"":30,""n"":360,""p"":0.001,""prllel_1q"":480,""prllel_2q"":120,""r"":20,""repump_cycles"":3,""seq_meas"":""True"",""seq_ops"":""True"",""swapLRC"":""False""}",
        16,         0,         0,   0.277,bposd,12d0a895c1c7d9606c3d9751922fb0f20325cd9c13cbfcbd27b3196db55e86e0,"{""A"":""x0y9+x1y0+x2y0"",""B"":""x3y0+x0y25+x0y26"",""b"":""X"",""d"":24,""excl_opp_detectors"":""True"",""k"":12,""l"":6,""leak_heralds"":""False"",""leak_repump"":""True"",""leakage"":""True"",""loss"":""True"",""m"":30,""n"":360,""p"":0.001,""prllel_1q"":480,""prllel_2q"":120,""r"":20,""repump_cycles"":3,""seq_meas"":""True"",""seq_ops"":""True"",""swapLRC"":""False""}",
        32,         0,         0,   0.780,bposd,3c4eb901d8ffce3fe8833edec93e38bf71e098409fe53b1b0b91b28d03a184fc,"{""A"":""x0y3+x10y0+x17y0"",""B"":""x5y0+x0y3+x0y19"",""b"":""X"",""d"":18,""excl_opp_detectors"":""True"",""k"":16,""l"":9,""leak_heralds"":""False"",""leak_repump"":""True"",""leakage"":""True"",""loss"":""True"",""m"":21,""n"":378,""p"":0.001,""prllel_1q"":336,""prllel_2q"":84,""r"":20,""repump_cycles"":3,""seq_meas"":""True"",""seq_ops"":""True"",""swapLRC"":""False""}",
        32,         0,         0,   0.938,bposd,12d0a895c1c7d9606c3d9751922fb0f20325cd9c13cbfcbd27b3196db55e86e0,"{""A"":""x0y9+x1y0+x2y0"",""B"":""x3y0+x0y25+x0y26"",""b"":""X"",""d"":24,""excl_opp_detectors"":""True"",""k"":12,""l"":6,""leak_heralds"":""False"",""leak_repump"":""True"",""leakage"":""True"",""loss"":""True"",""m"":30,""n"":360,""p"":0.001,""prllel_1q"":480,""prllel_2q"":120,""r"":20,""repump_cycles"":3,""seq_meas"":""True"",""seq_ops"":""True"",""swapLRC"":""False""}",
         8,         0,         0,   0.241,bposd,12d0a895c1c7d9606c3d9751922fb0f20325cd9c13cbfcbd27b3196db55e86e0,"{""A"":""x0y9+x1y0+x2y0"",""B"":""x3y0+x0y25+x0y26"",""b"":""X"",""d"":24,""excl_opp_detectors"":""True"",""k"":12,""l"":6,""leak_heralds"":""False"",""leak_repump"":""True"",""leakage"":""True"",""loss"":""True"",""m"":30,""n"":360,""p"":0.001,""prllel_1q"":480,""prllel_2q"":120,""r"":20,""repump_cycles"":3,""seq_meas"":""True"",""seq_ops"":""True"",""swapLRC"":""False""}",
        16,         0,         0,   0.398,bposd,3c4eb901d8ffce3fe8833edec93e38bf71e098409fe53b1b0b91b28d03a184fc,"{""A"":""x0y3+x10y0+x17y0"",""B"":""x5y0+x0y3+x0y19"",""b"":""X"",""d"":18,""excl_opp_detectors"":""True"",""k"":16,""l"":9,""leak_heralds"":""False"",""leak_repump"":""True"",""leakage"":""True"",""loss"":""True"",""m"":21,""n"":378,""p"":0.001,""prllel_1q"":336,""prllel_2q"":84,""r"":20,""repump_cycles"":3,""seq_meas"":""True"",""seq_ops"":""True"",""swapLRC"":""False""}",
        16,         0,         0,   0.421,bposd,3c4eb901d8ffce3fe8833edec93e38bf71e098409fe53b1b0b91b28d03a184fc,"{""A"":""x0y3+x10y0+x17y0"",""B"":""x5y0+x0y3+x0y19"",""b"":""X"",""d"":18,""excl_opp_detectors"":""True"",""k"":16,""l"":9,""leak_heralds"":""False"",""leak_repump"":""True"",""leakage"":""True"",""loss"":""True"",""m"":21,""n"":378,""p"":0.001,""prllel_1q"":336,""prllel_2q"":84,""r"":20,""repump_cycles"":3,""seq_meas"":""True"",""seq_ops"":""True"",""swapLRC"":""False""}",
        32,         0,         0,   0.915,bposd,3c4eb901d8ffce3fe8833edec93e38bf71e098409fe53b1b0b91b28d03a184fc,"{""A"":""x0y3+x10y0+x17y0"",""B"":""x5y0+x0y3+x0y19"",""b"":""X"",""d"":18,""excl_opp_detectors"":""True"",""k"":16,""l"":9,""leak_heralds"":""False"",""leak_repump"":""True"",""leakage"":""True"",""loss"":""True"",""m"":21,""n"":378,""p"":0.001,""prllel_1q"":336,""prllel_2q"":84,""r"":20,""repump_cycles"":3,""seq_meas"":""True"",""seq_ops"":""True"",""swapLRC"":""False""}",
        16,         0,         0,   0.661,bposd,12d0a895c1c7d9606c3d9751922fb0f20325cd9c13cbfcbd27b3196db55e86e0,"{""A"":""x0y9+x1y0+x2y0"",""B"":""x3y0+x0y25+x0y26"",""b"":""X"",""d"":24,""excl_opp_detectors"":""True"",""k"":12,""l"":6,""leak_heralds"":""False"",""leak_repump"":""True"",""leakage"":""True"",""loss"":""True"",""m"":30,""n"":360,""p"":0.001,""prllel_1q"":480,""prllel_2q"":120,""r"":20,""repump_cycles"":3,""seq_meas"":""True"",""seq_ops"":""True"",""swapLRC"":""False""}",
        16,         0,         0,   0.430,bposd,3c4eb901d8ffce3fe8833edec93e38bf71e098409fe53b1b0b91b28d03a184fc,"{""A"":""x0y3+x10y0+x17y0"",""B"":""x5y0+x0y3+x0y19"",""b"":""X"",""d"":18,""excl_opp_detectors"":""True"",""k"":16,""l"":9,""leak_heralds"":""False"",""leak_repump"":""True"",""leakage"":""True"",""loss"":""True"",""m"":21,""n"":378,""p"":0.001,""prllel_1q"":336,""prllel_2q"":84,""r"":20,""repump_cycles"":3,""seq_meas"":""True"",""seq_ops"":""True"",""swapLRC"":""False""}",
        16,         0,         0,   0.789,bposd,12d0a895c1c7d9606c3d9751922fb0f20325cd9c13cbfcbd27b3196db55e86e0,"{""A"":""x0y9+x1y0+x2y0"",""B"":""x3y0+x0y25+x0y26"",""b"":""X"",""d"":24,""excl_opp_detectors"":""True"",""k"":12,""l"":6,""leak_heralds"":""False"",""leak_repump"":""True"",""leakage"":""True"",""loss"":""True"",""m"":30,""n"":360,""p"":0.001,""prllel_1q"":480,""prllel_2q"":120,""r"":20,""repump_cycles"":3,""seq_meas"":""True"",""seq_ops"":""True"",""swapLRC"":""False""}",
        16,         0,         0,   0.410,bposd,3c4eb901d8ffce3fe8833edec93e38bf71e098409fe53b1b0b91b28d03a184fc,"{""A"":""x0y3+x10y0+x17y0"",""B"":""x5y0+x0y3+x0y19"",""b"":""X"",""d"":18,""excl_opp_detectors"":""True"",""k"":16,""l"":9,""leak_heralds"":""False"",""leak_repump"":""True"",""leakage"":""True"",""loss"":""True"",""m"":21,""n"":378,""p"":0.001,""prllel_1q"":336,""prllel_2q"":84,""r"":20,""repump_cycles"":3,""seq_meas"":""True"",""seq_ops"":""True"",""swapLRC"":""False""}",
        32,         0,         0,    1.22,bposd,3c4eb901d8ffce3fe8833edec93e38bf71e098409fe53b1b0b91b28d03a184fc,"{""A"":""x0y3+x10y0+x17y0"",""B"":""x5y0+x0y3+x0y19"",""b"":""X"",""d"":18,""excl_opp_detectors"":""True"",""k"":16,""l"":9,""leak_heralds"":""False"",""leak_repump"":""True"",""leakage"":""True"",""loss"":""True"",""m"":21,""n"":378,""p"":0.001,""prllel_1q"":336,""prllel_2q"":84,""r"":20,""repump_cycles"":3,""seq_meas"":""True"",""seq_ops"":""True"",""swapLRC"":""False""}",
        16,         0,         0,   0.372,bposd,12d0a895c1c7d9606c3d9751922fb0f20325cd9c13cbfcbd27b3196db55e86e0,"{""A"":""x0y9+x1y0+x2y0"",""B"":""x3y0+x0y25+x0y26"",""b"":""X"",""d"":24,""excl_opp_detectors"":""True"",""k"":12,""l"":6,""leak_heralds"":""False"",""leak_repump"":""True"",""leakage"":""True"",""loss"":""True"",""m"":30,""n"":360,""p"":0.001,""prllel_1q"":480,""prllel_2q"":120,""r"":20,""repump_cycles"":3,""seq_meas"":""True"",""seq_ops"":""True"",""swapLRC"":""False""}",
        16,         0,         0,   0.483,bposd,12d0a895c1c7d9606c3d9751922fb0f20325cd9c13cbfcbd27b3196db55e86e0,"{""A"":""x0y9+x1y0+x2y0"",""B"":""x3y0+x0y25+x0y26"",""b"":""X"",""d"":24,""excl_opp_detectors"":""True"",""k"":12,""l"":6,""leak_heralds"":""False"",""leak_repump"":""True"",""leakage"":""True"",""loss"":""True"",""m"":30,""n"":360,""p"":0.001,""prllel_1q"":480,""prllel_2q"":120,""r"":20,""repump_cycles"":3,""seq_meas"":""True"",""seq_ops"":""True"",""swapLRC"":""False""}",
        16,         0,         0,   0.566,bposd,3c4eb901d8ffce3fe8833edec93e38bf71e098409fe53b1b0b91b28d03a184fc,"{""A"":""x0y3+x10y0+x17y0"",""B"":""x5y0+x0y3+x0y19"",""b"":""X"",""d"":18,""excl_opp_detectors"":""True"",""k"":16,""l"":9,""leak_heralds"":""False"",""leak_repump"":""True"",""leakage"":""True"",""loss"":""True"",""m"":21,""n"":378,""p"":0.001,""prllel_1q"":336,""prllel_2q"":84,""r"":20,""repump_cycles"":3,""seq_meas"":""True"",""seq_ops"":""True"",""swapLRC"":""False""}",
        16,         0,         0,   0.421,bposd,3c4eb901d8ffce3fe8833edec93e38bf71e098409fe53b1b0b91b28d03a184fc,"{""A"":""x0y3+x10y0+x17y0"",""B"":""x5y0+x0y3+x0y19"",""b"":""X"",""d"":18,""excl_opp_detectors"":""True"",""k"":16,""l"":9,""leak_heralds"":""False"",""leak_repump"":""True"",""leakage"":""True"",""loss"":""True"",""m"":21,""n"":378,""p"":0.001,""prllel_1q"":336,""prllel_2q"":84,""r"":20,""repump_cycles"":3,""seq_meas"":""True"",""seq_ops"":""True"",""swapLRC"":""False""}",
        16,         0,         0,   0.367,bposd,3c4eb901d8ffce3fe8833edec93e38bf71e098409fe53b1b0b91b28d03a184fc,"{""A"":""x0y3+x10y0+x17y0"",""B"":""x5y0+x0y3+x0y19"",""b"":""X"",""d"":18,""excl_opp_detectors"":""True"",""k"":16,""l"":9,""leak_heralds"":""False"",""leak_repump"":""True"",""leakage"":""True"",""loss"":""True"",""m"":21,""n"":378,""p"":0.001,""prllel_1q"":336,""prllel_2q"":84,""r"":20,""repump_cycles"":3,""seq_meas"":""True"",""seq_ops"":""True"",""swapLRC"":""False""}",
        16,         0,         0,   0.847,bposd,3c4eb901d8ffce3fe8833edec93e38bf71e098409fe53b1b0b91b28d03a184fc,"{""A"":""x0y3+x10y0+x17y0"",""B"":""x5y0+x0y3+x0y19"",""b"":""X"",""d"":18,""excl_opp_detectors"":""True"",""k"":16,""l"":9,""leak_heralds"":""False"",""leak_repump"":""True"",""leakage"":""True"",""loss"":""True"",""m"":21,""n"":378,""p"":0.001,""prllel_1q"":336,""prllel_2q"":84,""r"":20,""repump_cycles"":3,""seq_meas"":""True"",""seq_ops"":""True"",""swapLRC"":""False""}",
        16,         0,         0,   0.462,bposd,12d0a895c1c7d9606c3d9751922fb0f20325cd9c13cbfcbd27b3196db55e86e0,"{""A"":""x0y9+x1y0+x2y0"",""B"":""x3y0+x0y25+x0y26"",""b"":""X"",""d"":24,""excl_opp_detectors"":""True"",""k"":12,""l"":6,""leak_heralds"":""False"",""leak_repump"":""True"",""leakage"":""True"",""loss"":""True"",""m"":30,""n"":360,""p"":0.001,""prllel_1q"":480,""prllel_2q"":120,""r"":20,""repump_cycles"":3,""seq_meas"":""True"",""seq_ops"":""True"",""swapLRC"":""False""}",
        16,         0,         0,   0.431,bposd,12d0a895c1c7d9606c3d9751922fb0f20325cd9c13cbfcbd27b3196db55e86e0,"{""A"":""x0y9+x1y0+x2y0"",""B"":""x3y0+x0y25+x0y26"",""b"":""X"",""d"":24,""excl_opp_detectors"":""True"",""k"":12,""l"":6,""leak_heralds"":""False"",""leak_repump"":""True"",""leakage"":""True"",""loss"":""True"",""m"":30,""n"":360,""p"":0.001,""prllel_1q"":480,""prllel_2q"":120,""r"":20,""repump_cycles"":3,""seq_meas"":""True"",""seq_ops"":""True"",""swapLRC"":""False""}",
        16,         0,         0,   0.515,bposd,3c4eb901d8ffce3fe8833edec93e38bf71e098409fe53b1b0b91b28d03a184fc,"{""A"":""x0y3+x10y0+x17y0"",""B"":""x5y0+x0y3+x0y19"",""b"":""X"",""d"":18,""excl_opp_detectors"":""True"",""k"":16,""l"":9,""leak_heralds"":""False"",""leak_repump"":""True"",""leakage"":""True"",""loss"":""True"",""m"":21,""n"":378,""p"":0.001,""prllel_1q"":336,""prllel_2q"":84,""r"":20,""repump_cycles"":3,""seq_meas"":""True"",""seq_ops"":""True"",""swapLRC"":""False""}",
        16,         0,         0,   0.505,bposd,12d0a895c1c7d9606c3d9751922fb0f20325cd9c13cbfcbd27b3196db55e86e0,"{""A"":""x0y9+x1y0+x2y0"",""B"":""x3y0+x0y25+x0y26"",""b"":""X"",""d"":24,""excl_opp_detectors"":""True"",""k"":12,""l"":6,""leak_heralds"":""False"",""leak_repump"":""True"",""leakage"":""True"",""loss"":""True"",""m"":30,""n"":360,""p"":0.001,""prllel_1q"":480,""prllel_2q"":120,""r"":20,""repump_cycles"":3,""seq_meas"":""True"",""seq_ops"":""True"",""swapLRC"":""False""}",
        16,         0,         0,   0.377,bposd,12d0a895c1c7d9606c3d9751922fb0f20325cd9c13cbfcbd27b3196db55e86e0,"{""A"":""x0y9+x1y0+x2y0"",""B"":""x3y0+x0y25+x0y26"",""b"":""X"",""d"":24,""excl_opp_detectors"":""True"",""k"":12,""l"":6,""leak_heralds"":""False"",""leak_repump"":""True"",""leakage"":""True"",""loss"":""True"",""m"":30,""n"":360,""p"":0.001,""prllel_1q"":480,""prllel_2q"":120,""r"":20,""repump_cycles"":3,""seq_meas"":""True"",""seq_ops"":""True"",""swapLRC"":""False""}",
        16,         0,         0,   0.392,bposd,12d0a895c1c7d9606c3d9751922fb0f20325cd9c13cbfcbd27b3196db55e86e0,"{""A"":""x0y9+x1y0+x2y0"",""B"":""x3y0+x0y25+x0y26"",""b"":""X"",""d"":24,""excl_opp_detectors"":""True"",""k"":12,""l"":6,""leak_heralds"":""False"",""leak_repump"":""True"",""leakage"":""True"",""loss"":""True"",""m"":30,""n"":360,""p"":0.001,""prllel_1q"":480,""prllel_2q"":120,""r"":20,""repump_cycles"":3,""seq_meas"":""True"",""seq_ops"":""True"",""swapLRC"":""False""}",
        32,         0,         0,   0.772,bposd,12d0a895c1c7d9606c3d9751922fb0f20325cd9c13cbfcbd27b3196db55e86e0,"{""A"":""x0y9+x1y0+x2y0"",""B"":""x3y0+x0y25+x0y26"",""b"":""X"",""d"":24,""excl_opp_detectors"":""True"",""k"":12,""l"":6,""leak_heralds"":""False"",""leak_repump"":""True"",""leakage"":""True"",""loss"":""True"",""m"":30,""n"":360,""p"":0.001,""prllel_1q"":480,""prllel_2q"":120,""r"":20,""repump_cycles"":3,""seq_meas"":""True"",""seq_ops"":""True"",""swapLRC"":""False""}",
        32,         0,         0,   0.769,bposd,12d0a895c1c7d9606c3d9751922fb0f20325cd9c13cbfcbd27b3196db55e86e0,"{""A"":""x0y9+x1y0+x2y0"",""B"":""x3y0+x0y25+x0y26"",""b"":""X"",""d"":24,""excl_opp_detectors"":""True"",""k"":12,""l"":6,""leak_heralds"":""False"",""leak_repump"":""True"",""leakage"":""True"",""loss"":""True"",""m"":30,""n"":360,""p"":0.001,""prllel_1q"":480,""prllel_2q"":120,""r"":20,""repump_cycles"":3,""seq_meas"":""True"",""seq_ops"":""True"",""swapLRC"":""False""}",
        16,         0,         0,   0.671,bposd,3c4eb901d8ffce3fe8833edec93e38bf71e098409fe53b1b0b91b28d03a184fc,"{""A"":""x0y3+x10y0+x17y0"",""B"":""x5y0+x0y3+x0y19"",""b"":""X"",""d"":18,""excl_opp_detectors"":""True"",""k"":16,""l"":9,""leak_heralds"":""False"",""leak_repump"":""True"",""leakage"":""True"",""loss"":""True"",""m"":21,""n"":378,""p"":0.001,""prllel_1q"":336,""prllel_2q"":84,""r"":20,""repump_cycles"":3,""seq_meas"":""True"",""seq_ops"":""True"",""swapLRC"":""False""}",
        16,         0,         0,    1.11,bposd,12d0a895c1c7d9606c3d9751922fb0f20325cd9c13cbfcbd27b3196db55e86e0,"{""A"":""x0y9+x1y0+x2y0"",""B"":""x3y0+x0y25+x0y26"",""b"":""X"",""d"":24,""excl_opp_detectors"":""True"",""k"":12,""l"":6,""leak_heralds"":""False"",""leak_repump"":""True"",""leakage"":""True"",""loss"":""True"",""m"":30,""n"":360,""p"":0.001,""prllel_1q"":480,""prllel_2q"":120,""r"":20,""repump_cycles"":3,""seq_meas"":""True"",""seq_ops"":""True"",""swapLRC"":""False""}",
        16,         0,         0,   0.415,bposd,3c4eb901d8ffce3fe8833edec93e38bf71e098409fe53b1b0b91b28d03a184fc,"{""A"":""x0y3+x10y0+x17y0"",""B"":""x5y0+x0y3+x0y19"",""b"":""X"",""d"":18,""excl_opp_detectors"":""True"",""k"":16,""l"":9,""leak_heralds"":""False"",""leak_repump"":""True"",""leakage"":""True"",""loss"":""True"",""m"":21,""n"":378,""p"":0.001,""prllel_1q"":336,""prllel_2q"":84,""r"":20,""repump_cycles"":3,""seq_meas"":""True"",""seq_ops"":""True"",""swapLRC"":""False""}",
        16,         0,         0,   0.427,bposd,3c4eb901d8ffce3fe8833edec93e38bf71e098409fe53b1b0b91b28d03a184fc,"{""A"":""x0y3+x10y0+x17y0"",""B"":""x5y0+x0y3+x0y19"",""b"":""X"",""d"":18,""excl_opp_detectors"":""True"",""k"":16,""l"":9,""leak_heralds"":""False"",""leak_repump"":""True"",""leakage"":""True"",""loss"":""True"",""m"":21,""n"":378,""p"":0.001,""prllel_1q"":336,""prllel_2q"":84,""r"":20,""repump_cycles"":3,""seq_meas"":""True"",""seq_ops"":""True"",""swapLRC"":""False""}",
        16,         0,         0,    1.42,bposd,12d0a895c1c7d9606c3d9751922fb0f20325cd9c13cbfcbd27b3196db55e86e0,"{""A"":""x0y9+x1y0+x2y0"",""B"":""x3y0+x0y25+x0y26"",""b"":""X"",""d"":24,""excl_opp_detectors"":""True"",""k"":12,""l"":6,""leak_heralds"":""False"",""leak_repump"":""True"",""leakage"":""True"",""loss"":""True"",""m"":30,""n"":360,""p"":0.001,""prllel_1q"":480,""prllel_2q"":120,""r"":20,""repump_cycles"":3,""seq_meas"":""True"",""seq_ops"":""True"",""swapLRC"":""False""}",
        16,         0,         0,   0.603,bposd,12d0a895c1c7d9606c3d9751922fb0f20325cd9c13cbfcbd27b3196db55e86e0,"{""A"":""x0y9+x1y0+x2y0"",""B"":""x3y0+x0y25+x0y26"",""b"":""X"",""d"":24,""excl_opp_detectors"":""True"",""k"":12,""l"":6,""leak_heralds"":""False"",""leak_repump"":""True"",""leakage"":""True"",""loss"":""True"",""m"":30,""n"":360,""p"":0.001,""prllel_1q"":480,""prllel_2q"":120,""r"":20,""repump_cycles"":3,""seq_meas"":""True"",""seq_ops"":""True"",""swapLRC"":""False""}",
        16,         0,         0,   0.647,bposd,3c4eb901d8ffce3fe8833edec93e38bf71e098409fe53b1b0b91b28d03a184fc,"{""A"":""x0y3+x10y0+x17y0"",""B"":""x5y0+x0y3+x0y19"",""b"":""X"",""d"":18,""excl_opp_detectors"":""True"",""k"":16,""l"":9,""leak_heralds"":""False"",""leak_repump"":""True"",""leakage"":""True"",""loss"":""True"",""m"":21,""n"":378,""p"":0.001,""prllel_1q"":336,""prllel_2q"":84,""r"":20,""repump_cycles"":3,""seq_meas"":""True"",""seq_ops"":""True"",""swapLRC"":""False""}",
        32,         0,         0,   0.806,bposd,3c4eb901d8ffce3fe8833edec93e38bf71e098409fe53b1b0b91b28d03a184fc,"{""A"":""x0y3+x10y0+x17y0"",""B"":""x5y0+x0y3+x0y19"",""b"":""X"",""d"":18,""excl_opp_detectors"":""True"",""k"":16,""l"":9,""leak_heralds"":""False"",""leak_repump"":""True"",""leakage"":""True"",""loss"":""True"",""m"":21,""n"":378,""p"":0.001,""prllel_1q"":336,""prllel_2q"":84,""r"":20,""repump_cycles"":3,""seq_meas"":""True"",""seq_ops"":""True"",""swapLRC"":""False""}",
        32,         0,         0,    2.15,bposd,12d0a895c1c7d9606c3d9751922fb0f20325cd9c13cbfcbd27b3196db55e86e0,"{""A"":""x0y9+x1y0+x2y0"",""B"":""x3y0+x0y25+x0y26"",""b"":""X"",""d"":24,""excl_opp_detectors"":""True"",""k"":12,""l"":6,""leak_heralds"":""False"",""leak_repump"":""True"",""leakage"":""True"",""loss"":""True"",""m"":30,""n"":360,""p"":0.001,""prllel_1q"":480,""prllel_2q"":120,""r"":20,""repump_cycles"":3,""seq_meas"":""True"",""seq_ops"":""True"",""swapLRC"":""False""}",
        16,         0,         0,    1.36,bposd,3c4eb901d8ffce3fe8833edec93e38bf71e098409fe53b1b0b91b28d03a184fc,"{""A"":""x0y3+x10y0+x17y0"",""B"":""x5y0+x0y3+x0y19"",""b"":""X"",""d"":18,""excl_opp_detectors"":""True"",""k"":16,""l"":9,""leak_heralds"":""False"",""leak_repump"":""True"",""leakage"":""True"",""loss"":""True"",""m"":21,""n"":378,""p"":0.001,""prllel_1q"":336,""prllel_2q"":84,""r"":20,""repump_cycles"":3,""seq_meas"":""True"",""seq_ops"":""True"",""swapLRC"":""False""}",
        16,         0,         0,   0.572,bposd,3c4eb901d8ffce3fe8833edec93e38bf71e098409fe53b1b0b91b28d03a184fc,"{""A"":""x0y3+x10y0+x17y0"",""B"":""x5y0+x0y3+x0y19"",""b"":""X"",""d"":18,""excl_opp_detectors"":""True"",""k"":16,""l"":9,""leak_heralds"":""False"",""leak_repump"":""True"",""leakage"":""True"",""loss"":""True"",""m"":21,""n"":378,""p"":0.001,""prllel_1q"":336,""prllel_2q"":84,""r"":20,""repump_cycles"":3,""seq_meas"":""True"",""seq_ops"":""True"",""swapLRC"":""False""}",
         8,         0,         0,   0.133,bposd,12d0a895c1c7d9606c3d9751922fb0f20325cd9c13cbfcbd27b3196db55e86e0,"{""A"":""x0y9+x1y0+x2y0"",""B"":""x3y0+x0y25+x0y26"",""b"":""X"",""d"":24,""excl_opp_detectors"":""True"",""k"":12,""l"":6,""leak_heralds"":""False"",""leak_repump"":""True"",""leakage"":""True"",""loss"":""True"",""m"":30,""n"":360,""p"":0.001,""prllel_1q"":480,""prllel_2q"":120,""r"":20,""repump_cycles"":3,""seq_meas"":""True"",""seq_ops"":""True"",""swapLRC"":""False""}",
        16,         0,         0,   0.673,bposd,3c4eb901d8ffce3fe8833edec93e38bf71e098409fe53b1b0b91b28d03a184fc,"{""A"":""x0y3+x10y0+x17y0"",""B"":""x5y0+x0y3+x0y19"",""b"":""X"",""d"":18,""excl_opp_detectors"":""True"",""k"":16,""l"":9,""leak_heralds"":""False"",""leak_repump"":""True"",""leakage"":""True"",""loss"":""True"",""m"":21,""n"":378,""p"":0.001,""prllel_1q"":336,""prllel_2q"":84,""r"":20,""repump_cycles"":3,""seq_meas"":""True"",""seq_ops"":""True"",""swapLRC"":""False""}",
        16,         0,         0,   0.395,bposd,3c4eb901d8ffce3fe8833edec93e38bf71e098409fe53b1b0b91b28d03a184fc,"{""A"":""x0y3+x10y0+x17y0"",""B"":""x5y0+x0y3+x0y19"",""b"":""X"",""d"":18,""excl_opp_detectors"":""True"",""k"":16,""l"":9,""leak_heralds"":""False"",""leak_repump"":""True"",""leakage"":""True"",""loss"":""True"",""m"":21,""n"":378,""p"":0.001,""prllel_1q"":336,""prllel_2q"":84,""r"":20,""repump_cycles"":3,""seq_meas"":""True"",""seq_ops"":""True"",""swapLRC"":""False""}",
        32,         0,         0,    2.02,bposd,3c4eb901d8ffce3fe8833edec93e38bf71e098409fe53b1b0b91b28d03a184fc,"{""A"":""x0y3+x10y0+x17y0"",""B"":""x5y0+x0y3+x0y19"",""b"":""X"",""d"":18,""excl_opp_detectors"":""True"",""k"":16,""l"":9,""leak_heralds"":""False"",""leak_repump"":""True"",""leakage"":""True"",""loss"":""True"",""m"":21,""n"":378,""p"":0.001,""prllel_1q"":336,""prllel_2q"":84,""r"":20,""repump_cycles"":3,""seq_meas"":""True"",""seq_ops"":""True"",""swapLRC"":""False""}",
        16,         0,         0,   0.380,bposd,3c4eb901d8ffce3fe8833edec93e38bf71e098409fe53b1b0b91b28d03a184fc,"{""A"":""x0y3+x10y0+x17y0"",""B"":""x5y0+x0y3+x0y19"",""b"":""X"",""d"":18,""excl_opp_detectors"":""True"",""k"":16,""l"":9,""leak_heralds"":""False"",""leak_repump"":""True"",""leakage"":""True"",""loss"":""True"",""m"":21,""n"":378,""p"":0.001,""prllel_1q"":336,""prllel_2q"":84,""r"":20,""repump_cycles"":3,""seq_meas"":""True"",""seq_ops"":""True"",""swapLRC"":""False""}",
        16,         0,         0,   0.431,bposd,3c4eb901d8ffce3fe8833edec93e38bf71e098409fe53b1b0b91b28d03a184fc,"{""A"":""x0y3+x10y0+x17y0"",""B"":""x5y0+x0y3+x0y19"",""b"":""X"",""d"":18,""excl_opp_detectors"":""True"",""k"":16,""l"":9,""leak_heralds"":""False"",""leak_repump"":""True"",""leakage"":""True"",""loss"":""True"",""m"":21,""n"":378,""p"":0.001,""prllel_1q"":336,""prllel_2q"":84,""r"":20,""repump_cycles"":3,""seq_meas"":""True"",""seq_ops"":""True"",""swapLRC"":""False""}",
        32,         0,         0,   0.810,bposd,12d0a895c1c7d9606c3d9751922fb0f20325cd9c13cbfcbd27b3196db55e86e0,"{""A"":""x0y9+x1y0+x2y0"",""B"":""x3y0+x0y25+x0y26"",""b"":""X"",""d"":24,""excl_opp_detectors"":""True"",""k"":12,""l"":6,""leak_heralds"":""False"",""leak_repump"":""True"",""leakage"":""True"",""loss"":""True"",""m"":30,""n"":360,""p"":0.001,""prllel_1q"":480,""prllel_2q"":120,""r"":20,""repump_cycles"":3,""seq_meas"":""True"",""seq_ops"":""True"",""swapLRC"":""False""}",
        16,         0,         0,   0.431,bposd,12d0a895c1c7d9606c3d9751922fb0f20325cd9c13cbfcbd27b3196db55e86e0,"{""A"":""x0y9+x1y0+x2y0"",""B"":""x3y0+x0y25+x0y26"",""b"":""X"",""d"":24,""excl_opp_detectors"":""True"",""k"":12,""l"":6,""leak_heralds"":""False"",""leak_repump"":""True"",""leakage"":""True"",""loss"":""True"",""m"":30,""n"":360,""p"":0.001,""prllel_1q"":480,""prllel_2q"":120,""r"":20,""repump_cycles"":3,""seq_meas"":""True"",""seq_ops"":""True"",""swapLRC"":""False""}",
        16,         0,         0,   0.398,bposd,12d0a895c1c7d9606c3d9751922fb0f20325cd9c13cbfcbd27b3196db55e86e0,"{""A"":""x0y9+x1y0+x2y0"",""B"":""x3y0+x0y25+x0y26"",""b"":""X"",""d"":24,""excl_opp_detectors"":""True"",""k"":12,""l"":6,""leak_heralds"":""False"",""leak_repump"":""True"",""leakage"":""True"",""loss"":""True"",""m"":30,""n"":360,""p"":0.001,""prllel_1q"":480,""prllel_2q"":120,""r"":20,""repump_cycles"":3,""seq_meas"":""True"",""seq_ops"":""True"",""swapLRC"":""False""}",
        32,         0,         0,    2.15,bposd,12d0a895c1c7d9606c3d9751922fb0f20325cd9c13cbfcbd27b3196db55e86e0,"{""A"":""x0y9+x1y0+x2y0"",""B"":""x3y0+x0y25+x0y26"",""b"":""X"",""d"":24,""excl_opp_detectors"":""True"",""k"":12,""l"":6,""leak_heralds"":""False"",""leak_repump"":""True"",""leakage"":""True"",""loss"":""True"",""m"":30,""n"":360,""p"":0.001,""prllel_1q"":480,""prllel_2q"":120,""r"":20,""repump_cycles"":3,""seq_meas"":""True"",""seq_ops"":""True"",""swapLRC"":""False""}",
        16,         0,         0,   0.354,bposd,3c4eb901d8ffce3fe8833edec93e38bf71e098409fe53b1b0b91b28d03a184fc,"{""A"":""x0y3+x10y0+x17y0"",""B"":""x5y0+x0y3+x0y19"",""b"":""X"",""d"":18,""excl_opp_detectors"":""True"",""k"":16,""l"":9,""leak_heralds"":""False"",""leak_repump"":""True"",""leakage"":""True"",""loss"":""True"",""m"":21,""n"":378,""p"":0.001,""prllel_1q"":336,""prllel_2q"":84,""r"":20,""repump_cycles"":3,""seq_meas"":""True"",""seq_ops"":""True"",""swapLRC"":""False""}",
        16,         0,         0,   0.361,bposd,3c4eb901d8ffce3fe8833edec93e38bf71e098409fe53b1b0b91b28d03a184fc,"{""A"":""x0y3+x10y0+x17y0"",""B"":""x5y0+x0y3+x0y19"",""b"":""X"",""d"":18,""excl_opp_detectors"":""True"",""k"":16,""l"":9,""leak_heralds"":""False"",""leak_repump"":""True"",""leakage"":""True"",""loss"":""True"",""m"":21,""n"":378,""p"":0.001,""prllel_1q"":336,""prllel_2q"":84,""r"":20,""repump_cycles"":3,""seq_meas"":""True"",""seq_ops"":""True"",""swapLRC"":""False""}",
        16,         0,         0,   0.352,bposd,12d0a895c1c7d9606c3d9751922fb0f20325cd9c13cbfcbd27b3196db55e86e0,"{""A"":""x0y9+x1y0+x2y0"",""B"":""x3y0+x0y25+x0y26"",""b"":""X"",""d"":24,""excl_opp_detectors"":""True"",""k"":12,""l"":6,""leak_heralds"":""False"",""leak_repump"":""True"",""leakage"":""True"",""loss"":""True"",""m"":30,""n"":360,""p"":0.001,""prllel_1q"":480,""prllel_2q"":120,""r"":20,""repump_cycles"":3,""seq_meas"":""True"",""seq_ops"":""True"",""swapLRC"":""False""}",
        16,         0,         0,   0.506,bposd,3c4eb901d8ffce3fe8833edec93e38bf71e098409fe53b1b0b91b28d03a184fc,"{""A"":""x0y3+x10y0+x17y0"",""B"":""x5y0+x0y3+x0y19"",""b"":""X"",""d"":18,""excl_opp_detectors"":""True"",""k"":16,""l"":9,""leak_heralds"":""False"",""leak_repump"":""True"",""leakage"":""True"",""loss"":""True"",""m"":21,""n"":378,""p"":0.001,""prllel_1q"":336,""prllel_2q"":84,""r"":20,""repump_cycles"":3,""seq_meas"":""True"",""seq_ops"":""True"",""swapLRC"":""False""}",
        16,         0,         0,   0.797,bposd,12d0a895c1c7d9606c3d9751922fb0f20325cd9c13cbfcbd27b3196db55e86e0,"{""A"":""x0y9+x1y0+x2y0"",""B"":""x3y0+x0y25+x0y26"",""b"":""X"",""d"":24,""excl_opp_detectors"":""True"",""k"":12,""l"":6,""leak_heralds"":""False"",""leak_repump"":""True"",""leakage"":""True"",""loss"":""True"",""m"":30,""n"":360,""p"":0.001,""prllel_1q"":480,""prllel_2q"":120,""r"":20,""repump_cycles"":3,""seq_meas"":""True"",""seq_ops"":""True"",""swapLRC"":""False""}",
        16,         0,         0,   0.392,bposd,12d0a895c1c7d9606c3d9751922fb0f20325cd9c13cbfcbd27b3196db55e86e0,"{""A"":""x0y9+x1y0+x2y0"",""B"":""x3y0+x0y25+x0y26"",""b"":""X"",""d"":24,""excl_opp_detectors"":""True"",""k"":12,""l"":6,""leak_heralds"":""False"",""leak_repump"":""True"",""leakage"":""True"",""loss"":""True"",""m"":30,""n"":360,""p"":0.001,""prllel_1q"":480,""prllel_2q"":120,""r"":20,""repump_cycles"":3,""seq_meas"":""True"",""seq_ops"":""True"",""swapLRC"":""False""}",
        16,         0,         0,   0.457,bposd,3c4eb901d8ffce3fe8833edec93e38bf71e098409fe53b1b0b91b28d03a184fc,"{""A"":""x0y3+x10y0+x17y0"",""B"":""x5y0+x0y3+x0y19"",""b"":""X"",""d"":18,""excl_opp_detectors"":""True"",""k"":16,""l"":9,""leak_heralds"":""False"",""leak_repump"":""True"",""leakage"":""True"",""loss"":""True"",""m"":21,""n"":378,""p"":0.001,""prllel_1q"":336,""prllel_2q"":84,""r"":20,""repump_cycles"":3,""seq_meas"":""True"",""seq_ops"":""True"",""swapLRC"":""False""}",
        32,         0,         0,    1.04,bposd,12d0a895c1c7d9606c3d9751922fb0f20325cd9c13cbfcbd27b3196db55e86e0,"{""A"":""x0y9+x1y0+x2y0"",""B"":""x3y0+x0y25+x0y26"",""b"":""X"",""d"":24,""excl_opp_detectors"":""True"",""k"":12,""l"":6,""leak_heralds"":""False"",""leak_repump"":""True"",""leakage"":""True"",""loss"":""True"",""m"":30,""n"":360,""p"":0.001,""prllel_1q"":480,""prllel_2q"":120,""r"":20,""repump_cycles"":3,""seq_meas"":""True"",""seq_ops"":""True"",""swapLRC"":""False""}",
        16,         0,         0,   0.458,bposd,3c4eb901d8ffce3fe8833edec93e38bf71e098409fe53b1b0b91b28d03a184fc,"{""A"":""x0y3+x10y0+x17y0"",""B"":""x5y0+x0y3+x0y19"",""b"":""X"",""d"":18,""excl_opp_detectors"":""True"",""k"":16,""l"":9,""leak_heralds"":""False"",""leak_repump"":""True"",""leakage"":""True"",""loss"":""True"",""m"":21,""n"":378,""p"":0.001,""prllel_1q"":336,""prllel_2q"":84,""r"":20,""repump_cycles"":3,""seq_meas"":""True"",""seq_ops"":""True"",""swapLRC"":""False""}",
        16,         0,         0,   0.424,bposd,3c4eb901d8ffce3fe8833edec93e38bf71e098409fe53b1b0b91b28d03a184fc,"{""A"":""x0y3+x10y0+x17y0"",""B"":""x5y0+x0y3+x0y19"",""b"":""X"",""d"":18,""excl_opp_detectors"":""True"",""k"":16,""l"":9,""leak_heralds"":""False"",""leak_repump"":""True"",""leakage"":""True"",""loss"":""True"",""m"":21,""n"":378,""p"":0.001,""prllel_1q"":336,""prllel_2q"":84,""r"":20,""repump_cycles"":3,""seq_meas"":""True"",""seq_ops"":""True"",""swapLRC"":""False""}",
        16,         0,         0,   0.478,bposd,12d0a895c1c7d9606c3d9751922fb0f20325cd9c13cbfcbd27b3196db55e86e0,"{""A"":""x0y9+x1y0+x2y0"",""B"":""x3y0+x0y25+x0y26"",""b"":""X"",""d"":24,""excl_opp_detectors"":""True"",""k"":12,""l"":6,""leak_heralds"":""False"",""leak_repump"":""True"",""leakage"":""True"",""loss"":""True"",""m"":30,""n"":360,""p"":0.001,""prllel_1q"":480,""prllel_2q"":120,""r"":20,""repump_cycles"":3,""seq_meas"":""True"",""seq_ops"":""True"",""swapLRC"":""False""}",
        16,         0,         0,   0.571,bposd,12d0a895c1c7d9606c3d9751922fb0f20325cd9c13cbfcbd27b3196db55e86e0,"{""A"":""x0y9+x1y0+x2y0"",""B"":""x3y0+x0y25+x0y26"",""b"":""X"",""d"":24,""excl_opp_detectors"":""True"",""k"":12,""l"":6,""leak_heralds"":""False"",""leak_repump"":""True"",""leakage"":""True"",""loss"":""True"",""m"":30,""n"":360,""p"":0.001,""prllel_1q"":480,""prllel_2q"":120,""r"":20,""repump_cycles"":3,""seq_meas"":""True"",""seq_ops"":""True"",""swapLRC"":""False""}",
        16,         0,         0,   0.466,bposd,12d0a895c1c7d9606c3d9751922fb0f20325cd9c13cbfcbd27b3196db55e86e0,"{""A"":""x0y9+x1y0+x2y0"",""B"":""x3y0+x0y25+x0y26"",""b"":""X"",""d"":24,""excl_opp_detectors"":""True"",""k"":12,""l"":6,""leak_heralds"":""False"",""leak_repump"":""True"",""leakage"":""True"",""loss"":""True"",""m"":30,""n"":360,""p"":0.001,""prllel_1q"":480,""prllel_2q"":120,""r"":20,""repump_cycles"":3,""seq_meas"":""True"",""seq_ops"":""True"",""swapLRC"":""False""}",
        32,         0,         0,   0.796,bposd,12d0a895c1c7d9606c3d9751922fb0f20325cd9c13cbfcbd27b3196db55e86e0,"{""A"":""x0y9+x1y0+x2y0"",""B"":""x3y0+x0y25+x0y26"",""b"":""X"",""d"":24,""excl_opp_detectors"":""True"",""k"":12,""l"":6,""leak_heralds"":""False"",""leak_repump"":""True"",""leakage"":""True"",""loss"":""True"",""m"":30,""n"":360,""p"":0.001,""prllel_1q"":480,""prllel_2q"":120,""r"":20,""repump_cycles"":3,""seq_meas"":""True"",""seq_ops"":""True"",""swapLRC"":""False""}",
         8,         0,         0,   0.330,bposd,3c4eb901d8ffce3fe8833edec93e38bf71e098409fe53b1b0b91b28d03a184fc,"{""A"":""x0y3+x10y0+x17y0"",""B"":""x5y0+x0y3+x0y19"",""b"":""X"",""d"":18,""excl_opp_detectors"":""True"",""k"":16,""l"":9,""leak_heralds"":""False"",""leak_repump"":""True"",""leakage"":""True"",""loss"":""True"",""m"":21,""n"":378,""p"":0.001,""prllel_1q"":336,""prllel_2q"":84,""r"":20,""repump_cycles"":3,""seq_meas"":""True"",""seq_ops"":""True"",""swapLRC"":""False""}",
        32,         0,         0,   0.708,bposd,3c4eb901d8ffce3fe8833edec93e38bf71e098409fe53b1b0b91b28d03a184fc,"{""A"":""x0y3+x10y0+x17y0"",""B"":""x5y0+x0y3+x0y19"",""b"":""X"",""d"":18,""excl_opp_detectors"":""True"",""k"":16,""l"":9,""leak_heralds"":""False"",""leak_repump"":""True"",""leakage"":""True"",""loss"":""True"",""m"":21,""n"":378,""p"":0.001,""prllel_1q"":336,""prllel_2q"":84,""r"":20,""repump_cycles"":3,""seq_meas"":""True"",""seq_ops"":""True"",""swapLRC"":""False""}",
        32,         0,         0,   0.694,bposd,12d0a895c1c7d9606c3d9751922fb0f20325cd9c13cbfcbd27b3196db55e86e0,"{""A"":""x0y9+x1y0+x2y0"",""B"":""x3y0+x0y25+x0y26"",""b"":""X"",""d"":24,""excl_opp_detectors"":""True"",""k"":12,""l"":6,""leak_heralds"":""False"",""leak_repump"":""True"",""leakage"":""True"",""loss"":""True"",""m"":30,""n"":360,""p"":0.001,""prllel_1q"":480,""prllel_2q"":120,""r"":20,""repump_cycles"":3,""seq_meas"":""True"",""seq_ops"":""True"",""swapLRC"":""False""}",
        16,         0,         0,   0.327,bposd,3c4eb901d8ffce3fe8833edec93e38bf71e098409fe53b1b0b91b28d03a184fc,"{""A"":""x0y3+x10y0+x17y0"",""B"":""x5y0+x0y3+x0y19"",""b"":""X"",""d"":18,""excl_opp_detectors"":""True"",""k"":16,""l"":9,""leak_heralds"":""False"",""leak_repump"":""True"",""leakage"":""True"",""loss"":""True"",""m"":21,""n"":378,""p"":0.001,""prllel_1q"":336,""prllel_2q"":84,""r"":20,""repump_cycles"":3,""seq_meas"":""True"",""seq_ops"":""True"",""swapLRC"":""False""}",
        16,         0,         0,   0.560,bposd,12d0a895c1c7d9606c3d9751922fb0f20325cd9c13cbfcbd27b3196db55e86e0,"{""A"":""x0y9+x1y0+x2y0"",""B"":""x3y0+x0y25+x0y26"",""b"":""X"",""d"":24,""excl_opp_detectors"":""True"",""k"":12,""l"":6,""leak_heralds"":""False"",""leak_repump"":""True"",""leakage"":""True"",""loss"":""True"",""m"":30,""n"":360,""p"":0.001,""prllel_1q"":480,""prllel_2q"":120,""r"":20,""repump_cycles"":3,""seq_meas"":""True"",""seq_ops"":""True"",""swapLRC"":""False""}",
        16,         0,         0,   0.382,bposd,12d0a895c1c7d9606c3d9751922fb0f20325cd9c13cbfcbd27b3196db55e86e0,"{""A"":""x0y9+x1y0+x2y0"",""B"":""x3y0+x0y25+x0y26"",""b"":""X"",""d"":24,""excl_opp_detectors"":""True"",""k"":12,""l"":6,""leak_heralds"":""False"",""leak_repump"":""True"",""leakage"":""True"",""loss"":""True"",""m"":30,""n"":360,""p"":0.001,""prllel_1q"":480,""prllel_2q"":120,""r"":20,""repump_cycles"":3,""seq_meas"":""True"",""seq_ops"":""True"",""swapLRC"":""False""}",
        16,         0,         0,   0.546,bposd,3c4eb901d8ffce3fe8833edec93e38bf71e098409fe53b1b0b91b28d03a184fc,"{""A"":""x0y3+x10y0+x17y0"",""B"":""x5y0+x0y3+x0y19"",""b"":""X"",""d"":18,""excl_opp_detectors"":""True"",""k"":16,""l"":9,""leak_heralds"":""False"",""leak_repump"":""True"",""leakage"":""True"",""loss"":""True"",""m"":21,""n"":378,""p"":0.001,""prllel_1q"":336,""prllel_2q"":84,""r"":20,""repump_cycles"":3,""seq_meas"":""True"",""seq_ops"":""True"",""swapLRC"":""False""}",
        16,         0,         0,   0.345,bposd,3c4eb901d8ffce3fe8833edec93e38bf71e098409fe53b1b0b91b28d03a184fc,"{""A"":""x0y3+x10y0+x17y0"",""B"":""x5y0+x0y3+x0y19"",""b"":""X"",""d"":18,""excl_opp_detectors"":""True"",""k"":16,""l"":9,""leak_heralds"":""False"",""leak_repump"":""True"",""leakage"":""True"",""loss"":""True"",""m"":21,""n"":378,""p"":0.001,""prllel_1q"":336,""prllel_2q"":84,""r"":20,""repump_cycles"":3,""seq_meas"":""True"",""seq_ops"":""True"",""swapLRC"":""False""}",
        16,         0,         0,   0.531,bposd,3c4eb901d8ffce3fe8833edec93e38bf71e098409fe53b1b0b91b28d03a184fc,"{""A"":""x0y3+x10y0+x17y0"",""B"":""x5y0+x0y3+x0y19"",""b"":""X"",""d"":18,""excl_opp_detectors"":""True"",""k"":16,""l"":9,""leak_heralds"":""False"",""leak_repump"":""True"",""leakage"":""True"",""loss"":""True"",""m"":21,""n"":378,""p"":0.001,""prllel_1q"":336,""prllel_2q"":84,""r"":20,""repump_cycles"":3,""seq_meas"":""True"",""seq_ops"":""True"",""swapLRC"":""False""}",
        16,         0,         0,   0.675,bposd,3c4eb901d8ffce3fe8833edec93e38bf71e098409fe53b1b0b91b28d03a184fc,"{""A"":""x0y3+x10y0+x17y0"",""B"":""x5y0+x0y3+x0y19"",""b"":""X"",""d"":18,""excl_opp_detectors"":""True"",""k"":16,""l"":9,""leak_heralds"":""False"",""leak_repump"":""True"",""leakage"":""True"",""loss"":""True"",""m"":21,""n"":378,""p"":0.001,""prllel_1q"":336,""prllel_2q"":84,""r"":20,""repump_cycles"":3,""seq_meas"":""True"",""seq_ops"":""True"",""swapLRC"":""False""}",
        16,         0,         0,   0.366,bposd,3c4eb901d8ffce3fe8833edec93e38bf71e098409fe53b1b0b91b28d03a184fc,"{""A"":""x0y3+x10y0+x17y0"",""B"":""x5y0+x0y3+x0y19"",""b"":""X"",""d"":18,""excl_opp_detectors"":""True"",""k"":16,""l"":9,""leak_heralds"":""False"",""leak_repump"":""True"",""leakage"":""True"",""loss"":""True"",""m"":21,""n"":378,""p"":0.001,""prllel_1q"":336,""prllel_2q"":84,""r"":20,""repump_cycles"":3,""seq_meas"":""True"",""seq_ops"":""True"",""swapLRC"":""False""}",
        16,         0,         0,   0.339,bposd,12d0a895c1c7d9606c3d9751922fb0f20325cd9c13cbfcbd27b3196db55e86e0,"{""A"":""x0y9+x1y0+x2y0"",""B"":""x3y0+x0y25+x0y26"",""b"":""X"",""d"":24,""excl_opp_detectors"":""True"",""k"":12,""l"":6,""leak_heralds"":""False"",""leak_repump"":""True"",""leakage"":""True"",""loss"":""True"",""m"":30,""n"":360,""p"":0.001,""prllel_1q"":480,""prllel_2q"":120,""r"":20,""repump_cycles"":3,""seq_meas"":""True"",""seq_ops"":""True"",""swapLRC"":""False""}",
        32,         0,         0,   0.626,bposd,12d0a895c1c7d9606c3d9751922fb0f20325cd9c13cbfcbd27b3196db55e86e0,"{""A"":""x0y9+x1y0+x2y0"",""B"":""x3y0+x0y25+x0y26"",""b"":""X"",""d"":24,""excl_opp_detectors"":""True"",""k"":12,""l"":6,""leak_heralds"":""False"",""leak_repump"":""True"",""leakage"":""True"",""loss"":""True"",""m"":30,""n"":360,""p"":0.001,""prllel_1q"":480,""prllel_2q"":120,""r"":20,""repump_cycles"":3,""seq_meas"":""True"",""seq_ops"":""True"",""swapLRC"":""False""}",
        16,         0,         0,   0.873,bposd,12d0a895c1c7d9606c3d9751922fb0f20325cd9c13cbfcbd27b3196db55e86e0,"{""A"":""x0y9+x1y0+x2y0"",""B"":""x3y0+x0y25+x0y26"",""b"":""X"",""d"":24,""excl_opp_detectors"":""True"",""k"":12,""l"":6,""leak_heralds"":""False"",""leak_repump"":""True"",""leakage"":""True"",""loss"":""True"",""m"":30,""n"":360,""p"":0.001,""prllel_1q"":480,""prllel_2q"":120,""r"":20,""repump_cycles"":3,""seq_meas"":""True"",""seq_ops"":""True"",""swapLRC"":""False""}",
        16,         0,         0,   0.356,bposd,3c4eb901d8ffce3fe8833edec93e38bf71e098409fe53b1b0b91b28d03a184fc,"{""A"":""x0y3+x10y0+x17y0"",""B"":""x5y0+x0y3+x0y19"",""b"":""X"",""d"":18,""excl_opp_detectors"":""True"",""k"":16,""l"":9,""leak_heralds"":""False"",""leak_repump"":""True"",""leakage"":""True"",""loss"":""True"",""m"":21,""n"":378,""p"":0.001,""prllel_1q"":336,""prllel_2q"":84,""r"":20,""repump_cycles"":3,""seq_meas"":""True"",""seq_ops"":""True"",""swapLRC"":""False""}",
        16,         0,         0,   0.453,bposd,3c4eb901d8ffce3fe8833edec93e38bf71e098409fe53b1b0b91b28d03a184fc,"{""A"":""x0y3+x10y0+x17y0"",""B"":""x5y0+x0y3+x0y19"",""b"":""X"",""d"":18,""excl_opp_detectors"":""True"",""k"":16,""l"":9,""leak_heralds"":""False"",""leak_repump"":""True"",""leakage"":""True"",""loss"":""True"",""m"":21,""n"":378,""p"":0.001,""prllel_1q"":336,""prllel_2q"":84,""r"":20,""repump_cycles"":3,""seq_meas"":""True"",""seq_ops"":""True"",""swapLRC"":""False""}",
        16,         0,         0,   0.455,bposd,3c4eb901d8ffce3fe8833edec93e38bf71e098409fe53b1b0b91b28d03a184fc,"{""A"":""x0y3+x10y0+x17y0"",""B"":""x5y0+x0y3+x0y19"",""b"":""X"",""d"":18,""excl_opp_detectors"":""True"",""k"":16,""l"":9,""leak_heralds"":""False"",""leak_repump"":""True"",""leakage"":""True"",""loss"":""True"",""m"":21,""n"":378,""p"":0.001,""prllel_1q"":336,""prllel_2q"":84,""r"":20,""repump_cycles"":3,""seq_meas"":""True"",""seq_ops"":""True"",""swapLRC"":""False""}",
        16,         0,         0,    1.26,bposd,3c4eb901d8ffce3fe8833edec93e38bf71e098409fe53b1b0b91b28d03a184fc,"{""A"":""x0y3+x10y0+x17y0"",""B"":""x5y0+x0y3+x0y19"",""b"":""X"",""d"":18,""excl_opp_detectors"":""True"",""k"":16,""l"":9,""leak_heralds"":""False"",""leak_repump"":""True"",""leakage"":""True"",""loss"":""True"",""m"":21,""n"":378,""p"":0.001,""prllel_1q"":336,""prllel_2q"":84,""r"":20,""repump_cycles"":3,""seq_meas"":""True"",""seq_ops"":""True"",""swapLRC"":""False""}",
        32,         0,         0,   0.949,bposd,3c4eb901d8ffce3fe8833edec93e38bf71e098409fe53b1b0b91b28d03a184fc,"{""A"":""x0y3+x10y0+x17y0"",""B"":""x5y0+x0y3+x0y19"",""b"":""X"",""d"":18,""excl_opp_detectors"":""True"",""k"":16,""l"":9,""leak_heralds"":""False"",""leak_repump"":""True"",""leakage"":""True"",""loss"":""True"",""m"":21,""n"":378,""p"":0.001,""prllel_1q"":336,""prllel_2q"":84,""r"":20,""repump_cycles"":3,""seq_meas"":""True"",""seq_ops"":""True"",""swapLRC"":""False""}",
        16,         0,         0,   0.398,bposd,3c4eb901d8ffce3fe8833edec93e38bf71e098409fe53b1b0b91b28d03a184fc,"{""A"":""x0y3+x10y0+x17y0"",""B"":""x5y0+x0y3+x0y19"",""b"":""X"",""d"":18,""excl_opp_detectors"":""True"",""k"":16,""l"":9,""leak_heralds"":""False"",""leak_repump"":""True"",""leakage"":""True"",""loss"":""True"",""m"":21,""n"":378,""p"":0.001,""prllel_1q"":336,""prllel_2q"":84,""r"":20,""repump_cycles"":3,""seq_meas"":""True"",""seq_ops"":""True"",""swapLRC"":""False""}",
        16,         0,         0,   0.628,bposd,3c4eb901d8ffce3fe8833edec93e38bf71e098409fe53b1b0b91b28d03a184fc,"{""A"":""x0y3+x10y0+x17y0"",""B"":""x5y0+x0y3+x0y19"",""b"":""X"",""d"":18,""excl_opp_detectors"":""True"",""k"":16,""l"":9,""leak_heralds"":""False"",""leak_repump"":""True"",""leakage"":""True"",""loss"":""True"",""m"":21,""n"":378,""p"":0.001,""prllel_1q"":336,""prllel_2q"":84,""r"":20,""repump_cycles"":3,""seq_meas"":""True"",""seq_ops"":""True"",""swapLRC"":""False""}",
         8,         0,         0,   0.245,bposd,3c4eb901d8ffce3fe8833edec93e38bf71e098409fe53b1b0b91b28d03a184fc,"{""A"":""x0y3+x10y0+x17y0"",""B"":""x5y0+x0y3+x0y19"",""b"":""X"",""d"":18,""excl_opp_detectors"":""True"",""k"":16,""l"":9,""leak_heralds"":""False"",""leak_repump"":""True"",""leakage"":""True"",""loss"":""True"",""m"":21,""n"":378,""p"":0.001,""prllel_1q"":336,""prllel_2q"":84,""r"":20,""repump_cycles"":3,""seq_meas"":""True"",""seq_ops"":""True"",""swapLRC"":""False""}",
        32,         0,         0,    1.99,bposd,3c4eb901d8ffce3fe8833edec93e38bf71e098409fe53b1b0b91b28d03a184fc,"{""A"":""x0y3+x10y0+x17y0"",""B"":""x5y0+x0y3+x0y19"",""b"":""X"",""d"":18,""excl_opp_detectors"":""True"",""k"":16,""l"":9,""leak_heralds"":""False"",""leak_repump"":""True"",""leakage"":""True"",""loss"":""True"",""m"":21,""n"":378,""p"":0.001,""prllel_1q"":336,""prllel_2q"":84,""r"":20,""repump_cycles"":3,""seq_meas"":""True"",""seq_ops"":""True"",""swapLRC"":""False""}",
        16,         0,         0,   0.425,bposd,12d0a895c1c7d9606c3d9751922fb0f20325cd9c13cbfcbd27b3196db55e86e0,"{""A"":""x0y9+x1y0+x2y0"",""B"":""x3y0+x0y25+x0y26"",""b"":""X"",""d"":24,""excl_opp_detectors"":""True"",""k"":12,""l"":6,""leak_heralds"":""False"",""leak_repump"":""True"",""leakage"":""True"",""loss"":""True"",""m"":30,""n"":360,""p"":0.001,""prllel_1q"":480,""prllel_2q"":120,""r"":20,""repump_cycles"":3,""seq_meas"":""True"",""seq_ops"":""True"",""swapLRC"":""False""}",
        16,         0,         0,   0.592,bposd,3c4eb901d8ffce3fe8833edec93e38bf71e098409fe53b1b0b91b28d03a184fc,"{""A"":""x0y3+x10y0+x17y0"",""B"":""x5y0+x0y3+x0y19"",""b"":""X"",""d"":18,""excl_opp_detectors"":""True"",""k"":16,""l"":9,""leak_heralds"":""False"",""leak_repump"":""True"",""leakage"":""True"",""loss"":""True"",""m"":21,""n"":378,""p"":0.001,""prllel_1q"":336,""prllel_2q"":84,""r"":20,""repump_cycles"":3,""seq_meas"":""True"",""seq_ops"":""True"",""swapLRC"":""False""}",
        16,         0,         0,   0.531,bposd,12d0a895c1c7d9606c3d9751922fb0f20325cd9c13cbfcbd27b3196db55e86e0,"{""A"":""x0y9+x1y0+x2y0"",""B"":""x3y0+x0y25+x0y26"",""b"":""X"",""d"":24,""excl_opp_detectors"":""True"",""k"":12,""l"":6,""leak_heralds"":""False"",""leak_repump"":""True"",""leakage"":""True"",""loss"":""True"",""m"":30,""n"":360,""p"":0.001,""prllel_1q"":480,""prllel_2q"":120,""r"":20,""repump_cycles"":3,""seq_meas"":""True"",""seq_ops"":""True"",""swapLRC"":""False""}",
        16,         0,         0,    1.68,bposd,3c4eb901d8ffce3fe8833edec93e38bf71e098409fe53b1b0b91b28d03a184fc,"{""A"":""x0y3+x10y0+x17y0"",""B"":""x5y0+x0y3+x0y19"",""b"":""X"",""d"":18,""excl_opp_detectors"":""True"",""k"":16,""l"":9,""leak_heralds"":""False"",""leak_repump"":""True"",""leakage"":""True"",""loss"":""True"",""m"":21,""n"":378,""p"":0.001,""prllel_1q"":336,""prllel_2q"":84,""r"":20,""repump_cycles"":3,""seq_meas"":""True"",""seq_ops"":""True"",""swapLRC"":""False""}",
        32,         0,         0,    1.15,bposd,12d0a895c1c7d9606c3d9751922fb0f20325cd9c13cbfcbd27b3196db55e86e0,"{""A"":""x0y9+x1y0+x2y0"",""B"":""x3y0+x0y25+x0y26"",""b"":""X"",""d"":24,""excl_opp_detectors"":""True"",""k"":12,""l"":6,""leak_heralds"":""False"",""leak_repump"":""True"",""leakage"":""True"",""loss"":""True"",""m"":30,""n"":360,""p"":0.001,""prllel_1q"":480,""prllel_2q"":120,""r"":20,""repump_cycles"":3,""seq_meas"":""True"",""seq_ops"":""True"",""swapLRC"":""False""}",
        16,         0,         0,   0.474,bposd,3c4eb901d8ffce3fe8833edec93e38bf71e098409fe53b1b0b91b28d03a184fc,"{""A"":""x0y3+x10y0+x17y0"",""B"":""x5y0+x0y3+x0y19"",""b"":""X"",""d"":18,""excl_opp_detectors"":""True"",""k"":16,""l"":9,""leak_heralds"":""False"",""leak_repump"":""True"",""leakage"":""True"",""loss"":""True"",""m"":21,""n"":378,""p"":0.001,""prllel_1q"":336,""prllel_2q"":84,""r"":20,""repump_cycles"":3,""seq_meas"":""True"",""seq_ops"":""True"",""swapLRC"":""False""}",
        32,         0,         0,   0.813,bposd,12d0a895c1c7d9606c3d9751922fb0f20325cd9c13cbfcbd27b3196db55e86e0,"{""A"":""x0y9+x1y0+x2y0"",""B"":""x3y0+x0y25+x0y26"",""b"":""X"",""d"":24,""excl_opp_detectors"":""True"",""k"":12,""l"":6,""leak_heralds"":""False"",""leak_repump"":""True"",""leakage"":""True"",""loss"":""True"",""m"":30,""n"":360,""p"":0.001,""prllel_1q"":480,""prllel_2q"":120,""r"":20,""repump_cycles"":3,""seq_meas"":""True"",""seq_ops"":""True"",""swapLRC"":""False""}",
        16,         0,         0,   0.474,bposd,12d0a895c1c7d9606c3d9751922fb0f20325cd9c13cbfcbd27b3196db55e86e0,"{""A"":""x0y9+x1y0+x2y0"",""B"":""x3y0+x0y25+x0y26"",""b"":""X"",""d"":24,""excl_opp_detectors"":""True"",""k"":12,""l"":6,""leak_heralds"":""False"",""leak_repump"":""True"",""leakage"":""True"",""loss"":""True"",""m"":30,""n"":360,""p"":0.001,""prllel_1q"":480,""prllel_2q"":120,""r"":20,""repump_cycles"":3,""seq_meas"":""True"",""seq_ops"":""True"",""swapLRC"":""False""}",
        16,         0,         0,   0.274,bposd,3c4eb901d8ffce3fe8833edec93e38bf71e098409fe53b1b0b91b28d03a184fc,"{""A"":""x0y3+x10y0+x17y0"",""B"":""x5y0+x0y3+x0y19"",""b"":""X"",""d"":18,""excl_opp_detectors"":""True"",""k"":16,""l"":9,""leak_heralds"":""False"",""leak_repump"":""True"",""leakage"":""True"",""loss"":""True"",""m"":21,""n"":378,""p"":0.001,""prllel_1q"":336,""prllel_2q"":84,""r"":20,""repump_cycles"":3,""seq_meas"":""True"",""seq_ops"":""True"",""swapLRC"":""False""}",
        16,         0,         0,   0.409,bposd,3c4eb901d8ffce3fe8833edec93e38bf71e098409fe53b1b0b91b28d03a184fc,"{""A"":""x0y3+x10y0+x17y0"",""B"":""x5y0+x0y3+x0y19"",""b"":""X"",""d"":18,""excl_opp_detectors"":""True"",""k"":16,""l"":9,""leak_heralds"":""False"",""leak_repump"":""True"",""leakage"":""True"",""loss"":""True"",""m"":21,""n"":378,""p"":0.001,""prllel_1q"":336,""prllel_2q"":84,""r"":20,""repump_cycles"":3,""seq_meas"":""True"",""seq_ops"":""True"",""swapLRC"":""False""}",
        32,         0,         0,   0.673,bposd,12d0a895c1c7d9606c3d9751922fb0f20325cd9c13cbfcbd27b3196db55e86e0,"{""A"":""x0y9+x1y0+x2y0"",""B"":""x3y0+x0y25+x0y26"",""b"":""X"",""d"":24,""excl_opp_detectors"":""True"",""k"":12,""l"":6,""leak_heralds"":""False"",""leak_repump"":""True"",""leakage"":""True"",""loss"":""True"",""m"":30,""n"":360,""p"":0.001,""prllel_1q"":480,""prllel_2q"":120,""r"":20,""repump_cycles"":3,""seq_meas"":""True"",""seq_ops"":""True"",""swapLRC"":""False""}",
        16,         0,         0,   0.357,bposd,12d0a895c1c7d9606c3d9751922fb0f20325cd9c13cbfcbd27b3196db55e86e0,"{""A"":""x0y9+x1y0+x2y0"",""B"":""x3y0+x0y25+x0y26"",""b"":""X"",""d"":24,""excl_opp_detectors"":""True"",""k"":12,""l"":6,""leak_heralds"":""False"",""leak_repump"":""True"",""leakage"":""True"",""loss"":""True"",""m"":30,""n"":360,""p"":0.001,""prllel_1q"":480,""prllel_2q"":120,""r"":20,""repump_cycles"":3,""seq_meas"":""True"",""seq_ops"":""True"",""swapLRC"":""False""}",
        16,         0,         0,   0.908,bposd,12d0a895c1c7d9606c3d9751922fb0f20325cd9c13cbfcbd27b3196db55e86e0,"{""A"":""x0y9+x1y0+x2y0"",""B"":""x3y0+x0y25+x0y26"",""b"":""X"",""d"":24,""excl_opp_detectors"":""True"",""k"":12,""l"":6,""leak_heralds"":""False"",""leak_repump"":""True"",""leakage"":""True"",""loss"":""True"",""m"":30,""n"":360,""p"":0.001,""prllel_1q"":480,""prllel_2q"":120,""r"":20,""repump_cycles"":3,""seq_meas"":""True"",""seq_ops"":""True"",""swapLRC"":""False""}",
        32,         0,         0,    1.19,bposd,12d0a895c1c7d9606c3d9751922fb0f20325cd9c13cbfcbd27b3196db55e86e0,"{""A"":""x0y9+x1y0+x2y0"",""B"":""x3y0+x0y25+x0y26"",""b"":""X"",""d"":24,""excl_opp_detectors"":""True"",""k"":12,""l"":6,""leak_heralds"":""False"",""leak_repump"":""True"",""leakage"":""True"",""loss"":""True"",""m"":30,""n"":360,""p"":0.001,""prllel_1q"":480,""prllel_2q"":120,""r"":20,""repump_cycles"":3,""seq_meas"":""True"",""seq_ops"":""True"",""swapLRC"":""False""}",
        32,         0,         0,    1.08,bposd,3c4eb901d8ffce3fe8833edec93e38bf71e098409fe53b1b0b91b28d03a184fc,"{""A"":""x0y3+x10y0+x17y0"",""B"":""x5y0+x0y3+x0y19"",""b"":""X"",""d"":18,""excl_opp_detectors"":""True"",""k"":16,""l"":9,""leak_heralds"":""False"",""leak_repump"":""True"",""leakage"":""True"",""loss"":""True"",""m"":21,""n"":378,""p"":0.001,""prllel_1q"":336,""prllel_2q"":84,""r"":20,""repump_cycles"":3,""seq_meas"":""True"",""seq_ops"":""True"",""swapLRC"":""False""}",
        16,         0,         0,   0.842,bposd,12d0a895c1c7d9606c3d9751922fb0f20325cd9c13cbfcbd27b3196db55e86e0,"{""A"":""x0y9+x1y0+x2y0"",""B"":""x3y0+x0y25+x0y26"",""b"":""X"",""d"":24,""excl_opp_detectors"":""True"",""k"":12,""l"":6,""leak_heralds"":""False"",""leak_repump"":""True"",""leakage"":""True"",""loss"":""True"",""m"":30,""n"":360,""p"":0.001,""prllel_1q"":480,""prllel_2q"":120,""r"":20,""repump_cycles"":3,""seq_meas"":""True"",""seq_ops"":""True"",""swapLRC"":""False""}",
        16,         0,         0,   0.496,bposd,12d0a895c1c7d9606c3d9751922fb0f20325cd9c13cbfcbd27b3196db55e86e0,"{""A"":""x0y9+x1y0+x2y0"",""B"":""x3y0+x0y25+x0y26"",""b"":""X"",""d"":24,""excl_opp_detectors"":""True"",""k"":12,""l"":6,""leak_heralds"":""False"",""leak_repump"":""True"",""leakage"":""True"",""loss"":""True"",""m"":30,""n"":360,""p"":0.001,""prllel_1q"":480,""prllel_2q"":120,""r"":20,""repump_cycles"":3,""seq_meas"":""True"",""seq_ops"":""True"",""swapLRC"":""False""}",
        16,         0,         0,   0.328,bposd,12d0a895c1c7d9606c3d9751922fb0f20325cd9c13cbfcbd27b3196db55e86e0,"{""A"":""x0y9+x1y0+x2y0"",""B"":""x3y0+x0y25+x0y26"",""b"":""X"",""d"":24,""excl_opp_detectors"":""True"",""k"":12,""l"":6,""leak_heralds"":""False"",""leak_repump"":""True"",""leakage"":""True"",""loss"":""True"",""m"":30,""n"":360,""p"":0.001,""prllel_1q"":480,""prllel_2q"":120,""r"":20,""repump_cycles"":3,""seq_meas"":""True"",""seq_ops"":""True"",""swapLRC"":""False""}",
        16,         0,         0,   0.561,bposd,3c4eb901d8ffce3fe8833edec93e38bf71e098409fe53b1b0b91b28d03a184fc,"{""A"":""x0y3+x10y0+x17y0"",""B"":""x5y0+x0y3+x0y19"",""b"":""X"",""d"":18,""excl_opp_detectors"":""True"",""k"":16,""l"":9,""leak_heralds"":""False"",""leak_repump"":""True"",""leakage"":""True"",""loss"":""True"",""m"":21,""n"":378,""p"":0.001,""prllel_1q"":336,""prllel_2q"":84,""r"":20,""repump_cycles"":3,""seq_meas"":""True"",""seq_ops"":""True"",""swapLRC"":""False""}",
        16,         0,         0,   0.442,bposd,3c4eb901d8ffce3fe8833edec93e38bf71e098409fe53b1b0b91b28d03a184fc,"{""A"":""x0y3+x10y0+x17y0"",""B"":""x5y0+x0y3+x0y19"",""b"":""X"",""d"":18,""excl_opp_detectors"":""True"",""k"":16,""l"":9,""leak_heralds"":""False"",""leak_repump"":""True"",""leakage"":""True"",""loss"":""True"",""m"":21,""n"":378,""p"":0.001,""prllel_1q"":336,""prllel_2q"":84,""r"":20,""repump_cycles"":3,""seq_meas"":""True"",""seq_ops"":""True"",""swapLRC"":""False""}",
        16,         0,         0,   0.389,bposd,3c4eb901d8ffce3fe8833edec93e38bf71e098409fe53b1b0b91b28d03a184fc,"{""A"":""x0y3+x10y0+x17y0"",""B"":""x5y0+x0y3+x0y19"",""b"":""X"",""d"":18,""excl_opp_detectors"":""True"",""k"":16,""l"":9,""leak_heralds"":""False"",""leak_repump"":""True"",""leakage"":""True"",""loss"":""True"",""m"":21,""n"":378,""p"":0.001,""prllel_1q"":336,""prllel_2q"":84,""r"":20,""repump_cycles"":3,""seq_meas"":""True"",""seq_ops"":""True"",""swapLRC"":""False""}",
        16,         0,         0,   0.323,bposd,3c4eb901d8ffce3fe8833edec93e38bf71e098409fe53b1b0b91b28d03a184fc,"{""A"":""x0y3+x10y0+x17y0"",""B"":""x5y0+x0y3+x0y19"",""b"":""X"",""d"":18,""excl_opp_detectors"":""True"",""k"":16,""l"":9,""leak_heralds"":""False"",""leak_repump"":""True"",""leakage"":""True"",""loss"":""True"",""m"":21,""n"":378,""p"":0.001,""prllel_1q"":336,""prllel_2q"":84,""r"":20,""repump_cycles"":3,""seq_meas"":""True"",""seq_ops"":""True"",""swapLRC"":""False""}",
        16,         0,         0,   0.367,bposd,3c4eb901d8ffce3fe8833edec93e38bf71e098409fe53b1b0b91b28d03a184fc,"{""A"":""x0y3+x10y0+x17y0"",""B"":""x5y0+x0y3+x0y19"",""b"":""X"",""d"":18,""excl_opp_detectors"":""True"",""k"":16,""l"":9,""leak_heralds"":""False"",""leak_repump"":""True"",""leakage"":""True"",""loss"":""True"",""m"":21,""n"":378,""p"":0.001,""prllel_1q"":336,""prllel_2q"":84,""r"":20,""repump_cycles"":3,""seq_meas"":""True"",""seq_ops"":""True"",""swapLRC"":""False""}",
        16,         0,         0,   0.428,bposd,3c4eb901d8ffce3fe8833edec93e38bf71e098409fe53b1b0b91b28d03a184fc,"{""A"":""x0y3+x10y0+x17y0"",""B"":""x5y0+x0y3+x0y19"",""b"":""X"",""d"":18,""excl_opp_detectors"":""True"",""k"":16,""l"":9,""leak_heralds"":""False"",""leak_repump"":""True"",""leakage"":""True"",""loss"":""True"",""m"":21,""n"":378,""p"":0.001,""prllel_1q"":336,""prllel_2q"":84,""r"":20,""repump_cycles"":3,""seq_meas"":""True"",""seq_ops"":""True"",""swapLRC"":""False""}",
        16,         0,         0,   0.379,bposd,3c4eb901d8ffce3fe8833edec93e38bf71e098409fe53b1b0b91b28d03a184fc,"{""A"":""x0y3+x10y0+x17y0"",""B"":""x5y0+x0y3+x0y19"",""b"":""X"",""d"":18,""excl_opp_detectors"":""True"",""k"":16,""l"":9,""leak_heralds"":""False"",""leak_repump"":""True"",""leakage"":""True"",""loss"":""True"",""m"":21,""n"":378,""p"":0.001,""prllel_1q"":336,""prllel_2q"":84,""r"":20,""repump_cycles"":3,""seq_meas"":""True"",""seq_ops"":""True"",""swapLRC"":""False""}",
        16,         0,         0,   0.500,bposd,3c4eb901d8ffce3fe8833edec93e38bf71e098409fe53b1b0b91b28d03a184fc,"{""A"":""x0y3+x10y0+x17y0"",""B"":""x5y0+x0y3+x0y19"",""b"":""X"",""d"":18,""excl_opp_detectors"":""True"",""k"":16,""l"":9,""leak_heralds"":""False"",""leak_repump"":""True"",""leakage"":""True"",""loss"":""True"",""m"":21,""n"":378,""p"":0.001,""prllel_1q"":336,""prllel_2q"":84,""r"":20,""repump_cycles"":3,""seq_meas"":""True"",""seq_ops"":""True"",""swapLRC"":""False""}",
        32,         0,         0,   0.839,bposd,12d0a895c1c7d9606c3d9751922fb0f20325cd9c13cbfcbd27b3196db55e86e0,"{""A"":""x0y9+x1y0+x2y0"",""B"":""x3y0+x0y25+x0y26"",""b"":""X"",""d"":24,""excl_opp_detectors"":""True"",""k"":12,""l"":6,""leak_heralds"":""False"",""leak_repump"":""True"",""leakage"":""True"",""loss"":""True"",""m"":30,""n"":360,""p"":0.001,""prllel_1q"":480,""prllel_2q"":120,""r"":20,""repump_cycles"":3,""seq_meas"":""True"",""seq_ops"":""True"",""swapLRC"":""False""}",
        16,         0,         0,   0.509,bposd,3c4eb901d8ffce3fe8833edec93e38bf71e098409fe53b1b0b91b28d03a184fc,"{""A"":""x0y3+x10y0+x17y0"",""B"":""x5y0+x0y3+x0y19"",""b"":""X"",""d"":18,""excl_opp_detectors"":""True"",""k"":16,""l"":9,""leak_heralds"":""False"",""leak_repump"":""True"",""leakage"":""True"",""loss"":""True"",""m"":21,""n"":378,""p"":0.001,""prllel_1q"":336,""prllel_2q"":84,""r"":20,""repump_cycles"":3,""seq_meas"":""True"",""seq_ops"":""True"",""swapLRC"":""False""}",
        16,         0,         0,   0.516,bposd,12d0a895c1c7d9606c3d9751922fb0f20325cd9c13cbfcbd27b3196db55e86e0,"{""A"":""x0y9+x1y0+x2y0"",""B"":""x3y0+x0y25+x0y26"",""b"":""X"",""d"":24,""excl_opp_detectors"":""True"",""k"":12,""l"":6,""leak_heralds"":""False"",""leak_repump"":""True"",""leakage"":""True"",""loss"":""True"",""m"":30,""n"":360,""p"":0.001,""prllel_1q"":480,""prllel_2q"":120,""r"":20,""repump_cycles"":3,""seq_meas"":""True"",""seq_ops"":""True"",""swapLRC"":""False""}",
        16,         0,         0,   0.381,bposd,3c4eb901d8ffce3fe8833edec93e38bf71e098409fe53b1b0b91b28d03a184fc,"{""A"":""x0y3+x10y0+x17y0"",""B"":""x5y0+x0y3+x0y19"",""b"":""X"",""d"":18,""excl_opp_detectors"":""True"",""k"":16,""l"":9,""leak_heralds"":""False"",""leak_repump"":""True"",""leakage"":""True"",""loss"":""True"",""m"":21,""n"":378,""p"":0.001,""prllel_1q"":336,""prllel_2q"":84,""r"":20,""repump_cycles"":3,""seq_meas"":""True"",""seq_ops"":""True"",""swapLRC"":""False""}",
        32,         0,         0,   0.633,bposd,3c4eb901d8ffce3fe8833edec93e38bf71e098409fe53b1b0b91b28d03a184fc,"{""A"":""x0y3+x10y0+x17y0"",""B"":""x5y0+x0y3+x0y19"",""b"":""X"",""d"":18,""excl_opp_detectors"":""True"",""k"":16,""l"":9,""leak_heralds"":""False"",""leak_repump"":""True"",""leakage"":""True"",""loss"":""True"",""m"":21,""n"":378,""p"":0.001,""prllel_1q"":336,""prllel_2q"":84,""r"":20,""repump_cycles"":3,""seq_meas"":""True"",""seq_ops"":""True"",""swapLRC"":""False""}",
        16,         0,         0,   0.404,bposd,3c4eb901d8ffce3fe8833edec93e38bf71e098409fe53b1b0b91b28d03a184fc,"{""A"":""x0y3+x10y0+x17y0"",""B"":""x5y0+x0y3+x0y19"",""b"":""X"",""d"":18,""excl_opp_detectors"":""True"",""k"":16,""l"":9,""leak_heralds"":""False"",""leak_repump"":""True"",""leakage"":""True"",""loss"":""True"",""m"":21,""n"":378,""p"":0.001,""prllel_1q"":336,""prllel_2q"":84,""r"":20,""repump_cycles"":3,""seq_meas"":""True"",""seq_ops"":""True"",""swapLRC"":""False""}",
        32,         0,         0,   0.707,bposd,12d0a895c1c7d9606c3d9751922fb0f20325cd9c13cbfcbd27b3196db55e86e0,"{""A"":""x0y9+x1y0+x2y0"",""B"":""x3y0+x0y25+x0y26"",""b"":""X"",""d"":24,""excl_opp_detectors"":""True"",""k"":12,""l"":6,""leak_heralds"":""False"",""leak_repump"":""True"",""leakage"":""True"",""loss"":""True"",""m"":30,""n"":360,""p"":0.001,""prllel_1q"":480,""prllel_2q"":120,""r"":20,""repump_cycles"":3,""seq_meas"":""True"",""seq_ops"":""True"",""swapLRC"":""False""}",
        32,         0,         0,   0.748,bposd,12d0a895c1c7d9606c3d9751922fb0f20325cd9c13cbfcbd27b3196db55e86e0,"{""A"":""x0y9+x1y0+x2y0"",""B"":""x3y0+x0y25+x0y26"",""b"":""X"",""d"":24,""excl_opp_detectors"":""True"",""k"":12,""l"":6,""leak_heralds"":""False"",""leak_repump"":""True"",""leakage"":""True"",""loss"":""True"",""m"":30,""n"":360,""p"":0.001,""prllel_1q"":480,""prllel_2q"":120,""r"":20,""repump_cycles"":3,""seq_meas"":""True"",""seq_ops"":""True"",""swapLRC"":""False""}",
        16,         0,         0,   0.407,bposd,12d0a895c1c7d9606c3d9751922fb0f20325cd9c13cbfcbd27b3196db55e86e0,"{""A"":""x0y9+x1y0+x2y0"",""B"":""x3y0+x0y25+x0y26"",""b"":""X"",""d"":24,""excl_opp_detectors"":""True"",""k"":12,""l"":6,""leak_heralds"":""False"",""leak_repump"":""True"",""leakage"":""True"",""loss"":""True"",""m"":30,""n"":360,""p"":0.001,""prllel_1q"":480,""prllel_2q"":120,""r"":20,""repump_cycles"":3,""seq_meas"":""True"",""seq_ops"":""True"",""swapLRC"":""False""}",
        16,         0,         0,   0.911,bposd,12d0a895c1c7d9606c3d9751922fb0f20325cd9c13cbfcbd27b3196db55e86e0,"{""A"":""x0y9+x1y0+x2y0"",""B"":""x3y0+x0y25+x0y26"",""b"":""X"",""d"":24,""excl_opp_detectors"":""True"",""k"":12,""l"":6,""leak_heralds"":""False"",""leak_repump"":""True"",""leakage"":""True"",""loss"":""True"",""m"":30,""n"":360,""p"":0.001,""prllel_1q"":480,""prllel_2q"":120,""r"":20,""repump_cycles"":3,""seq_meas"":""True"",""seq_ops"":""True"",""swapLRC"":""False""}",
        32,         0,         0,   0.723,bposd,12d0a895c1c7d9606c3d9751922fb0f20325cd9c13cbfcbd27b3196db55e86e0,"{""A"":""x0y9+x1y0+x2y0"",""B"":""x3y0+x0y25+x0y26"",""b"":""X"",""d"":24,""excl_opp_detectors"":""True"",""k"":12,""l"":6,""leak_heralds"":""False"",""leak_repump"":""True"",""leakage"":""True"",""loss"":""True"",""m"":30,""n"":360,""p"":0.001,""prllel_1q"":480,""prllel_2q"":120,""r"":20,""repump_cycles"":3,""seq_meas"":""True"",""seq_ops"":""True"",""swapLRC"":""False""}",
        16,         0,         0,   0.372,bposd,12d0a895c1c7d9606c3d9751922fb0f20325cd9c13cbfcbd27b3196db55e86e0,"{""A"":""x0y9+x1y0+x2y0"",""B"":""x3y0+x0y25+x0y26"",""b"":""X"",""d"":24,""excl_opp_detectors"":""True"",""k"":12,""l"":6,""leak_heralds"":""False"",""leak_repump"":""True"",""leakage"":""True"",""loss"":""True"",""m"":30,""n"":360,""p"":0.001,""prllel_1q"":480,""prllel_2q"":120,""r"":20,""repump_cycles"":3,""seq_meas"":""True"",""seq_ops"":""True"",""swapLRC"":""False""}",
        32,         0,         0,   0.843,bposd,3c4eb901d8ffce3fe8833edec93e38bf71e098409fe53b1b0b91b28d03a184fc,"{""A"":""x0y3+x10y0+x17y0"",""B"":""x5y0+x0y3+x0y19"",""b"":""X"",""d"":18,""excl_opp_detectors"":""True"",""k"":16,""l"":9,""leak_heralds"":""False"",""leak_repump"":""True"",""leakage"":""True"",""loss"":""True"",""m"":21,""n"":378,""p"":0.001,""prllel_1q"":336,""prllel_2q"":84,""r"":20,""repump_cycles"":3,""seq_meas"":""True"",""seq_ops"":""True"",""swapLRC"":""False""}",
        16,         0,         0,   0.531,bposd,3c4eb901d8ffce3fe8833edec93e38bf71e098409fe53b1b0b91b28d03a184fc,"{""A"":""x0y3+x10y0+x17y0"",""B"":""x5y0+x0y3+x0y19"",""b"":""X"",""d"":18,""excl_opp_detectors"":""True"",""k"":16,""l"":9,""leak_heralds"":""False"",""leak_repump"":""True"",""leakage"":""True"",""loss"":""True"",""m"":21,""n"":378,""p"":0.001,""prllel_1q"":336,""prllel_2q"":84,""r"":20,""repump_cycles"":3,""seq_meas"":""True"",""seq_ops"":""True"",""swapLRC"":""False""}",
        32,         0,         0,   0.767,bposd,12d0a895c1c7d9606c3d9751922fb0f20325cd9c13cbfcbd27b3196db55e86e0,"{""A"":""x0y9+x1y0+x2y0"",""B"":""x3y0+x0y25+x0y26"",""b"":""X"",""d"":24,""excl_opp_detectors"":""True"",""k"":12,""l"":6,""leak_heralds"":""False"",""leak_repump"":""True"",""leakage"":""True"",""loss"":""True"",""m"":30,""n"":360,""p"":0.001,""prllel_1q"":480,""prllel_2q"":120,""r"":20,""repump_cycles"":3,""seq_meas"":""True"",""seq_ops"":""True"",""swapLRC"":""False""}",
        32,         0,         0,   0.704,bposd,12d0a895c1c7d9606c3d9751922fb0f20325cd9c13cbfcbd27b3196db55e86e0,"{""A"":""x0y9+x1y0+x2y0"",""B"":""x3y0+x0y25+x0y26"",""b"":""X"",""d"":24,""excl_opp_detectors"":""True"",""k"":12,""l"":6,""leak_heralds"":""False"",""leak_repump"":""True"",""leakage"":""True"",""loss"":""True"",""m"":30,""n"":360,""p"":0.001,""prllel_1q"":480,""prllel_2q"":120,""r"":20,""repump_cycles"":3,""seq_meas"":""True"",""seq_ops"":""True"",""swapLRC"":""False""}",
        16,         0,         0,   0.651,bposd,3c4eb901d8ffce3fe8833edec93e38bf71e098409fe53b1b0b91b28d03a184fc,"{""A"":""x0y3+x10y0+x17y0"",""B"":""x5y0+x0y3+x0y19"",""b"":""X"",""d"":18,""excl_opp_detectors"":""True"",""k"":16,""l"":9,""leak_heralds"":""False"",""leak_repump"":""True"",""leakage"":""True"",""loss"":""True"",""m"":21,""n"":378,""p"":0.001,""prllel_1q"":336,""prllel_2q"":84,""r"":20,""repump_cycles"":3,""seq_meas"":""True"",""seq_ops"":""True"",""swapLRC"":""False""}",
        16,         0,         0,   0.412,bposd,12d0a895c1c7d9606c3d9751922fb0f20325cd9c13cbfcbd27b3196db55e86e0,"{""A"":""x0y9+x1y0+x2y0"",""B"":""x3y0+x0y25+x0y26"",""b"":""X"",""d"":24,""excl_opp_detectors"":""True"",""k"":12,""l"":6,""leak_heralds"":""False"",""leak_repump"":""True"",""leakage"":""True"",""loss"":""True"",""m"":30,""n"":360,""p"":0.001,""prllel_1q"":480,""prllel_2q"":120,""r"":20,""repump_cycles"":3,""seq_meas"":""True"",""seq_ops"":""True"",""swapLRC"":""False""}",
        16,         0,         0,   0.335,bposd,3c4eb901d8ffce3fe8833edec93e38bf71e098409fe53b1b0b91b28d03a184fc,"{""A"":""x0y3+x10y0+x17y0"",""B"":""x5y0+x0y3+x0y19"",""b"":""X"",""d"":18,""excl_opp_detectors"":""True"",""k"":16,""l"":9,""leak_heralds"":""False"",""leak_repump"":""True"",""leakage"":""True"",""loss"":""True"",""m"":21,""n"":378,""p"":0.001,""prllel_1q"":336,""prllel_2q"":84,""r"":20,""repump_cycles"":3,""seq_meas"":""True"",""seq_ops"":""True"",""swapLRC"":""False""}",
        16,         0,         0,   0.385,bposd,3c4eb901d8ffce3fe8833edec93e38bf71e098409fe53b1b0b91b28d03a184fc,"{""A"":""x0y3+x10y0+x17y0"",""B"":""x5y0+x0y3+x0y19"",""b"":""X"",""d"":18,""excl_opp_detectors"":""True"",""k"":16,""l"":9,""leak_heralds"":""False"",""leak_repump"":""True"",""leakage"":""True"",""loss"":""True"",""m"":21,""n"":378,""p"":0.001,""prllel_1q"":336,""prllel_2q"":84,""r"":20,""repump_cycles"":3,""seq_meas"":""True"",""seq_ops"":""True"",""swapLRC"":""False""}",
        32,         0,         0,   0.965,bposd,12d0a895c1c7d9606c3d9751922fb0f20325cd9c13cbfcbd27b3196db55e86e0,"{""A"":""x0y9+x1y0+x2y0"",""B"":""x3y0+x0y25+x0y26"",""b"":""X"",""d"":24,""excl_opp_detectors"":""True"",""k"":12,""l"":6,""leak_heralds"":""False"",""leak_repump"":""True"",""leakage"":""True"",""loss"":""True"",""m"":30,""n"":360,""p"":0.001,""prllel_1q"":480,""prllel_2q"":120,""r"":20,""repump_cycles"":3,""seq_meas"":""True"",""seq_ops"":""True"",""swapLRC"":""False""}",
        16,         0,         0,   0.372,bposd,3c4eb901d8ffce3fe8833edec93e38bf71e098409fe53b1b0b91b28d03a184fc,"{""A"":""x0y3+x10y0+x17y0"",""B"":""x5y0+x0y3+x0y19"",""b"":""X"",""d"":18,""excl_opp_detectors"":""True"",""k"":16,""l"":9,""leak_heralds"":""False"",""leak_repump"":""True"",""leakage"":""True"",""loss"":""True"",""m"":21,""n"":378,""p"":0.001,""prllel_1q"":336,""prllel_2q"":84,""r"":20,""repump_cycles"":3,""seq_meas"":""True"",""seq_ops"":""True"",""swapLRC"":""False""}",
        24,         0,         0,   0.638,bposd,3c4eb901d8ffce3fe8833edec93e38bf71e098409fe53b1b0b91b28d03a184fc,"{""A"":""x0y3+x10y0+x17y0"",""B"":""x5y0+x0y3+x0y19"",""b"":""X"",""d"":18,""excl_opp_detectors"":""True"",""k"":16,""l"":9,""leak_heralds"":""False"",""leak_repump"":""True"",""leakage"":""True"",""loss"":""True"",""m"":21,""n"":378,""p"":0.001,""prllel_1q"":336,""prllel_2q"":84,""r"":20,""repump_cycles"":3,""seq_meas"":""True"",""seq_ops"":""True"",""swapLRC"":""False""}",
        16,         0,         0,   0.489,bposd,3c4eb901d8ffce3fe8833edec93e38bf71e098409fe53b1b0b91b28d03a184fc,"{""A"":""x0y3+x10y0+x17y0"",""B"":""x5y0+x0y3+x0y19"",""b"":""X"",""d"":18,""excl_opp_detectors"":""True"",""k"":16,""l"":9,""leak_heralds"":""False"",""leak_repump"":""True"",""leakage"":""True"",""loss"":""True"",""m"":21,""n"":378,""p"":0.001,""prllel_1q"":336,""prllel_2q"":84,""r"":20,""repump_cycles"":3,""seq_meas"":""True"",""seq_ops"":""True"",""swapLRC"":""False""}",
        16,         0,         0,   0.440,bposd,3c4eb901d8ffce3fe8833edec93e38bf71e098409fe53b1b0b91b28d03a184fc,"{""A"":""x0y3+x10y0+x17y0"",""B"":""x5y0+x0y3+x0y19"",""b"":""X"",""d"":18,""excl_opp_detectors"":""True"",""k"":16,""l"":9,""leak_heralds"":""False"",""leak_repump"":""True"",""leakage"":""True"",""loss"":""True"",""m"":21,""n"":378,""p"":0.001,""prllel_1q"":336,""prllel_2q"":84,""r"":20,""repump_cycles"":3,""seq_meas"":""True"",""seq_ops"":""True"",""swapLRC"":""False""}",
        16,         0,         0,   0.486,bposd,3c4eb901d8ffce3fe8833edec93e38bf71e098409fe53b1b0b91b28d03a184fc,"{""A"":""x0y3+x10y0+x17y0"",""B"":""x5y0+x0y3+x0y19"",""b"":""X"",""d"":18,""excl_opp_detectors"":""True"",""k"":16,""l"":9,""leak_heralds"":""False"",""leak_repump"":""True"",""leakage"":""True"",""loss"":""True"",""m"":21,""n"":378,""p"":0.001,""prllel_1q"":336,""prllel_2q"":84,""r"":20,""repump_cycles"":3,""seq_meas"":""True"",""seq_ops"":""True"",""swapLRC"":""False""}",
        16,         0,         0,   0.719,bposd,12d0a895c1c7d9606c3d9751922fb0f20325cd9c13cbfcbd27b3196db55e86e0,"{""A"":""x0y9+x1y0+x2y0"",""B"":""x3y0+x0y25+x0y26"",""b"":""X"",""d"":24,""excl_opp_detectors"":""True"",""k"":12,""l"":6,""leak_heralds"":""False"",""leak_repump"":""True"",""leakage"":""True"",""loss"":""True"",""m"":30,""n"":360,""p"":0.001,""prllel_1q"":480,""prllel_2q"":120,""r"":20,""repump_cycles"":3,""seq_meas"":""True"",""seq_ops"":""True"",""swapLRC"":""False""}",
        16,         0,         0,   0.574,bposd,3c4eb901d8ffce3fe8833edec93e38bf71e098409fe53b1b0b91b28d03a184fc,"{""A"":""x0y3+x10y0+x17y0"",""B"":""x5y0+x0y3+x0y19"",""b"":""X"",""d"":18,""excl_opp_detectors"":""True"",""k"":16,""l"":9,""leak_heralds"":""False"",""leak_repump"":""True"",""leakage"":""True"",""loss"":""True"",""m"":21,""n"":378,""p"":0.001,""prllel_1q"":336,""prllel_2q"":84,""r"":20,""repump_cycles"":3,""seq_meas"":""True"",""seq_ops"":""True"",""swapLRC"":""False""}",
        32,         0,         0,   0.713,bposd,3c4eb901d8ffce3fe8833edec93e38bf71e098409fe53b1b0b91b28d03a184fc,"{""A"":""x0y3+x10y0+x17y0"",""B"":""x5y0+x0y3+x0y19"",""b"":""X"",""d"":18,""excl_opp_detectors"":""True"",""k"":16,""l"":9,""leak_heralds"":""False"",""leak_repump"":""True"",""leakage"":""True"",""loss"":""True"",""m"":21,""n"":378,""p"":0.001,""prllel_1q"":336,""prllel_2q"":84,""r"":20,""repump_cycles"":3,""seq_meas"":""True"",""seq_ops"":""True"",""swapLRC"":""False""}",
        32,         0,         0,    1.08,bposd,12d0a895c1c7d9606c3d9751922fb0f20325cd9c13cbfcbd27b3196db55e86e0,"{""A"":""x0y9+x1y0+x2y0"",""B"":""x3y0+x0y25+x0y26"",""b"":""X"",""d"":24,""excl_opp_detectors"":""True"",""k"":12,""l"":6,""leak_heralds"":""False"",""leak_repump"":""True"",""leakage"":""True"",""loss"":""True"",""m"":30,""n"":360,""p"":0.001,""prllel_1q"":480,""prllel_2q"":120,""r"":20,""repump_cycles"":3,""seq_meas"":""True"",""seq_ops"":""True"",""swapLRC"":""False""}",
        16,         0,         0,   0.608,bposd,12d0a895c1c7d9606c3d9751922fb0f20325cd9c13cbfcbd27b3196db55e86e0,"{""A"":""x0y9+x1y0+x2y0"",""B"":""x3y0+x0y25+x0y26"",""b"":""X"",""d"":24,""excl_opp_detectors"":""True"",""k"":12,""l"":6,""leak_heralds"":""False"",""leak_repump"":""True"",""leakage"":""True"",""loss"":""True"",""m"":30,""n"":360,""p"":0.001,""prllel_1q"":480,""prllel_2q"":120,""r"":20,""repump_cycles"":3,""seq_meas"":""True"",""seq_ops"":""True"",""swapLRC"":""False""}",
        16,         0,         0,   0.617,bposd,12d0a895c1c7d9606c3d9751922fb0f20325cd9c13cbfcbd27b3196db55e86e0,"{""A"":""x0y9+x1y0+x2y0"",""B"":""x3y0+x0y25+x0y26"",""b"":""X"",""d"":24,""excl_opp_detectors"":""True"",""k"":12,""l"":6,""leak_heralds"":""False"",""leak_repump"":""True"",""leakage"":""True"",""loss"":""True"",""m"":30,""n"":360,""p"":0.001,""prllel_1q"":480,""prllel_2q"":120,""r"":20,""repump_cycles"":3,""seq_meas"":""True"",""seq_ops"":""True"",""swapLRC"":""False""}",
        32,         0,         0,   0.833,bposd,12d0a895c1c7d9606c3d9751922fb0f20325cd9c13cbfcbd27b3196db55e86e0,"{""A"":""x0y9+x1y0+x2y0"",""B"":""x3y0+x0y25+x0y26"",""b"":""X"",""d"":24,""excl_opp_detectors"":""True"",""k"":12,""l"":6,""leak_heralds"":""False"",""leak_repump"":""True"",""leakage"":""True"",""loss"":""True"",""m"":30,""n"":360,""p"":0.001,""prllel_1q"":480,""prllel_2q"":120,""r"":20,""repump_cycles"":3,""seq_meas"":""True"",""seq_ops"":""True"",""swapLRC"":""False""}",
        32,         0,         0,   0.848,bposd,3c4eb901d8ffce3fe8833edec93e38bf71e098409fe53b1b0b91b28d03a184fc,"{""A"":""x0y3+x10y0+x17y0"",""B"":""x5y0+x0y3+x0y19"",""b"":""X"",""d"":18,""excl_opp_detectors"":""True"",""k"":16,""l"":9,""leak_heralds"":""False"",""leak_repump"":""True"",""leakage"":""True"",""loss"":""True"",""m"":21,""n"":378,""p"":0.001,""prllel_1q"":336,""prllel_2q"":84,""r"":20,""repump_cycles"":3,""seq_meas"":""True"",""seq_ops"":""True"",""swapLRC"":""False""}",
        16,         0,         0,   0.602,bposd,3c4eb901d8ffce3fe8833edec93e38bf71e098409fe53b1b0b91b28d03a184fc,"{""A"":""x0y3+x10y0+x17y0"",""B"":""x5y0+x0y3+x0y19"",""b"":""X"",""d"":18,""excl_opp_detectors"":""True"",""k"":16,""l"":9,""leak_heralds"":""False"",""leak_repump"":""True"",""leakage"":""True"",""loss"":""True"",""m"":21,""n"":378,""p"":0.001,""prllel_1q"":336,""prllel_2q"":84,""r"":20,""repump_cycles"":3,""seq_meas"":""True"",""seq_ops"":""True"",""swapLRC"":""False""}",
        32,         0,         0,   0.908,bposd,3c4eb901d8ffce3fe8833edec93e38bf71e098409fe53b1b0b91b28d03a184fc,"{""A"":""x0y3+x10y0+x17y0"",""B"":""x5y0+x0y3+x0y19"",""b"":""X"",""d"":18,""excl_opp_detectors"":""True"",""k"":16,""l"":9,""leak_heralds"":""False"",""leak_repump"":""True"",""leakage"":""True"",""loss"":""True"",""m"":21,""n"":378,""p"":0.001,""prllel_1q"":336,""prllel_2q"":84,""r"":20,""repump_cycles"":3,""seq_meas"":""True"",""seq_ops"":""True"",""swapLRC"":""False""}",
        16,         0,         0,   0.613,bposd,3c4eb901d8ffce3fe8833edec93e38bf71e098409fe53b1b0b91b28d03a184fc,"{""A"":""x0y3+x10y0+x17y0"",""B"":""x5y0+x0y3+x0y19"",""b"":""X"",""d"":18,""excl_opp_detectors"":""True"",""k"":16,""l"":9,""leak_heralds"":""False"",""leak_repump"":""True"",""leakage"":""True"",""loss"":""True"",""m"":21,""n"":378,""p"":0.001,""prllel_1q"":336,""prllel_2q"":84,""r"":20,""repump_cycles"":3,""seq_meas"":""True"",""seq_ops"":""True"",""swapLRC"":""False""}",
        16,         0,         0,   0.649,bposd,3c4eb901d8ffce3fe8833edec93e38bf71e098409fe53b1b0b91b28d03a184fc,"{""A"":""x0y3+x10y0+x17y0"",""B"":""x5y0+x0y3+x0y19"",""b"":""X"",""d"":18,""excl_opp_detectors"":""True"",""k"":16,""l"":9,""leak_heralds"":""False"",""leak_repump"":""True"",""leakage"":""True"",""loss"":""True"",""m"":21,""n"":378,""p"":0.001,""prllel_1q"":336,""prllel_2q"":84,""r"":20,""repump_cycles"":3,""seq_meas"":""True"",""seq_ops"":""True"",""swapLRC"":""False""}",
        16,         0,         0,   0.406,bposd,3c4eb901d8ffce3fe8833edec93e38bf71e098409fe53b1b0b91b28d03a184fc,"{""A"":""x0y3+x10y0+x17y0"",""B"":""x5y0+x0y3+x0y19"",""b"":""X"",""d"":18,""excl_opp_detectors"":""True"",""k"":16,""l"":9,""leak_heralds"":""False"",""leak_repump"":""True"",""leakage"":""True"",""loss"":""True"",""m"":21,""n"":378,""p"":0.001,""prllel_1q"":336,""prllel_2q"":84,""r"":20,""repump_cycles"":3,""seq_meas"":""True"",""seq_ops"":""True"",""swapLRC"":""False""}",
        16,         0,         0,   0.375,bposd,3c4eb901d8ffce3fe8833edec93e38bf71e098409fe53b1b0b91b28d03a184fc,"{""A"":""x0y3+x10y0+x17y0"",""B"":""x5y0+x0y3+x0y19"",""b"":""X"",""d"":18,""excl_opp_detectors"":""True"",""k"":16,""l"":9,""leak_heralds"":""False"",""leak_repump"":""True"",""leakage"":""True"",""loss"":""True"",""m"":21,""n"":378,""p"":0.001,""prllel_1q"":336,""prllel_2q"":84,""r"":20,""repump_cycles"":3,""seq_meas"":""True"",""seq_ops"":""True"",""swapLRC"":""False""}",
        32,         0,         0,   0.874,bposd,3c4eb901d8ffce3fe8833edec93e38bf71e098409fe53b1b0b91b28d03a184fc,"{""A"":""x0y3+x10y0+x17y0"",""B"":""x5y0+x0y3+x0y19"",""b"":""X"",""d"":18,""excl_opp_detectors"":""True"",""k"":16,""l"":9,""leak_heralds"":""False"",""leak_repump"":""True"",""leakage"":""True"",""loss"":""True"",""m"":21,""n"":378,""p"":0.001,""prllel_1q"":336,""prllel_2q"":84,""r"":20,""repump_cycles"":3,""seq_meas"":""True"",""seq_ops"":""True"",""swapLRC"":""False""}",
        16,         0,         0,   0.565,bposd,3c4eb901d8ffce3fe8833edec93e38bf71e098409fe53b1b0b91b28d03a184fc,"{""A"":""x0y3+x10y0+x17y0"",""B"":""x5y0+x0y3+x0y19"",""b"":""X"",""d"":18,""excl_opp_detectors"":""True"",""k"":16,""l"":9,""leak_heralds"":""False"",""leak_repump"":""True"",""leakage"":""True"",""loss"":""True"",""m"":21,""n"":378,""p"":0.001,""prllel_1q"":336,""prllel_2q"":84,""r"":20,""repump_cycles"":3,""seq_meas"":""True"",""seq_ops"":""True"",""swapLRC"":""False""}",
        16,         0,         0,   0.526,bposd,12d0a895c1c7d9606c3d9751922fb0f20325cd9c13cbfcbd27b3196db55e86e0,"{""A"":""x0y9+x1y0+x2y0"",""B"":""x3y0+x0y25+x0y26"",""b"":""X"",""d"":24,""excl_opp_detectors"":""True"",""k"":12,""l"":6,""leak_heralds"":""False"",""leak_repump"":""True"",""leakage"":""True"",""loss"":""True"",""m"":30,""n"":360,""p"":0.001,""prllel_1q"":480,""prllel_2q"":120,""r"":20,""repump_cycles"":3,""seq_meas"":""True"",""seq_ops"":""True"",""swapLRC"":""False""}",
        16,         0,         0,   0.567,bposd,3c4eb901d8ffce3fe8833edec93e38bf71e098409fe53b1b0b91b28d03a184fc,"{""A"":""x0y3+x10y0+x17y0"",""B"":""x5y0+x0y3+x0y19"",""b"":""X"",""d"":18,""excl_opp_detectors"":""True"",""k"":16,""l"":9,""leak_heralds"":""False"",""leak_repump"":""True"",""leakage"":""True"",""loss"":""True"",""m"":21,""n"":378,""p"":0.001,""prllel_1q"":336,""prllel_2q"":84,""r"":20,""repump_cycles"":3,""seq_meas"":""True"",""seq_ops"":""True"",""swapLRC"":""False""}",
        32,         0,         0,    1.10,bposd,12d0a895c1c7d9606c3d9751922fb0f20325cd9c13cbfcbd27b3196db55e86e0,"{""A"":""x0y9+x1y0+x2y0"",""B"":""x3y0+x0y25+x0y26"",""b"":""X"",""d"":24,""excl_opp_detectors"":""True"",""k"":12,""l"":6,""leak_heralds"":""False"",""leak_repump"":""True"",""leakage"":""True"",""loss"":""True"",""m"":30,""n"":360,""p"":0.001,""prllel_1q"":480,""prllel_2q"":120,""r"":20,""repump_cycles"":3,""seq_meas"":""True"",""seq_ops"":""True"",""swapLRC"":""False""}",
        32,         0,         0,   0.741,bposd,12d0a895c1c7d9606c3d9751922fb0f20325cd9c13cbfcbd27b3196db55e86e0,"{""A"":""x0y9+x1y0+x2y0"",""B"":""x3y0+x0y25+x0y26"",""b"":""X"",""d"":24,""excl_opp_detectors"":""True"",""k"":12,""l"":6,""leak_heralds"":""False"",""leak_repump"":""True"",""leakage"":""True"",""loss"":""True"",""m"":30,""n"":360,""p"":0.001,""prllel_1q"":480,""prllel_2q"":120,""r"":20,""repump_cycles"":3,""seq_meas"":""True"",""seq_ops"":""True"",""swapLRC"":""False""}",
        32,         0,         0,   0.715,bposd,12d0a895c1c7d9606c3d9751922fb0f20325cd9c13cbfcbd27b3196db55e86e0,"{""A"":""x0y9+x1y0+x2y0"",""B"":""x3y0+x0y25+x0y26"",""b"":""X"",""d"":24,""excl_opp_detectors"":""True"",""k"":12,""l"":6,""leak_heralds"":""False"",""leak_repump"":""True"",""leakage"":""True"",""loss"":""True"",""m"":30,""n"":360,""p"":0.001,""prllel_1q"":480,""prllel_2q"":120,""r"":20,""repump_cycles"":3,""seq_meas"":""True"",""seq_ops"":""True"",""swapLRC"":""False""}",
        32,         0,         0,    1.26,bposd,3c4eb901d8ffce3fe8833edec93e38bf71e098409fe53b1b0b91b28d03a184fc,"{""A"":""x0y3+x10y0+x17y0"",""B"":""x5y0+x0y3+x0y19"",""b"":""X"",""d"":18,""excl_opp_detectors"":""True"",""k"":16,""l"":9,""leak_heralds"":""False"",""leak_repump"":""True"",""leakage"":""True"",""loss"":""True"",""m"":21,""n"":378,""p"":0.001,""prllel_1q"":336,""prllel_2q"":84,""r"":20,""repump_cycles"":3,""seq_meas"":""True"",""seq_ops"":""True"",""swapLRC"":""False""}",
        16,         0,         0,   0.532,bposd,3c4eb901d8ffce3fe8833edec93e38bf71e098409fe53b1b0b91b28d03a184fc,"{""A"":""x0y3+x10y0+x17y0"",""B"":""x5y0+x0y3+x0y19"",""b"":""X"",""d"":18,""excl_opp_detectors"":""True"",""k"":16,""l"":9,""leak_heralds"":""False"",""leak_repump"":""True"",""leakage"":""True"",""loss"":""True"",""m"":21,""n"":378,""p"":0.001,""prllel_1q"":336,""prllel_2q"":84,""r"":20,""repump_cycles"":3,""seq_meas"":""True"",""seq_ops"":""True"",""swapLRC"":""False""}",
        32,         0,         0,    1.02,bposd,3c4eb901d8ffce3fe8833edec93e38bf71e098409fe53b1b0b91b28d03a184fc,"{""A"":""x0y3+x10y0+x17y0"",""B"":""x5y0+x0y3+x0y19"",""b"":""X"",""d"":18,""excl_opp_detectors"":""True"",""k"":16,""l"":9,""leak_heralds"":""False"",""leak_repump"":""True"",""leakage"":""True"",""loss"":""True"",""m"":21,""n"":378,""p"":0.001,""prllel_1q"":336,""prllel_2q"":84,""r"":20,""repump_cycles"":3,""seq_meas"":""True"",""seq_ops"":""True"",""swapLRC"":""False""}",
        32,         0,         0,   0.849,bposd,12d0a895c1c7d9606c3d9751922fb0f20325cd9c13cbfcbd27b3196db55e86e0,"{""A"":""x0y9+x1y0+x2y0"",""B"":""x3y0+x0y25+x0y26"",""b"":""X"",""d"":24,""excl_opp_detectors"":""True"",""k"":12,""l"":6,""leak_heralds"":""False"",""leak_repump"":""True"",""leakage"":""True"",""loss"":""True"",""m"":30,""n"":360,""p"":0.001,""prllel_1q"":480,""prllel_2q"":120,""r"":20,""repump_cycles"":3,""seq_meas"":""True"",""seq_ops"":""True"",""swapLRC"":""False""}",
        16,         0,         0,   0.562,bposd,3c4eb901d8ffce3fe8833edec93e38bf71e098409fe53b1b0b91b28d03a184fc,"{""A"":""x0y3+x10y0+x17y0"",""B"":""x5y0+x0y3+x0y19"",""b"":""X"",""d"":18,""excl_opp_detectors"":""True"",""k"":16,""l"":9,""leak_heralds"":""False"",""leak_repump"":""True"",""leakage"":""True"",""loss"":""True"",""m"":21,""n"":378,""p"":0.001,""prllel_1q"":336,""prllel_2q"":84,""r"":20,""repump_cycles"":3,""seq_meas"":""True"",""seq_ops"":""True"",""swapLRC"":""False""}",
        32,         0,         0,   0.661,bposd,12d0a895c1c7d9606c3d9751922fb0f20325cd9c13cbfcbd27b3196db55e86e0,"{""A"":""x0y9+x1y0+x2y0"",""B"":""x3y0+x0y25+x0y26"",""b"":""X"",""d"":24,""excl_opp_detectors"":""True"",""k"":12,""l"":6,""leak_heralds"":""False"",""leak_repump"":""True"",""leakage"":""True"",""loss"":""True"",""m"":30,""n"":360,""p"":0.001,""prllel_1q"":480,""prllel_2q"":120,""r"":20,""repump_cycles"":3,""seq_meas"":""True"",""seq_ops"":""True"",""swapLRC"":""False""}",
        32,         0,         0,   0.907,bposd,12d0a895c1c7d9606c3d9751922fb0f20325cd9c13cbfcbd27b3196db55e86e0,"{""A"":""x0y9+x1y0+x2y0"",""B"":""x3y0+x0y25+x0y26"",""b"":""X"",""d"":24,""excl_opp_detectors"":""True"",""k"":12,""l"":6,""leak_heralds"":""False"",""leak_repump"":""True"",""leakage"":""True"",""loss"":""True"",""m"":30,""n"":360,""p"":0.001,""prllel_1q"":480,""prllel_2q"":120,""r"":20,""repump_cycles"":3,""seq_meas"":""True"",""seq_ops"":""True"",""swapLRC"":""False""}",
        16,         0,         0,   0.424,bposd,12d0a895c1c7d9606c3d9751922fb0f20325cd9c13cbfcbd27b3196db55e86e0,"{""A"":""x0y9+x1y0+x2y0"",""B"":""x3y0+x0y25+x0y26"",""b"":""X"",""d"":24,""excl_opp_detectors"":""True"",""k"":12,""l"":6,""leak_heralds"":""False"",""leak_repump"":""True"",""leakage"":""True"",""loss"":""True"",""m"":30,""n"":360,""p"":0.001,""prllel_1q"":480,""prllel_2q"":120,""r"":20,""repump_cycles"":3,""seq_meas"":""True"",""seq_ops"":""True"",""swapLRC"":""False""}",
        16,         0,         0,   0.519,bposd,3c4eb901d8ffce3fe8833edec93e38bf71e098409fe53b1b0b91b28d03a184fc,"{""A"":""x0y3+x10y0+x17y0"",""B"":""x5y0+x0y3+x0y19"",""b"":""X"",""d"":18,""excl_opp_detectors"":""True"",""k"":16,""l"":9,""leak_heralds"":""False"",""leak_repump"":""True"",""leakage"":""True"",""loss"":""True"",""m"":21,""n"":378,""p"":0.001,""prllel_1q"":336,""prllel_2q"":84,""r"":20,""repump_cycles"":3,""seq_meas"":""True"",""seq_ops"":""True"",""swapLRC"":""False""}",
        32,         0,         0,    1.17,bposd,3c4eb901d8ffce3fe8833edec93e38bf71e098409fe53b1b0b91b28d03a184fc,"{""A"":""x0y3+x10y0+x17y0"",""B"":""x5y0+x0y3+x0y19"",""b"":""X"",""d"":18,""excl_opp_detectors"":""True"",""k"":16,""l"":9,""leak_heralds"":""False"",""leak_repump"":""True"",""leakage"":""True"",""loss"":""True"",""m"":21,""n"":378,""p"":0.001,""prllel_1q"":336,""prllel_2q"":84,""r"":20,""repump_cycles"":3,""seq_meas"":""True"",""seq_ops"":""True"",""swapLRC"":""False""}",
        32,         0,         0,   0.848,bposd,12d0a895c1c7d9606c3d9751922fb0f20325cd9c13cbfcbd27b3196db55e86e0,"{""A"":""x0y9+x1y0+x2y0"",""B"":""x3y0+x0y25+x0y26"",""b"":""X"",""d"":24,""excl_opp_detectors"":""True"",""k"":12,""l"":6,""leak_heralds"":""False"",""leak_repump"":""True"",""leakage"":""True"",""loss"":""True"",""m"":30,""n"":360,""p"":0.001,""prllel_1q"":480,""prllel_2q"":120,""r"":20,""repump_cycles"":3,""seq_meas"":""True"",""seq_ops"":""True"",""swapLRC"":""False""}",
        32,         0,         0,   0.811,bposd,12d0a895c1c7d9606c3d9751922fb0f20325cd9c13cbfcbd27b3196db55e86e0,"{""A"":""x0y9+x1y0+x2y0"",""B"":""x3y0+x0y25+x0y26"",""b"":""X"",""d"":24,""excl_opp_detectors"":""True"",""k"":12,""l"":6,""leak_heralds"":""False"",""leak_repump"":""True"",""leakage"":""True"",""loss"":""True"",""m"":30,""n"":360,""p"":0.001,""prllel_1q"":480,""prllel_2q"":120,""r"":20,""repump_cycles"":3,""seq_meas"":""True"",""seq_ops"":""True"",""swapLRC"":""False""}",
        32,         0,         0,    1.18,bposd,12d0a895c1c7d9606c3d9751922fb0f20325cd9c13cbfcbd27b3196db55e86e0,"{""A"":""x0y9+x1y0+x2y0"",""B"":""x3y0+x0y25+x0y26"",""b"":""X"",""d"":24,""excl_opp_detectors"":""True"",""k"":12,""l"":6,""leak_heralds"":""False"",""leak_repump"":""True"",""leakage"":""True"",""loss"":""True"",""m"":30,""n"":360,""p"":0.001,""prllel_1q"":480,""prllel_2q"":120,""r"":20,""repump_cycles"":3,""seq_meas"":""True"",""seq_ops"":""True"",""swapLRC"":""False""}",
        16,         0,         0,   0.553,bposd,12d0a895c1c7d9606c3d9751922fb0f20325cd9c13cbfcbd27b3196db55e86e0,"{""A"":""x0y9+x1y0+x2y0"",""B"":""x3y0+x0y25+x0y26"",""b"":""X"",""d"":24,""excl_opp_detectors"":""True"",""k"":12,""l"":6,""leak_heralds"":""False"",""leak_repump"":""True"",""leakage"":""True"",""loss"":""True"",""m"":30,""n"":360,""p"":0.001,""prllel_1q"":480,""prllel_2q"":120,""r"":20,""repump_cycles"":3,""seq_meas"":""True"",""seq_ops"":""True"",""swapLRC"":""False""}",
        32,         0,         0,   0.836,bposd,12d0a895c1c7d9606c3d9751922fb0f20325cd9c13cbfcbd27b3196db55e86e0,"{""A"":""x0y9+x1y0+x2y0"",""B"":""x3y0+x0y25+x0y26"",""b"":""X"",""d"":24,""excl_opp_detectors"":""True"",""k"":12,""l"":6,""leak_heralds"":""False"",""leak_repump"":""True"",""leakage"":""True"",""loss"":""True"",""m"":30,""n"":360,""p"":0.001,""prllel_1q"":480,""prllel_2q"":120,""r"":20,""repump_cycles"":3,""seq_meas"":""True"",""seq_ops"":""True"",""swapLRC"":""False""}",
        16,         0,         0,   0.451,bposd,3c4eb901d8ffce3fe8833edec93e38bf71e098409fe53b1b0b91b28d03a184fc,"{""A"":""x0y3+x10y0+x17y0"",""B"":""x5y0+x0y3+x0y19"",""b"":""X"",""d"":18,""excl_opp_detectors"":""True"",""k"":16,""l"":9,""leak_heralds"":""False"",""leak_repump"":""True"",""leakage"":""True"",""loss"":""True"",""m"":21,""n"":378,""p"":0.001,""prllel_1q"":336,""prllel_2q"":84,""r"":20,""repump_cycles"":3,""seq_meas"":""True"",""seq_ops"":""True"",""swapLRC"":""False""}",
        16,         0,         0,   0.637,bposd,3c4eb901d8ffce3fe8833edec93e38bf71e098409fe53b1b0b91b28d03a184fc,"{""A"":""x0y3+x10y0+x17y0"",""B"":""x5y0+x0y3+x0y19"",""b"":""X"",""d"":18,""excl_opp_detectors"":""True"",""k"":16,""l"":9,""leak_heralds"":""False"",""leak_repump"":""True"",""leakage"":""True"",""loss"":""True"",""m"":21,""n"":378,""p"":0.001,""prllel_1q"":336,""prllel_2q"":84,""r"":20,""repump_cycles"":3,""seq_meas"":""True"",""seq_ops"":""True"",""swapLRC"":""False""}",
        16,         0,         0,   0.379,bposd,3c4eb901d8ffce3fe8833edec93e38bf71e098409fe53b1b0b91b28d03a184fc,"{""A"":""x0y3+x10y0+x17y0"",""B"":""x5y0+x0y3+x0y19"",""b"":""X"",""d"":18,""excl_opp_detectors"":""True"",""k"":16,""l"":9,""leak_heralds"":""False"",""leak_repump"":""True"",""leakage"":""True"",""loss"":""True"",""m"":21,""n"":378,""p"":0.001,""prllel_1q"":336,""prllel_2q"":84,""r"":20,""repump_cycles"":3,""seq_meas"":""True"",""seq_ops"":""True"",""swapLRC"":""False""}",
        16,         0,         0,   0.439,bposd,3c4eb901d8ffce3fe8833edec93e38bf71e098409fe53b1b0b91b28d03a184fc,"{""A"":""x0y3+x10y0+x17y0"",""B"":""x5y0+x0y3+x0y19"",""b"":""X"",""d"":18,""excl_opp_detectors"":""True"",""k"":16,""l"":9,""leak_heralds"":""False"",""leak_repump"":""True"",""leakage"":""True"",""loss"":""True"",""m"":21,""n"":378,""p"":0.001,""prllel_1q"":336,""prllel_2q"":84,""r"":20,""repump_cycles"":3,""seq_meas"":""True"",""seq_ops"":""True"",""swapLRC"":""False""}",
        32,         0,         0,    1.04,bposd,3c4eb901d8ffce3fe8833edec93e38bf71e098409fe53b1b0b91b28d03a184fc,"{""A"":""x0y3+x10y0+x17y0"",""B"":""x5y0+x0y3+x0y19"",""b"":""X"",""d"":18,""excl_opp_detectors"":""True"",""k"":16,""l"":9,""leak_heralds"":""False"",""leak_repump"":""True"",""leakage"":""True"",""loss"":""True"",""m"":21,""n"":378,""p"":0.001,""prllel_1q"":336,""prllel_2q"":84,""r"":20,""repump_cycles"":3,""seq_meas"":""True"",""seq_ops"":""True"",""swapLRC"":""False""}",
        16,         0,         0,   0.450,bposd,3c4eb901d8ffce3fe8833edec93e38bf71e098409fe53b1b0b91b28d03a184fc,"{""A"":""x0y3+x10y0+x17y0"",""B"":""x5y0+x0y3+x0y19"",""b"":""X"",""d"":18,""excl_opp_detectors"":""True"",""k"":16,""l"":9,""leak_heralds"":""False"",""leak_repump"":""True"",""leakage"":""True"",""loss"":""True"",""m"":21,""n"":378,""p"":0.001,""prllel_1q"":336,""prllel_2q"":84,""r"":20,""repump_cycles"":3,""seq_meas"":""True"",""seq_ops"":""True"",""swapLRC"":""False""}",
        32,         0,         0,    1.15,bposd,12d0a895c1c7d9606c3d9751922fb0f20325cd9c13cbfcbd27b3196db55e86e0,"{""A"":""x0y9+x1y0+x2y0"",""B"":""x3y0+x0y25+x0y26"",""b"":""X"",""d"":24,""excl_opp_detectors"":""True"",""k"":12,""l"":6,""leak_heralds"":""False"",""leak_repump"":""True"",""leakage"":""True"",""loss"":""True"",""m"":30,""n"":360,""p"":0.001,""prllel_1q"":480,""prllel_2q"":120,""r"":20,""repump_cycles"":3,""seq_meas"":""True"",""seq_ops"":""True"",""swapLRC"":""False""}",
        16,         0,         0,   0.551,bposd,12d0a895c1c7d9606c3d9751922fb0f20325cd9c13cbfcbd27b3196db55e86e0,"{""A"":""x0y9+x1y0+x2y0"",""B"":""x3y0+x0y25+x0y26"",""b"":""X"",""d"":24,""excl_opp_detectors"":""True"",""k"":12,""l"":6,""leak_heralds"":""False"",""leak_repump"":""True"",""leakage"":""True"",""loss"":""True"",""m"":30,""n"":360,""p"":0.001,""prllel_1q"":480,""prllel_2q"":120,""r"":20,""repump_cycles"":3,""seq_meas"":""True"",""seq_ops"":""True"",""swapLRC"":""False""}",
        16,         0,         0,    1.15,bposd,12d0a895c1c7d9606c3d9751922fb0f20325cd9c13cbfcbd27b3196db55e86e0,"{""A"":""x0y9+x1y0+x2y0"",""B"":""x3y0+x0y25+x0y26"",""b"":""X"",""d"":24,""excl_opp_detectors"":""True"",""k"":12,""l"":6,""leak_heralds"":""False"",""leak_repump"":""True"",""leakage"":""True"",""loss"":""True"",""m"":30,""n"":360,""p"":0.001,""prllel_1q"":480,""prllel_2q"":120,""r"":20,""repump_cycles"":3,""seq_meas"":""True"",""seq_ops"":""True"",""swapLRC"":""False""}",
        16,         0,         0,   0.568,bposd,3c4eb901d8ffce3fe8833edec93e38bf71e098409fe53b1b0b91b28d03a184fc,"{""A"":""x0y3+x10y0+x17y0"",""B"":""x5y0+x0y3+x0y19"",""b"":""X"",""d"":18,""excl_opp_detectors"":""True"",""k"":16,""l"":9,""leak_heralds"":""False"",""leak_repump"":""True"",""leakage"":""True"",""loss"":""True"",""m"":21,""n"":378,""p"":0.001,""prllel_1q"":336,""prllel_2q"":84,""r"":20,""repump_cycles"":3,""seq_meas"":""True"",""seq_ops"":""True"",""swapLRC"":""False""}",
        32,         0,         0,   0.993,bposd,3c4eb901d8ffce3fe8833edec93e38bf71e098409fe53b1b0b91b28d03a184fc,"{""A"":""x0y3+x10y0+x17y0"",""B"":""x5y0+x0y3+x0y19"",""b"":""X"",""d"":18,""excl_opp_detectors"":""True"",""k"":16,""l"":9,""leak_heralds"":""False"",""leak_repump"":""True"",""leakage"":""True"",""loss"":""True"",""m"":21,""n"":378,""p"":0.001,""prllel_1q"":336,""prllel_2q"":84,""r"":20,""repump_cycles"":3,""seq_meas"":""True"",""seq_ops"":""True"",""swapLRC"":""False""}",
        16,         0,         0,   0.393,bposd,12d0a895c1c7d9606c3d9751922fb0f20325cd9c13cbfcbd27b3196db55e86e0,"{""A"":""x0y9+x1y0+x2y0"",""B"":""x3y0+x0y25+x0y26"",""b"":""X"",""d"":24,""excl_opp_detectors"":""True"",""k"":12,""l"":6,""leak_heralds"":""False"",""leak_repump"":""True"",""leakage"":""True"",""loss"":""True"",""m"":30,""n"":360,""p"":0.001,""prllel_1q"":480,""prllel_2q"":120,""r"":20,""repump_cycles"":3,""seq_meas"":""True"",""seq_ops"":""True"",""swapLRC"":""False""}",
        32,         0,         0,    1.08,bposd,12d0a895c1c7d9606c3d9751922fb0f20325cd9c13cbfcbd27b3196db55e86e0,"{""A"":""x0y9+x1y0+x2y0"",""B"":""x3y0+x0y25+x0y26"",""b"":""X"",""d"":24,""excl_opp_detectors"":""True"",""k"":12,""l"":6,""leak_heralds"":""False"",""leak_repump"":""True"",""leakage"":""True"",""loss"":""True"",""m"":30,""n"":360,""p"":0.001,""prllel_1q"":480,""prllel_2q"":120,""r"":20,""repump_cycles"":3,""seq_meas"":""True"",""seq_ops"":""True"",""swapLRC"":""False""}",
        16,         0,         0,   0.353,bposd,3c4eb901d8ffce3fe8833edec93e38bf71e098409fe53b1b0b91b28d03a184fc,"{""A"":""x0y3+x10y0+x17y0"",""B"":""x5y0+x0y3+x0y19"",""b"":""X"",""d"":18,""excl_opp_detectors"":""True"",""k"":16,""l"":9,""leak_heralds"":""False"",""leak_repump"":""True"",""leakage"":""True"",""loss"":""True"",""m"":21,""n"":378,""p"":0.001,""prllel_1q"":336,""prllel_2q"":84,""r"":20,""repump_cycles"":3,""seq_meas"":""True"",""seq_ops"":""True"",""swapLRC"":""False""}",
        16,         0,         0,   0.532,bposd,3c4eb901d8ffce3fe8833edec93e38bf71e098409fe53b1b0b91b28d03a184fc,"{""A"":""x0y3+x10y0+x17y0"",""B"":""x5y0+x0y3+x0y19"",""b"":""X"",""d"":18,""excl_opp_detectors"":""True"",""k"":16,""l"":9,""leak_heralds"":""False"",""leak_repump"":""True"",""leakage"":""True"",""loss"":""True"",""m"":21,""n"":378,""p"":0.001,""prllel_1q"":336,""prllel_2q"":84,""r"":20,""repump_cycles"":3,""seq_meas"":""True"",""seq_ops"":""True"",""swapLRC"":""False""}",
        32,         0,         0,   0.747,bposd,3c4eb901d8ffce3fe8833edec93e38bf71e098409fe53b1b0b91b28d03a184fc,"{""A"":""x0y3+x10y0+x17y0"",""B"":""x5y0+x0y3+x0y19"",""b"":""X"",""d"":18,""excl_opp_detectors"":""True"",""k"":16,""l"":9,""leak_heralds"":""False"",""leak_repump"":""True"",""leakage"":""True"",""loss"":""True"",""m"":21,""n"":378,""p"":0.001,""prllel_1q"":336,""prllel_2q"":84,""r"":20,""repump_cycles"":3,""seq_meas"":""True"",""seq_ops"":""True"",""swapLRC"":""False""}",
        16,         0,         0,   0.374,bposd,3c4eb901d8ffce3fe8833edec93e38bf71e098409fe53b1b0b91b28d03a184fc,"{""A"":""x0y3+x10y0+x17y0"",""B"":""x5y0+x0y3+x0y19"",""b"":""X"",""d"":18,""excl_opp_detectors"":""True"",""k"":16,""l"":9,""leak_heralds"":""False"",""leak_repump"":""True"",""leakage"":""True"",""loss"":""True"",""m"":21,""n"":378,""p"":0.001,""prllel_1q"":336,""prllel_2q"":84,""r"":20,""repump_cycles"":3,""seq_meas"":""True"",""seq_ops"":""True"",""swapLRC"":""False""}",
        32,         0,         0,   0.829,bposd,3c4eb901d8ffce3fe8833edec93e38bf71e098409fe53b1b0b91b28d03a184fc,"{""A"":""x0y3+x10y0+x17y0"",""B"":""x5y0+x0y3+x0y19"",""b"":""X"",""d"":18,""excl_opp_detectors"":""True"",""k"":16,""l"":9,""leak_heralds"":""False"",""leak_repump"":""True"",""leakage"":""True"",""loss"":""True"",""m"":21,""n"":378,""p"":0.001,""prllel_1q"":336,""prllel_2q"":84,""r"":20,""repump_cycles"":3,""seq_meas"":""True"",""seq_ops"":""True"",""swapLRC"":""False""}",
        16,         0,         0,   0.876,bposd,3c4eb901d8ffce3fe8833edec93e38bf71e098409fe53b1b0b91b28d03a184fc,"{""A"":""x0y3+x10y0+x17y0"",""B"":""x5y0+x0y3+x0y19"",""b"":""X"",""d"":18,""excl_opp_detectors"":""True"",""k"":16,""l"":9,""leak_heralds"":""False"",""leak_repump"":""True"",""leakage"":""True"",""loss"":""True"",""m"":21,""n"":378,""p"":0.001,""prllel_1q"":336,""prllel_2q"":84,""r"":20,""repump_cycles"":3,""seq_meas"":""True"",""seq_ops"":""True"",""swapLRC"":""False""}",
        16,         0,         0,   0.453,bposd,3c4eb901d8ffce3fe8833edec93e38bf71e098409fe53b1b0b91b28d03a184fc,"{""A"":""x0y3+x10y0+x17y0"",""B"":""x5y0+x0y3+x0y19"",""b"":""X"",""d"":18,""excl_opp_detectors"":""True"",""k"":16,""l"":9,""leak_heralds"":""False"",""leak_repump"":""True"",""leakage"":""True"",""loss"":""True"",""m"":21,""n"":378,""p"":0.001,""prllel_1q"":336,""prllel_2q"":84,""r"":20,""repump_cycles"":3,""seq_meas"":""True"",""seq_ops"":""True"",""swapLRC"":""False""}",
        48,         0,         0,    1.10,bposd,3c4eb901d8ffce3fe8833edec93e38bf71e098409fe53b1b0b91b28d03a184fc,"{""A"":""x0y3+x10y0+x17y0"",""B"":""x5y0+x0y3+x0y19"",""b"":""X"",""d"":18,""excl_opp_detectors"":""True"",""k"":16,""l"":9,""leak_heralds"":""False"",""leak_repump"":""True"",""leakage"":""True"",""loss"":""True"",""m"":21,""n"":378,""p"":0.001,""prllel_1q"":336,""prllel_2q"":84,""r"":20,""repump_cycles"":3,""seq_meas"":""True"",""seq_ops"":""True"",""swapLRC"":""False""}",
        32,         0,         0,   0.681,bposd,3c4eb901d8ffce3fe8833edec93e38bf71e098409fe53b1b0b91b28d03a184fc,"{""A"":""x0y3+x10y0+x17y0"",""B"":""x5y0+x0y3+x0y19"",""b"":""X"",""d"":18,""excl_opp_detectors"":""True"",""k"":16,""l"":9,""leak_heralds"":""False"",""leak_repump"":""True"",""leakage"":""True"",""loss"":""True"",""m"":21,""n"":378,""p"":0.001,""prllel_1q"":336,""prllel_2q"":84,""r"":20,""repump_cycles"":3,""seq_meas"":""True"",""seq_ops"":""True"",""swapLRC"":""False""}",
        32,         0,         0,   0.801,bposd,3c4eb901d8ffce3fe8833edec93e38bf71e098409fe53b1b0b91b28d03a184fc,"{""A"":""x0y3+x10y0+x17y0"",""B"":""x5y0+x0y3+x0y19"",""b"":""X"",""d"":18,""excl_opp_detectors"":""True"",""k"":16,""l"":9,""leak_heralds"":""False"",""leak_repump"":""True"",""leakage"":""True"",""loss"":""True"",""m"":21,""n"":378,""p"":0.001,""prllel_1q"":336,""prllel_2q"":84,""r"":20,""repump_cycles"":3,""seq_meas"":""True"",""seq_ops"":""True"",""swapLRC"":""False""}",
        32,         0,         0,   0.652,bposd,12d0a895c1c7d9606c3d9751922fb0f20325cd9c13cbfcbd27b3196db55e86e0,"{""A"":""x0y9+x1y0+x2y0"",""B"":""x3y0+x0y25+x0y26"",""b"":""X"",""d"":24,""excl_opp_detectors"":""True"",""k"":12,""l"":6,""leak_heralds"":""False"",""leak_repump"":""True"",""leakage"":""True"",""loss"":""True"",""m"":30,""n"":360,""p"":0.001,""prllel_1q"":480,""prllel_2q"":120,""r"":20,""repump_cycles"":3,""seq_meas"":""True"",""seq_ops"":""True"",""swapLRC"":""False""}",
        32,         0,         0,    3.65,bposd,3c4eb901d8ffce3fe8833edec93e38bf71e098409fe53b1b0b91b28d03a184fc,"{""A"":""x0y3+x10y0+x17y0"",""B"":""x5y0+x0y3+x0y19"",""b"":""X"",""d"":18,""excl_opp_detectors"":""True"",""k"":16,""l"":9,""leak_heralds"":""False"",""leak_repump"":""True"",""leakage"":""True"",""loss"":""True"",""m"":21,""n"":378,""p"":0.001,""prllel_1q"":336,""prllel_2q"":84,""r"":20,""repump_cycles"":3,""seq_meas"":""True"",""seq_ops"":""True"",""swapLRC"":""False""}",
        32,         0,         0,   0.707,bposd,12d0a895c1c7d9606c3d9751922fb0f20325cd9c13cbfcbd27b3196db55e86e0,"{""A"":""x0y9+x1y0+x2y0"",""B"":""x3y0+x0y25+x0y26"",""b"":""X"",""d"":24,""excl_opp_detectors"":""True"",""k"":12,""l"":6,""leak_heralds"":""False"",""leak_repump"":""True"",""leakage"":""True"",""loss"":""True"",""m"":30,""n"":360,""p"":0.001,""prllel_1q"":480,""prllel_2q"":120,""r"":20,""repump_cycles"":3,""seq_meas"":""True"",""seq_ops"":""True"",""swapLRC"":""False""}",
        32,         0,         0,   0.825,bposd,12d0a895c1c7d9606c3d9751922fb0f20325cd9c13cbfcbd27b3196db55e86e0,"{""A"":""x0y9+x1y0+x2y0"",""B"":""x3y0+x0y25+x0y26"",""b"":""X"",""d"":24,""excl_opp_detectors"":""True"",""k"":12,""l"":6,""leak_heralds"":""False"",""leak_repump"":""True"",""leakage"":""True"",""loss"":""True"",""m"":30,""n"":360,""p"":0.001,""prllel_1q"":480,""prllel_2q"":120,""r"":20,""repump_cycles"":3,""seq_meas"":""True"",""seq_ops"":""True"",""swapLRC"":""False""}",
        32,         0,         0,   0.843,bposd,3c4eb901d8ffce3fe8833edec93e38bf71e098409fe53b1b0b91b28d03a184fc,"{""A"":""x0y3+x10y0+x17y0"",""B"":""x5y0+x0y3+x0y19"",""b"":""X"",""d"":18,""excl_opp_detectors"":""True"",""k"":16,""l"":9,""leak_heralds"":""False"",""leak_repump"":""True"",""leakage"":""True"",""loss"":""True"",""m"":21,""n"":378,""p"":0.001,""prllel_1q"":336,""prllel_2q"":84,""r"":20,""repump_cycles"":3,""seq_meas"":""True"",""seq_ops"":""True"",""swapLRC"":""False""}",
        16,         0,         0,    1.28,bposd,12d0a895c1c7d9606c3d9751922fb0f20325cd9c13cbfcbd27b3196db55e86e0,"{""A"":""x0y9+x1y0+x2y0"",""B"":""x3y0+x0y25+x0y26"",""b"":""X"",""d"":24,""excl_opp_detectors"":""True"",""k"":12,""l"":6,""leak_heralds"":""False"",""leak_repump"":""True"",""leakage"":""True"",""loss"":""True"",""m"":30,""n"":360,""p"":0.001,""prllel_1q"":480,""prllel_2q"":120,""r"":20,""repump_cycles"":3,""seq_meas"":""True"",""seq_ops"":""True"",""swapLRC"":""False""}",
        32,         0,         0,    1.21,bposd,12d0a895c1c7d9606c3d9751922fb0f20325cd9c13cbfcbd27b3196db55e86e0,"{""A"":""x0y9+x1y0+x2y0"",""B"":""x3y0+x0y25+x0y26"",""b"":""X"",""d"":24,""excl_opp_detectors"":""True"",""k"":12,""l"":6,""leak_heralds"":""False"",""leak_repump"":""True"",""leakage"":""True"",""loss"":""True"",""m"":30,""n"":360,""p"":0.001,""prllel_1q"":480,""prllel_2q"":120,""r"":20,""repump_cycles"":3,""seq_meas"":""True"",""seq_ops"":""True"",""swapLRC"":""False""}",
        32,         0,         0,   0.853,bposd,12d0a895c1c7d9606c3d9751922fb0f20325cd9c13cbfcbd27b3196db55e86e0,"{""A"":""x0y9+x1y0+x2y0"",""B"":""x3y0+x0y25+x0y26"",""b"":""X"",""d"":24,""excl_opp_detectors"":""True"",""k"":12,""l"":6,""leak_heralds"":""False"",""leak_repump"":""True"",""leakage"":""True"",""loss"":""True"",""m"":30,""n"":360,""p"":0.001,""prllel_1q"":480,""prllel_2q"":120,""r"":20,""repump_cycles"":3,""seq_meas"":""True"",""seq_ops"":""True"",""swapLRC"":""False""}",
        32,         0,         0,   0.907,bposd,12d0a895c1c7d9606c3d9751922fb0f20325cd9c13cbfcbd27b3196db55e86e0,"{""A"":""x0y9+x1y0+x2y0"",""B"":""x3y0+x0y25+x0y26"",""b"":""X"",""d"":24,""excl_opp_detectors"":""True"",""k"":12,""l"":6,""leak_heralds"":""False"",""leak_repump"":""True"",""leakage"":""True"",""loss"":""True"",""m"":30,""n"":360,""p"":0.001,""prllel_1q"":480,""prllel_2q"":120,""r"":20,""repump_cycles"":3,""seq_meas"":""True"",""seq_ops"":""True"",""swapLRC"":""False""}",
        32,         0,         0,   0.861,bposd,12d0a895c1c7d9606c3d9751922fb0f20325cd9c13cbfcbd27b3196db55e86e0,"{""A"":""x0y9+x1y0+x2y0"",""B"":""x3y0+x0y25+x0y26"",""b"":""X"",""d"":24,""excl_opp_detectors"":""True"",""k"":12,""l"":6,""leak_heralds"":""False"",""leak_repump"":""True"",""leakage"":""True"",""loss"":""True"",""m"":30,""n"":360,""p"":0.001,""prllel_1q"":480,""prllel_2q"":120,""r"":20,""repump_cycles"":3,""seq_meas"":""True"",""seq_ops"":""True"",""swapLRC"":""False""}",
        32,         0,         0,    1.02,bposd,3c4eb901d8ffce3fe8833edec93e38bf71e098409fe53b1b0b91b28d03a184fc,"{""A"":""x0y3+x10y0+x17y0"",""B"":""x5y0+x0y3+x0y19"",""b"":""X"",""d"":18,""excl_opp_detectors"":""True"",""k"":16,""l"":9,""leak_heralds"":""False"",""leak_repump"":""True"",""leakage"":""True"",""loss"":""True"",""m"":21,""n"":378,""p"":0.001,""prllel_1q"":336,""prllel_2q"":84,""r"":20,""repump_cycles"":3,""seq_meas"":""True"",""seq_ops"":""True"",""swapLRC"":""False""}",
        16,         0,         0,   0.393,bposd,12d0a895c1c7d9606c3d9751922fb0f20325cd9c13cbfcbd27b3196db55e86e0,"{""A"":""x0y9+x1y0+x2y0"",""B"":""x3y0+x0y25+x0y26"",""b"":""X"",""d"":24,""excl_opp_detectors"":""True"",""k"":12,""l"":6,""leak_heralds"":""False"",""leak_repump"":""True"",""leakage"":""True"",""loss"":""True"",""m"":30,""n"":360,""p"":0.001,""prllel_1q"":480,""prllel_2q"":120,""r"":20,""repump_cycles"":3,""seq_meas"":""True"",""seq_ops"":""True"",""swapLRC"":""False""}",
        32,         0,         0,   0.961,bposd,12d0a895c1c7d9606c3d9751922fb0f20325cd9c13cbfcbd27b3196db55e86e0,"{""A"":""x0y9+x1y0+x2y0"",""B"":""x3y0+x0y25+x0y26"",""b"":""X"",""d"":24,""excl_opp_detectors"":""True"",""k"":12,""l"":6,""leak_heralds"":""False"",""leak_repump"":""True"",""leakage"":""True"",""loss"":""True"",""m"":30,""n"":360,""p"":0.001,""prllel_1q"":480,""prllel_2q"":120,""r"":20,""repump_cycles"":3,""seq_meas"":""True"",""seq_ops"":""True"",""swapLRC"":""False""}",
        32,         0,         0,   0.840,bposd,12d0a895c1c7d9606c3d9751922fb0f20325cd9c13cbfcbd27b3196db55e86e0,"{""A"":""x0y9+x1y0+x2y0"",""B"":""x3y0+x0y25+x0y26"",""b"":""X"",""d"":24,""excl_opp_detectors"":""True"",""k"":12,""l"":6,""leak_heralds"":""False"",""leak_repump"":""True"",""leakage"":""True"",""loss"":""True"",""m"":30,""n"":360,""p"":0.001,""prllel_1q"":480,""prllel_2q"":120,""r"":20,""repump_cycles"":3,""seq_meas"":""True"",""seq_ops"":""True"",""swapLRC"":""False""}",
        32,         0,         0,   0.957,bposd,12d0a895c1c7d9606c3d9751922fb0f20325cd9c13cbfcbd27b3196db55e86e0,"{""A"":""x0y9+x1y0+x2y0"",""B"":""x3y0+x0y25+x0y26"",""b"":""X"",""d"":24,""excl_opp_detectors"":""True"",""k"":12,""l"":6,""leak_heralds"":""False"",""leak_repump"":""True"",""leakage"":""True"",""loss"":""True"",""m"":30,""n"":360,""p"":0.001,""prllel_1q"":480,""prllel_2q"":120,""r"":20,""repump_cycles"":3,""seq_meas"":""True"",""seq_ops"":""True"",""swapLRC"":""False""}",
        16,         0,         0,    3.65,bposd,3c4eb901d8ffce3fe8833edec93e38bf71e098409fe53b1b0b91b28d03a184fc,"{""A"":""x0y3+x10y0+x17y0"",""B"":""x5y0+x0y3+x0y19"",""b"":""X"",""d"":18,""excl_opp_detectors"":""True"",""k"":16,""l"":9,""leak_heralds"":""False"",""leak_repump"":""True"",""leakage"":""True"",""loss"":""True"",""m"":21,""n"":378,""p"":0.001,""prllel_1q"":336,""prllel_2q"":84,""r"":20,""repump_cycles"":3,""seq_meas"":""True"",""seq_ops"":""True"",""swapLRC"":""False""}",
        16,         0,         0,    2.12,bposd,12d0a895c1c7d9606c3d9751922fb0f20325cd9c13cbfcbd27b3196db55e86e0,"{""A"":""x0y9+x1y0+x2y0"",""B"":""x3y0+x0y25+x0y26"",""b"":""X"",""d"":24,""excl_opp_detectors"":""True"",""k"":12,""l"":6,""leak_heralds"":""False"",""leak_repump"":""True"",""leakage"":""True"",""loss"":""True"",""m"":30,""n"":360,""p"":0.001,""prllel_1q"":480,""prllel_2q"":120,""r"":20,""repump_cycles"":3,""seq_meas"":""True"",""seq_ops"":""True"",""swapLRC"":""False""}",
        16,         0,         0,    5.98,bposd,12d0a895c1c7d9606c3d9751922fb0f20325cd9c13cbfcbd27b3196db55e86e0,"{""A"":""x0y9+x1y0+x2y0"",""B"":""x3y0+x0y25+x0y26"",""b"":""X"",""d"":24,""excl_opp_detectors"":""True"",""k"":12,""l"":6,""leak_heralds"":""False"",""leak_repump"":""True"",""leakage"":""True"",""loss"":""True"",""m"":30,""n"":360,""p"":0.001,""prllel_1q"":480,""prllel_2q"":120,""r"":20,""repump_cycles"":3,""seq_meas"":""True"",""seq_ops"":""True"",""swapLRC"":""False""}",
        16,         0,         0,   0.724,bposd,3c4eb901d8ffce3fe8833edec93e38bf71e098409fe53b1b0b91b28d03a184fc,"{""A"":""x0y3+x10y0+x17y0"",""B"":""x5y0+x0y3+x0y19"",""b"":""X"",""d"":18,""excl_opp_detectors"":""True"",""k"":16,""l"":9,""leak_heralds"":""False"",""leak_repump"":""True"",""leakage"":""True"",""loss"":""True"",""m"":21,""n"":378,""p"":0.001,""prllel_1q"":336,""prllel_2q"":84,""r"":20,""repump_cycles"":3,""seq_meas"":""True"",""seq_ops"":""True"",""swapLRC"":""False""}",
        32,         0,         0,   0.881,bposd,3c4eb901d8ffce3fe8833edec93e38bf71e098409fe53b1b0b91b28d03a184fc,"{""A"":""x0y3+x10y0+x17y0"",""B"":""x5y0+x0y3+x0y19"",""b"":""X"",""d"":18,""excl_opp_detectors"":""True"",""k"":16,""l"":9,""leak_heralds"":""False"",""leak_repump"":""True"",""leakage"":""True"",""loss"":""True"",""m"":21,""n"":378,""p"":0.001,""prllel_1q"":336,""prllel_2q"":84,""r"":20,""repump_cycles"":3,""seq_meas"":""True"",""seq_ops"":""True"",""swapLRC"":""False""}",
        16,         0,         0,   0.427,bposd,3c4eb901d8ffce3fe8833edec93e38bf71e098409fe53b1b0b91b28d03a184fc,"{""A"":""x0y3+x10y0+x17y0"",""B"":""x5y0+x0y3+x0y19"",""b"":""X"",""d"":18,""excl_opp_detectors"":""True"",""k"":16,""l"":9,""leak_heralds"":""False"",""leak_repump"":""True"",""leakage"":""True"",""loss"":""True"",""m"":21,""n"":378,""p"":0.001,""prllel_1q"":336,""prllel_2q"":84,""r"":20,""repump_cycles"":3,""seq_meas"":""True"",""seq_ops"":""True"",""swapLRC"":""False""}",
         8,         0,         0,   0.236,bposd,3c4eb901d8ffce3fe8833edec93e38bf71e098409fe53b1b0b91b28d03a184fc,"{""A"":""x0y3+x10y0+x17y0"",""B"":""x5y0+x0y3+x0y19"",""b"":""X"",""d"":18,""excl_opp_detectors"":""True"",""k"":16,""l"":9,""leak_heralds"":""False"",""leak_repump"":""True"",""leakage"":""True"",""loss"":""True"",""m"":21,""n"":378,""p"":0.001,""prllel_1q"":336,""prllel_2q"":84,""r"":20,""repump_cycles"":3,""seq_meas"":""True"",""seq_ops"":""True"",""swapLRC"":""False""}",
        32,         0,         0,    1.23,bposd,3c4eb901d8ffce3fe8833edec93e38bf71e098409fe53b1b0b91b28d03a184fc,"{""A"":""x0y3+x10y0+x17y0"",""B"":""x5y0+x0y3+x0y19"",""b"":""X"",""d"":18,""excl_opp_detectors"":""True"",""k"":16,""l"":9,""leak_heralds"":""False"",""leak_repump"":""True"",""leakage"":""True"",""loss"":""True"",""m"":21,""n"":378,""p"":0.001,""prllel_1q"":336,""prllel_2q"":84,""r"":20,""repump_cycles"":3,""seq_meas"":""True"",""seq_ops"":""True"",""swapLRC"":""False""}",
        16,         0,         0,   0.622,bposd,3c4eb901d8ffce3fe8833edec93e38bf71e098409fe53b1b0b91b28d03a184fc,"{""A"":""x0y3+x10y0+x17y0"",""B"":""x5y0+x0y3+x0y19"",""b"":""X"",""d"":18,""excl_opp_detectors"":""True"",""k"":16,""l"":9,""leak_heralds"":""False"",""leak_repump"":""True"",""leakage"":""True"",""loss"":""True"",""m"":21,""n"":378,""p"":0.001,""prllel_1q"":336,""prllel_2q"":84,""r"":20,""repump_cycles"":3,""seq_meas"":""True"",""seq_ops"":""True"",""swapLRC"":""False""}",
        16,         0,         0,   0.723,bposd,3c4eb901d8ffce3fe8833edec93e38bf71e098409fe53b1b0b91b28d03a184fc,"{""A"":""x0y3+x10y0+x17y0"",""B"":""x5y0+x0y3+x0y19"",""b"":""X"",""d"":18,""excl_opp_detectors"":""True"",""k"":16,""l"":9,""leak_heralds"":""False"",""leak_repump"":""True"",""leakage"":""True"",""loss"":""True"",""m"":21,""n"":378,""p"":0.001,""prllel_1q"":336,""prllel_2q"":84,""r"":20,""repump_cycles"":3,""seq_meas"":""True"",""seq_ops"":""True"",""swapLRC"":""False""}",
        32,         0,         0,    1.32,bposd,3c4eb901d8ffce3fe8833edec93e38bf71e098409fe53b1b0b91b28d03a184fc,"{""A"":""x0y3+x10y0+x17y0"",""B"":""x5y0+x0y3+x0y19"",""b"":""X"",""d"":18,""excl_opp_detectors"":""True"",""k"":16,""l"":9,""leak_heralds"":""False"",""leak_repump"":""True"",""leakage"":""True"",""loss"":""True"",""m"":21,""n"":378,""p"":0.001,""prllel_1q"":336,""prllel_2q"":84,""r"":20,""repump_cycles"":3,""seq_meas"":""True"",""seq_ops"":""True"",""swapLRC"":""False""}",
        32,         0,         0,   0.853,bposd,12d0a895c1c7d9606c3d9751922fb0f20325cd9c13cbfcbd27b3196db55e86e0,"{""A"":""x0y9+x1y0+x2y0"",""B"":""x3y0+x0y25+x0y26"",""b"":""X"",""d"":24,""excl_opp_detectors"":""True"",""k"":12,""l"":6,""leak_heralds"":""False"",""leak_repump"":""True"",""leakage"":""True"",""loss"":""True"",""m"":30,""n"":360,""p"":0.001,""prllel_1q"":480,""prllel_2q"":120,""r"":20,""repump_cycles"":3,""seq_meas"":""True"",""seq_ops"":""True"",""swapLRC"":""False""}",
        32,         0,         0,   0.836,bposd,3c4eb901d8ffce3fe8833edec93e38bf71e098409fe53b1b0b91b28d03a184fc,"{""A"":""x0y3+x10y0+x17y0"",""B"":""x5y0+x0y3+x0y19"",""b"":""X"",""d"":18,""excl_opp_detectors"":""True"",""k"":16,""l"":9,""leak_heralds"":""False"",""leak_repump"":""True"",""leakage"":""True"",""loss"":""True"",""m"":21,""n"":378,""p"":0.001,""prllel_1q"":336,""prllel_2q"":84,""r"":20,""repump_cycles"":3,""seq_meas"":""True"",""seq_ops"":""True"",""swapLRC"":""False""}",
         8,         0,         0,   0.220,bposd,12d0a895c1c7d9606c3d9751922fb0f20325cd9c13cbfcbd27b3196db55e86e0,"{""A"":""x0y9+x1y0+x2y0"",""B"":""x3y0+x0y25+x0y26"",""b"":""X"",""d"":24,""excl_opp_detectors"":""True"",""k"":12,""l"":6,""leak_heralds"":""False"",""leak_repump"":""True"",""leakage"":""True"",""loss"":""True"",""m"":30,""n"":360,""p"":0.001,""prllel_1q"":480,""prllel_2q"":120,""r"":20,""repump_cycles"":3,""seq_meas"":""True"",""seq_ops"":""True"",""swapLRC"":""False""}",
        32,         0,         0,    1.40,bposd,12d0a895c1c7d9606c3d9751922fb0f20325cd9c13cbfcbd27b3196db55e86e0,"{""A"":""x0y9+x1y0+x2y0"",""B"":""x3y0+x0y25+x0y26"",""b"":""X"",""d"":24,""excl_opp_detectors"":""True"",""k"":12,""l"":6,""leak_heralds"":""False"",""leak_repump"":""True"",""leakage"":""True"",""loss"":""True"",""m"":30,""n"":360,""p"":0.001,""prllel_1q"":480,""prllel_2q"":120,""r"":20,""repump_cycles"":3,""seq_meas"":""True"",""seq_ops"":""True"",""swapLRC"":""False""}",
        16,         0,         0,   0.905,bposd,3c4eb901d8ffce3fe8833edec93e38bf71e098409fe53b1b0b91b28d03a184fc,"{""A"":""x0y3+x10y0+x17y0"",""B"":""x5y0+x0y3+x0y19"",""b"":""X"",""d"":18,""excl_opp_detectors"":""True"",""k"":16,""l"":9,""leak_heralds"":""False"",""leak_repump"":""True"",""leakage"":""True"",""loss"":""True"",""m"":21,""n"":378,""p"":0.001,""prllel_1q"":336,""prllel_2q"":84,""r"":20,""repump_cycles"":3,""seq_meas"":""True"",""seq_ops"":""True"",""swapLRC"":""False""}",
        16,         0,         0,   0.499,bposd,12d0a895c1c7d9606c3d9751922fb0f20325cd9c13cbfcbd27b3196db55e86e0,"{""A"":""x0y9+x1y0+x2y0"",""B"":""x3y0+x0y25+x0y26"",""b"":""X"",""d"":24,""excl_opp_detectors"":""True"",""k"":12,""l"":6,""leak_heralds"":""False"",""leak_repump"":""True"",""leakage"":""True"",""loss"":""True"",""m"":30,""n"":360,""p"":0.001,""prllel_1q"":480,""prllel_2q"":120,""r"":20,""repump_cycles"":3,""seq_meas"":""True"",""seq_ops"":""True"",""swapLRC"":""False""}",
        32,         0,         0,    1.92,bposd,3c4eb901d8ffce3fe8833edec93e38bf71e098409fe53b1b0b91b28d03a184fc,"{""A"":""x0y3+x10y0+x17y0"",""B"":""x5y0+x0y3+x0y19"",""b"":""X"",""d"":18,""excl_opp_detectors"":""True"",""k"":16,""l"":9,""leak_heralds"":""False"",""leak_repump"":""True"",""leakage"":""True"",""loss"":""True"",""m"":21,""n"":378,""p"":0.001,""prllel_1q"":336,""prllel_2q"":84,""r"":20,""repump_cycles"":3,""seq_meas"":""True"",""seq_ops"":""True"",""swapLRC"":""False""}",
        32,         0,         0,    2.56,bposd,12d0a895c1c7d9606c3d9751922fb0f20325cd9c13cbfcbd27b3196db55e86e0,"{""A"":""x0y9+x1y0+x2y0"",""B"":""x3y0+x0y25+x0y26"",""b"":""X"",""d"":24,""excl_opp_detectors"":""True"",""k"":12,""l"":6,""leak_heralds"":""False"",""leak_repump"":""True"",""leakage"":""True"",""loss"":""True"",""m"":30,""n"":360,""p"":0.001,""prllel_1q"":480,""prllel_2q"":120,""r"":20,""repump_cycles"":3,""seq_meas"":""True"",""seq_ops"":""True"",""swapLRC"":""False""}",
        32,         0,         0,   0.880,bposd,3c4eb901d8ffce3fe8833edec93e38bf71e098409fe53b1b0b91b28d03a184fc,"{""A"":""x0y3+x10y0+x17y0"",""B"":""x5y0+x0y3+x0y19"",""b"":""X"",""d"":18,""excl_opp_detectors"":""True"",""k"":16,""l"":9,""leak_heralds"":""False"",""leak_repump"":""True"",""leakage"":""True"",""loss"":""True"",""m"":21,""n"":378,""p"":0.001,""prllel_1q"":336,""prllel_2q"":84,""r"":20,""repump_cycles"":3,""seq_meas"":""True"",""seq_ops"":""True"",""swapLRC"":""False""}",
        16,         0,         0,    1.89,bposd,12d0a895c1c7d9606c3d9751922fb0f20325cd9c13cbfcbd27b3196db55e86e0,"{""A"":""x0y9+x1y0+x2y0"",""B"":""x3y0+x0y25+x0y26"",""b"":""X"",""d"":24,""excl_opp_detectors"":""True"",""k"":12,""l"":6,""leak_heralds"":""False"",""leak_repump"":""True"",""leakage"":""True"",""loss"":""True"",""m"":30,""n"":360,""p"":0.001,""prllel_1q"":480,""prllel_2q"":120,""r"":20,""repump_cycles"":3,""seq_meas"":""True"",""seq_ops"":""True"",""swapLRC"":""False""}",
        32,         0,         0,   0.682,bposd,12d0a895c1c7d9606c3d9751922fb0f20325cd9c13cbfcbd27b3196db55e86e0,"{""A"":""x0y9+x1y0+x2y0"",""B"":""x3y0+x0y25+x0y26"",""b"":""X"",""d"":24,""excl_opp_detectors"":""True"",""k"":12,""l"":6,""leak_heralds"":""False"",""leak_repump"":""True"",""leakage"":""True"",""loss"":""True"",""m"":30,""n"":360,""p"":0.001,""prllel_1q"":480,""prllel_2q"":120,""r"":20,""repump_cycles"":3,""seq_meas"":""True"",""seq_ops"":""True"",""swapLRC"":""False""}",
        16,         0,         0,   0.332,bposd,3c4eb901d8ffce3fe8833edec93e38bf71e098409fe53b1b0b91b28d03a184fc,"{""A"":""x0y3+x10y0+x17y0"",""B"":""x5y0+x0y3+x0y19"",""b"":""X"",""d"":18,""excl_opp_detectors"":""True"",""k"":16,""l"":9,""leak_heralds"":""False"",""leak_repump"":""True"",""leakage"":""True"",""loss"":""True"",""m"":21,""n"":378,""p"":0.001,""prllel_1q"":336,""prllel_2q"":84,""r"":20,""repump_cycles"":3,""seq_meas"":""True"",""seq_ops"":""True"",""swapLRC"":""False""}",
        32,         0,         0,   0.972,bposd,3c4eb901d8ffce3fe8833edec93e38bf71e098409fe53b1b0b91b28d03a184fc,"{""A"":""x0y3+x10y0+x17y0"",""B"":""x5y0+x0y3+x0y19"",""b"":""X"",""d"":18,""excl_opp_detectors"":""True"",""k"":16,""l"":9,""leak_heralds"":""False"",""leak_repump"":""True"",""leakage"":""True"",""loss"":""True"",""m"":21,""n"":378,""p"":0.001,""prllel_1q"":336,""prllel_2q"":84,""r"":20,""repump_cycles"":3,""seq_meas"":""True"",""seq_ops"":""True"",""swapLRC"":""False""}",
        32,         0,         0,    3.43,bposd,3c4eb901d8ffce3fe8833edec93e38bf71e098409fe53b1b0b91b28d03a184fc,"{""A"":""x0y3+x10y0+x17y0"",""B"":""x5y0+x0y3+x0y19"",""b"":""X"",""d"":18,""excl_opp_detectors"":""True"",""k"":16,""l"":9,""leak_heralds"":""False"",""leak_repump"":""True"",""leakage"":""True"",""loss"":""True"",""m"":21,""n"":378,""p"":0.001,""prllel_1q"":336,""prllel_2q"":84,""r"":20,""repump_cycles"":3,""seq_meas"":""True"",""seq_ops"":""True"",""swapLRC"":""False""}",
        48,         0,         0,   0.952,bposd,3c4eb901d8ffce3fe8833edec93e38bf71e098409fe53b1b0b91b28d03a184fc,"{""A"":""x0y3+x10y0+x17y0"",""B"":""x5y0+x0y3+x0y19"",""b"":""X"",""d"":18,""excl_opp_detectors"":""True"",""k"":16,""l"":9,""leak_heralds"":""False"",""leak_repump"":""True"",""leakage"":""True"",""loss"":""True"",""m"":21,""n"":378,""p"":0.001,""prllel_1q"":336,""prllel_2q"":84,""r"":20,""repump_cycles"":3,""seq_meas"":""True"",""seq_ops"":""True"",""swapLRC"":""False""}",
        16,         0,         0,   0.406,bposd,3c4eb901d8ffce3fe8833edec93e38bf71e098409fe53b1b0b91b28d03a184fc,"{""A"":""x0y3+x10y0+x17y0"",""B"":""x5y0+x0y3+x0y19"",""b"":""X"",""d"":18,""excl_opp_detectors"":""True"",""k"":16,""l"":9,""leak_heralds"":""False"",""leak_repump"":""True"",""leakage"":""True"",""loss"":""True"",""m"":21,""n"":378,""p"":0.001,""prllel_1q"":336,""prllel_2q"":84,""r"":20,""repump_cycles"":3,""seq_meas"":""True"",""seq_ops"":""True"",""swapLRC"":""False""}",
        16,         0,         0,   0.337,bposd,12d0a895c1c7d9606c3d9751922fb0f20325cd9c13cbfcbd27b3196db55e86e0,"{""A"":""x0y9+x1y0+x2y0"",""B"":""x3y0+x0y25+x0y26"",""b"":""X"",""d"":24,""excl_opp_detectors"":""True"",""k"":12,""l"":6,""leak_heralds"":""False"",""leak_repump"":""True"",""leakage"":""True"",""loss"":""True"",""m"":30,""n"":360,""p"":0.001,""prllel_1q"":480,""prllel_2q"":120,""r"":20,""repump_cycles"":3,""seq_meas"":""True"",""seq_ops"":""True"",""swapLRC"":""False""}",
        16,         0,         0,    1.12,bposd,3c4eb901d8ffce3fe8833edec93e38bf71e098409fe53b1b0b91b28d03a184fc,"{""A"":""x0y3+x10y0+x17y0"",""B"":""x5y0+x0y3+x0y19"",""b"":""X"",""d"":18,""excl_opp_detectors"":""True"",""k"":16,""l"":9,""leak_heralds"":""False"",""leak_repump"":""True"",""leakage"":""True"",""loss"":""True"",""m"":21,""n"":378,""p"":0.001,""prllel_1q"":336,""prllel_2q"":84,""r"":20,""repump_cycles"":3,""seq_meas"":""True"",""seq_ops"":""True"",""swapLRC"":""False""}",
        16,         0,         0,   0.391,bposd,3c4eb901d8ffce3fe8833edec93e38bf71e098409fe53b1b0b91b28d03a184fc,"{""A"":""x0y3+x10y0+x17y0"",""B"":""x5y0+x0y3+x0y19"",""b"":""X"",""d"":18,""excl_opp_detectors"":""True"",""k"":16,""l"":9,""leak_heralds"":""False"",""leak_repump"":""True"",""leakage"":""True"",""loss"":""True"",""m"":21,""n"":378,""p"":0.001,""prllel_1q"":336,""prllel_2q"":84,""r"":20,""repump_cycles"":3,""seq_meas"":""True"",""seq_ops"":""True"",""swapLRC"":""False""}",
        32,         0,         0,    1.73,bposd,3c4eb901d8ffce3fe8833edec93e38bf71e098409fe53b1b0b91b28d03a184fc,"{""A"":""x0y3+x10y0+x17y0"",""B"":""x5y0+x0y3+x0y19"",""b"":""X"",""d"":18,""excl_opp_detectors"":""True"",""k"":16,""l"":9,""leak_heralds"":""False"",""leak_repump"":""True"",""leakage"":""True"",""loss"":""True"",""m"":21,""n"":378,""p"":0.001,""prllel_1q"":336,""prllel_2q"":84,""r"":20,""repump_cycles"":3,""seq_meas"":""True"",""seq_ops"":""True"",""swapLRC"":""False""}",
        32,         0,         0,    1.55,bposd,12d0a895c1c7d9606c3d9751922fb0f20325cd9c13cbfcbd27b3196db55e86e0,"{""A"":""x0y9+x1y0+x2y0"",""B"":""x3y0+x0y25+x0y26"",""b"":""X"",""d"":24,""excl_opp_detectors"":""True"",""k"":12,""l"":6,""leak_heralds"":""False"",""leak_repump"":""True"",""leakage"":""True"",""loss"":""True"",""m"":30,""n"":360,""p"":0.001,""prllel_1q"":480,""prllel_2q"":120,""r"":20,""repump_cycles"":3,""seq_meas"":""True"",""seq_ops"":""True"",""swapLRC"":""False""}",
        48,         0,         0,    1.39,bposd,3c4eb901d8ffce3fe8833edec93e38bf71e098409fe53b1b0b91b28d03a184fc,"{""A"":""x0y3+x10y0+x17y0"",""B"":""x5y0+x0y3+x0y19"",""b"":""X"",""d"":18,""excl_opp_detectors"":""True"",""k"":16,""l"":9,""leak_heralds"":""False"",""leak_repump"":""True"",""leakage"":""True"",""loss"":""True"",""m"":21,""n"":378,""p"":0.001,""prllel_1q"":336,""prllel_2q"":84,""r"":20,""repump_cycles"":3,""seq_meas"":""True"",""seq_ops"":""True"",""swapLRC"":""False""}",
        16,         0,         0,   0.372,bposd,12d0a895c1c7d9606c3d9751922fb0f20325cd9c13cbfcbd27b3196db55e86e0,"{""A"":""x0y9+x1y0+x2y0"",""B"":""x3y0+x0y25+x0y26"",""b"":""X"",""d"":24,""excl_opp_detectors"":""True"",""k"":12,""l"":6,""leak_heralds"":""False"",""leak_repump"":""True"",""leakage"":""True"",""loss"":""True"",""m"":30,""n"":360,""p"":0.001,""prllel_1q"":480,""prllel_2q"":120,""r"":20,""repump_cycles"":3,""seq_meas"":""True"",""seq_ops"":""True"",""swapLRC"":""False""}",
        32,         0,         0,   0.878,bposd,12d0a895c1c7d9606c3d9751922fb0f20325cd9c13cbfcbd27b3196db55e86e0,"{""A"":""x0y9+x1y0+x2y0"",""B"":""x3y0+x0y25+x0y26"",""b"":""X"",""d"":24,""excl_opp_detectors"":""True"",""k"":12,""l"":6,""leak_heralds"":""False"",""leak_repump"":""True"",""leakage"":""True"",""loss"":""True"",""m"":30,""n"":360,""p"":0.001,""prllel_1q"":480,""prllel_2q"":120,""r"":20,""repump_cycles"":3,""seq_meas"":""True"",""seq_ops"":""True"",""swapLRC"":""False""}",
        32,         0,         0,   0.910,bposd,3c4eb901d8ffce3fe8833edec93e38bf71e098409fe53b1b0b91b28d03a184fc,"{""A"":""x0y3+x10y0+x17y0"",""B"":""x5y0+x0y3+x0y19"",""b"":""X"",""d"":18,""excl_opp_detectors"":""True"",""k"":16,""l"":9,""leak_heralds"":""False"",""leak_repump"":""True"",""leakage"":""True"",""loss"":""True"",""m"":21,""n"":378,""p"":0.001,""prllel_1q"":336,""prllel_2q"":84,""r"":20,""repump_cycles"":3,""seq_meas"":""True"",""seq_ops"":""True"",""swapLRC"":""False""}",
        32,         0,         0,    1.10,bposd,12d0a895c1c7d9606c3d9751922fb0f20325cd9c13cbfcbd27b3196db55e86e0,"{""A"":""x0y9+x1y0+x2y0"",""B"":""x3y0+x0y25+x0y26"",""b"":""X"",""d"":24,""excl_opp_detectors"":""True"",""k"":12,""l"":6,""leak_heralds"":""False"",""leak_repump"":""True"",""leakage"":""True"",""loss"":""True"",""m"":30,""n"":360,""p"":0.001,""prllel_1q"":480,""prllel_2q"":120,""r"":20,""repump_cycles"":3,""seq_meas"":""True"",""seq_ops"":""True"",""swapLRC"":""False""}",
        32,         0,         0,   0.955,bposd,12d0a895c1c7d9606c3d9751922fb0f20325cd9c13cbfcbd27b3196db55e86e0,"{""A"":""x0y9+x1y0+x2y0"",""B"":""x3y0+x0y25+x0y26"",""b"":""X"",""d"":24,""excl_opp_detectors"":""True"",""k"":12,""l"":6,""leak_heralds"":""False"",""leak_repump"":""True"",""leakage"":""True"",""loss"":""True"",""m"":30,""n"":360,""p"":0.001,""prllel_1q"":480,""prllel_2q"":120,""r"":20,""repump_cycles"":3,""seq_meas"":""True"",""seq_ops"":""True"",""swapLRC"":""False""}",
        16,         0,         0,   0.559,bposd,3c4eb901d8ffce3fe8833edec93e38bf71e098409fe53b1b0b91b28d03a184fc,"{""A"":""x0y3+x10y0+x17y0"",""B"":""x5y0+x0y3+x0y19"",""b"":""X"",""d"":18,""excl_opp_detectors"":""True"",""k"":16,""l"":9,""leak_heralds"":""False"",""leak_repump"":""True"",""leakage"":""True"",""loss"":""True"",""m"":21,""n"":378,""p"":0.001,""prllel_1q"":336,""prllel_2q"":84,""r"":20,""repump_cycles"":3,""seq_meas"":""True"",""seq_ops"":""True"",""swapLRC"":""False""}",
        48,         0,         0,    1.18,bposd,3c4eb901d8ffce3fe8833edec93e38bf71e098409fe53b1b0b91b28d03a184fc,"{""A"":""x0y3+x10y0+x17y0"",""B"":""x5y0+x0y3+x0y19"",""b"":""X"",""d"":18,""excl_opp_detectors"":""True"",""k"":16,""l"":9,""leak_heralds"":""False"",""leak_repump"":""True"",""leakage"":""True"",""loss"":""True"",""m"":21,""n"":378,""p"":0.001,""prllel_1q"":336,""prllel_2q"":84,""r"":20,""repump_cycles"":3,""seq_meas"":""True"",""seq_ops"":""True"",""swapLRC"":""False""}",
        16,         0,         0,   0.759,bposd,3c4eb901d8ffce3fe8833edec93e38bf71e098409fe53b1b0b91b28d03a184fc,"{""A"":""x0y3+x10y0+x17y0"",""B"":""x5y0+x0y3+x0y19"",""b"":""X"",""d"":18,""excl_opp_detectors"":""True"",""k"":16,""l"":9,""leak_heralds"":""False"",""leak_repump"":""True"",""leakage"":""True"",""loss"":""True"",""m"":21,""n"":378,""p"":0.001,""prllel_1q"":336,""prllel_2q"":84,""r"":20,""repump_cycles"":3,""seq_meas"":""True"",""seq_ops"":""True"",""swapLRC"":""False""}",
        16,         0,         0,   0.515,bposd,12d0a895c1c7d9606c3d9751922fb0f20325cd9c13cbfcbd27b3196db55e86e0,"{""A"":""x0y9+x1y0+x2y0"",""B"":""x3y0+x0y25+x0y26"",""b"":""X"",""d"":24,""excl_opp_detectors"":""True"",""k"":12,""l"":6,""leak_heralds"":""False"",""leak_repump"":""True"",""leakage"":""True"",""loss"":""True"",""m"":30,""n"":360,""p"":0.001,""prllel_1q"":480,""prllel_2q"":120,""r"":20,""repump_cycles"":3,""seq_meas"":""True"",""seq_ops"":""True"",""swapLRC"":""False""}",
        48,         0,         0,    1.21,bposd,3c4eb901d8ffce3fe8833edec93e38bf71e098409fe53b1b0b91b28d03a184fc,"{""A"":""x0y3+x10y0+x17y0"",""B"":""x5y0+x0y3+x0y19"",""b"":""X"",""d"":18,""excl_opp_detectors"":""True"",""k"":16,""l"":9,""leak_heralds"":""False"",""leak_repump"":""True"",""leakage"":""True"",""loss"":""True"",""m"":21,""n"":378,""p"":0.001,""prllel_1q"":336,""prllel_2q"":84,""r"":20,""repump_cycles"":3,""seq_meas"":""True"",""seq_ops"":""True"",""swapLRC"":""False""}",
        16,         0,         0,   0.381,bposd,3c4eb901d8ffce3fe8833edec93e38bf71e098409fe53b1b0b91b28d03a184fc,"{""A"":""x0y3+x10y0+x17y0"",""B"":""x5y0+x0y3+x0y19"",""b"":""X"",""d"":18,""excl_opp_detectors"":""True"",""k"":16,""l"":9,""leak_heralds"":""False"",""leak_repump"":""True"",""leakage"":""True"",""loss"":""True"",""m"":21,""n"":378,""p"":0.001,""prllel_1q"":336,""prllel_2q"":84,""r"":20,""repump_cycles"":3,""seq_meas"":""True"",""seq_ops"":""True"",""swapLRC"":""False""}",
        16,         0,         0,   0.570,bposd,3c4eb901d8ffce3fe8833edec93e38bf71e098409fe53b1b0b91b28d03a184fc,"{""A"":""x0y3+x10y0+x17y0"",""B"":""x5y0+x0y3+x0y19"",""b"":""X"",""d"":18,""excl_opp_detectors"":""True"",""k"":16,""l"":9,""leak_heralds"":""False"",""leak_repump"":""True"",""leakage"":""True"",""loss"":""True"",""m"":21,""n"":378,""p"":0.001,""prllel_1q"":336,""prllel_2q"":84,""r"":20,""repump_cycles"":3,""seq_meas"":""True"",""seq_ops"":""True"",""swapLRC"":""False""}",
        48,         0,         0,    1.58,bposd,12d0a895c1c7d9606c3d9751922fb0f20325cd9c13cbfcbd27b3196db55e86e0,"{""A"":""x0y9+x1y0+x2y0"",""B"":""x3y0+x0y25+x0y26"",""b"":""X"",""d"":24,""excl_opp_detectors"":""True"",""k"":12,""l"":6,""leak_heralds"":""False"",""leak_repump"":""True"",""leakage"":""True"",""loss"":""True"",""m"":30,""n"":360,""p"":0.001,""prllel_1q"":480,""prllel_2q"":120,""r"":20,""repump_cycles"":3,""seq_meas"":""True"",""seq_ops"":""True"",""swapLRC"":""False""}",
        16,         0,         0,   0.421,bposd,3c4eb901d8ffce3fe8833edec93e38bf71e098409fe53b1b0b91b28d03a184fc,"{""A"":""x0y3+x10y0+x17y0"",""B"":""x5y0+x0y3+x0y19"",""b"":""X"",""d"":18,""excl_opp_detectors"":""True"",""k"":16,""l"":9,""leak_heralds"":""False"",""leak_repump"":""True"",""leakage"":""True"",""loss"":""True"",""m"":21,""n"":378,""p"":0.001,""prllel_1q"":336,""prllel_2q"":84,""r"":20,""repump_cycles"":3,""seq_meas"":""True"",""seq_ops"":""True"",""swapLRC"":""False""}",
        32,         0,         0,   0.809,bposd,3c4eb901d8ffce3fe8833edec93e38bf71e098409fe53b1b0b91b28d03a184fc,"{""A"":""x0y3+x10y0+x17y0"",""B"":""x5y0+x0y3+x0y19"",""b"":""X"",""d"":18,""excl_opp_detectors"":""True"",""k"":16,""l"":9,""leak_heralds"":""False"",""leak_repump"":""True"",""leakage"":""True"",""loss"":""True"",""m"":21,""n"":378,""p"":0.001,""prllel_1q"":336,""prllel_2q"":84,""r"":20,""repump_cycles"":3,""seq_meas"":""True"",""seq_ops"":""True"",""swapLRC"":""False""}",
        32,         0,         0,   0.767,bposd,12d0a895c1c7d9606c3d9751922fb0f20325cd9c13cbfcbd27b3196db55e86e0,"{""A"":""x0y9+x1y0+x2y0"",""B"":""x3y0+x0y25+x0y26"",""b"":""X"",""d"":24,""excl_opp_detectors"":""True"",""k"":12,""l"":6,""leak_heralds"":""False"",""leak_repump"":""True"",""leakage"":""True"",""loss"":""True"",""m"":30,""n"":360,""p"":0.001,""prllel_1q"":480,""prllel_2q"":120,""r"":20,""repump_cycles"":3,""seq_meas"":""True"",""seq_ops"":""True"",""swapLRC"":""False""}",
        32,         0,         0,    1.55,bposd,12d0a895c1c7d9606c3d9751922fb0f20325cd9c13cbfcbd27b3196db55e86e0,"{""A"":""x0y9+x1y0+x2y0"",""B"":""x3y0+x0y25+x0y26"",""b"":""X"",""d"":24,""excl_opp_detectors"":""True"",""k"":12,""l"":6,""leak_heralds"":""False"",""leak_repump"":""True"",""leakage"":""True"",""loss"":""True"",""m"":30,""n"":360,""p"":0.001,""prllel_1q"":480,""prllel_2q"":120,""r"":20,""repump_cycles"":3,""seq_meas"":""True"",""seq_ops"":""True"",""swapLRC"":""False""}",
        16,         0,         0,   0.328,bposd,12d0a895c1c7d9606c3d9751922fb0f20325cd9c13cbfcbd27b3196db55e86e0,"{""A"":""x0y9+x1y0+x2y0"",""B"":""x3y0+x0y25+x0y26"",""b"":""X"",""d"":24,""excl_opp_detectors"":""True"",""k"":12,""l"":6,""leak_heralds"":""False"",""leak_repump"":""True"",""leakage"":""True"",""loss"":""True"",""m"":30,""n"":360,""p"":0.001,""prllel_1q"":480,""prllel_2q"":120,""r"":20,""repump_cycles"":3,""seq_meas"":""True"",""seq_ops"":""True"",""swapLRC"":""False""}",
        48,         0,         0,    1.27,bposd,3c4eb901d8ffce3fe8833edec93e38bf71e098409fe53b1b0b91b28d03a184fc,"{""A"":""x0y3+x10y0+x17y0"",""B"":""x5y0+x0y3+x0y19"",""b"":""X"",""d"":18,""excl_opp_detectors"":""True"",""k"":16,""l"":9,""leak_heralds"":""False"",""leak_repump"":""True"",""leakage"":""True"",""loss"":""True"",""m"":21,""n"":378,""p"":0.001,""prllel_1q"":336,""prllel_2q"":84,""r"":20,""repump_cycles"":3,""seq_meas"":""True"",""seq_ops"":""True"",""swapLRC"":""False""}",
        16,         0,         0,    1.29,bposd,12d0a895c1c7d9606c3d9751922fb0f20325cd9c13cbfcbd27b3196db55e86e0,"{""A"":""x0y9+x1y0+x2y0"",""B"":""x3y0+x0y25+x0y26"",""b"":""X"",""d"":24,""excl_opp_detectors"":""True"",""k"":12,""l"":6,""leak_heralds"":""False"",""leak_repump"":""True"",""leakage"":""True"",""loss"":""True"",""m"":30,""n"":360,""p"":0.001,""prllel_1q"":480,""prllel_2q"":120,""r"":20,""repump_cycles"":3,""seq_meas"":""True"",""seq_ops"":""True"",""swapLRC"":""False""}",
        40,         0,         0,    1.06,bposd,12d0a895c1c7d9606c3d9751922fb0f20325cd9c13cbfcbd27b3196db55e86e0,"{""A"":""x0y9+x1y0+x2y0"",""B"":""x3y0+x0y25+x0y26"",""b"":""X"",""d"":24,""excl_opp_detectors"":""True"",""k"":12,""l"":6,""leak_heralds"":""False"",""leak_repump"":""True"",""leakage"":""True"",""loss"":""True"",""m"":30,""n"":360,""p"":0.001,""prllel_1q"":480,""prllel_2q"":120,""r"":20,""repump_cycles"":3,""seq_meas"":""True"",""seq_ops"":""True"",""swapLRC"":""False""}",
        32,         0,         0,    1.62,bposd,3c4eb901d8ffce3fe8833edec93e38bf71e098409fe53b1b0b91b28d03a184fc,"{""A"":""x0y3+x10y0+x17y0"",""B"":""x5y0+x0y3+x0y19"",""b"":""X"",""d"":18,""excl_opp_detectors"":""True"",""k"":16,""l"":9,""leak_heralds"":""False"",""leak_repump"":""True"",""leakage"":""True"",""loss"":""True"",""m"":21,""n"":378,""p"":0.001,""prllel_1q"":336,""prllel_2q"":84,""r"":20,""repump_cycles"":3,""seq_meas"":""True"",""seq_ops"":""True"",""swapLRC"":""False""}",
        32,         0,         0,    1.34,bposd,12d0a895c1c7d9606c3d9751922fb0f20325cd9c13cbfcbd27b3196db55e86e0,"{""A"":""x0y9+x1y0+x2y0"",""B"":""x3y0+x0y25+x0y26"",""b"":""X"",""d"":24,""excl_opp_detectors"":""True"",""k"":12,""l"":6,""leak_heralds"":""False"",""leak_repump"":""True"",""leakage"":""True"",""loss"":""True"",""m"":30,""n"":360,""p"":0.001,""prllel_1q"":480,""prllel_2q"":120,""r"":20,""repump_cycles"":3,""seq_meas"":""True"",""seq_ops"":""True"",""swapLRC"":""False""}",
        16,         0,         0,   0.518,bposd,3c4eb901d8ffce3fe8833edec93e38bf71e098409fe53b1b0b91b28d03a184fc,"{""A"":""x0y3+x10y0+x17y0"",""B"":""x5y0+x0y3+x0y19"",""b"":""X"",""d"":18,""excl_opp_detectors"":""True"",""k"":16,""l"":9,""leak_heralds"":""False"",""leak_repump"":""True"",""leakage"":""True"",""loss"":""True"",""m"":21,""n"":378,""p"":0.001,""prllel_1q"":336,""prllel_2q"":84,""r"":20,""repump_cycles"":3,""seq_meas"":""True"",""seq_ops"":""True"",""swapLRC"":""False""}",
        64,         0,         0,    1.40,bposd,12d0a895c1c7d9606c3d9751922fb0f20325cd9c13cbfcbd27b3196db55e86e0,"{""A"":""x0y9+x1y0+x2y0"",""B"":""x3y0+x0y25+x0y26"",""b"":""X"",""d"":24,""excl_opp_detectors"":""True"",""k"":12,""l"":6,""leak_heralds"":""False"",""leak_repump"":""True"",""leakage"":""True"",""loss"":""True"",""m"":30,""n"":360,""p"":0.001,""prllel_1q"":480,""prllel_2q"":120,""r"":20,""repump_cycles"":3,""seq_meas"":""True"",""seq_ops"":""True"",""swapLRC"":""False""}",
        32,         0,         0,   0.775,bposd,12d0a895c1c7d9606c3d9751922fb0f20325cd9c13cbfcbd27b3196db55e86e0,"{""A"":""x0y9+x1y0+x2y0"",""B"":""x3y0+x0y25+x0y26"",""b"":""X"",""d"":24,""excl_opp_detectors"":""True"",""k"":12,""l"":6,""leak_heralds"":""False"",""leak_repump"":""True"",""leakage"":""True"",""loss"":""True"",""m"":30,""n"":360,""p"":0.001,""prllel_1q"":480,""prllel_2q"":120,""r"":20,""repump_cycles"":3,""seq_meas"":""True"",""seq_ops"":""True"",""swapLRC"":""False""}",
        16,         0,         0,   0.467,bposd,12d0a895c1c7d9606c3d9751922fb0f20325cd9c13cbfcbd27b3196db55e86e0,"{""A"":""x0y9+x1y0+x2y0"",""B"":""x3y0+x0y25+x0y26"",""b"":""X"",""d"":24,""excl_opp_detectors"":""True"",""k"":12,""l"":6,""leak_heralds"":""False"",""leak_repump"":""True"",""leakage"":""True"",""loss"":""True"",""m"":30,""n"":360,""p"":0.001,""prllel_1q"":480,""prllel_2q"":120,""r"":20,""repump_cycles"":3,""seq_meas"":""True"",""seq_ops"":""True"",""swapLRC"":""False""}",
        16,         0,         0,   0.703,bposd,3c4eb901d8ffce3fe8833edec93e38bf71e098409fe53b1b0b91b28d03a184fc,"{""A"":""x0y3+x10y0+x17y0"",""B"":""x5y0+x0y3+x0y19"",""b"":""X"",""d"":18,""excl_opp_detectors"":""True"",""k"":16,""l"":9,""leak_heralds"":""False"",""leak_repump"":""True"",""leakage"":""True"",""loss"":""True"",""m"":21,""n"":378,""p"":0.001,""prllel_1q"":336,""prllel_2q"":84,""r"":20,""repump_cycles"":3,""seq_meas"":""True"",""seq_ops"":""True"",""swapLRC"":""False""}",
        48,         0,         0,    1.49,bposd,12d0a895c1c7d9606c3d9751922fb0f20325cd9c13cbfcbd27b3196db55e86e0,"{""A"":""x0y9+x1y0+x2y0"",""B"":""x3y0+x0y25+x0y26"",""b"":""X"",""d"":24,""excl_opp_detectors"":""True"",""k"":12,""l"":6,""leak_heralds"":""False"",""leak_repump"":""True"",""leakage"":""True"",""loss"":""True"",""m"":30,""n"":360,""p"":0.001,""prllel_1q"":480,""prllel_2q"":120,""r"":20,""repump_cycles"":3,""seq_meas"":""True"",""seq_ops"":""True"",""swapLRC"":""False""}",
        16,         0,         0,   0.416,bposd,3c4eb901d8ffce3fe8833edec93e38bf71e098409fe53b1b0b91b28d03a184fc,"{""A"":""x0y3+x10y0+x17y0"",""B"":""x5y0+x0y3+x0y19"",""b"":""X"",""d"":18,""excl_opp_detectors"":""True"",""k"":16,""l"":9,""leak_heralds"":""False"",""leak_repump"":""True"",""leakage"":""True"",""loss"":""True"",""m"":21,""n"":378,""p"":0.001,""prllel_1q"":336,""prllel_2q"":84,""r"":20,""repump_cycles"":3,""seq_meas"":""True"",""seq_ops"":""True"",""swapLRC"":""False""}",
        32,         0,         0,   0.815,bposd,3c4eb901d8ffce3fe8833edec93e38bf71e098409fe53b1b0b91b28d03a184fc,"{""A"":""x0y3+x10y0+x17y0"",""B"":""x5y0+x0y3+x0y19"",""b"":""X"",""d"":18,""excl_opp_detectors"":""True"",""k"":16,""l"":9,""leak_heralds"":""False"",""leak_repump"":""True"",""leakage"":""True"",""loss"":""True"",""m"":21,""n"":378,""p"":0.001,""prllel_1q"":336,""prllel_2q"":84,""r"":20,""repump_cycles"":3,""seq_meas"":""True"",""seq_ops"":""True"",""swapLRC"":""False""}",
        32,         0,         0,    1.23,bposd,3c4eb901d8ffce3fe8833edec93e38bf71e098409fe53b1b0b91b28d03a184fc,"{""A"":""x0y3+x10y0+x17y0"",""B"":""x5y0+x0y3+x0y19"",""b"":""X"",""d"":18,""excl_opp_detectors"":""True"",""k"":16,""l"":9,""leak_heralds"":""False"",""leak_repump"":""True"",""leakage"":""True"",""loss"":""True"",""m"":21,""n"":378,""p"":0.001,""prllel_1q"":336,""prllel_2q"":84,""r"":20,""repump_cycles"":3,""seq_meas"":""True"",""seq_ops"":""True"",""swapLRC"":""False""}",
        32,         0,         0,    1.20,bposd,3c4eb901d8ffce3fe8833edec93e38bf71e098409fe53b1b0b91b28d03a184fc,"{""A"":""x0y3+x10y0+x17y0"",""B"":""x5y0+x0y3+x0y19"",""b"":""X"",""d"":18,""excl_opp_detectors"":""True"",""k"":16,""l"":9,""leak_heralds"":""False"",""leak_repump"":""True"",""leakage"":""True"",""loss"":""True"",""m"":21,""n"":378,""p"":0.001,""prllel_1q"":336,""prllel_2q"":84,""r"":20,""repump_cycles"":3,""seq_meas"":""True"",""seq_ops"":""True"",""swapLRC"":""False""}",
        32,         0,         0,    1.40,bposd,3c4eb901d8ffce3fe8833edec93e38bf71e098409fe53b1b0b91b28d03a184fc,"{""A"":""x0y3+x10y0+x17y0"",""B"":""x5y0+x0y3+x0y19"",""b"":""X"",""d"":18,""excl_opp_detectors"":""True"",""k"":16,""l"":9,""leak_heralds"":""False"",""leak_repump"":""True"",""leakage"":""True"",""loss"":""True"",""m"":21,""n"":378,""p"":0.001,""prllel_1q"":336,""prllel_2q"":84,""r"":20,""repump_cycles"":3,""seq_meas"":""True"",""seq_ops"":""True"",""swapLRC"":""False""}",
        16,         0,         0,   0.435,bposd,12d0a895c1c7d9606c3d9751922fb0f20325cd9c13cbfcbd27b3196db55e86e0,"{""A"":""x0y9+x1y0+x2y0"",""B"":""x3y0+x0y25+x0y26"",""b"":""X"",""d"":24,""excl_opp_detectors"":""True"",""k"":12,""l"":6,""leak_heralds"":""False"",""leak_repump"":""True"",""leakage"":""True"",""loss"":""True"",""m"":30,""n"":360,""p"":0.001,""prllel_1q"":480,""prllel_2q"":120,""r"":20,""repump_cycles"":3,""seq_meas"":""True"",""seq_ops"":""True"",""swapLRC"":""False""}",
        16,         0,         0,    5.56,bposd,12d0a895c1c7d9606c3d9751922fb0f20325cd9c13cbfcbd27b3196db55e86e0,"{""A"":""x0y9+x1y0+x2y0"",""B"":""x3y0+x0y25+x0y26"",""b"":""X"",""d"":24,""excl_opp_detectors"":""True"",""k"":12,""l"":6,""leak_heralds"":""False"",""leak_repump"":""True"",""leakage"":""True"",""loss"":""True"",""m"":30,""n"":360,""p"":0.001,""prllel_1q"":480,""prllel_2q"":120,""r"":20,""repump_cycles"":3,""seq_meas"":""True"",""seq_ops"":""True"",""swapLRC"":""False""}",
        16,         0,         0,   0.993,bposd,3c4eb901d8ffce3fe8833edec93e38bf71e098409fe53b1b0b91b28d03a184fc,"{""A"":""x0y3+x10y0+x17y0"",""B"":""x5y0+x0y3+x0y19"",""b"":""X"",""d"":18,""excl_opp_detectors"":""True"",""k"":16,""l"":9,""leak_heralds"":""False"",""leak_repump"":""True"",""leakage"":""True"",""loss"":""True"",""m"":21,""n"":378,""p"":0.001,""prllel_1q"":336,""prllel_2q"":84,""r"":20,""repump_cycles"":3,""seq_meas"":""True"",""seq_ops"":""True"",""swapLRC"":""False""}",
        48,         0,         0,    1.20,bposd,3c4eb901d8ffce3fe8833edec93e38bf71e098409fe53b1b0b91b28d03a184fc,"{""A"":""x0y3+x10y0+x17y0"",""B"":""x5y0+x0y3+x0y19"",""b"":""X"",""d"":18,""excl_opp_detectors"":""True"",""k"":16,""l"":9,""leak_heralds"":""False"",""leak_repump"":""True"",""leakage"":""True"",""loss"":""True"",""m"":21,""n"":378,""p"":0.001,""prllel_1q"":336,""prllel_2q"":84,""r"":20,""repump_cycles"":3,""seq_meas"":""True"",""seq_ops"":""True"",""swapLRC"":""False""}",
        32,         0,         0,   0.807,bposd,3c4eb901d8ffce3fe8833edec93e38bf71e098409fe53b1b0b91b28d03a184fc,"{""A"":""x0y3+x10y0+x17y0"",""B"":""x5y0+x0y3+x0y19"",""b"":""X"",""d"":18,""excl_opp_detectors"":""True"",""k"":16,""l"":9,""leak_heralds"":""False"",""leak_repump"":""True"",""leakage"":""True"",""loss"":""True"",""m"":21,""n"":378,""p"":0.001,""prllel_1q"":336,""prllel_2q"":84,""r"":20,""repump_cycles"":3,""seq_meas"":""True"",""seq_ops"":""True"",""swapLRC"":""False""}",
        16,         0,         0,   0.428,bposd,12d0a895c1c7d9606c3d9751922fb0f20325cd9c13cbfcbd27b3196db55e86e0,"{""A"":""x0y9+x1y0+x2y0"",""B"":""x3y0+x0y25+x0y26"",""b"":""X"",""d"":24,""excl_opp_detectors"":""True"",""k"":12,""l"":6,""leak_heralds"":""False"",""leak_repump"":""True"",""leakage"":""True"",""loss"":""True"",""m"":30,""n"":360,""p"":0.001,""prllel_1q"":480,""prllel_2q"":120,""r"":20,""repump_cycles"":3,""seq_meas"":""True"",""seq_ops"":""True"",""swapLRC"":""False""}",
        32,         0,         0,   0.999,bposd,12d0a895c1c7d9606c3d9751922fb0f20325cd9c13cbfcbd27b3196db55e86e0,"{""A"":""x0y9+x1y0+x2y0"",""B"":""x3y0+x0y25+x0y26"",""b"":""X"",""d"":24,""excl_opp_detectors"":""True"",""k"":12,""l"":6,""leak_heralds"":""False"",""leak_repump"":""True"",""leakage"":""True"",""loss"":""True"",""m"":30,""n"":360,""p"":0.001,""prllel_1q"":480,""prllel_2q"":120,""r"":20,""repump_cycles"":3,""seq_meas"":""True"",""seq_ops"":""True"",""swapLRC"":""False""}",
        16,         0,         0,    1.42,bposd,12d0a895c1c7d9606c3d9751922fb0f20325cd9c13cbfcbd27b3196db55e86e0,"{""A"":""x0y9+x1y0+x2y0"",""B"":""x3y0+x0y25+x0y26"",""b"":""X"",""d"":24,""excl_opp_detectors"":""True"",""k"":12,""l"":6,""leak_heralds"":""False"",""leak_repump"":""True"",""leakage"":""True"",""loss"":""True"",""m"":30,""n"":360,""p"":0.001,""prllel_1q"":480,""prllel_2q"":120,""r"":20,""repump_cycles"":3,""seq_meas"":""True"",""seq_ops"":""True"",""swapLRC"":""False""}",
        32,         0,         0,    1.20,bposd,3c4eb901d8ffce3fe8833edec93e38bf71e098409fe53b1b0b91b28d03a184fc,"{""A"":""x0y3+x10y0+x17y0"",""B"":""x5y0+x0y3+x0y19"",""b"":""X"",""d"":18,""excl_opp_detectors"":""True"",""k"":16,""l"":9,""leak_heralds"":""False"",""leak_repump"":""True"",""leakage"":""True"",""loss"":""True"",""m"":21,""n"":378,""p"":0.001,""prllel_1q"":336,""prllel_2q"":84,""r"":20,""repump_cycles"":3,""seq_meas"":""True"",""seq_ops"":""True"",""swapLRC"":""False""}",
        16,         0,         0,    1.42,bposd,3c4eb901d8ffce3fe8833edec93e38bf71e098409fe53b1b0b91b28d03a184fc,"{""A"":""x0y3+x10y0+x17y0"",""B"":""x5y0+x0y3+x0y19"",""b"":""X"",""d"":18,""excl_opp_detectors"":""True"",""k"":16,""l"":9,""leak_heralds"":""False"",""leak_repump"":""True"",""leakage"":""True"",""loss"":""True"",""m"":21,""n"":378,""p"":0.001,""prllel_1q"":336,""prllel_2q"":84,""r"":20,""repump_cycles"":3,""seq_meas"":""True"",""seq_ops"":""True"",""swapLRC"":""False""}",
        32,         0,         0,    1.32,bposd,3c4eb901d8ffce3fe8833edec93e38bf71e098409fe53b1b0b91b28d03a184fc,"{""A"":""x0y3+x10y0+x17y0"",""B"":""x5y0+x0y3+x0y19"",""b"":""X"",""d"":18,""excl_opp_detectors"":""True"",""k"":16,""l"":9,""leak_heralds"":""False"",""leak_repump"":""True"",""leakage"":""True"",""loss"":""True"",""m"":21,""n"":378,""p"":0.001,""prllel_1q"":336,""prllel_2q"":84,""r"":20,""repump_cycles"":3,""seq_meas"":""True"",""seq_ops"":""True"",""swapLRC"":""False""}",
        32,         0,         0,   0.845,bposd,3c4eb901d8ffce3fe8833edec93e38bf71e098409fe53b1b0b91b28d03a184fc,"{""A"":""x0y3+x10y0+x17y0"",""B"":""x5y0+x0y3+x0y19"",""b"":""X"",""d"":18,""excl_opp_detectors"":""True"",""k"":16,""l"":9,""leak_heralds"":""False"",""leak_repump"":""True"",""leakage"":""True"",""loss"":""True"",""m"":21,""n"":378,""p"":0.001,""prllel_1q"":336,""prllel_2q"":84,""r"":20,""repump_cycles"":3,""seq_meas"":""True"",""seq_ops"":""True"",""swapLRC"":""False""}",
         8,         0,         0,   0.364,bposd,12d0a895c1c7d9606c3d9751922fb0f20325cd9c13cbfcbd27b3196db55e86e0,"{""A"":""x0y9+x1y0+x2y0"",""B"":""x3y0+x0y25+x0y26"",""b"":""X"",""d"":24,""excl_opp_detectors"":""True"",""k"":12,""l"":6,""leak_heralds"":""False"",""leak_repump"":""True"",""leakage"":""True"",""loss"":""True"",""m"":30,""n"":360,""p"":0.001,""prllel_1q"":480,""prllel_2q"":120,""r"":20,""repump_cycles"":3,""seq_meas"":""True"",""seq_ops"":""True"",""swapLRC"":""False""}",
        48,         0,         0,    2.02,bposd,12d0a895c1c7d9606c3d9751922fb0f20325cd9c13cbfcbd27b3196db55e86e0,"{""A"":""x0y9+x1y0+x2y0"",""B"":""x3y0+x0y25+x0y26"",""b"":""X"",""d"":24,""excl_opp_detectors"":""True"",""k"":12,""l"":6,""leak_heralds"":""False"",""leak_repump"":""True"",""leakage"":""True"",""loss"":""True"",""m"":30,""n"":360,""p"":0.001,""prllel_1q"":480,""prllel_2q"":120,""r"":20,""repump_cycles"":3,""seq_meas"":""True"",""seq_ops"":""True"",""swapLRC"":""False""}",
        32,         0,         0,    1.15,bposd,3c4eb901d8ffce3fe8833edec93e38bf71e098409fe53b1b0b91b28d03a184fc,"{""A"":""x0y3+x10y0+x17y0"",""B"":""x5y0+x0y3+x0y19"",""b"":""X"",""d"":18,""excl_opp_detectors"":""True"",""k"":16,""l"":9,""leak_heralds"":""False"",""leak_repump"":""True"",""leakage"":""True"",""loss"":""True"",""m"":21,""n"":378,""p"":0.001,""prllel_1q"":336,""prllel_2q"":84,""r"":20,""repump_cycles"":3,""seq_meas"":""True"",""seq_ops"":""True"",""swapLRC"":""False""}",
        32,         0,         0,    1.13,bposd,3c4eb901d8ffce3fe8833edec93e38bf71e098409fe53b1b0b91b28d03a184fc,"{""A"":""x0y3+x10y0+x17y0"",""B"":""x5y0+x0y3+x0y19"",""b"":""X"",""d"":18,""excl_opp_detectors"":""True"",""k"":16,""l"":9,""leak_heralds"":""False"",""leak_repump"":""True"",""leakage"":""True"",""loss"":""True"",""m"":21,""n"":378,""p"":0.001,""prllel_1q"":336,""prllel_2q"":84,""r"":20,""repump_cycles"":3,""seq_meas"":""True"",""seq_ops"":""True"",""swapLRC"":""False""}",
        48,         0,         0,    1.14,bposd,12d0a895c1c7d9606c3d9751922fb0f20325cd9c13cbfcbd27b3196db55e86e0,"{""A"":""x0y9+x1y0+x2y0"",""B"":""x3y0+x0y25+x0y26"",""b"":""X"",""d"":24,""excl_opp_detectors"":""True"",""k"":12,""l"":6,""leak_heralds"":""False"",""leak_repump"":""True"",""leakage"":""True"",""loss"":""True"",""m"":30,""n"":360,""p"":0.001,""prllel_1q"":480,""prllel_2q"":120,""r"":20,""repump_cycles"":3,""seq_meas"":""True"",""seq_ops"":""True"",""swapLRC"":""False""}",
        32,         0,         0,    1.06,bposd,3c4eb901d8ffce3fe8833edec93e38bf71e098409fe53b1b0b91b28d03a184fc,"{""A"":""x0y3+x10y0+x17y0"",""B"":""x5y0+x0y3+x0y19"",""b"":""X"",""d"":18,""excl_opp_detectors"":""True"",""k"":16,""l"":9,""leak_heralds"":""False"",""leak_repump"":""True"",""leakage"":""True"",""loss"":""True"",""m"":21,""n"":378,""p"":0.001,""prllel_1q"":336,""prllel_2q"":84,""r"":20,""repump_cycles"":3,""seq_meas"":""True"",""seq_ops"":""True"",""swapLRC"":""False""}",
        32,         0,         0,    1.11,bposd,3c4eb901d8ffce3fe8833edec93e38bf71e098409fe53b1b0b91b28d03a184fc,"{""A"":""x0y3+x10y0+x17y0"",""B"":""x5y0+x0y3+x0y19"",""b"":""X"",""d"":18,""excl_opp_detectors"":""True"",""k"":16,""l"":9,""leak_heralds"":""False"",""leak_repump"":""True"",""leakage"":""True"",""loss"":""True"",""m"":21,""n"":378,""p"":0.001,""prllel_1q"":336,""prllel_2q"":84,""r"":20,""repump_cycles"":3,""seq_meas"":""True"",""seq_ops"":""True"",""swapLRC"":""False""}",
        48,         0,         0,    1.33,bposd,12d0a895c1c7d9606c3d9751922fb0f20325cd9c13cbfcbd27b3196db55e86e0,"{""A"":""x0y9+x1y0+x2y0"",""B"":""x3y0+x0y25+x0y26"",""b"":""X"",""d"":24,""excl_opp_detectors"":""True"",""k"":12,""l"":6,""leak_heralds"":""False"",""leak_repump"":""True"",""leakage"":""True"",""loss"":""True"",""m"":30,""n"":360,""p"":0.001,""prllel_1q"":480,""prllel_2q"":120,""r"":20,""repump_cycles"":3,""seq_meas"":""True"",""seq_ops"":""True"",""swapLRC"":""False""}",
        32,         0,         0,   0.961,bposd,12d0a895c1c7d9606c3d9751922fb0f20325cd9c13cbfcbd27b3196db55e86e0,"{""A"":""x0y9+x1y0+x2y0"",""B"":""x3y0+x0y25+x0y26"",""b"":""X"",""d"":24,""excl_opp_detectors"":""True"",""k"":12,""l"":6,""leak_heralds"":""False"",""leak_repump"":""True"",""leakage"":""True"",""loss"":""True"",""m"":30,""n"":360,""p"":0.001,""prllel_1q"":480,""prllel_2q"":120,""r"":20,""repump_cycles"":3,""seq_meas"":""True"",""seq_ops"":""True"",""swapLRC"":""False""}",
        16,         0,         0,   0.573,bposd,3c4eb901d8ffce3fe8833edec93e38bf71e098409fe53b1b0b91b28d03a184fc,"{""A"":""x0y3+x10y0+x17y0"",""B"":""x5y0+x0y3+x0y19"",""b"":""X"",""d"":18,""excl_opp_detectors"":""True"",""k"":16,""l"":9,""leak_heralds"":""False"",""leak_repump"":""True"",""leakage"":""True"",""loss"":""True"",""m"":21,""n"":378,""p"":0.001,""prllel_1q"":336,""prllel_2q"":84,""r"":20,""repump_cycles"":3,""seq_meas"":""True"",""seq_ops"":""True"",""swapLRC"":""False""}",
        16,         0,         0,   0.949,bposd,3c4eb901d8ffce3fe8833edec93e38bf71e098409fe53b1b0b91b28d03a184fc,"{""A"":""x0y3+x10y0+x17y0"",""B"":""x5y0+x0y3+x0y19"",""b"":""X"",""d"":18,""excl_opp_detectors"":""True"",""k"":16,""l"":9,""leak_heralds"":""False"",""leak_repump"":""True"",""leakage"":""True"",""loss"":""True"",""m"":21,""n"":378,""p"":0.001,""prllel_1q"":336,""prllel_2q"":84,""r"":20,""repump_cycles"":3,""seq_meas"":""True"",""seq_ops"":""True"",""swapLRC"":""False""}",
         8,         0,         0,   0.314,bposd,12d0a895c1c7d9606c3d9751922fb0f20325cd9c13cbfcbd27b3196db55e86e0,"{""A"":""x0y9+x1y0+x2y0"",""B"":""x3y0+x0y25+x0y26"",""b"":""X"",""d"":24,""excl_opp_detectors"":""True"",""k"":12,""l"":6,""leak_heralds"":""False"",""leak_repump"":""True"",""leakage"":""True"",""loss"":""True"",""m"":30,""n"":360,""p"":0.001,""prllel_1q"":480,""prllel_2q"":120,""r"":20,""repump_cycles"":3,""seq_meas"":""True"",""seq_ops"":""True"",""swapLRC"":""False""}",
        16,         0,         0,    7.09,bposd,3c4eb901d8ffce3fe8833edec93e38bf71e098409fe53b1b0b91b28d03a184fc,"{""A"":""x0y3+x10y0+x17y0"",""B"":""x5y0+x0y3+x0y19"",""b"":""X"",""d"":18,""excl_opp_detectors"":""True"",""k"":16,""l"":9,""leak_heralds"":""False"",""leak_repump"":""True"",""leakage"":""True"",""loss"":""True"",""m"":21,""n"":378,""p"":0.001,""prllel_1q"":336,""prllel_2q"":84,""r"":20,""repump_cycles"":3,""seq_meas"":""True"",""seq_ops"":""True"",""swapLRC"":""False""}",
        16,         0,         0,    1.18,bposd,3c4eb901d8ffce3fe8833edec93e38bf71e098409fe53b1b0b91b28d03a184fc,"{""A"":""x0y3+x10y0+x17y0"",""B"":""x5y0+x0y3+x0y19"",""b"":""X"",""d"":18,""excl_opp_detectors"":""True"",""k"":16,""l"":9,""leak_heralds"":""False"",""leak_repump"":""True"",""leakage"":""True"",""loss"":""True"",""m"":21,""n"":378,""p"":0.001,""prllel_1q"":336,""prllel_2q"":84,""r"":20,""repump_cycles"":3,""seq_meas"":""True"",""seq_ops"":""True"",""swapLRC"":""False""}",
        64,         0,         0,    1.57,bposd,12d0a895c1c7d9606c3d9751922fb0f20325cd9c13cbfcbd27b3196db55e86e0,"{""A"":""x0y9+x1y0+x2y0"",""B"":""x3y0+x0y25+x0y26"",""b"":""X"",""d"":24,""excl_opp_detectors"":""True"",""k"":12,""l"":6,""leak_heralds"":""False"",""leak_repump"":""True"",""leakage"":""True"",""loss"":""True"",""m"":30,""n"":360,""p"":0.001,""prllel_1q"":480,""prllel_2q"":120,""r"":20,""repump_cycles"":3,""seq_meas"":""True"",""seq_ops"":""True"",""swapLRC"":""False""}",
        32,         0,         0,    7.86,bposd,3c4eb901d8ffce3fe8833edec93e38bf71e098409fe53b1b0b91b28d03a184fc,"{""A"":""x0y3+x10y0+x17y0"",""B"":""x5y0+x0y3+x0y19"",""b"":""X"",""d"":18,""excl_opp_detectors"":""True"",""k"":16,""l"":9,""leak_heralds"":""False"",""leak_repump"":""True"",""leakage"":""True"",""loss"":""True"",""m"":21,""n"":378,""p"":0.001,""prllel_1q"":336,""prllel_2q"":84,""r"":20,""repump_cycles"":3,""seq_meas"":""True"",""seq_ops"":""True"",""swapLRC"":""False""}",
        16,         0,         0,    8.53,bposd,12d0a895c1c7d9606c3d9751922fb0f20325cd9c13cbfcbd27b3196db55e86e0,"{""A"":""x0y9+x1y0+x2y0"",""B"":""x3y0+x0y25+x0y26"",""b"":""X"",""d"":24,""excl_opp_detectors"":""True"",""k"":12,""l"":6,""leak_heralds"":""False"",""leak_repump"":""True"",""leakage"":""True"",""loss"":""True"",""m"":30,""n"":360,""p"":0.001,""prllel_1q"":480,""prllel_2q"":120,""r"":20,""repump_cycles"":3,""seq_meas"":""True"",""seq_ops"":""True"",""swapLRC"":""False""}",
        16,         0,         0,   0.659,bposd,12d0a895c1c7d9606c3d9751922fb0f20325cd9c13cbfcbd27b3196db55e86e0,"{""A"":""x0y9+x1y0+x2y0"",""B"":""x3y0+x0y25+x0y26"",""b"":""X"",""d"":24,""excl_opp_detectors"":""True"",""k"":12,""l"":6,""leak_heralds"":""False"",""leak_repump"":""True"",""leakage"":""True"",""loss"":""True"",""m"":30,""n"":360,""p"":0.001,""prllel_1q"":480,""prllel_2q"":120,""r"":20,""repump_cycles"":3,""seq_meas"":""True"",""seq_ops"":""True"",""swapLRC"":""False""}",
        64,         0,         0,    1.71,bposd,3c4eb901d8ffce3fe8833edec93e38bf71e098409fe53b1b0b91b28d03a184fc,"{""A"":""x0y3+x10y0+x17y0"",""B"":""x5y0+x0y3+x0y19"",""b"":""X"",""d"":18,""excl_opp_detectors"":""True"",""k"":16,""l"":9,""leak_heralds"":""False"",""leak_repump"":""True"",""leakage"":""True"",""loss"":""True"",""m"":21,""n"":378,""p"":0.001,""prllel_1q"":336,""prllel_2q"":84,""r"":20,""repump_cycles"":3,""seq_meas"":""True"",""seq_ops"":""True"",""swapLRC"":""False""}",
        72,         0,         0,    2.01,bposd,12d0a895c1c7d9606c3d9751922fb0f20325cd9c13cbfcbd27b3196db55e86e0,"{""A"":""x0y9+x1y0+x2y0"",""B"":""x3y0+x0y25+x0y26"",""b"":""X"",""d"":24,""excl_opp_detectors"":""True"",""k"":12,""l"":6,""leak_heralds"":""False"",""leak_repump"":""True"",""leakage"":""True"",""loss"":""True"",""m"":30,""n"":360,""p"":0.001,""prllel_1q"":480,""prllel_2q"":120,""r"":20,""repump_cycles"":3,""seq_meas"":""True"",""seq_ops"":""True"",""swapLRC"":""False""}",
        32,         0,         0,    1.26,bposd,12d0a895c1c7d9606c3d9751922fb0f20325cd9c13cbfcbd27b3196db55e86e0,"{""A"":""x0y9+x1y0+x2y0"",""B"":""x3y0+x0y25+x0y26"",""b"":""X"",""d"":24,""excl_opp_detectors"":""True"",""k"":12,""l"":6,""leak_heralds"":""False"",""leak_repump"":""True"",""leakage"":""True"",""loss"":""True"",""m"":30,""n"":360,""p"":0.001,""prllel_1q"":480,""prllel_2q"":120,""r"":20,""repump_cycles"":3,""seq_meas"":""True"",""seq_ops"":""True"",""swapLRC"":""False""}",
        32,         0,         0,    1.74,bposd,3c4eb901d8ffce3fe8833edec93e38bf71e098409fe53b1b0b91b28d03a184fc,"{""A"":""x0y3+x10y0+x17y0"",""B"":""x5y0+x0y3+x0y19"",""b"":""X"",""d"":18,""excl_opp_detectors"":""True"",""k"":16,""l"":9,""leak_heralds"":""False"",""leak_repump"":""True"",""leakage"":""True"",""loss"":""True"",""m"":21,""n"":378,""p"":0.001,""prllel_1q"":336,""prllel_2q"":84,""r"":20,""repump_cycles"":3,""seq_meas"":""True"",""seq_ops"":""True"",""swapLRC"":""False""}",
        16,         0,         0,   0.423,bposd,3c4eb901d8ffce3fe8833edec93e38bf71e098409fe53b1b0b91b28d03a184fc,"{""A"":""x0y3+x10y0+x17y0"",""B"":""x5y0+x0y3+x0y19"",""b"":""X"",""d"":18,""excl_opp_detectors"":""True"",""k"":16,""l"":9,""leak_heralds"":""False"",""leak_repump"":""True"",""leakage"":""True"",""loss"":""True"",""m"":21,""n"":378,""p"":0.001,""prllel_1q"":336,""prllel_2q"":84,""r"":20,""repump_cycles"":3,""seq_meas"":""True"",""seq_ops"":""True"",""swapLRC"":""False""}",
         8,         0,         0,   0.271,bposd,3c4eb901d8ffce3fe8833edec93e38bf71e098409fe53b1b0b91b28d03a184fc,"{""A"":""x0y3+x10y0+x17y0"",""B"":""x5y0+x0y3+x0y19"",""b"":""X"",""d"":18,""excl_opp_detectors"":""True"",""k"":16,""l"":9,""leak_heralds"":""False"",""leak_repump"":""True"",""leakage"":""True"",""loss"":""True"",""m"":21,""n"":378,""p"":0.001,""prllel_1q"":336,""prllel_2q"":84,""r"":20,""repump_cycles"":3,""seq_meas"":""True"",""seq_ops"":""True"",""swapLRC"":""False""}",
         8,         0,         0,   0.214,bposd,12d0a895c1c7d9606c3d9751922fb0f20325cd9c13cbfcbd27b3196db55e86e0,"{""A"":""x0y9+x1y0+x2y0"",""B"":""x3y0+x0y25+x0y26"",""b"":""X"",""d"":24,""excl_opp_detectors"":""True"",""k"":12,""l"":6,""leak_heralds"":""False"",""leak_repump"":""True"",""leakage"":""True"",""loss"":""True"",""m"":30,""n"":360,""p"":0.001,""prllel_1q"":480,""prllel_2q"":120,""r"":20,""repump_cycles"":3,""seq_meas"":""True"",""seq_ops"":""True"",""swapLRC"":""False""}",
        16,         0,         0,    1.15,bposd,3c4eb901d8ffce3fe8833edec93e38bf71e098409fe53b1b0b91b28d03a184fc,"{""A"":""x0y3+x10y0+x17y0"",""B"":""x5y0+x0y3+x0y19"",""b"":""X"",""d"":18,""excl_opp_detectors"":""True"",""k"":16,""l"":9,""leak_heralds"":""False"",""leak_repump"":""True"",""leakage"":""True"",""loss"":""True"",""m"":21,""n"":378,""p"":0.001,""prllel_1q"":336,""prllel_2q"":84,""r"":20,""repump_cycles"":3,""seq_meas"":""True"",""seq_ops"":""True"",""swapLRC"":""False""}",
        32,         0,         0,    1.50,bposd,12d0a895c1c7d9606c3d9751922fb0f20325cd9c13cbfcbd27b3196db55e86e0,"{""A"":""x0y9+x1y0+x2y0"",""B"":""x3y0+x0y25+x0y26"",""b"":""X"",""d"":24,""excl_opp_detectors"":""True"",""k"":12,""l"":6,""leak_heralds"":""False"",""leak_repump"":""True"",""leakage"":""True"",""loss"":""True"",""m"":30,""n"":360,""p"":0.001,""prllel_1q"":480,""prllel_2q"":120,""r"":20,""repump_cycles"":3,""seq_meas"":""True"",""seq_ops"":""True"",""swapLRC"":""False""}",
        48,         0,         0,    1.58,bposd,12d0a895c1c7d9606c3d9751922fb0f20325cd9c13cbfcbd27b3196db55e86e0,"{""A"":""x0y9+x1y0+x2y0"",""B"":""x3y0+x0y25+x0y26"",""b"":""X"",""d"":24,""excl_opp_detectors"":""True"",""k"":12,""l"":6,""leak_heralds"":""False"",""leak_repump"":""True"",""leakage"":""True"",""loss"":""True"",""m"":30,""n"":360,""p"":0.001,""prllel_1q"":480,""prllel_2q"":120,""r"":20,""repump_cycles"":3,""seq_meas"":""True"",""seq_ops"":""True"",""swapLRC"":""False""}",
        64,         0,         0,    1.43,bposd,12d0a895c1c7d9606c3d9751922fb0f20325cd9c13cbfcbd27b3196db55e86e0,"{""A"":""x0y9+x1y0+x2y0"",""B"":""x3y0+x0y25+x0y26"",""b"":""X"",""d"":24,""excl_opp_detectors"":""True"",""k"":12,""l"":6,""leak_heralds"":""False"",""leak_repump"":""True"",""leakage"":""True"",""loss"":""True"",""m"":30,""n"":360,""p"":0.001,""prllel_1q"":480,""prllel_2q"":120,""r"":20,""repump_cycles"":3,""seq_meas"":""True"",""seq_ops"":""True"",""swapLRC"":""False""}",
        32,         0,         0,    1.72,bposd,12d0a895c1c7d9606c3d9751922fb0f20325cd9c13cbfcbd27b3196db55e86e0,"{""A"":""x0y9+x1y0+x2y0"",""B"":""x3y0+x0y25+x0y26"",""b"":""X"",""d"":24,""excl_opp_detectors"":""True"",""k"":12,""l"":6,""leak_heralds"":""False"",""leak_repump"":""True"",""leakage"":""True"",""loss"":""True"",""m"":30,""n"":360,""p"":0.001,""prllel_1q"":480,""prllel_2q"":120,""r"":20,""repump_cycles"":3,""seq_meas"":""True"",""seq_ops"":""True"",""swapLRC"":""False""}",
        16,         0,         0,   0.524,bposd,12d0a895c1c7d9606c3d9751922fb0f20325cd9c13cbfcbd27b3196db55e86e0,"{""A"":""x0y9+x1y0+x2y0"",""B"":""x3y0+x0y25+x0y26"",""b"":""X"",""d"":24,""excl_opp_detectors"":""True"",""k"":12,""l"":6,""leak_heralds"":""False"",""leak_repump"":""True"",""leakage"":""True"",""loss"":""True"",""m"":30,""n"":360,""p"":0.001,""prllel_1q"":480,""prllel_2q"":120,""r"":20,""repump_cycles"":3,""seq_meas"":""True"",""seq_ops"":""True"",""swapLRC"":""False""}",
        32,         0,         0,    1.22,bposd,12d0a895c1c7d9606c3d9751922fb0f20325cd9c13cbfcbd27b3196db55e86e0,"{""A"":""x0y9+x1y0+x2y0"",""B"":""x3y0+x0y25+x0y26"",""b"":""X"",""d"":24,""excl_opp_detectors"":""True"",""k"":12,""l"":6,""leak_heralds"":""False"",""leak_repump"":""True"",""leakage"":""True"",""loss"":""True"",""m"":30,""n"":360,""p"":0.001,""prllel_1q"":480,""prllel_2q"":120,""r"":20,""repump_cycles"":3,""seq_meas"":""True"",""seq_ops"":""True"",""swapLRC"":""False""}",
        32,         0,         0,    1.10,bposd,3c4eb901d8ffce3fe8833edec93e38bf71e098409fe53b1b0b91b28d03a184fc,"{""A"":""x0y3+x10y0+x17y0"",""B"":""x5y0+x0y3+x0y19"",""b"":""X"",""d"":18,""excl_opp_detectors"":""True"",""k"":16,""l"":9,""leak_heralds"":""False"",""leak_repump"":""True"",""leakage"":""True"",""loss"":""True"",""m"":21,""n"":378,""p"":0.001,""prllel_1q"":336,""prllel_2q"":84,""r"":20,""repump_cycles"":3,""seq_meas"":""True"",""seq_ops"":""True"",""swapLRC"":""False""}",
        32,         0,         0,    1.31,bposd,3c4eb901d8ffce3fe8833edec93e38bf71e098409fe53b1b0b91b28d03a184fc,"{""A"":""x0y3+x10y0+x17y0"",""B"":""x5y0+x0y3+x0y19"",""b"":""X"",""d"":18,""excl_opp_detectors"":""True"",""k"":16,""l"":9,""leak_heralds"":""False"",""leak_repump"":""True"",""leakage"":""True"",""loss"":""True"",""m"":21,""n"":378,""p"":0.001,""prllel_1q"":336,""prllel_2q"":84,""r"":20,""repump_cycles"":3,""seq_meas"":""True"",""seq_ops"":""True"",""swapLRC"":""False""}",
        32,         0,         0,    1.01,bposd,12d0a895c1c7d9606c3d9751922fb0f20325cd9c13cbfcbd27b3196db55e86e0,"{""A"":""x0y9+x1y0+x2y0"",""B"":""x3y0+x0y25+x0y26"",""b"":""X"",""d"":24,""excl_opp_detectors"":""True"",""k"":12,""l"":6,""leak_heralds"":""False"",""leak_repump"":""True"",""leakage"":""True"",""loss"":""True"",""m"":30,""n"":360,""p"":0.001,""prllel_1q"":480,""prllel_2q"":120,""r"":20,""repump_cycles"":3,""seq_meas"":""True"",""seq_ops"":""True"",""swapLRC"":""False""}",
        16,         0,         0,   0.636,bposd,3c4eb901d8ffce3fe8833edec93e38bf71e098409fe53b1b0b91b28d03a184fc,"{""A"":""x0y3+x10y0+x17y0"",""B"":""x5y0+x0y3+x0y19"",""b"":""X"",""d"":18,""excl_opp_detectors"":""True"",""k"":16,""l"":9,""leak_heralds"":""False"",""leak_repump"":""True"",""leakage"":""True"",""loss"":""True"",""m"":21,""n"":378,""p"":0.001,""prllel_1q"":336,""prllel_2q"":84,""r"":20,""repump_cycles"":3,""seq_meas"":""True"",""seq_ops"":""True"",""swapLRC"":""False""}",
        48,         0,         0,    1.29,bposd,3c4eb901d8ffce3fe8833edec93e38bf71e098409fe53b1b0b91b28d03a184fc,"{""A"":""x0y3+x10y0+x17y0"",""B"":""x5y0+x0y3+x0y19"",""b"":""X"",""d"":18,""excl_opp_detectors"":""True"",""k"":16,""l"":9,""leak_heralds"":""False"",""leak_repump"":""True"",""leakage"":""True"",""loss"":""True"",""m"":21,""n"":378,""p"":0.001,""prllel_1q"":336,""prllel_2q"":84,""r"":20,""repump_cycles"":3,""seq_meas"":""True"",""seq_ops"":""True"",""swapLRC"":""False""}",
        32,         0,         0,   0.829,bposd,3c4eb901d8ffce3fe8833edec93e38bf71e098409fe53b1b0b91b28d03a184fc,"{""A"":""x0y3+x10y0+x17y0"",""B"":""x5y0+x0y3+x0y19"",""b"":""X"",""d"":18,""excl_opp_detectors"":""True"",""k"":16,""l"":9,""leak_heralds"":""False"",""leak_repump"":""True"",""leakage"":""True"",""loss"":""True"",""m"":21,""n"":378,""p"":0.001,""prllel_1q"":336,""prllel_2q"":84,""r"":20,""repump_cycles"":3,""seq_meas"":""True"",""seq_ops"":""True"",""swapLRC"":""False""}",
        16,         0,         0,   0.522,bposd,3c4eb901d8ffce3fe8833edec93e38bf71e098409fe53b1b0b91b28d03a184fc,"{""A"":""x0y3+x10y0+x17y0"",""B"":""x5y0+x0y3+x0y19"",""b"":""X"",""d"":18,""excl_opp_detectors"":""True"",""k"":16,""l"":9,""leak_heralds"":""False"",""leak_repump"":""True"",""leakage"":""True"",""loss"":""True"",""m"":21,""n"":378,""p"":0.001,""prllel_1q"":336,""prllel_2q"":84,""r"":20,""repump_cycles"":3,""seq_meas"":""True"",""seq_ops"":""True"",""swapLRC"":""False""}",
        48,         0,         0,    1.52,bposd,3c4eb901d8ffce3fe8833edec93e38bf71e098409fe53b1b0b91b28d03a184fc,"{""A"":""x0y3+x10y0+x17y0"",""B"":""x5y0+x0y3+x0y19"",""b"":""X"",""d"":18,""excl_opp_detectors"":""True"",""k"":16,""l"":9,""leak_heralds"":""False"",""leak_repump"":""True"",""leakage"":""True"",""loss"":""True"",""m"":21,""n"":378,""p"":0.001,""prllel_1q"":336,""prllel_2q"":84,""r"":20,""repump_cycles"":3,""seq_meas"":""True"",""seq_ops"":""True"",""swapLRC"":""False""}",
        32,         0,         0,    8.30,bposd,3c4eb901d8ffce3fe8833edec93e38bf71e098409fe53b1b0b91b28d03a184fc,"{""A"":""x0y3+x10y0+x17y0"",""B"":""x5y0+x0y3+x0y19"",""b"":""X"",""d"":18,""excl_opp_detectors"":""True"",""k"":16,""l"":9,""leak_heralds"":""False"",""leak_repump"":""True"",""leakage"":""True"",""loss"":""True"",""m"":21,""n"":378,""p"":0.001,""prllel_1q"":336,""prllel_2q"":84,""r"":20,""repump_cycles"":3,""seq_meas"":""True"",""seq_ops"":""True"",""swapLRC"":""False""}",
        16,         0,         0,   0.392,bposd,12d0a895c1c7d9606c3d9751922fb0f20325cd9c13cbfcbd27b3196db55e86e0,"{""A"":""x0y9+x1y0+x2y0"",""B"":""x3y0+x0y25+x0y26"",""b"":""X"",""d"":24,""excl_opp_detectors"":""True"",""k"":12,""l"":6,""leak_heralds"":""False"",""leak_repump"":""True"",""leakage"":""True"",""loss"":""True"",""m"":30,""n"":360,""p"":0.001,""prllel_1q"":480,""prllel_2q"":120,""r"":20,""repump_cycles"":3,""seq_meas"":""True"",""seq_ops"":""True"",""swapLRC"":""False""}",
        16,         0,         0,   0.503,bposd,3c4eb901d8ffce3fe8833edec93e38bf71e098409fe53b1b0b91b28d03a184fc,"{""A"":""x0y3+x10y0+x17y0"",""B"":""x5y0+x0y3+x0y19"",""b"":""X"",""d"":18,""excl_opp_detectors"":""True"",""k"":16,""l"":9,""leak_heralds"":""False"",""leak_repump"":""True"",""leakage"":""True"",""loss"":""True"",""m"":21,""n"":378,""p"":0.001,""prllel_1q"":336,""prllel_2q"":84,""r"":20,""repump_cycles"":3,""seq_meas"":""True"",""seq_ops"":""True"",""swapLRC"":""False""}",
        16,         0,         0,   0.475,bposd,3c4eb901d8ffce3fe8833edec93e38bf71e098409fe53b1b0b91b28d03a184fc,"{""A"":""x0y3+x10y0+x17y0"",""B"":""x5y0+x0y3+x0y19"",""b"":""X"",""d"":18,""excl_opp_detectors"":""True"",""k"":16,""l"":9,""leak_heralds"":""False"",""leak_repump"":""True"",""leakage"":""True"",""loss"":""True"",""m"":21,""n"":378,""p"":0.001,""prllel_1q"":336,""prllel_2q"":84,""r"":20,""repump_cycles"":3,""seq_meas"":""True"",""seq_ops"":""True"",""swapLRC"":""False""}",
        16,         0,         0,   0.531,bposd,3c4eb901d8ffce3fe8833edec93e38bf71e098409fe53b1b0b91b28d03a184fc,"{""A"":""x0y3+x10y0+x17y0"",""B"":""x5y0+x0y3+x0y19"",""b"":""X"",""d"":18,""excl_opp_detectors"":""True"",""k"":16,""l"":9,""leak_heralds"":""False"",""leak_repump"":""True"",""leakage"":""True"",""loss"":""True"",""m"":21,""n"":378,""p"":0.001,""prllel_1q"":336,""prllel_2q"":84,""r"":20,""repump_cycles"":3,""seq_meas"":""True"",""seq_ops"":""True"",""swapLRC"":""False""}",
        32,         0,         0,    1.23,bposd,3c4eb901d8ffce3fe8833edec93e38bf71e098409fe53b1b0b91b28d03a184fc,"{""A"":""x0y3+x10y0+x17y0"",""B"":""x5y0+x0y3+x0y19"",""b"":""X"",""d"":18,""excl_opp_detectors"":""True"",""k"":16,""l"":9,""leak_heralds"":""False"",""leak_repump"":""True"",""leakage"":""True"",""loss"":""True"",""m"":21,""n"":378,""p"":0.001,""prllel_1q"":336,""prllel_2q"":84,""r"":20,""repump_cycles"":3,""seq_meas"":""True"",""seq_ops"":""True"",""swapLRC"":""False""}",
        24,         0,         0,    1.36,bposd,3c4eb901d8ffce3fe8833edec93e38bf71e098409fe53b1b0b91b28d03a184fc,"{""A"":""x0y3+x10y0+x17y0"",""B"":""x5y0+x0y3+x0y19"",""b"":""X"",""d"":18,""excl_opp_detectors"":""True"",""k"":16,""l"":9,""leak_heralds"":""False"",""leak_repump"":""True"",""leakage"":""True"",""loss"":""True"",""m"":21,""n"":378,""p"":0.001,""prllel_1q"":336,""prllel_2q"":84,""r"":20,""repump_cycles"":3,""seq_meas"":""True"",""seq_ops"":""True"",""swapLRC"":""False""}",
        64,         0,         0,    1.93,bposd,12d0a895c1c7d9606c3d9751922fb0f20325cd9c13cbfcbd27b3196db55e86e0,"{""A"":""x0y9+x1y0+x2y0"",""B"":""x3y0+x0y25+x0y26"",""b"":""X"",""d"":24,""excl_opp_detectors"":""True"",""k"":12,""l"":6,""leak_heralds"":""False"",""leak_repump"":""True"",""leakage"":""True"",""loss"":""True"",""m"":30,""n"":360,""p"":0.001,""prllel_1q"":480,""prllel_2q"":120,""r"":20,""repump_cycles"":3,""seq_meas"":""True"",""seq_ops"":""True"",""swapLRC"":""False""}",
        48,         0,         0,    1.76,bposd,3c4eb901d8ffce3fe8833edec93e38bf71e098409fe53b1b0b91b28d03a184fc,"{""A"":""x0y3+x10y0+x17y0"",""B"":""x5y0+x0y3+x0y19"",""b"":""X"",""d"":18,""excl_opp_detectors"":""True"",""k"":16,""l"":9,""leak_heralds"":""False"",""leak_repump"":""True"",""leakage"":""True"",""loss"":""True"",""m"":21,""n"":378,""p"":0.001,""prllel_1q"":336,""prllel_2q"":84,""r"":20,""repump_cycles"":3,""seq_meas"":""True"",""seq_ops"":""True"",""swapLRC"":""False""}",
        16,         0,         0,   0.476,bposd,3c4eb901d8ffce3fe8833edec93e38bf71e098409fe53b1b0b91b28d03a184fc,"{""A"":""x0y3+x10y0+x17y0"",""B"":""x5y0+x0y3+x0y19"",""b"":""X"",""d"":18,""excl_opp_detectors"":""True"",""k"":16,""l"":9,""leak_heralds"":""False"",""leak_repump"":""True"",""leakage"":""True"",""loss"":""True"",""m"":21,""n"":378,""p"":0.001,""prllel_1q"":336,""prllel_2q"":84,""r"":20,""repump_cycles"":3,""seq_meas"":""True"",""seq_ops"":""True"",""swapLRC"":""False""}",
        32,         0,         0,    1.73,bposd,3c4eb901d8ffce3fe8833edec93e38bf71e098409fe53b1b0b91b28d03a184fc,"{""A"":""x0y3+x10y0+x17y0"",""B"":""x5y0+x0y3+x0y19"",""b"":""X"",""d"":18,""excl_opp_detectors"":""True"",""k"":16,""l"":9,""leak_heralds"":""False"",""leak_repump"":""True"",""leakage"":""True"",""loss"":""True"",""m"":21,""n"":378,""p"":0.001,""prllel_1q"":336,""prllel_2q"":84,""r"":20,""repump_cycles"":3,""seq_meas"":""True"",""seq_ops"":""True"",""swapLRC"":""False""}",
        16,         0,         0,   0.385,bposd,12d0a895c1c7d9606c3d9751922fb0f20325cd9c13cbfcbd27b3196db55e86e0,"{""A"":""x0y9+x1y0+x2y0"",""B"":""x3y0+x0y25+x0y26"",""b"":""X"",""d"":24,""excl_opp_detectors"":""True"",""k"":12,""l"":6,""leak_heralds"":""False"",""leak_repump"":""True"",""leakage"":""True"",""loss"":""True"",""m"":30,""n"":360,""p"":0.001,""prllel_1q"":480,""prllel_2q"":120,""r"":20,""repump_cycles"":3,""seq_meas"":""True"",""seq_ops"":""True"",""swapLRC"":""False""}",
        32,         0,         0,    1.02,bposd,12d0a895c1c7d9606c3d9751922fb0f20325cd9c13cbfcbd27b3196db55e86e0,"{""A"":""x0y9+x1y0+x2y0"",""B"":""x3y0+x0y25+x0y26"",""b"":""X"",""d"":24,""excl_opp_detectors"":""True"",""k"":12,""l"":6,""leak_heralds"":""False"",""leak_repump"":""True"",""leakage"":""True"",""loss"":""True"",""m"":30,""n"":360,""p"":0.001,""prllel_1q"":480,""prllel_2q"":120,""r"":20,""repump_cycles"":3,""seq_meas"":""True"",""seq_ops"":""True"",""swapLRC"":""False""}",
        32,         0,         0,    1.10,bposd,3c4eb901d8ffce3fe8833edec93e38bf71e098409fe53b1b0b91b28d03a184fc,"{""A"":""x0y3+x10y0+x17y0"",""B"":""x5y0+x0y3+x0y19"",""b"":""X"",""d"":18,""excl_opp_detectors"":""True"",""k"":16,""l"":9,""leak_heralds"":""False"",""leak_repump"":""True"",""leakage"":""True"",""loss"":""True"",""m"":21,""n"":378,""p"":0.001,""prllel_1q"":336,""prllel_2q"":84,""r"":20,""repump_cycles"":3,""seq_meas"":""True"",""seq_ops"":""True"",""swapLRC"":""False""}",
        64,         0,         0,    1.55,bposd,3c4eb901d8ffce3fe8833edec93e38bf71e098409fe53b1b0b91b28d03a184fc,"{""A"":""x0y3+x10y0+x17y0"",""B"":""x5y0+x0y3+x0y19"",""b"":""X"",""d"":18,""excl_opp_detectors"":""True"",""k"":16,""l"":9,""leak_heralds"":""False"",""leak_repump"":""True"",""leakage"":""True"",""loss"":""True"",""m"":21,""n"":378,""p"":0.001,""prllel_1q"":336,""prllel_2q"":84,""r"":20,""repump_cycles"":3,""seq_meas"":""True"",""seq_ops"":""True"",""swapLRC"":""False""}",
        32,         0,         0,    5.72,bposd,3c4eb901d8ffce3fe8833edec93e38bf71e098409fe53b1b0b91b28d03a184fc,"{""A"":""x0y3+x10y0+x17y0"",""B"":""x5y0+x0y3+x0y19"",""b"":""X"",""d"":18,""excl_opp_detectors"":""True"",""k"":16,""l"":9,""leak_heralds"":""False"",""leak_repump"":""True"",""leakage"":""True"",""loss"":""True"",""m"":21,""n"":378,""p"":0.001,""prllel_1q"":336,""prllel_2q"":84,""r"":20,""repump_cycles"":3,""seq_meas"":""True"",""seq_ops"":""True"",""swapLRC"":""False""}",
        16,         0,         0,   0.491,bposd,3c4eb901d8ffce3fe8833edec93e38bf71e098409fe53b1b0b91b28d03a184fc,"{""A"":""x0y3+x10y0+x17y0"",""B"":""x5y0+x0y3+x0y19"",""b"":""X"",""d"":18,""excl_opp_detectors"":""True"",""k"":16,""l"":9,""leak_heralds"":""False"",""leak_repump"":""True"",""leakage"":""True"",""loss"":""True"",""m"":21,""n"":378,""p"":0.001,""prllel_1q"":336,""prllel_2q"":84,""r"":20,""repump_cycles"":3,""seq_meas"":""True"",""seq_ops"":""True"",""swapLRC"":""False""}",
        64,         0,         0,    2.05,bposd,12d0a895c1c7d9606c3d9751922fb0f20325cd9c13cbfcbd27b3196db55e86e0,"{""A"":""x0y9+x1y0+x2y0"",""B"":""x3y0+x0y25+x0y26"",""b"":""X"",""d"":24,""excl_opp_detectors"":""True"",""k"":12,""l"":6,""leak_heralds"":""False"",""leak_repump"":""True"",""leakage"":""True"",""loss"":""True"",""m"":30,""n"":360,""p"":0.001,""prllel_1q"":480,""prllel_2q"":120,""r"":20,""repump_cycles"":3,""seq_meas"":""True"",""seq_ops"":""True"",""swapLRC"":""False""}",
        32,         0,         0,   0.740,bposd,12d0a895c1c7d9606c3d9751922fb0f20325cd9c13cbfcbd27b3196db55e86e0,"{""A"":""x0y9+x1y0+x2y0"",""B"":""x3y0+x0y25+x0y26"",""b"":""X"",""d"":24,""excl_opp_detectors"":""True"",""k"":12,""l"":6,""leak_heralds"":""False"",""leak_repump"":""True"",""leakage"":""True"",""loss"":""True"",""m"":30,""n"":360,""p"":0.001,""prllel_1q"":480,""prllel_2q"":120,""r"":20,""repump_cycles"":3,""seq_meas"":""True"",""seq_ops"":""True"",""swapLRC"":""False""}",
        16,         0,         0,   0.410,bposd,3c4eb901d8ffce3fe8833edec93e38bf71e098409fe53b1b0b91b28d03a184fc,"{""A"":""x0y3+x10y0+x17y0"",""B"":""x5y0+x0y3+x0y19"",""b"":""X"",""d"":18,""excl_opp_detectors"":""True"",""k"":16,""l"":9,""leak_heralds"":""False"",""leak_repump"":""True"",""leakage"":""True"",""loss"":""True"",""m"":21,""n"":378,""p"":0.001,""prllel_1q"":336,""prllel_2q"":84,""r"":20,""repump_cycles"":3,""seq_meas"":""True"",""seq_ops"":""True"",""swapLRC"":""False""}",
        16,         0,         0,   0.687,bposd,3c4eb901d8ffce3fe8833edec93e38bf71e098409fe53b1b0b91b28d03a184fc,"{""A"":""x0y3+x10y0+x17y0"",""B"":""x5y0+x0y3+x0y19"",""b"":""X"",""d"":18,""excl_opp_detectors"":""True"",""k"":16,""l"":9,""leak_heralds"":""False"",""leak_repump"":""True"",""leakage"":""True"",""loss"":""True"",""m"":21,""n"":378,""p"":0.001,""prllel_1q"":336,""prllel_2q"":84,""r"":20,""repump_cycles"":3,""seq_meas"":""True"",""seq_ops"":""True"",""swapLRC"":""False""}",
        48,         0,         0,    1.68,bposd,12d0a895c1c7d9606c3d9751922fb0f20325cd9c13cbfcbd27b3196db55e86e0,"{""A"":""x0y9+x1y0+x2y0"",""B"":""x3y0+x0y25+x0y26"",""b"":""X"",""d"":24,""excl_opp_detectors"":""True"",""k"":12,""l"":6,""leak_heralds"":""False"",""leak_repump"":""True"",""leakage"":""True"",""loss"":""True"",""m"":30,""n"":360,""p"":0.001,""prllel_1q"":480,""prllel_2q"":120,""r"":20,""repump_cycles"":3,""seq_meas"":""True"",""seq_ops"":""True"",""swapLRC"":""False""}",
        32,         0,         0,   0.821,bposd,3c4eb901d8ffce3fe8833edec93e38bf71e098409fe53b1b0b91b28d03a184fc,"{""A"":""x0y3+x10y0+x17y0"",""B"":""x5y0+x0y3+x0y19"",""b"":""X"",""d"":18,""excl_opp_detectors"":""True"",""k"":16,""l"":9,""leak_heralds"":""False"",""leak_repump"":""True"",""leakage"":""True"",""loss"":""True"",""m"":21,""n"":378,""p"":0.001,""prllel_1q"":336,""prllel_2q"":84,""r"":20,""repump_cycles"":3,""seq_meas"":""True"",""seq_ops"":""True"",""swapLRC"":""False""}",
        48,         0,         0,    1.81,bposd,3c4eb901d8ffce3fe8833edec93e38bf71e098409fe53b1b0b91b28d03a184fc,"{""A"":""x0y3+x10y0+x17y0"",""B"":""x5y0+x0y3+x0y19"",""b"":""X"",""d"":18,""excl_opp_detectors"":""True"",""k"":16,""l"":9,""leak_heralds"":""False"",""leak_repump"":""True"",""leakage"":""True"",""loss"":""True"",""m"":21,""n"":378,""p"":0.001,""prllel_1q"":336,""prllel_2q"":84,""r"":20,""repump_cycles"":3,""seq_meas"":""True"",""seq_ops"":""True"",""swapLRC"":""False""}",
        48,         0,         0,    1.73,bposd,3c4eb901d8ffce3fe8833edec93e38bf71e098409fe53b1b0b91b28d03a184fc,"{""A"":""x0y3+x10y0+x17y0"",""B"":""x5y0+x0y3+x0y19"",""b"":""X"",""d"":18,""excl_opp_detectors"":""True"",""k"":16,""l"":9,""leak_heralds"":""False"",""leak_repump"":""True"",""leakage"":""True"",""loss"":""True"",""m"":21,""n"":378,""p"":0.001,""prllel_1q"":336,""prllel_2q"":84,""r"":20,""repump_cycles"":3,""seq_meas"":""True"",""seq_ops"":""True"",""swapLRC"":""False""}",
        64,         0,         0,    1.76,bposd,12d0a895c1c7d9606c3d9751922fb0f20325cd9c13cbfcbd27b3196db55e86e0,"{""A"":""x0y9+x1y0+x2y0"",""B"":""x3y0+x0y25+x0y26"",""b"":""X"",""d"":24,""excl_opp_detectors"":""True"",""k"":12,""l"":6,""leak_heralds"":""False"",""leak_repump"":""True"",""leakage"":""True"",""loss"":""True"",""m"":30,""n"":360,""p"":0.001,""prllel_1q"":480,""prllel_2q"":120,""r"":20,""repump_cycles"":3,""seq_meas"":""True"",""seq_ops"":""True"",""swapLRC"":""False""}",
        48,         0,         0,    2.24,bposd,3c4eb901d8ffce3fe8833edec93e38bf71e098409fe53b1b0b91b28d03a184fc,"{""A"":""x0y3+x10y0+x17y0"",""B"":""x5y0+x0y3+x0y19"",""b"":""X"",""d"":18,""excl_opp_detectors"":""True"",""k"":16,""l"":9,""leak_heralds"":""False"",""leak_repump"":""True"",""leakage"":""True"",""loss"":""True"",""m"":21,""n"":378,""p"":0.001,""prllel_1q"":336,""prllel_2q"":84,""r"":20,""repump_cycles"":3,""seq_meas"":""True"",""seq_ops"":""True"",""swapLRC"":""False""}",
        16,         0,         0,   0.666,bposd,3c4eb901d8ffce3fe8833edec93e38bf71e098409fe53b1b0b91b28d03a184fc,"{""A"":""x0y3+x10y0+x17y0"",""B"":""x5y0+x0y3+x0y19"",""b"":""X"",""d"":18,""excl_opp_detectors"":""True"",""k"":16,""l"":9,""leak_heralds"":""False"",""leak_repump"":""True"",""leakage"":""True"",""loss"":""True"",""m"":21,""n"":378,""p"":0.001,""prllel_1q"":336,""prllel_2q"":84,""r"":20,""repump_cycles"":3,""seq_meas"":""True"",""seq_ops"":""True"",""swapLRC"":""False""}",
